check,contract_code,ts_event,contract_delivery_period,option_strike_price,ex_style,opt_term,option_expiry_date,put_price,call_price,close
1,TFO,2026-04-20,2026-05,32.0,E,M,2026-04-24,0.03,0,79.15
1,TFO,2026-04-20,2026-05,33.0,E,M,2026-04-24,0.05,0,79.15
1,TFO,2026-04-20,2026-05,34.0,E,M,2026-04-24,0.12,0,79.15
2,TFO,2026-04-20,2026-05,35.0,E,M,2026-04-24,0.38,0,79.15
1,TFO,2026-04-20,2026-05,36.0,E,M,2026-04-24,0.23,0,79.15
2,TFO,2026-04-20,2026-05,37.0,E,M,2026-04-24,1.05,0,79.15
2,TFO,2026-04-20,2026-05,38.0,E,M,2026-04-24,1.5,0,79.15
2,TFO,2026-04-20,2026-05,39.0,E,M,2026-04-24,2.7249999999999996,0,79.15
4,TFO,2026-04-20,2026-05,40.0,E,M,2026-04-24,3.5,3.925,79.15
1,TFO,2026-04-20,2026-05,42.0,E,M,2026-04-24,0,1.1,79.15
2,TFO,2026-04-20,2026-05,43.0,E,M,2026-04-24,0,2.0,79.15
2,TFO,2026-04-20,2026-05,44.0,E,M,2026-04-24,4.5,0.79,79.15
2,TFO,2026-04-20,2026-05,45.0,E,M,2026-04-24,0,1.48,79.15
2,TFO,2026-04-20,2026-05,46.0,E,M,2026-04-24,0,1.22,79.15
2,TFO,2026-04-20,2026-05,48.0,E,M,2026-04-24,0,0.9,79.15
3,TFO,2026-04-20,2026-05,50.0,E,M,2026-04-24,9.7,0.675,79.15
1,TFO,2026-04-20,2026-05,55.0,E,M,2026-04-24,0,0.14,79.15
1,TFO,2026-04-20,2026-05,60.0,E,M,2026-04-24,0,0.12,79.15
1,TFO,2026-04-20,2026-05,65.0,E,M,2026-04-24,0,0.075,79.15
1,TFO,2026-04-20,2026-05,70.0,E,M,2026-04-24,0,0.06,79.15
1,TFO,2026-04-20,2026-06,30.0,E,M,2026-05-27,0.375,0,79.275
1,TFO,2026-04-20,2026-06,31.0,E,M,2026-05-27,0.55,0,79.275
1,TFO,2026-04-20,2026-06,32.5,E,M,2026-05-27,0.77,0,79.275
1,TFO,2026-04-20,2026-06,33.0,E,M,2026-05-27,,0,79.275
1,TFO,2026-04-20,2026-06,34.0,E,M,2026-05-27,1.15,0,79.275
1,TFO,2026-04-20,2026-06,34.5,E,M,2026-05-27,1.345,0,79.275
2,TFO,2026-04-20,2026-06,35.0,E,M,2026-05-27,3.135,0,79.275
1,TFO,2026-04-20,2026-06,37.0,E,M,2026-05-27,2.88,0,79.275
2,TFO,2026-04-20,2026-06,38.0,E,M,2026-05-27,2.725,0,79.275
1,TFO,2026-04-20,2026-06,39.0,E,M,2026-05-27,3.35,0,79.275
2,TFO,2026-04-20,2026-06,40.0,E,M,2026-05-27,3.93,4.02,79.275
1,TFO,2026-04-20,2026-06,43.0,E,M,2026-05-27,0,2.67,79.275
1,TFO,2026-04-20,2026-06,45.0,E,M,2026-05-27,0,2.7,79.275
2,TFO,2026-04-20,2026-06,50.0,E,M,2026-05-27,0,3.73,79.275
1,TFO,2026-04-20,2026-06,55.0,E,M,2026-05-27,0,1.22,79.275
2,TFO,2026-04-20,2026-06,60.0,E,M,2026-05-27,0,1.9649999999999999,79.275
1,TFO,2026-04-20,2026-06,70.0,E,M,2026-05-27,0,0.55,79.275
1,TFO,2026-04-20,2026-06,80.0,E,M,2026-05-27,0,0.375,79.275
1,TFO,2026-04-20,2026-06,90.0,E,M,2026-05-27,0,0.24,79.275
1,TFO,2026-04-20,2026-06,120.0,E,M,2026-05-27,0,0.12,79.275
1,TFO,2026-04-20,2026-07,28.0,E,M,2026-06-26,,0,79.24000000000001
1,TFO,2026-04-20,2026-07,30.0,E,M,2026-06-26,0.72,0,79.24000000000001
1,TFO,2026-04-20,2026-07,32.0,E,M,2026-06-26,,0,79.24000000000001
1,TFO,2026-04-20,2026-07,35.0,E,M,2026-06-26,2.1,0,79.24000000000001
2,TFO,2026-04-20,2026-07,40.0,E,M,2026-06-26,4.9,0,79.24000000000001
1,TFO,2026-04-20,2026-07,44.0,E,M,2026-06-26,7.45,0,79.24000000000001
1,TFO,2026-04-20,2026-07,45.0,E,M,2026-06-26,0,3.7,79.24000000000001
1,TFO,2026-04-20,2026-07,50.0,E,M,2026-06-26,0,2.6,79.24000000000001
1,TFO,2026-04-20,2026-07,51.0,E,M,2026-06-26,0,2.255,79.24000000000001
1,TFO,2026-04-20,2026-07,57.0,E,M,2026-06-26,0,1.595,79.24000000000001
1,TFO,2026-04-20,2026-07,60.0,E,M,2026-06-26,0,1.475,79.24000000000001
1,TFO,2026-04-20,2026-07,70.0,E,M,2026-06-26,0,,79.24000000000001
1,TFO,2026-04-20,2026-07,75.0,E,M,2026-06-26,0,,79.24000000000001
1,TFO,2026-04-20,2026-07,85.0,E,M,2026-06-26,0,0.68,79.24000000000001
1,TFO,2026-04-20,2026-08,30.0,E,M,2026-07-27,,0,79.195
1,TFO,2026-04-20,2026-08,32.0,E,M,2026-07-27,,0,79.195
1,TFO,2026-04-20,2026-08,35.0,E,M,2026-07-27,,0,79.195
2,TFO,2026-04-20,2026-08,40.0,E,M,2026-07-27,0,0,79.195
1,TFO,2026-04-20,2026-08,45.0,E,M,2026-07-27,0,3.95,79.195
1,TFO,2026-04-20,2026-08,55.0,E,M,2026-07-27,0,2.305,79.195
1,TFO,2026-04-20,2026-08,60.0,E,M,2026-07-27,0,,79.195
1,TFO,2026-04-20,2026-08,70.0,E,M,2026-07-27,0,,79.195
1,TFO,2026-04-20,2026-08,75.0,E,M,2026-07-27,0,,79.195
1,TFO,2026-04-20,2026-08,85.0,E,M,2026-07-27,0,0.93,79.195
1,TFO,2026-04-20,2026-09,25.0,E,M,2026-08-26,0.35,0,79.65
1,TFO,2026-04-20,2026-09,28.0,E,M,2026-08-26,,0,79.65
1,TFO,2026-04-20,2026-09,29.0,E,M,2026-08-26,0.715,0,79.65
2,TFO,2026-04-20,2026-09,30.0,E,M,2026-08-26,0.985,0,79.65
1,TFO,2026-04-20,2026-09,35.0,E,M,2026-08-26,,0,79.65
1,TFO,2026-04-20,2026-09,40.0,E,M,2026-08-26,,0,79.65
1,TFO,2026-04-20,2026-09,60.0,E,M,2026-08-26,0,,79.65
2,TFO,2026-04-20,2026-09,70.0,E,M,2026-08-26,0,1.68,79.65
2,TFO,2026-04-20,2026-09,75.0,E,M,2026-08-26,0,1.465,79.65
1,TFO,2026-04-20,2026-09,95.0,E,M,2026-08-26,0,0.74,79.65
1,TFO,2026-04-20,2026-10,33.0,E,M,2026-09-25,,0,79.5
1,TFO,2026-04-20,2026-10,38.0,E,M,2026-09-25,,0,79.5
1,TFO,2026-04-20,2026-10,46.0,E,M,2026-09-25,0,,79.5
1,TFO,2026-04-20,2026-10,47.0,E,M,2026-09-25,0,,79.5
1,TFO,2026-04-20,2026-10,50.0,E,M,2026-09-25,0,4.1,79.5
1,TFO,2026-04-20,2026-10,60.0,E,M,2026-09-25,0,2.8,79.5
1,TFO,2026-04-20,2026-10,75.0,E,M,2026-09-25,0,,79.5
1,TFO,2026-04-20,2026-11,50.0,E,M,2026-10-27,0,,78.7
1,TFO,2026-04-20,2026-11,75.0,E,M,2026-10-27,0,,78.7
1,TFO,2026-04-20,2026-12,33.0,E,M,2026-11-26,,0,78.935
1,TFO,2026-04-20,2026-12,50.0,E,M,2026-11-26,0,,78.935
1,TFO,2026-04-20,2026-12,60.0,E,M,2026-11-26,0,,78.935
1,TFO,2026-04-20,2026-12,75.0,E,M,2026-11-26,0,,78.935
1,TFO,2026-04-20,2027-01,43.0,E,M,2026-12-24,0,6.9,78.34
1,TFO,2026-04-20,2027-01,50.0,E,M,2026-12-24,0,,78.34
1,TFO,2026-04-20,2027-01,53.0,E,M,2026-12-24,0,4.85,78.34
1,TFO,2026-04-20,2027-01,60.0,E,M,2026-12-24,0,,78.34
1,TFO,2026-04-20,2027-01,70.0,E,M,2026-12-24,0,,78.34
1,TFO,2026-04-20,2027-01,75.0,E,M,2026-12-24,0,,78.34
1,TFO,2026-04-20,2027-02,50.0,E,M,2027-01-27,0,,38.835
1,TFO,2026-04-20,2027-02,75.0,E,M,2027-01-27,0,,38.835
1,TFO,2026-04-20,2027-03,30.0,E,M,2027-02-24,,0,38.15
1,TFO,2026-04-20,2027-03,50.0,E,M,2027-02-24,0,,38.15
1,TFO,2026-04-20,2027-03,60.0,E,M,2027-02-24,0,,38.15
1,TFO,2026-04-20,2027-03,75.0,E,M,2027-02-24,0,,38.15
2,TFO,2026-04-21,2026-05,32.0,E,M,2026-04-24,0.5,0,86.47
1,TFO,2026-04-21,2026-05,34.0,E,M,2026-04-24,0.065,0,86.47
3,TFO,2026-04-21,2026-05,35.0,E,M,2026-04-24,0.37,7.225,86.47
1,TFO,2026-04-21,2026-05,36.0,E,M,2026-04-24,0.2,0,86.47
1,TFO,2026-04-21,2026-05,37.0,E,M,2026-04-24,0.32,0,86.47
2,TFO,2026-04-21,2026-05,38.0,E,M,2026-04-24,0.95,0,86.47
1,TFO,2026-04-21,2026-05,39.0,E,M,2026-04-24,0.86,0,86.47
4,TFO,2026-04-21,2026-05,40.0,E,M,2026-04-24,2.1,4.425,86.47
1,TFO,2026-04-21,2026-05,41.0,E,M,2026-04-24,0,,86.47
2,TFO,2026-04-21,2026-05,42.0,E,M,2026-04-24,2.165,2.005,86.47
2,TFO,2026-04-21,2026-05,43.0,E,M,2026-04-24,2.62,1.975,86.47
1,TFO,2026-04-21,2026-05,44.0,E,M,2026-04-24,0,0.6,86.47
2,TFO,2026-04-21,2026-05,45.0,E,M,2026-04-24,0,2.2649999999999997,86.47
1,TFO,2026-04-21,2026-05,46.0,E,M,2026-04-24,0,0.855,86.47
1,TFO,2026-04-21,2026-05,47.0,E,M,2026-04-24,0,0.325,86.47
2,TFO,2026-04-21,2026-05,48.0,E,M,2026-04-24,0,1.225,86.47
1,TFO,2026-04-21,2026-05,49.0,E,M,2026-04-24,0,0.885,86.47
2,TFO,2026-04-21,2026-05,50.0,E,M,2026-04-24,0,1.1800000000000002,86.47
1,TFO,2026-04-21,2026-05,51.0,E,M,2026-04-24,0,,86.47
1,TFO,2026-04-21,2026-05,52.0,E,M,2026-04-24,0,0.25,86.47
1,TFO,2026-04-21,2026-05,55.0,E,M,2026-04-24,0,0.23,86.47
2,TFO,2026-04-21,2026-05,60.0,E,M,2026-04-24,0,0.27,86.47
1,TFO,2026-04-21,2026-05,80.0,E,M,2026-04-24,0,0.01,86.47
2,TFO,2026-04-21,2026-06,30.0,E,M,2026-05-27,0.7,0,86.64
1,TFO,2026-04-21,2026-06,32.0,E,M,2026-05-27,0.6,0,86.64
1,TFO,2026-04-21,2026-06,33.0,E,M,2026-05-27,1.02,0,86.64
1,TFO,2026-04-21,2026-06,34.0,E,M,2026-05-27,,0,86.64
2,TFO,2026-04-21,2026-06,35.0,E,M,2026-05-27,2.6,0,86.64
1,TFO,2026-04-21,2026-06,37.0,E,M,2026-05-27,1.92,0,86.64
1,TFO,2026-04-21,2026-06,38.0,E,M,2026-05-27,2.35,0,86.64
1,TFO,2026-04-21,2026-06,39.0,E,M,2026-05-27,2.905,0,86.64
2,TFO,2026-04-21,2026-06,40.0,E,M,2026-05-27,3.4,5.175,86.64
1,TFO,2026-04-21,2026-06,42.0,E,M,2026-05-27,4.7,0,86.64
1,TFO,2026-04-21,2026-06,43.0,E,M,2026-05-27,0,4.125,86.64
1,TFO,2026-04-21,2026-06,45.0,E,M,2026-05-27,0,3.7,86.64
1,TFO,2026-04-21,2026-06,48.0,E,M,2026-05-27,0,1.88,86.64
2,TFO,2026-04-21,2026-06,50.0,E,M,2026-05-27,10.52,2.44,86.64
1,TFO,2026-04-21,2026-06,55.0,E,M,2026-05-27,0,2.025,86.64
2,TFO,2026-04-21,2026-06,60.0,E,M,2026-05-27,0,2.0,86.64
1,TFO,2026-04-21,2026-06,65.0,E,M,2026-05-27,0,1.1,86.64
1,TFO,2026-04-21,2026-06,70.0,E,M,2026-05-27,0,0.995,86.64
1,TFO,2026-04-21,2026-07,25.0,E,M,2026-06-26,,0,86.655
1,TFO,2026-04-21,2026-07,27.0,E,M,2026-06-26,,0,86.655
2,TFO,2026-04-21,2026-07,30.0,E,M,2026-06-26,0.56,0,86.655
1,TFO,2026-04-21,2026-07,33.0,E,M,2026-06-26,1.34,0,86.655
1,TFO,2026-04-21,2026-07,35.0,E,M,2026-06-26,,0,86.655
1,TFO,2026-04-21,2026-07,40.0,E,M,2026-06-26,,0,86.655
1,TFO,2026-04-21,2026-07,41.0,E,M,2026-06-26,,0,86.655
1,TFO,2026-04-21,2026-07,45.0,E,M,2026-06-26,0,3.425,86.655
1,TFO,2026-04-21,2026-07,50.0,E,M,2026-06-26,0,,86.655
1,TFO,2026-04-21,2026-07,55.0,E,M,2026-06-26,0,1.85,86.655
1,TFO,2026-04-21,2026-07,60.0,E,M,2026-06-26,0,,86.655
2,TFO,2026-04-21,2026-07,70.0,E,M,2026-06-26,0,1.18,86.655
1,TFO,2026-04-21,2026-07,75.0,E,M,2026-06-26,0,,86.655
1,TFO,2026-04-21,2026-08,29.0,E,M,2026-07-27,,0,86.93
1,TFO,2026-04-21,2026-08,30.0,E,M,2026-07-27,,0,86.93
1,TFO,2026-04-21,2026-08,35.0,E,M,2026-07-27,,0,86.93
1,TFO,2026-04-21,2026-08,40.0,E,M,2026-07-27,,0,86.93
1,TFO,2026-04-21,2026-08,45.0,E,M,2026-07-27,0,4.35,86.93
1,TFO,2026-04-21,2026-08,50.0,E,M,2026-07-27,0,,86.93
1,TFO,2026-04-21,2026-08,55.0,E,M,2026-07-27,0,2.6,86.93
1,TFO,2026-04-21,2026-08,60.0,E,M,2026-07-27,0,,86.93
1,TFO,2026-04-21,2026-08,70.0,E,M,2026-07-27,0,,86.93
1,TFO,2026-04-21,2026-08,75.0,E,M,2026-07-27,0,,86.93
1,TFO,2026-04-21,2026-09,25.0,E,M,2026-08-26,,0,86.81
1,TFO,2026-04-21,2026-09,27.0,E,M,2026-08-26,,0,86.81
1,TFO,2026-04-21,2026-09,29.0,E,M,2026-08-26,,0,86.81
1,TFO,2026-04-21,2026-09,30.0,E,M,2026-08-26,,0,86.81
1,TFO,2026-04-21,2026-09,35.0,E,M,2026-08-26,,0,86.81
1,TFO,2026-04-21,2026-09,40.0,E,M,2026-08-26,,0,86.81
1,TFO,2026-04-21,2026-09,45.0,E,M,2026-08-26,0,,86.81
1,TFO,2026-04-21,2026-09,50.0,E,M,2026-08-26,0,,86.81
1,TFO,2026-04-21,2026-09,55.0,E,M,2026-08-26,0,,86.81
1,TFO,2026-04-21,2026-09,60.0,E,M,2026-08-26,0,,86.81
1,TFO,2026-04-21,2026-09,70.0,E,M,2026-08-26,0,,86.81
1,TFO,2026-04-21,2026-09,75.0,E,M,2026-08-26,0,,86.81
1,TFO,2026-04-21,2026-10,30.0,E,M,2026-09-25,0.97,0,85.57
1,TFO,2026-04-21,2026-10,33.0,E,M,2026-09-25,,0,85.57
1,TFO,2026-04-21,2026-10,35.0,E,M,2026-09-25,,0,85.57
1,TFO,2026-04-21,2026-10,37.0,E,M,2026-09-25,3.92,0,85.57
2,TFO,2026-04-21,2026-10,45.0,E,M,2026-09-25,0,0,85.57
1,TFO,2026-04-21,2026-10,50.0,E,M,2026-09-25,0,4.75,85.57
1,TFO,2026-04-21,2026-10,55.0,E,M,2026-09-25,0,,85.57
1,TFO,2026-04-21,2026-10,60.0,E,M,2026-09-25,0,3.275,85.57
1,TFO,2026-04-21,2026-10,65.0,E,M,2026-09-25,0,,85.57
1,TFO,2026-04-21,2026-10,70.0,E,M,2026-09-25,0,,85.57
1,TFO,2026-04-21,2026-10,75.0,E,M,2026-09-25,0,,85.57
1,TFO,2026-04-21,2026-11,50.0,E,M,2026-10-27,0,,84.845
1,TFO,2026-04-21,2026-11,55.0,E,M,2026-10-27,0,,84.845
1,TFO,2026-04-21,2026-11,70.0,E,M,2026-10-27,0,,84.845
1,TFO,2026-04-21,2026-11,75.0,E,M,2026-10-27,0,,84.845
1,TFO,2026-04-21,2026-11,100.0,E,M,2026-10-27,0,,84.845
1,TFO,2026-04-21,2026-12,30.0,E,M,2026-11-26,,0,84.76
1,TFO,2026-04-21,2026-12,33.0,E,M,2026-11-26,,0,84.76
1,TFO,2026-04-21,2026-12,35.0,E,M,2026-11-26,,0,84.76
2,TFO,2026-04-21,2026-12,45.0,E,M,2026-11-26,0,0,84.76
1,TFO,2026-04-21,2026-12,50.0,E,M,2026-11-26,0,,84.76
1,TFO,2026-04-21,2026-12,55.0,E,M,2026-11-26,0,,84.76
1,TFO,2026-04-21,2026-12,60.0,E,M,2026-11-26,0,,84.76
2,TFO,2026-04-21,2026-12,70.0,E,M,2026-11-26,0,3.85,84.76
1,TFO,2026-04-21,2026-12,75.0,E,M,2026-11-26,0,,84.76
1,TFO,2026-04-21,2026-12,100.0,E,M,2026-11-26,0,,84.76
1,TFO,2026-04-21,2027-01,25.0,E,M,2026-12-24,,0,81.82499999999999
1,TFO,2026-04-21,2027-01,35.0,E,M,2026-12-24,,0,81.82499999999999
1,TFO,2026-04-21,2027-01,40.0,E,M,2026-12-24,,0,81.82499999999999
1,TFO,2026-04-21,2027-01,45.0,E,M,2026-12-24,,0,81.82499999999999
1,TFO,2026-04-21,2027-02,25.0,E,M,2027-01-27,,0,41.965
1,TFO,2026-04-21,2027-02,35.0,E,M,2027-01-27,,0,41.965
1,TFO,2026-04-21,2027-03,15.0,E,M,2027-02-24,,0,40.605
1,TFO,2026-04-21,2027-03,25.0,E,M,2027-02-24,,0,40.605
1,TFO,2026-04-21,2027-03,30.0,E,M,2027-02-24,,0,40.605
1,TFO,2026-04-21,2027-03,35.0,E,M,2027-02-24,,0,40.605
1,TFO,2026-04-21,2027-03,45.0,E,M,2027-02-24,0,,40.605
1,TFO,2026-04-22,2026-05,35.0,E,M,2026-04-24,0.05,0,88.15
1,TFO,2026-04-22,2026-05,36.0,E,M,2026-04-24,0.03,0,88.15
1,TFO,2026-04-22,2026-05,37.0,E,M,2026-04-24,0.27,0,88.15
3,TFO,2026-04-22,2026-05,38.0,E,M,2026-04-24,0.255,4.865,88.15
3,TFO,2026-04-22,2026-05,40.0,E,M,2026-04-24,0.43000000000000005,3.87,88.15
3,TFO,2026-04-22,2026-05,41.0,E,M,2026-04-24,1.265,2.2,88.15
3,TFO,2026-04-22,2026-05,42.0,E,M,2026-04-24,1.2,4.9,88.15
3,TFO,2026-04-22,2026-05,43.0,E,M,2026-04-24,1.9500000000000002,1.335,88.15
3,TFO,2026-04-22,2026-05,44.0,E,M,2026-04-24,2.5,3.03,88.15
3,TFO,2026-04-22,2026-05,45.0,E,M,2026-04-24,3.0,2.45,88.15
2,TFO,2026-04-22,2026-05,46.0,E,M,2026-04-24,0,1.44,88.15
2,TFO,2026-04-22,2026-05,48.0,E,M,2026-04-24,0,0.9450000000000001,88.15
1,TFO,2026-04-22,2026-05,49.0,E,M,2026-04-24,0,0.51,88.15
2,TFO,2026-04-22,2026-05,50.0,E,M,2026-04-24,0,0.675,88.15
1,TFO,2026-04-22,2026-05,55.0,E,M,2026-04-24,0,0.155,88.15
2,TFO,2026-04-22,2026-05,60.0,E,M,2026-04-24,0,0.1,88.15
1,TFO,2026-04-22,2026-05,70.0,E,M,2026-04-24,0,0.06,88.15
1,TFO,2026-04-22,2026-05,75.0,E,M,2026-04-24,0,0.025,88.15
2,TFO,2026-04-22,2026-06,30.0,E,M,2026-05-27,0.525,0,87.97999999999999
1,TFO,2026-04-22,2026-06,32.0,E,M,2026-05-27,0.475,0,87.97999999999999
1,TFO,2026-04-22,2026-06,33.0,E,M,2026-05-27,0.5,0,87.97999999999999
2,TFO,2026-04-22,2026-06,35.0,E,M,2026-05-27,2.03,0,87.97999999999999
1,TFO,2026-04-22,2026-06,38.0,E,M,2026-05-27,,0,87.97999999999999
1,TFO,2026-04-22,2026-06,40.0,E,M,2026-05-27,3.03,0,87.97999999999999
1,TFO,2026-04-22,2026-06,45.0,E,M,2026-05-27,0,4.5,87.97999999999999
2,TFO,2026-04-22,2026-06,50.0,E,M,2026-05-27,0,5.77,87.97999999999999
1,TFO,2026-04-22,2026-06,55.0,E,M,2026-05-27,0,1.875,87.97999999999999
2,TFO,2026-04-22,2026-06,60.0,E,M,2026-05-27,0,2.925,87.97999999999999
2,TFO,2026-04-22,2026-06,65.0,E,M,2026-05-27,0,2.16,87.97999999999999
2,TFO,2026-04-22,2026-06,70.0,E,M,2026-05-27,0,1.55,87.97999999999999
1,TFO,2026-04-22,2026-06,75.0,E,M,2026-05-27,0,0.75,87.97999999999999
1,TFO,2026-04-22,2026-07,30.0,E,M,2026-06-26,0,13.2,88.245
1,TFO,2026-04-22,2026-07,34.0,E,M,2026-06-26,0,10.075,88.245
1,TFO,2026-04-22,2026-07,35.0,E,M,2026-06-26,,0,88.245
1,TFO,2026-04-22,2026-07,37.0,E,M,2026-06-26,0,8.2,88.245
1,TFO,2026-04-22,2026-07,40.0,E,M,2026-06-26,0,,88.245
1,TFO,2026-04-22,2026-07,42.0,E,M,2026-06-26,,0,88.245
1,TFO,2026-04-22,2026-07,43.0,E,M,2026-06-26,,0,88.245
1,TFO,2026-04-22,2026-07,45.0,E,M,2026-06-26,0,5.45,88.245
1,TFO,2026-04-22,2026-07,50.0,E,M,2026-06-26,0,,88.245
1,TFO,2026-04-22,2026-07,55.0,E,M,2026-06-26,0,3.26,88.245
2,TFO,2026-04-22,2026-07,60.0,E,M,2026-06-26,0,2.45,88.245
1,TFO,2026-04-22,2026-07,65.0,E,M,2026-06-26,0,1.9,88.245
1,TFO,2026-04-22,2026-07,90.0,E,M,2026-06-26,0,,88.245
1,TFO,2026-04-22,2026-07,100.0,E,M,2026-06-26,0,,88.245
1,TFO,2026-04-22,2026-08,30.0,E,M,2026-07-27,0,,87.965
2,TFO,2026-04-22,2026-08,35.0,E,M,2026-07-27,1.945,0,87.965
1,TFO,2026-04-22,2026-08,40.0,E,M,2026-07-27,0,,87.965
1,TFO,2026-04-22,2026-08,45.0,E,M,2026-07-27,0,5.775,87.965
1,TFO,2026-04-22,2026-08,50.0,E,M,2026-07-27,0,4.315,87.965
1,TFO,2026-04-22,2026-08,55.0,E,M,2026-07-27,0,3.625,87.965
1,TFO,2026-04-22,2026-08,60.0,E,M,2026-07-27,0,,87.965
1,TFO,2026-04-22,2026-08,90.0,E,M,2026-07-27,0,,87.965
1,TFO,2026-04-22,2026-08,100.0,E,M,2026-07-27,0,,87.965
1,TFO,2026-04-22,2026-09,35.0,E,M,2026-08-26,,0,88.075
1,TFO,2026-04-22,2026-09,43.0,E,M,2026-08-26,,0,88.075
1,TFO,2026-04-22,2026-09,45.0,E,M,2026-08-26,0,,88.075
1,TFO,2026-04-22,2026-09,50.0,E,M,2026-08-26,0,4.85,88.075
1,TFO,2026-04-22,2026-09,60.0,E,M,2026-08-26,0,3.26,88.075
1,TFO,2026-04-22,2026-09,90.0,E,M,2026-08-26,0,,88.075
1,TFO,2026-04-22,2026-09,100.0,E,M,2026-08-26,0,,88.075
1,TFO,2026-04-22,2026-10,30.0,E,M,2026-09-25,,0,86.89
1,TFO,2026-04-22,2026-10,33.0,E,M,2026-09-25,,0,86.89
1,TFO,2026-04-22,2026-10,35.0,E,M,2026-09-25,,0,86.89
1,TFO,2026-04-22,2026-10,40.0,E,M,2026-09-25,,0,86.89
1,TFO,2026-04-22,2026-10,45.0,E,M,2026-09-25,0,,86.89
1,TFO,2026-04-22,2026-10,50.0,E,M,2026-09-25,0,5.12,86.89
1,TFO,2026-04-22,2026-10,55.0,E,M,2026-09-25,0,,86.89
1,TFO,2026-04-22,2026-10,70.0,E,M,2026-09-25,0,2.57,86.89
1,TFO,2026-04-22,2026-10,75.0,E,M,2026-09-25,0,,86.89
1,TFO,2026-04-22,2026-10,80.0,E,M,2026-09-25,0,,86.89
1,TFO,2026-04-22,2026-11,50.0,E,M,2026-10-27,0,,85.61
1,TFO,2026-04-22,2026-11,55.0,E,M,2026-10-27,0,,85.61
1,TFO,2026-04-22,2026-11,75.0,E,M,2026-10-27,0,,85.61
1,TFO,2026-04-22,2026-11,80.0,E,M,2026-10-27,0,,85.61
1,TFO,2026-04-22,2026-11,100.0,E,M,2026-10-27,0,,85.61
1,TFO,2026-04-22,2026-12,30.0,E,M,2026-11-26,,0,86.50999999999999
1,TFO,2026-04-22,2026-12,33.0,E,M,2026-11-26,,0,86.50999999999999
1,TFO,2026-04-22,2026-12,35.0,E,M,2026-11-26,,0,86.50999999999999
1,TFO,2026-04-22,2026-12,45.0,E,M,2026-11-26,0,,86.50999999999999
1,TFO,2026-04-22,2026-12,50.0,E,M,2026-11-26,0,,86.50999999999999
1,TFO,2026-04-22,2026-12,55.0,E,M,2026-11-26,0,,86.50999999999999
1,TFO,2026-04-22,2026-12,70.0,E,M,2026-11-26,0,3.5,86.50999999999999
1,TFO,2026-04-22,2026-12,75.0,E,M,2026-11-26,0,,86.50999999999999
1,TFO,2026-04-22,2026-12,80.0,E,M,2026-11-26,0,,86.50999999999999
1,TFO,2026-04-22,2026-12,100.0,E,M,2026-11-26,0,,86.50999999999999
1,TFO,2026-04-22,2027-01,35.0,E,M,2026-12-24,,0,85.525
1,TFO,2026-04-22,2027-01,40.0,E,M,2026-12-24,,0,85.525
1,TFO,2026-04-22,2027-01,50.0,E,M,2026-12-24,0,7.1,85.525
1,TFO,2026-04-22,2027-01,60.0,E,M,2026-12-24,0,,85.525
1,TFO,2026-04-22,2027-01,70.0,E,M,2026-12-24,0,,85.525
1,TFO,2026-04-22,2027-01,75.0,E,M,2026-12-24,0,,85.525
1,TFO,2026-04-22,2027-01,85.0,E,M,2026-12-24,0,3.3,85.525
1,TFO,2026-04-22,2027-02,35.0,E,M,2027-01-27,,0,42.9
1,TFO,2026-04-22,2027-02,50.0,E,M,2027-01-27,0,,42.9
1,TFO,2026-04-22,2027-02,75.0,E,M,2027-01-27,0,,42.9
1,TFO,2026-04-22,2027-02,80.0,E,M,2027-01-27,0,,42.9
1,TFO,2026-04-22,2027-03,30.0,E,M,2027-02-24,,0,81.74000000000001
1,TFO,2026-04-22,2027-03,35.0,E,M,2027-02-24,,0,81.74000000000001
1,TFO,2026-04-22,2027-03,45.0,E,M,2027-02-24,0,,81.74000000000001
1,TFO,2026-04-22,2027-03,50.0,E,M,2027-02-24,0,,81.74000000000001
1,TFO,2026-04-22,2027-03,60.0,E,M,2027-02-24,0,,81.74000000000001
1,TFO,2026-04-22,2027-03,75.0,E,M,2027-02-24,0,,81.74000000000001
1,TFO,2026-04-22,2027-03,100.0,E,M,2027-02-24,0,,81.74000000000001
1,TFO,2026-04-23,2026-05,35.0,E,M,2026-04-24,0.01,0,90.12
2,TFO,2026-04-23,2026-05,38.0,E,M,2026-04-24,0.04,0,90.12
2,TFO,2026-04-23,2026-05,40.0,E,M,2026-04-24,0.12000000000000001,0,90.12
3,TFO,2026-04-23,2026-05,42.0,E,M,2026-04-24,0.315,3.74,90.12
2,TFO,2026-04-23,2026-05,43.0,E,M,2026-04-24,0.58,1.99,90.12
4,TFO,2026-04-23,2026-05,44.0,E,M,2026-04-24,2.105,2.52,90.12
4,TFO,2026-04-23,2026-05,45.0,E,M,2026-04-24,2.535,1.56,90.12
3,TFO,2026-04-23,2026-05,46.0,E,M,2026-04-24,2.24,1.075,90.12
1,TFO,2026-04-23,2026-05,47.0,E,M,2026-04-24,0,0.325,90.12
1,TFO,2026-04-23,2026-05,48.0,E,M,2026-04-24,0,0.4,90.12
1,TFO,2026-04-23,2026-05,49.0,E,M,2026-04-24,0,0.65,90.12
2,TFO,2026-04-23,2026-05,50.0,E,M,2026-04-24,0,0.20500000000000002,90.12
1,TFO,2026-04-23,2026-05,51.0,E,M,2026-04-24,0,0.28,90.12
1,TFO,2026-04-23,2026-05,54.0,E,M,2026-04-24,0,0.2,90.12
1,TFO,2026-04-23,2026-05,55.0,E,M,2026-04-24,0,0.06,90.12
1,TFO,2026-04-23,2026-05,60.0,E,M,2026-04-24,0,0.04,90.12
1,TFO,2026-04-23,2026-05,65.0,E,M,2026-04-24,0,0.02,90.12
1,TFO,2026-04-23,2026-06,28.0,E,M,2026-05-27,0.14,0,89.905
1,TFO,2026-04-23,2026-06,30.0,E,M,2026-05-27,0.26,0,89.905
1,TFO,2026-04-23,2026-06,33.0,E,M,2026-05-27,0.475,0,89.905
1,TFO,2026-04-23,2026-06,34.0,E,M,2026-05-27,0.63,0,89.905
1,TFO,2026-04-23,2026-06,34.5,E,M,2026-05-27,0.53,0,89.905
1,TFO,2026-04-23,2026-06,35.0,E,M,2026-05-27,0.76,0,89.905
1,TFO,2026-04-23,2026-06,37.0,E,M,2026-05-27,1.26,0,89.905
1,TFO,2026-04-23,2026-06,39.0,E,M,2026-05-27,1.95,0,89.905
3,TFO,2026-04-23,2026-06,40.0,E,M,2026-05-27,4.77,6.725,89.905
2,TFO,2026-04-23,2026-06,44.0,E,M,2026-05-27,4.5,4.94,89.905
2,TFO,2026-04-23,2026-06,45.0,E,M,2026-05-27,4.725,4.5,89.905
1,TFO,2026-04-23,2026-06,47.0,E,M,2026-05-27,0,,89.905
2,TFO,2026-04-23,2026-06,48.0,E,M,2026-05-27,0,7.81,89.905
2,TFO,2026-04-23,2026-06,50.0,E,M,2026-05-27,0,6.35,89.905
2,TFO,2026-04-23,2026-06,55.0,E,M,2026-05-27,0,4.875,89.905
1,TFO,2026-04-23,2026-06,60.0,E,M,2026-05-27,0,1.625,89.905
1,TFO,2026-04-23,2026-06,65.0,E,M,2026-05-27,0,1.55,89.905
1,TFO,2026-04-23,2026-06,70.0,E,M,2026-05-27,0,0.925,89.905
1,TFO,2026-04-23,2026-06,80.0,E,M,2026-05-27,0,0.625,89.905
1,TFO,2026-04-23,2026-07,25.0,E,M,2026-06-26,,0,91.18
1,TFO,2026-04-23,2026-07,30.0,E,M,2026-06-26,0.4,0,91.18
1,TFO,2026-04-23,2026-07,33.0,E,M,2026-06-26,0.945,0,91.18
1,TFO,2026-04-23,2026-07,35.0,E,M,2026-06-26,1.47,0,91.18
1,TFO,2026-04-23,2026-07,40.0,E,M,2026-06-26,,0,91.18
1,TFO,2026-04-23,2026-07,42.0,E,M,2026-06-26,,0,91.18
1,TFO,2026-04-23,2026-07,45.0,E,M,2026-06-26,0,6.14,91.18
1,TFO,2026-04-23,2026-07,47.0,E,M,2026-06-26,0,5.4,91.18
1,TFO,2026-04-23,2026-07,50.0,E,M,2026-06-26,0,4.7,91.18
1,TFO,2026-04-23,2026-07,55.0,E,M,2026-06-26,0,3.64,91.18
2,TFO,2026-04-23,2026-07,57.0,E,M,2026-06-26,0,3.215,91.18
1,TFO,2026-04-23,2026-07,60.0,E,M,2026-06-26,0,3.1,91.18
1,TFO,2026-04-23,2026-07,65.0,E,M,2026-06-26,0,2.35,91.18
1,TFO,2026-04-23,2026-07,70.0,E,M,2026-06-26,0,2.1,91.18
1,TFO,2026-04-23,2026-07,80.0,E,M,2026-06-26,0,1.5,91.18
1,TFO,2026-04-23,2026-07,100.0,E,M,2026-06-26,0,,91.18
1,TFO,2026-04-23,2026-08,29.0,E,M,2026-07-27,0.54,0,91.185
1,TFO,2026-04-23,2026-08,30.0,E,M,2026-07-27,0.71,0,91.185
1,TFO,2026-04-23,2026-08,34.5,E,M,2026-07-27,1.775,0,91.185
1,TFO,2026-04-23,2026-08,35.0,E,M,2026-07-27,1.8,0,91.185
1,TFO,2026-04-23,2026-08,40.0,E,M,2026-07-27,,0,91.185
1,TFO,2026-04-23,2026-08,45.0,E,M,2026-07-27,0,,91.185
1,TFO,2026-04-23,2026-08,50.0,E,M,2026-07-27,0,,91.185
2,TFO,2026-04-23,2026-08,55.0,E,M,2026-07-27,0,4.45,91.185
1,TFO,2026-04-23,2026-08,60.0,E,M,2026-07-27,0,,91.185
1,TFO,2026-04-23,2026-08,70.0,E,M,2026-07-27,0,,91.185
1,TFO,2026-04-23,2026-08,80.0,E,M,2026-07-27,0,,91.185
1,TFO,2026-04-23,2026-08,95.0,E,M,2026-07-27,0,1.1,91.185
1,TFO,2026-04-23,2026-08,100.0,E,M,2026-07-27,0,,91.185
2,TFO,2026-04-23,2026-09,25.0,E,M,2026-08-26,0.29,0,89.68
1,TFO,2026-04-23,2026-09,30.0,E,M,2026-08-26,,0,89.68
2,TFO,2026-04-23,2026-09,35.0,E,M,2026-08-26,2.215,0,89.68
1,TFO,2026-04-23,2026-09,37.0,E,M,2026-08-26,3.05,0,89.68
1,TFO,2026-04-23,2026-09,40.0,E,M,2026-08-26,4.6,0,89.68
1,TFO,2026-04-23,2026-09,45.0,E,M,2026-08-26,0,7.095,89.68
1,TFO,2026-04-23,2026-09,50.0,E,M,2026-08-26,0,5.91,89.68
1,TFO,2026-04-23,2026-09,55.0,E,M,2026-08-26,0,4.875,89.68
1,TFO,2026-04-23,2026-09,57.0,E,M,2026-08-26,0,,89.68
1,TFO,2026-04-23,2026-09,60.0,E,M,2026-08-26,0,4.15,89.68
1,TFO,2026-04-23,2026-09,65.0,E,M,2026-08-26,0,3.225,89.68
1,TFO,2026-04-23,2026-09,70.0,E,M,2026-08-26,0,,89.68
1,TFO,2026-04-23,2026-09,80.0,E,M,2026-08-26,0,2.15,89.68
1,TFO,2026-04-23,2026-09,100.0,E,M,2026-08-26,0,,89.68
1,TFO,2026-04-23,2026-10,30.0,E,M,2026-09-25,,0,90.53
1,TFO,2026-04-23,2026-10,31.0,E,M,2026-09-25,,0,90.53
1,TFO,2026-04-23,2026-10,35.0,E,M,2026-09-25,,0,90.53
1,TFO,2026-04-23,2026-10,37.0,E,M,2026-09-25,,0,90.53
1,TFO,2026-04-23,2026-10,40.0,E,M,2026-09-25,,0,90.53
1,TFO,2026-04-23,2026-10,45.0,E,M,2026-09-25,0,,90.53
1,TFO,2026-04-23,2026-10,50.0,E,M,2026-09-25,0,,90.53
1,TFO,2026-04-23,2026-10,60.0,E,M,2026-09-25,0,4.2,90.53
1,TFO,2026-04-23,2026-10,70.0,E,M,2026-09-25,0,3.025,90.53
1,TFO,2026-04-23,2026-10,75.0,E,M,2026-09-25,0,,90.53
1,TFO,2026-04-23,2026-10,80.0,E,M,2026-09-25,0,,90.53
1,TFO,2026-04-23,2026-11,50.0,E,M,2026-10-27,0,,88.685
1,TFO,2026-04-23,2026-11,55.0,E,M,2026-10-27,0,5.625,88.685
1,TFO,2026-04-23,2026-11,70.0,E,M,2026-10-27,0,,88.685
1,TFO,2026-04-23,2026-11,75.0,E,M,2026-10-27,0,,88.685
1,TFO,2026-04-23,2026-11,80.0,E,M,2026-10-27,0,,88.685
1,TFO,2026-04-23,2026-12,30.0,E,M,2026-11-26,,0,89.045
1,TFO,2026-04-23,2026-12,35.0,E,M,2026-11-26,,0,89.045
1,TFO,2026-04-23,2026-12,45.0,E,M,2026-11-26,0,,89.045
1,TFO,2026-04-23,2026-12,50.0,E,M,2026-11-26,0,,89.045
1,TFO,2026-04-23,2026-12,70.0,E,M,2026-11-26,0,,89.045
1,TFO,2026-04-23,2026-12,75.0,E,M,2026-11-26,0,,89.045
1,TFO,2026-04-23,2026-12,80.0,E,M,2026-11-26,0,,89.045
1,TFO,2026-04-23,2027-01,35.0,E,M,2026-12-24,,0,88.555
1,TFO,2026-04-23,2027-01,40.0,E,M,2026-12-24,,0,88.555
1,TFO,2026-04-23,2027-01,50.0,E,M,2026-12-24,0,,88.555
1,TFO,2026-04-23,2027-01,60.0,E,M,2026-12-24,0,,88.555
1,TFO,2026-04-23,2027-01,65.0,E,M,2026-12-24,0,,88.555
1,TFO,2026-04-23,2027-01,70.0,E,M,2026-12-24,0,,88.555
1,TFO,2026-04-23,2027-01,75.0,E,M,2026-12-24,0,,88.555
1,TFO,2026-04-23,2027-01,85.0,E,M,2026-12-24,0,,88.555
1,TFO,2026-04-23,2027-02,35.0,E,M,2027-01-27,,0,43.845
1,TFO,2026-04-23,2027-02,50.0,E,M,2027-01-27,0,,43.845
1,TFO,2026-04-23,2027-02,65.0,E,M,2027-01-27,0,,43.845
1,TFO,2026-04-23,2027-02,75.0,E,M,2027-01-27,0,,43.845
1,TFO,2026-04-23,2027-02,80.0,E,M,2027-01-27,0,,43.845
1,TFO,2026-04-23,2027-03,30.0,E,M,2027-02-24,,0,41.745
1,TFO,2026-04-23,2027-03,35.0,E,M,2027-02-24,,0,41.745
1,TFO,2026-04-23,2027-03,45.0,E,M,2027-02-24,0,,41.745
1,TFO,2026-04-23,2027-03,50.0,E,M,2027-02-24,0,,41.745
1,TFO,2026-04-23,2027-03,60.0,E,M,2027-02-24,0,,41.745
1,TFO,2026-04-23,2027-03,75.0,E,M,2027-02-24,0,,41.745
1,TFO,2026-04-23,2027-03,90.0,E,M,2027-02-24,0,3.62,41.745
1,TFO,2026-04-23,2027-03,100.0,E,M,2027-02-24,0,3.11,41.745
1,TFO,2026-04-24,2026-05,40.0,E,M,2026-04-24,0.02,0,89.26
1,TFO,2026-04-24,2026-05,43.0,E,M,2026-04-24,0,1.4,89.26
3,TFO,2026-04-24,2026-05,44.0,E,M,2026-04-24,0.3,1.6500000000000001,89.26
4,TFO,2026-04-24,2026-05,45.0,E,M,2026-04-24,1.005,0.955,89.26
2,TFO,2026-04-24,2026-05,46.0,E,M,2026-04-24,0,1.35,89.26
1,TFO,2026-04-24,2026-05,48.0,E,M,2026-04-24,0,0.02,89.26
1,TFO,2026-04-24,2026-05,50.0,E,M,2026-04-24,0,0.05,89.26
1,TFO,2026-04-24,2026-05,55.0,E,M,2026-04-24,0,0.01,89.26
1,TFO,2026-04-24,2026-06,25.0,E,M,2026-05-27,0.09,0,89.19999999999999
2,TFO,2026-04-24,2026-06,26.0,E,M,2026-05-27,0.22,0,89.19999999999999
2,TFO,2026-04-24,2026-06,30.0,E,M,2026-05-27,0.525,0,89.19999999999999
1,TFO,2026-04-24,2026-06,34.0,E,M,2026-05-27,0.59,0,89.19999999999999
2,TFO,2026-04-24,2026-06,35.0,E,M,2026-05-27,1.77,0,89.19999999999999
1,TFO,2026-04-24,2026-06,36.0,E,M,2026-05-27,1.1,0,89.19999999999999
2,TFO,2026-04-24,2026-06,37.0,E,M,2026-05-27,2.65,0,89.19999999999999
1,TFO,2026-04-24,2026-06,38.0,E,M,2026-05-27,1.6,0,89.19999999999999
1,TFO,2026-04-24,2026-06,39.0,E,M,2026-05-27,2.1,0,89.19999999999999
3,TFO,2026-04-24,2026-06,40.0,E,M,2026-05-27,5.15,7.15,89.19999999999999
1,TFO,2026-04-24,2026-06,41.0,E,M,2026-05-27,2.8,0,89.19999999999999
1,TFO,2026-04-24,2026-06,42.0,E,M,2026-05-27,3.275,0,89.19999999999999
1,TFO,2026-04-24,2026-06,43.0,E,M,2026-05-27,4.275,0,89.19999999999999
2,TFO,2026-04-24,2026-06,44.0,E,M,2026-05-27,0,0,89.19999999999999
2,TFO,2026-04-24,2026-06,45.0,E,M,2026-05-27,0,9.5,89.19999999999999
1,TFO,2026-04-24,2026-06,48.0,E,M,2026-05-27,0,4.0,89.19999999999999
2,TFO,2026-04-24,2026-06,50.0,E,M,2026-05-27,0,6.5,89.19999999999999
2,TFO,2026-04-24,2026-06,55.0,E,M,2026-05-27,0,4.72,89.19999999999999
1,TFO,2026-04-24,2026-06,56.0,E,M,2026-05-27,0,2.1,89.19999999999999
2,TFO,2026-04-24,2026-06,60.0,E,M,2026-05-27,0,3.5,89.19999999999999
1,TFO,2026-04-24,2026-06,65.0,E,M,2026-05-27,0,1.15,89.19999999999999
1,TFO,2026-04-24,2026-06,80.0,E,M,2026-05-27,0,0.7,89.19999999999999
1,TFO,2026-04-24,2026-06,90.0,E,M,2026-05-27,0,0.35,89.19999999999999
1,TFO,2026-04-24,2026-07,25.0,E,M,2026-06-26,,0,89.19
1,TFO,2026-04-24,2026-07,30.0,E,M,2026-06-26,0.5,0,89.19
1,TFO,2026-04-24,2026-07,31.5,E,M,2026-06-26,0.73,0,89.19
1,TFO,2026-04-24,2026-07,33.0,E,M,2026-06-26,,0,89.19
2,TFO,2026-04-24,2026-07,35.0,E,M,2026-06-26,1.695,0,89.19
2,TFO,2026-04-24,2026-07,40.0,E,M,2026-06-26,0,0,89.19
1,TFO,2026-04-24,2026-07,45.0,E,M,2026-06-26,0,5.925,89.19
1,TFO,2026-04-24,2026-07,48.0,E,M,2026-06-26,0,4.65,89.19
1,TFO,2026-04-24,2026-07,50.0,E,M,2026-06-26,0,,89.19
1,TFO,2026-04-24,2026-07,51.0,E,M,2026-06-26,0,4.49,89.19
2,TFO,2026-04-24,2026-07,55.0,E,M,2026-06-26,0,3.47,89.19
2,TFO,2026-04-24,2026-07,60.0,E,M,2026-06-26,0,5.58,89.19
1,TFO,2026-04-24,2026-07,65.0,E,M,2026-06-26,0,2.17,89.19
1,TFO,2026-04-24,2026-07,70.0,E,M,2026-06-26,0,1.82,89.19
1,TFO,2026-04-24,2026-07,80.0,E,M,2026-06-26,0,,89.19
1,TFO,2026-04-24,2026-07,85.0,E,M,2026-06-26,0,,89.19
1,TFO,2026-04-24,2026-07,100.0,E,M,2026-06-26,0,,89.19
1,TFO,2026-04-24,2026-08,30.0,E,M,2026-07-27,0.69,0,89.295
1,TFO,2026-04-24,2026-08,33.0,E,M,2026-07-27,,0,89.295
1,TFO,2026-04-24,2026-08,35.0,E,M,2026-07-27,,0,89.295
2,TFO,2026-04-24,2026-08,40.0,E,M,2026-07-27,0,0,89.295
1,TFO,2026-04-24,2026-08,50.0,E,M,2026-07-27,0,,89.295
1,TFO,2026-04-24,2026-08,51.0,E,M,2026-07-27,0,7.73,89.295
1,TFO,2026-04-24,2026-08,55.0,E,M,2026-07-27,0,,89.295
1,TFO,2026-04-24,2026-08,56.0,E,M,2026-07-27,0,6.72,89.295
1,TFO,2026-04-24,2026-08,60.0,E,M,2026-07-27,0,,89.295
1,TFO,2026-04-24,2026-08,65.0,E,M,2026-07-27,0,,89.295
1,TFO,2026-04-24,2026-08,80.0,E,M,2026-07-27,0,,89.295
1,TFO,2026-04-24,2026-08,85.0,E,M,2026-07-27,0,,89.295
1,TFO,2026-04-24,2026-08,100.0,E,M,2026-07-27,0,,89.295
2,TFO,2026-04-24,2026-09,25.0,E,M,2026-08-26,0.375,0,89.36
1,TFO,2026-04-24,2026-09,33.0,E,M,2026-08-26,,0,89.36
1,TFO,2026-04-24,2026-09,35.0,E,M,2026-08-26,,0,89.36
1,TFO,2026-04-24,2026-09,40.0,E,M,2026-08-26,,0,89.36
1,TFO,2026-04-24,2026-09,45.0,E,M,2026-08-26,,0,89.36
1,TFO,2026-04-24,2026-09,50.0,E,M,2026-08-26,0,,89.36
1,TFO,2026-04-24,2026-09,55.0,E,M,2026-08-26,0,,89.36
1,TFO,2026-04-24,2026-09,60.0,E,M,2026-08-26,0,,89.36
2,TFO,2026-04-24,2026-09,65.0,E,M,2026-08-26,0,7.345000000000001,89.36
2,TFO,2026-04-24,2026-09,80.0,E,M,2026-08-26,0,2.475,89.36
1,TFO,2026-04-24,2026-09,85.0,E,M,2026-08-26,0,,89.36
1,TFO,2026-04-24,2026-09,100.0,E,M,2026-08-26,0,,89.36
1,TFO,2026-04-24,2026-10,30.0,E,M,2026-09-25,1.175,0,89.28999999999999
1,TFO,2026-04-24,2026-10,35.0,E,M,2026-09-25,,0,89.28999999999999
1,TFO,2026-04-24,2026-10,40.0,E,M,2026-09-25,,0,89.28999999999999
1,TFO,2026-04-24,2026-10,45.0,E,M,2026-09-25,0,,89.28999999999999
1,TFO,2026-04-24,2026-10,50.0,E,M,2026-09-25,0,,89.28999999999999
1,TFO,2026-04-24,2026-10,55.0,E,M,2026-09-25,0,,89.28999999999999
1,TFO,2026-04-24,2026-10,60.0,E,M,2026-09-25,0,,89.28999999999999
1,TFO,2026-04-24,2026-10,70.0,E,M,2026-09-25,0,,89.28999999999999
1,TFO,2026-04-24,2026-10,80.0,E,M,2026-09-25,0,,89.28999999999999
1,TFO,2026-04-24,2026-11,50.0,E,M,2026-10-27,0,,88.58000000000001
1,TFO,2026-04-24,2026-11,55.0,E,M,2026-10-27,0,,88.58000000000001
1,TFO,2026-04-24,2026-11,70.0,E,M,2026-10-27,0,,88.58000000000001
1,TFO,2026-04-24,2026-11,80.0,E,M,2026-10-27,0,,88.58000000000001
1,TFO,2026-04-24,2026-11,100.0,E,M,2026-10-27,0,,88.58000000000001
1,TFO,2026-04-24,2026-12,30.0,E,M,2026-11-26,1.57,0,88.43
1,TFO,2026-04-24,2026-12,35.0,E,M,2026-11-26,3.8,0,88.43
2,TFO,2026-04-24,2026-12,45.0,E,M,2026-11-26,9.6,8.26,88.43
1,TFO,2026-04-24,2026-12,50.0,E,M,2026-11-26,0,,88.43
1,TFO,2026-04-24,2026-12,55.0,E,M,2026-11-26,0,,88.43
1,TFO,2026-04-24,2026-12,60.0,E,M,2026-11-26,0,5.78,88.43
1,TFO,2026-04-24,2026-12,70.0,E,M,2026-11-26,0,4.58,88.43
1,TFO,2026-04-24,2026-12,80.0,E,M,2026-11-26,0,,88.43
1,TFO,2026-04-24,2026-12,85.0,E,M,2026-11-26,0,3.02,88.43
1,TFO,2026-04-24,2026-12,100.0,E,M,2026-11-26,0,,88.43
1,TFO,2026-04-24,2027-01,25.0,E,M,2026-12-24,,0,88.095
1,TFO,2026-04-24,2027-01,35.0,E,M,2026-12-24,,0,88.095
1,TFO,2026-04-24,2027-01,40.0,E,M,2026-12-24,,0,88.095
1,TFO,2026-04-24,2027-01,45.0,E,M,2026-12-24,10.425,0,88.095
1,TFO,2026-04-24,2027-01,50.0,E,M,2026-12-24,0,,88.095
1,TFO,2026-04-24,2027-01,55.0,E,M,2026-12-24,0,,88.095
1,TFO,2026-04-24,2027-01,60.0,E,M,2026-12-24,0,,88.095
1,TFO,2026-04-24,2027-01,65.0,E,M,2026-12-24,0,,88.095
1,TFO,2026-04-24,2027-01,70.0,E,M,2026-12-24,0,,88.095
1,TFO,2026-04-24,2027-01,85.0,E,M,2026-12-24,0,,88.095
1,TFO,2026-04-24,2027-02,25.0,E,M,2027-01-27,,0,43.54
1,TFO,2026-04-24,2027-02,35.0,E,M,2027-01-27,,0,43.54
1,TFO,2026-04-24,2027-02,50.0,E,M,2027-01-27,0,,43.54
1,TFO,2026-04-24,2027-02,55.0,E,M,2027-01-27,0,,43.54
1,TFO,2026-04-24,2027-02,65.0,E,M,2027-01-27,0,,43.54
1,TFO,2026-04-24,2027-02,80.0,E,M,2027-01-27,0,,43.54
1,TFO,2026-04-24,2027-03,25.0,E,M,2027-02-24,,0,42.355
1,TFO,2026-04-24,2027-03,30.0,E,M,2027-02-24,,0,42.355
1,TFO,2026-04-24,2027-03,35.0,E,M,2027-02-24,,0,42.355
1,TFO,2026-04-24,2027-03,45.0,E,M,2027-02-24,0,,42.355
1,TFO,2026-04-24,2027-03,50.0,E,M,2027-02-24,0,,42.355
1,TFO,2026-04-24,2027-03,60.0,E,M,2027-02-24,0,,42.355
1,TFO,2026-04-24,2027-03,90.0,E,M,2027-02-24,0,4.12,42.355
1,TFO,2026-04-24,2027-03,100.0,E,M,2027-02-24,0,3.6,42.355
1,TFO,2026-04-27,2026-06,27.0,E,M,2026-05-27,0.08,0,88.68
1,TFO,2026-04-27,2026-06,31.0,E,M,2026-05-27,0.27,0,88.68
1,TFO,2026-04-27,2026-06,32.0,E,M,2026-05-27,0.25,0,88.68
1,TFO,2026-04-27,2026-06,33.0,E,M,2026-05-27,0,11.95,88.68
1,TFO,2026-04-27,2026-06,34.0,E,M,2026-05-27,0.55,0,88.68
2,TFO,2026-04-27,2026-06,35.0,E,M,2026-05-27,1.2650000000000001,0,88.68
1,TFO,2026-04-27,2026-06,36.0,E,M,2026-05-27,0.925,0,88.68
1,TFO,2026-04-27,2026-06,37.0,E,M,2026-05-27,1.06,0,88.68
1,TFO,2026-04-27,2026-06,38.0,E,M,2026-05-27,1.33,0,88.68
1,TFO,2026-04-27,2026-06,39.0,E,M,2026-05-27,1.65,0,88.68
2,TFO,2026-04-27,2026-06,40.0,E,M,2026-05-27,3.925,0,88.68
1,TFO,2026-04-27,2026-06,44.0,E,M,2026-05-27,4.15,0,88.68
4,TFO,2026-04-27,2026-06,45.0,E,M,2026-05-27,9.125,8.100000000000001,88.68
1,TFO,2026-04-27,2026-06,48.0,E,M,2026-05-27,0,3.65,88.68
3,TFO,2026-04-27,2026-06,50.0,E,M,2026-05-27,8.1,5.390000000000001,88.68
1,TFO,2026-04-27,2026-06,53.0,E,M,2026-05-27,0,2.65,88.68
2,TFO,2026-04-27,2026-06,55.0,E,M,2026-05-27,0,3.6,88.68
1,TFO,2026-04-27,2026-06,58.0,E,M,2026-05-27,0,2.075,88.68
2,TFO,2026-04-27,2026-06,60.0,E,M,2026-05-27,0,3.05,88.68
2,TFO,2026-04-27,2026-06,65.0,E,M,2026-05-27,0,1.855,88.68
1,TFO,2026-04-27,2026-06,70.0,E,M,2026-05-27,0,0.7,88.68
1,TFO,2026-04-27,2026-06,80.0,E,M,2026-05-27,0,0.44,88.68
1,TFO,2026-04-27,2026-06,100.0,E,M,2026-05-27,0,0.25,88.68
1,TFO,2026-04-27,2026-07,27.0,E,M,2026-06-26,0.225,0,88.685
1,TFO,2026-04-27,2026-07,30.0,E,M,2026-06-26,0.475,0,88.685
1,TFO,2026-04-27,2026-07,33.0,E,M,2026-06-26,0.87,0,88.685
1,TFO,2026-04-27,2026-07,35.0,E,M,2026-06-26,1.27,0,88.685
1,TFO,2026-04-27,2026-07,40.0,E,M,2026-06-26,,0,88.685
1,TFO,2026-04-27,2026-07,45.0,E,M,2026-06-26,0,5.45,88.685
1,TFO,2026-04-27,2026-07,50.0,E,M,2026-06-26,0,,88.685
1,TFO,2026-04-27,2026-07,60.0,E,M,2026-06-26,0,,88.685
1,TFO,2026-04-27,2026-07,65.0,E,M,2026-06-26,0,2.075,88.685
1,TFO,2026-04-27,2026-07,70.0,E,M,2026-06-26,0,,88.685
1,TFO,2026-04-27,2026-08,31.5,E,M,2026-07-27,0.975,0,89.00999999999999
1,TFO,2026-04-27,2026-08,35.0,E,M,2026-07-27,1.86,0,89.00999999999999
1,TFO,2026-04-27,2026-08,40.0,E,M,2026-07-27,,0,89.00999999999999
1,TFO,2026-04-27,2026-08,50.0,E,M,2026-07-27,0,,89.00999999999999
1,TFO,2026-04-27,2026-08,51.0,E,M,2026-07-27,0,,89.00999999999999
1,TFO,2026-04-27,2026-08,55.0,E,M,2026-07-27,0,4.27,89.00999999999999
1,TFO,2026-04-27,2026-08,56.0,E,M,2026-07-27,0,,89.00999999999999
1,TFO,2026-04-27,2026-08,60.0,E,M,2026-07-27,0,3.35,89.00999999999999
1,TFO,2026-04-27,2026-08,70.0,E,M,2026-07-27,0,,89.00999999999999
1,TFO,2026-04-27,2026-08,90.0,E,M,2026-07-27,0,1.175,89.00999999999999
1,TFO,2026-04-27,2026-09,35.0,E,M,2026-08-26,,0,89.555
1,TFO,2026-04-27,2026-09,40.0,E,M,2026-08-26,,0,89.555
1,TFO,2026-04-27,2026-09,50.0,E,M,2026-08-26,0,5.74,89.555
1,TFO,2026-04-27,2026-09,60.0,E,M,2026-08-26,0,,89.555
1,TFO,2026-04-27,2026-09,70.0,E,M,2026-08-26,0,,89.555
1,TFO,2026-04-27,2026-10,30.0,E,M,2026-09-25,,0,88.65
1,TFO,2026-04-27,2026-10,35.0,E,M,2026-09-25,,0,88.65
1,TFO,2026-04-27,2026-10,38.0,E,M,2026-09-25,3.925,0,88.65
1,TFO,2026-04-27,2026-10,45.0,E,M,2026-09-25,0,7.425,88.65
1,TFO,2026-04-27,2026-10,50.0,E,M,2026-09-25,0,,88.65
1,TFO,2026-04-27,2026-10,55.0,E,M,2026-09-25,0,5.11,88.65
1,TFO,2026-04-27,2026-10,60.0,E,M,2026-09-25,0,,88.65
1,TFO,2026-04-27,2026-10,65.0,E,M,2026-09-25,0,3.65,88.65
1,TFO,2026-04-27,2026-10,80.0,E,M,2026-09-25,0,,88.65
1,TFO,2026-04-27,2026-11,50.0,E,M,2026-10-27,0,,88.24000000000001
1,TFO,2026-04-27,2026-11,55.0,E,M,2026-10-27,0,,88.24000000000001
1,TFO,2026-04-27,2026-11,80.0,E,M,2026-10-27,0,,88.24000000000001
1,TFO,2026-04-27,2026-12,30.0,E,M,2026-11-26,,0,87.94999999999999
1,TFO,2026-04-27,2026-12,35.0,E,M,2026-11-26,,0,87.94999999999999
1,TFO,2026-04-27,2026-12,45.0,E,M,2026-11-26,0,,87.94999999999999
1,TFO,2026-04-27,2026-12,50.0,E,M,2026-11-26,0,,87.94999999999999
1,TFO,2026-04-27,2026-12,55.0,E,M,2026-11-26,0,,87.94999999999999
1,TFO,2026-04-27,2026-12,60.0,E,M,2026-11-26,0,,87.94999999999999
1,TFO,2026-04-27,2026-12,80.0,E,M,2026-11-26,0,,87.94999999999999
1,TFO,2026-04-27,2027-01,35.0,E,M,2026-12-24,,0,88.4
1,TFO,2026-04-27,2027-01,50.0,E,M,2026-12-24,0,,88.4
1,TFO,2026-04-27,2027-01,60.0,E,M,2026-12-24,0,,88.4
1,TFO,2026-04-27,2027-01,65.0,E,M,2026-12-24,0,,88.4
1,TFO,2026-04-27,2027-01,70.0,E,M,2026-12-24,0,,88.4
1,TFO,2026-04-27,2027-02,35.0,E,M,2027-01-27,,0,43.935
1,TFO,2026-04-27,2027-02,50.0,E,M,2027-01-27,0,,43.935
1,TFO,2026-04-27,2027-02,65.0,E,M,2027-01-27,0,,43.935
1,TFO,2026-04-27,2027-02,80.0,E,M,2027-01-27,0,,43.935
1,TFO,2026-04-27,2027-03,30.0,E,M,2027-02-24,,0,42.435
1,TFO,2026-04-27,2027-03,35.0,E,M,2027-02-24,,0,42.435
1,TFO,2026-04-27,2027-03,50.0,E,M,2027-02-24,0,,42.435
1,TFO,2026-04-27,2027-03,60.0,E,M,2027-02-24,0,,42.435
1,TFO,2026-04-27,2027-03,90.0,E,M,2027-02-24,0,4.07,42.435
1,TFO,2026-04-27,2027-03,100.0,E,M,2027-02-24,0,3.545,42.435
1,TFO,2026-04-27,2027-04,50.0,E,M,2027-03-25,0,,37.165
1,TFO,2026-04-28,2026-06,24.0,E,M,2026-05-27,0.06,0,87.125
1,TFO,2026-04-28,2026-06,25.0,E,M,2026-05-27,0.1,0,87.125
1,TFO,2026-04-28,2026-06,26.0,E,M,2026-05-27,0.09,0,87.125
1,TFO,2026-04-28,2026-06,27.0,E,M,2026-05-27,0.075,0,87.125
2,TFO,2026-04-28,2026-06,30.0,E,M,2026-05-27,0.3,0,87.125
2,TFO,2026-04-28,2026-06,32.0,E,M,2026-05-27,0.375,0,87.125
2,TFO,2026-04-28,2026-06,35.0,E,M,2026-05-27,1.13,0,87.125
1,TFO,2026-04-28,2026-06,36.0,E,M,2026-05-27,,0,87.125
1,TFO,2026-04-28,2026-06,37.0,E,M,2026-05-27,0.95,0,87.125
1,TFO,2026-04-28,2026-06,38.0,E,M,2026-05-27,1.2,0,87.125
1,TFO,2026-04-28,2026-06,39.0,E,M,2026-05-27,1.3,0,87.125
2,TFO,2026-04-28,2026-06,40.0,E,M,2026-05-27,3.59,0,87.125
1,TFO,2026-04-28,2026-06,41.0,E,M,2026-05-27,,0,87.125
2,TFO,2026-04-28,2026-06,42.0,E,M,2026-05-27,4.88,0,87.125
3,TFO,2026-04-28,2026-06,44.0,E,M,2026-05-27,7.800000000000001,3.85,87.125
4,TFO,2026-04-28,2026-06,45.0,E,M,2026-05-27,8.41,6.86,87.125
2,TFO,2026-04-28,2026-06,46.0,E,M,2026-05-27,4.75,4.0,87.125
1,TFO,2026-04-28,2026-06,48.0,E,M,2026-05-27,0,,87.125
2,TFO,2026-04-28,2026-06,50.0,E,M,2026-05-27,7.775,2.35,87.125
2,TFO,2026-04-28,2026-06,55.0,E,M,2026-05-27,0,3.385,87.125
2,TFO,2026-04-28,2026-06,60.0,E,M,2026-05-27,0,2.2199999999999998,87.125
1,TFO,2026-04-28,2026-06,61.0,E,M,2026-05-27,0,0.98,87.125
1,TFO,2026-04-28,2026-06,80.0,E,M,2026-05-27,0,0.4,87.125
1,TFO,2026-04-28,2026-07,27.0,E,M,2026-06-26,0.195,0,87.005
1,TFO,2026-04-28,2026-07,28.0,E,M,2026-06-26,,0,87.005
1,TFO,2026-04-28,2026-07,30.0,E,M,2026-06-26,0.415,0,87.005
1,TFO,2026-04-28,2026-07,32.0,E,M,2026-06-26,0.6,0,87.005
2,TFO,2026-04-28,2026-07,33.0,E,M,2026-06-26,1.505,0,87.005
1,TFO,2026-04-28,2026-07,35.0,E,M,2026-06-26,1.4,0,87.005
1,TFO,2026-04-28,2026-07,36.0,E,M,2026-06-26,1.425,0,87.005
2,TFO,2026-04-28,2026-07,38.0,E,M,2026-06-26,0,8.99,87.005
1,TFO,2026-04-28,2026-07,40.0,E,M,2026-06-26,3.4,0,87.005
1,TFO,2026-04-28,2026-07,42.0,E,M,2026-06-26,0,6.84,87.005
2,TFO,2026-04-28,2026-07,45.0,E,M,2026-06-26,0,5.05,87.005
1,TFO,2026-04-28,2026-07,50.0,E,M,2026-06-26,0,3.75,87.005
2,TFO,2026-04-28,2026-07,55.0,E,M,2026-06-26,0,0,87.005
1,TFO,2026-04-28,2026-07,60.0,E,M,2026-06-26,0,,87.005
2,TFO,2026-04-28,2026-07,70.0,E,M,2026-06-26,0,1.36,87.005
2,TFO,2026-04-28,2026-07,80.0,E,M,2026-06-26,0,1.035,87.005
1,TFO,2026-04-28,2026-07,90.0,E,M,2026-06-26,0,,87.005
1,TFO,2026-04-28,2026-07,100.0,E,M,2026-06-26,0,,87.005
1,TFO,2026-04-28,2026-08,30.0,E,M,2026-07-27,,0,86.905
1,TFO,2026-04-28,2026-08,31.5,E,M,2026-07-27,0.985,0,86.905
1,TFO,2026-04-28,2026-08,35.0,E,M,2026-07-27,,0,86.905
1,TFO,2026-04-28,2026-08,38.0,E,M,2026-07-27,,0,86.905
1,TFO,2026-04-28,2026-08,40.0,E,M,2026-07-27,,0,86.905
2,TFO,2026-04-28,2026-08,45.0,E,M,2026-07-27,0,0,86.905
1,TFO,2026-04-28,2026-08,50.0,E,M,2026-07-27,0,,86.905
1,TFO,2026-04-28,2026-08,55.0,E,M,2026-07-27,0,,86.905
1,TFO,2026-04-28,2026-08,60.0,E,M,2026-07-27,0,,86.905
1,TFO,2026-04-28,2026-08,70.0,E,M,2026-07-27,0,,86.905
2,TFO,2026-04-28,2026-08,80.0,E,M,2026-07-27,0,1.6,86.905
1,TFO,2026-04-28,2026-08,90.0,E,M,2026-07-27,0,,86.905
1,TFO,2026-04-28,2026-08,100.0,E,M,2026-07-27,0,,86.905
1,TFO,2026-04-28,2026-09,27.0,E,M,2026-08-26,,0,86.755
1,TFO,2026-04-28,2026-09,28.0,E,M,2026-08-26,,0,86.755
1,TFO,2026-04-28,2026-09,30.0,E,M,2026-08-26,,0,86.755
1,TFO,2026-04-28,2026-09,35.0,E,M,2026-08-26,2.325,0,86.755
1,TFO,2026-04-28,2026-09,38.0,E,M,2026-08-26,,0,86.755
1,TFO,2026-04-28,2026-09,40.0,E,M,2026-08-26,,0,86.755
2,TFO,2026-04-28,2026-09,45.0,E,M,2026-08-26,0,0,86.755
1,TFO,2026-04-28,2026-09,50.0,E,M,2026-08-26,0,6.18,86.755
1,TFO,2026-04-28,2026-09,55.0,E,M,2026-08-26,0,,86.755
1,TFO,2026-04-28,2026-09,60.0,E,M,2026-08-26,0,,86.755
1,TFO,2026-04-28,2026-09,70.0,E,M,2026-08-26,0,,86.755
1,TFO,2026-04-28,2026-09,75.0,E,M,2026-08-26,0,2.46,86.755
1,TFO,2026-04-28,2026-09,80.0,E,M,2026-08-26,0,,86.755
1,TFO,2026-04-28,2026-09,90.0,E,M,2026-08-26,0,,86.755
1,TFO,2026-04-28,2026-09,100.0,E,M,2026-08-26,0,,86.755
1,TFO,2026-04-28,2026-10,30.0,E,M,2026-09-25,0.95,0,86.59
1,TFO,2026-04-28,2026-10,35.0,E,M,2026-09-25,2.35,0,86.59
1,TFO,2026-04-28,2026-10,43.0,E,M,2026-09-25,6.85,0,86.59
2,TFO,2026-04-28,2026-10,45.0,E,M,2026-09-25,7.8,0,86.59
1,TFO,2026-04-28,2026-10,50.0,E,M,2026-09-25,0,,86.59
1,TFO,2026-04-28,2026-10,55.0,E,M,2026-09-25,0,,86.59
1,TFO,2026-04-28,2026-10,60.0,E,M,2026-09-25,0,,86.59
1,TFO,2026-04-28,2026-10,80.0,E,M,2026-09-25,0,,86.59
1,TFO,2026-04-28,2026-11,43.0,E,M,2026-10-27,7.5,0,86.34
1,TFO,2026-04-28,2026-11,50.0,E,M,2026-10-27,0,,86.34
1,TFO,2026-04-28,2026-11,55.0,E,M,2026-10-27,0,6.12,86.34
1,TFO,2026-04-28,2026-11,70.0,E,M,2026-10-27,0,4.04,86.34
1,TFO,2026-04-28,2026-11,80.0,E,M,2026-10-27,0,3.22,86.34
1,TFO,2026-04-28,2026-11,100.0,E,M,2026-10-27,0,,86.34
1,TFO,2026-04-28,2026-12,35.0,E,M,2026-11-26,,0,86.43
1,TFO,2026-04-28,2026-12,45.0,E,M,2026-11-26,0,,86.43
1,TFO,2026-04-28,2026-12,50.0,E,M,2026-11-26,0,,86.43
1,TFO,2026-04-28,2026-12,55.0,E,M,2026-11-26,0,6.12,86.43
1,TFO,2026-04-28,2026-12,60.0,E,M,2026-11-26,0,,86.43
1,TFO,2026-04-28,2026-12,70.0,E,M,2026-11-26,0,4.04,86.43
1,TFO,2026-04-28,2026-12,80.0,E,M,2026-11-26,0,3.22,86.43
1,TFO,2026-04-28,2026-12,100.0,E,M,2026-11-26,0,,86.43
1,TFO,2026-04-28,2027-01,25.0,E,M,2026-12-24,,0,87.805
1,TFO,2026-04-28,2027-01,35.0,E,M,2026-12-24,,0,87.805
1,TFO,2026-04-28,2027-01,50.0,E,M,2026-12-24,0,,87.805
1,TFO,2026-04-28,2027-01,55.0,E,M,2026-12-24,0,,87.805
1,TFO,2026-04-28,2027-01,60.0,E,M,2026-12-24,0,6.475,87.805
1,TFO,2026-04-28,2027-01,65.0,E,M,2026-12-24,0,,87.805
1,TFO,2026-04-28,2027-01,70.0,E,M,2026-12-24,0,,87.805
1,TFO,2026-04-28,2027-01,75.0,E,M,2026-12-24,0,,87.805
1,TFO,2026-04-28,2027-01,90.0,E,M,2026-12-24,0,3.7,87.805
1,TFO,2026-04-28,2027-02,25.0,E,M,2027-01-27,,0,42.515
1,TFO,2026-04-28,2027-02,35.0,E,M,2027-01-27,,0,42.515
1,TFO,2026-04-28,2027-02,50.0,E,M,2027-01-27,0,,42.515
1,TFO,2026-04-28,2027-02,55.0,E,M,2027-01-27,0,,42.515
1,TFO,2026-04-28,2027-02,65.0,E,M,2027-01-27,0,,42.515
1,TFO,2026-04-28,2027-02,75.0,E,M,2027-01-27,0,,42.515
1,TFO,2026-04-28,2027-02,80.0,E,M,2027-01-27,0,,42.515
1,TFO,2026-04-28,2027-03,25.0,E,M,2027-02-24,,0,41.41
1,TFO,2026-04-28,2027-03,35.0,E,M,2027-02-24,,0,41.41
1,TFO,2026-04-28,2027-03,45.0,E,M,2027-02-24,0,,41.41
1,TFO,2026-04-28,2027-03,50.0,E,M,2027-02-24,0,,41.41
1,TFO,2026-04-28,2027-03,60.0,E,M,2027-02-24,0,,41.41
1,TFO,2026-04-28,2027-03,75.0,E,M,2027-02-24,0,,41.41
1,TFO,2026-04-29,2026-06,25.0,E,M,2026-05-27,0.05,0,94.61500000000001
1,TFO,2026-04-29,2026-06,33.0,E,M,2026-05-27,0.255,0,94.61500000000001
2,TFO,2026-04-29,2026-06,35.0,E,M,2026-05-27,0.885,0,94.61500000000001
1,TFO,2026-04-29,2026-06,36.0,E,M,2026-05-27,0.51,0,94.61500000000001
1,TFO,2026-04-29,2026-06,36.5,E,M,2026-05-27,0.84,0,94.61500000000001
1,TFO,2026-04-29,2026-06,37.0,E,M,2026-05-27,0.75,0,94.61500000000001
2,TFO,2026-04-29,2026-06,38.0,E,M,2026-05-27,2.1550000000000002,0,94.61500000000001
2,TFO,2026-04-29,2026-06,40.0,E,M,2026-05-27,2.8449999999999998,0,94.61500000000001
1,TFO,2026-04-29,2026-06,41.0,E,M,2026-05-27,2.155,0,94.61500000000001
1,TFO,2026-04-29,2026-06,42.0,E,M,2026-05-27,,0,94.61500000000001
3,TFO,2026-04-29,2026-06,44.0,E,M,2026-05-27,6.93,4.69,94.61500000000001
3,TFO,2026-04-29,2026-06,45.0,E,M,2026-05-27,4.07,8.57,94.61500000000001
2,TFO,2026-04-29,2026-06,46.0,E,M,2026-05-27,4.17,3.9,94.61500000000001
1,TFO,2026-04-29,2026-06,47.0,E,M,2026-05-27,0,3.3,94.61500000000001
2,TFO,2026-04-29,2026-06,48.0,E,M,2026-05-27,0,8.115,94.61500000000001
2,TFO,2026-04-29,2026-06,50.0,E,M,2026-05-27,0,6.4,94.61500000000001
2,TFO,2026-04-29,2026-06,55.0,E,M,2026-05-27,0,4.220000000000001,94.61500000000001
2,TFO,2026-04-29,2026-06,56.0,E,M,2026-05-27,0,1.66,94.61500000000001
2,TFO,2026-04-29,2026-06,60.0,E,M,2026-05-27,0,3.63,94.61500000000001
1,TFO,2026-04-29,2026-06,61.0,E,M,2026-05-27,0,,94.61500000000001
1,TFO,2026-04-29,2026-06,62.0,E,M,2026-05-27,0,1.15,94.61500000000001
1,TFO,2026-04-29,2026-06,65.0,E,M,2026-05-27,0,1.11,94.61500000000001
2,TFO,2026-04-29,2026-06,70.0,E,M,2026-05-27,0,1.9,94.61500000000001
1,TFO,2026-04-29,2026-06,75.0,E,M,2026-05-27,0,0.635,94.61500000000001
1,TFO,2026-04-29,2026-06,85.0,E,M,2026-05-27,0,0.355,94.61500000000001
1,TFO,2026-04-29,2026-07,25.0,E,M,2026-06-26,0.1,0,94.5
1,TFO,2026-04-29,2026-07,27.0,E,M,2026-06-26,0.195,0,94.5
2,TFO,2026-04-29,2026-07,30.0,E,M,2026-06-26,0.71,0,94.5
1,TFO,2026-04-29,2026-07,33.0,E,M,2026-06-26,0.65,0,94.5
1,TFO,2026-04-29,2026-07,34.0,E,M,2026-06-26,,0,94.5
1,TFO,2026-04-29,2026-07,35.0,E,M,2026-06-26,1.1,0,94.5
1,TFO,2026-04-29,2026-07,36.0,E,M,2026-06-26,1.42,0,94.5
1,TFO,2026-04-29,2026-07,37.0,E,M,2026-06-26,,0,94.5
1,TFO,2026-04-29,2026-07,38.0,E,M,2026-06-26,,0,94.5
2,TFO,2026-04-29,2026-07,40.0,E,M,2026-06-26,2.875,9.2,94.5
1,TFO,2026-04-29,2026-07,42.0,E,M,2026-06-26,,0,94.5
2,TFO,2026-04-29,2026-07,45.0,E,M,2026-06-26,5.8,5.8,94.5
2,TFO,2026-04-29,2026-07,47.0,E,M,2026-06-26,0,5.35,94.5
1,TFO,2026-04-29,2026-07,48.0,E,M,2026-06-26,0,5.91,94.5
1,TFO,2026-04-29,2026-07,50.0,E,M,2026-06-26,0,5.43,94.5
1,TFO,2026-04-29,2026-07,55.0,E,M,2026-06-26,0,,94.5
1,TFO,2026-04-29,2026-07,60.0,E,M,2026-06-26,0,3.51,94.5
1,TFO,2026-04-29,2026-07,63.0,E,M,2026-06-26,0,2.75,94.5
1,TFO,2026-04-29,2026-07,65.0,E,M,2026-06-26,0,2.1,94.5
1,TFO,2026-04-29,2026-07,70.0,E,M,2026-06-26,0,,94.5
1,TFO,2026-04-29,2026-07,100.0,E,M,2026-06-26,0,,94.5
2,TFO,2026-04-29,2026-08,33.0,E,M,2026-07-27,0.99,0,95.02
1,TFO,2026-04-29,2026-08,35.0,E,M,2026-07-27,1.8,0,95.02
1,TFO,2026-04-29,2026-08,37.0,E,M,2026-07-27,,0,95.02
1,TFO,2026-04-29,2026-08,38.0,E,M,2026-07-27,,0,95.02
1,TFO,2026-04-29,2026-08,40.0,E,M,2026-07-27,,0,95.02
1,TFO,2026-04-29,2026-08,45.0,E,M,2026-07-27,0,,95.02
2,TFO,2026-04-29,2026-08,50.0,E,M,2026-07-27,0,6.4,95.02
2,TFO,2026-04-29,2026-08,55.0,E,M,2026-07-27,0,5.76,95.02
1,TFO,2026-04-29,2026-08,60.0,E,M,2026-07-27,0,3.35,95.02
1,TFO,2026-04-29,2026-08,65.0,E,M,2026-07-27,0,,95.02
1,TFO,2026-04-29,2026-08,70.0,E,M,2026-07-27,0,,95.02
1,TFO,2026-04-29,2026-08,90.0,E,M,2026-07-27,0,1.21,95.02
1,TFO,2026-04-29,2026-08,100.0,E,M,2026-07-27,0,,95.02
1,TFO,2026-04-29,2026-09,33.0,E,M,2026-08-26,,0,94.55000000000001
1,TFO,2026-04-29,2026-09,35.0,E,M,2026-08-26,,0,94.55000000000001
1,TFO,2026-04-29,2026-09,37.0,E,M,2026-08-26,,0,94.55000000000001
1,TFO,2026-04-29,2026-09,38.0,E,M,2026-08-26,,0,94.55000000000001
1,TFO,2026-04-29,2026-09,40.0,E,M,2026-08-26,,0,94.55000000000001
1,TFO,2026-04-29,2026-09,45.0,E,M,2026-08-26,0,7.52,94.55000000000001
1,TFO,2026-04-29,2026-09,47.0,E,M,2026-08-26,0,,94.55000000000001
1,TFO,2026-04-29,2026-09,50.0,E,M,2026-08-26,0,,94.55000000000001
1,TFO,2026-04-29,2026-09,55.0,E,M,2026-08-26,0,,94.55000000000001
1,TFO,2026-04-29,2026-09,60.0,E,M,2026-08-26,0,3.955,94.55000000000001
1,TFO,2026-04-29,2026-09,65.0,E,M,2026-08-26,0,,94.55000000000001
1,TFO,2026-04-29,2026-09,70.0,E,M,2026-08-26,0,3.05,94.55000000000001
1,TFO,2026-04-29,2026-09,75.0,E,M,2026-08-26,0,2.535,94.55000000000001
1,TFO,2026-04-29,2026-09,85.0,E,M,2026-08-26,0,2.05,94.55000000000001
1,TFO,2026-04-29,2026-09,100.0,E,M,2026-08-26,0,1.55,94.55000000000001
1,TFO,2026-04-29,2026-10,30.0,E,M,2026-09-25,,0,94.71
1,TFO,2026-04-29,2026-10,31.0,E,M,2026-09-25,,0,94.71
1,TFO,2026-04-29,2026-10,35.0,E,M,2026-09-25,,0,94.71
1,TFO,2026-04-29,2026-10,37.0,E,M,2026-09-25,,0,94.71
1,TFO,2026-04-29,2026-10,45.0,E,M,2026-09-25,0,,94.71
1,TFO,2026-04-29,2026-10,50.0,E,M,2026-09-25,0,6.465,94.71
1,TFO,2026-04-29,2026-10,60.0,E,M,2026-09-25,0,4.57,94.71
1,TFO,2026-04-29,2026-10,65.0,E,M,2026-09-25,0,3.9,94.71
1,TFO,2026-04-29,2026-10,70.0,E,M,2026-09-25,0,3.43,94.71
1,TFO,2026-04-29,2026-10,75.0,E,M,2026-09-25,0,,94.71
1,TFO,2026-04-29,2026-11,50.0,E,M,2026-10-27,0,,93.815
1,TFO,2026-04-29,2026-11,75.0,E,M,2026-10-27,0,,93.815
1,TFO,2026-04-29,2026-11,100.0,E,M,2026-10-27,0,,93.815
1,TFO,2026-04-29,2026-12,30.0,E,M,2026-11-26,,0,92.385
1,TFO,2026-04-29,2026-12,35.0,E,M,2026-11-26,,0,92.385
1,TFO,2026-04-29,2026-12,45.0,E,M,2026-11-26,0,,92.385
1,TFO,2026-04-29,2026-12,50.0,E,M,2026-11-26,0,,92.385
1,TFO,2026-04-29,2026-12,75.0,E,M,2026-11-26,0,,92.385
1,TFO,2026-04-29,2026-12,100.0,E,M,2026-11-26,0,,92.385
1,TFO,2026-04-29,2027-01,35.0,E,M,2026-12-24,,0,93.745
1,TFO,2026-04-29,2027-01,40.0,E,M,2026-12-24,,0,93.745
1,TFO,2026-04-29,2027-01,50.0,E,M,2026-12-24,0,,93.745
1,TFO,2026-04-29,2027-01,55.0,E,M,2026-12-24,0,,93.745
1,TFO,2026-04-29,2027-01,65.0,E,M,2026-12-24,0,,93.745
1,TFO,2026-04-29,2027-01,75.0,E,M,2026-12-24,0,,93.745
1,TFO,2026-04-29,2027-02,35.0,E,M,2027-01-27,,0,91.505
1,TFO,2026-04-29,2027-02,50.0,E,M,2027-01-27,0,,91.505
1,TFO,2026-04-29,2027-02,55.0,E,M,2027-01-27,0,,91.505
1,TFO,2026-04-29,2027-02,65.0,E,M,2027-01-27,0,,91.505
1,TFO,2026-04-29,2027-02,75.0,E,M,2027-01-27,0,,91.505
1,TFO,2026-04-29,2027-03,30.0,E,M,2027-02-24,,0,87.57
1,TFO,2026-04-29,2027-03,35.0,E,M,2027-02-24,,0,87.57
1,TFO,2026-04-29,2027-03,45.0,E,M,2027-02-24,0,,87.57
1,TFO,2026-04-29,2027-03,50.0,E,M,2027-02-24,0,,87.57
1,TFO,2026-04-29,2027-03,75.0,E,M,2027-02-24,0,,87.57
1,TFO,2026-04-29,2027-03,100.0,E,M,2027-02-24,0,,87.57
1,TFO,2026-04-30,2026-06,26.0,E,M,2026-05-27,0.06,0,92.5
2,TFO,2026-04-30,2026-06,30.0,E,M,2026-05-27,0.15,0,92.5
1,TFO,2026-04-30,2026-06,31.0,E,M,2026-05-27,0.13,0,92.5
1,TFO,2026-04-30,2026-06,34.0,E,M,2026-05-27,0.27,0,92.5
2,TFO,2026-04-30,2026-06,35.0,E,M,2026-05-27,0.7,0,92.5
2,TFO,2026-04-30,2026-06,37.0,E,M,2026-05-27,1.25,0,92.5
1,TFO,2026-04-30,2026-06,38.0,E,M,2026-05-27,0.7,0,92.5
1,TFO,2026-04-30,2026-06,39.0,E,M,2026-05-27,1.15,0,92.5
2,TFO,2026-04-30,2026-06,40.0,E,M,2026-05-27,2.51,0,92.5
1,TFO,2026-04-30,2026-06,42.0,E,M,2026-05-27,,0,92.5
1,TFO,2026-04-30,2026-06,45.0,E,M,2026-05-27,3.275,0,92.5
1,TFO,2026-04-30,2026-06,46.0,E,M,2026-05-27,0,4.28,92.5
4,TFO,2026-04-30,2026-06,47.0,E,M,2026-05-27,9.295,8.08,92.5
2,TFO,2026-04-30,2026-06,48.0,E,M,2026-05-27,5.0,0,92.5
1,TFO,2026-04-30,2026-06,49.0,E,M,2026-05-27,0,3.3,92.5
1,TFO,2026-04-30,2026-06,50.0,E,M,2026-05-27,0,3.36,92.5
1,TFO,2026-04-30,2026-06,52.0,E,M,2026-05-27,8.65,0,92.5
2,TFO,2026-04-30,2026-06,55.0,E,M,2026-05-27,0,4.15,92.5
1,TFO,2026-04-30,2026-06,56.0,E,M,2026-05-27,0,,92.5
2,TFO,2026-04-30,2026-06,60.0,E,M,2026-05-27,0,3.6,92.5
1,TFO,2026-04-30,2026-06,61.0,E,M,2026-05-27,0,,92.5
1,TFO,2026-04-30,2026-06,65.0,E,M,2026-05-27,0,0.97,92.5
2,TFO,2026-04-30,2026-06,70.0,E,M,2026-05-27,0,1.775,92.5
1,TFO,2026-04-30,2026-06,80.0,E,M,2026-05-27,0,0.45,92.5
2,TFO,2026-04-30,2026-07,30.0,E,M,2026-06-26,0.69,0,92.205
1,TFO,2026-04-30,2026-07,33.0,E,M,2026-06-26,0.66,0,92.205
1,TFO,2026-04-30,2026-07,34.0,E,M,2026-06-26,,0,92.205
1,TFO,2026-04-30,2026-07,35.0,E,M,2026-06-26,,0,92.205
1,TFO,2026-04-30,2026-07,37.0,E,M,2026-06-26,1.5,0,92.205
1,TFO,2026-04-30,2026-07,38.0,E,M,2026-06-26,,0,92.205
1,TFO,2026-04-30,2026-07,40.0,E,M,2026-06-26,2.695,0,92.205
2,TFO,2026-04-30,2026-07,45.0,E,M,2026-06-26,5.5,6.36,92.205
1,TFO,2026-04-30,2026-07,47.0,E,M,2026-06-26,0,5.775,92.205
2,TFO,2026-04-30,2026-07,50.0,E,M,2026-06-26,0,5.45,92.205
1,TFO,2026-04-30,2026-07,52.0,E,M,2026-06-26,0,5.45,92.205
1,TFO,2026-04-30,2026-07,55.0,E,M,2026-06-26,0,3.76,92.205
1,TFO,2026-04-30,2026-07,60.0,E,M,2026-06-26,0,3.535,92.205
1,TFO,2026-04-30,2026-07,62.0,E,M,2026-06-26,0,3.475,92.205
2,TFO,2026-04-30,2026-07,65.0,E,M,2026-06-26,0,5.245,92.205
1,TFO,2026-04-30,2026-07,68.0,E,M,2026-06-26,0,2.49,92.205
2,TFO,2026-04-30,2026-07,70.0,E,M,2026-06-26,0,2.4,92.205
1,TFO,2026-04-30,2026-07,80.0,E,M,2026-06-26,0,,92.205
1,TFO,2026-04-30,2026-08,30.0,E,M,2026-07-27,0.475,0,92.60499999999999
2,TFO,2026-04-30,2026-08,33.0,E,M,2026-07-27,1.9949999999999999,0,92.60499999999999
1,TFO,2026-04-30,2026-08,35.0,E,M,2026-07-27,,0,92.60499999999999
1,TFO,2026-04-30,2026-08,38.0,E,M,2026-07-27,,0,92.60499999999999
1,TFO,2026-04-30,2026-08,40.0,E,M,2026-07-27,,0,92.60499999999999
1,TFO,2026-04-30,2026-08,45.0,E,M,2026-07-27,0,8.02,92.60499999999999
2,TFO,2026-04-30,2026-08,50.0,E,M,2026-07-27,0,6.7,92.60499999999999
1,TFO,2026-04-30,2026-08,55.0,E,M,2026-07-27,0,4.925,92.60499999999999
1,TFO,2026-04-30,2026-08,60.0,E,M,2026-07-27,0,,92.60499999999999
1,TFO,2026-04-30,2026-08,80.0,E,M,2026-07-27,0,,92.60499999999999
1,TFO,2026-04-30,2026-08,90.0,E,M,2026-07-27,0,1.88,92.60499999999999
1,TFO,2026-04-30,2026-08,100.0,E,M,2026-07-27,0,1.47,92.60499999999999
1,TFO,2026-04-30,2026-09,30.0,E,M,2026-08-26,,0,92.415
1,TFO,2026-04-30,2026-09,35.0,E,M,2026-08-26,,0,92.415
1,TFO,2026-04-30,2026-09,38.0,E,M,2026-08-26,,0,92.415
1,TFO,2026-04-30,2026-09,40.0,E,M,2026-08-26,,0,92.415
2,TFO,2026-04-30,2026-09,50.0,E,M,2026-08-26,0,0,92.415
1,TFO,2026-04-30,2026-09,55.0,E,M,2026-08-26,0,,92.415
1,TFO,2026-04-30,2026-09,60.0,E,M,2026-08-26,0,,92.415
1,TFO,2026-04-30,2026-09,80.0,E,M,2026-08-26,0,,92.415
1,TFO,2026-04-30,2026-10,30.0,E,M,2026-09-25,,0,93.265
1,TFO,2026-04-30,2026-10,35.0,E,M,2026-09-25,,0,93.265
1,TFO,2026-04-30,2026-10,45.0,E,M,2026-09-25,,0,93.265
1,TFO,2026-04-30,2026-10,55.0,E,M,2026-09-25,0,,93.265
1,TFO,2026-04-30,2026-10,75.0,E,M,2026-09-25,0,,93.265
1,TFO,2026-04-30,2026-11,55.0,E,M,2026-10-27,0,,91.765
1,TFO,2026-04-30,2026-11,75.0,E,M,2026-10-27,0,,91.765
1,TFO,2026-04-30,2026-11,100.0,E,M,2026-10-27,0,,91.765
1,TFO,2026-04-30,2026-12,30.0,E,M,2026-11-26,,0,91.625
1,TFO,2026-04-30,2026-12,35.0,E,M,2026-11-26,,0,91.625
1,TFO,2026-04-30,2026-12,45.0,E,M,2026-11-26,,0,91.625
1,TFO,2026-04-30,2026-12,50.0,E,M,2026-11-26,0,9.325,91.625
1,TFO,2026-04-30,2026-12,55.0,E,M,2026-11-26,0,,91.625
1,TFO,2026-04-30,2026-12,60.0,E,M,2026-11-26,0,6.6,91.625
1,TFO,2026-04-30,2026-12,75.0,E,M,2026-11-26,0,,91.625
1,TFO,2026-04-30,2026-12,80.0,E,M,2026-11-26,0,4.35,91.625
1,TFO,2026-04-30,2026-12,100.0,E,M,2026-11-26,0,,91.625
1,TFO,2026-04-30,2027-01,35.0,E,M,2026-12-24,,0,91.91
1,TFO,2026-04-30,2027-01,40.0,E,M,2026-12-24,,0,91.91
1,TFO,2026-04-30,2027-01,45.0,E,M,2026-12-24,,0,91.91
1,TFO,2026-04-30,2027-01,55.0,E,M,2026-12-24,0,,91.91
1,TFO,2026-04-30,2027-02,35.0,E,M,2027-01-27,,0,44.92
1,TFO,2026-04-30,2027-02,55.0,E,M,2027-01-27,0,,44.92
1,TFO,2026-04-30,2027-03,30.0,E,M,2027-02-24,,0,44.65
1,TFO,2026-04-30,2027-03,35.0,E,M,2027-02-24,5.2,0,44.65
1,TFO,2026-04-30,2027-03,45.0,E,M,2027-02-24,0,,44.65
1,TFO,2026-04-30,2027-03,75.0,E,M,2027-02-24,0,6.65,44.65
1,TFO,2026-04-30,2027-03,100.0,E,M,2027-02-24,0,,44.65
1,TFO,2026-05-01,2026-06,31.0,E,M,2026-05-27,0.125,0,91.11500000000001
1,TFO,2026-05-01,2026-06,33.0,E,M,2026-05-27,0.175,0,91.11500000000001
2,TFO,2026-05-01,2026-06,35.0,E,M,2026-05-27,0.715,0,91.11500000000001
1,TFO,2026-05-01,2026-06,36.0,E,M,2026-05-27,0.475,0,91.11500000000001
1,TFO,2026-05-01,2026-06,37.0,E,M,2026-05-27,0.53,0,91.11500000000001
1,TFO,2026-05-01,2026-06,39.0,E,M,2026-05-27,1.125,0,91.11500000000001
2,TFO,2026-05-01,2026-06,40.0,E,M,2026-05-27,2.76,0,91.11500000000001
1,TFO,2026-05-01,2026-06,41.0,E,M,2026-05-27,1.5,0,91.11500000000001
1,TFO,2026-05-01,2026-06,42.0,E,M,2026-05-27,2.3,0,91.11500000000001
2,TFO,2026-05-01,2026-06,43.0,E,M,2026-05-27,2.91,5.95,91.11500000000001
1,TFO,2026-05-01,2026-06,44.0,E,M,2026-05-27,3.175,0,91.11500000000001
3,TFO,2026-05-01,2026-06,45.0,E,M,2026-05-27,3.35,8.03,91.11500000000001
2,TFO,2026-05-01,2026-06,46.0,E,M,2026-05-27,3.95,3.675,91.11500000000001
2,TFO,2026-05-01,2026-06,47.0,E,M,2026-05-27,0,3.5,91.11500000000001
1,TFO,2026-05-01,2026-06,48.0,E,M,2026-05-27,0,3.7,91.11500000000001
2,TFO,2026-05-01,2026-06,50.0,E,M,2026-05-27,6.7,2.58,91.11500000000001
1,TFO,2026-05-01,2026-06,53.0,E,M,2026-05-27,0,2.39,91.11500000000001
2,TFO,2026-05-01,2026-06,55.0,E,M,2026-05-27,0,3.6399999999999997,91.11500000000001
1,TFO,2026-05-01,2026-06,60.0,E,M,2026-05-27,0,1.36,91.11500000000001
2,TFO,2026-05-01,2026-06,65.0,E,M,2026-05-27,0,1.8450000000000002,91.11500000000001
1,TFO,2026-05-01,2026-06,70.0,E,M,2026-05-27,0,0.675,91.11500000000001
1,TFO,2026-05-01,2026-06,75.0,E,M,2026-05-27,0,0.5,91.11500000000001
1,TFO,2026-05-01,2026-07,25.0,E,M,2026-06-26,,0,90.955
1,TFO,2026-05-01,2026-07,30.0,E,M,2026-06-26,0.33,0,90.955
1,TFO,2026-05-01,2026-07,34.0,E,M,2026-06-26,,0,90.955
1,TFO,2026-05-01,2026-07,35.0,E,M,2026-06-26,0.99,0,90.955
2,TFO,2026-05-01,2026-07,40.0,E,M,2026-06-26,5.1,0,90.955
3,TFO,2026-05-01,2026-07,45.0,E,M,2026-06-26,5.2,12.625,90.955
1,TFO,2026-05-01,2026-07,49.0,E,M,2026-06-26,,0,90.955
2,TFO,2026-05-01,2026-07,50.0,E,M,2026-06-26,0,5.0,90.955
1,TFO,2026-05-01,2026-07,55.0,E,M,2026-06-26,0,3.925,90.955
1,TFO,2026-05-01,2026-07,60.0,E,M,2026-06-26,0,2.75,90.955
1,TFO,2026-05-01,2026-07,70.0,E,M,2026-06-26,0,2.0,90.955
1,TFO,2026-05-01,2026-08,30.0,E,M,2026-07-27,0.5,0,91.08500000000001
1,TFO,2026-05-01,2026-08,35.0,E,M,2026-07-27,,0,91.08500000000001
1,TFO,2026-05-01,2026-08,37.0,E,M,2026-07-27,2.3,0,91.08500000000001
2,TFO,2026-05-01,2026-08,40.0,E,M,2026-07-27,0,9.355,91.08500000000001
1,TFO,2026-05-01,2026-08,45.0,E,M,2026-07-27,0,,91.08500000000001
2,TFO,2026-05-01,2026-08,50.0,E,M,2026-07-27,0,5.875,91.08500000000001
1,TFO,2026-05-01,2026-08,60.0,E,M,2026-07-27,0,,91.08500000000001
1,TFO,2026-05-01,2026-09,25.0,E,M,2026-08-26,,0,91.175
1,TFO,2026-05-01,2026-09,30.0,E,M,2026-08-26,,0,91.175
1,TFO,2026-05-01,2026-09,35.0,E,M,2026-08-26,,0,91.175
1,TFO,2026-05-01,2026-09,40.0,E,M,2026-08-26,,0,91.175
1,TFO,2026-05-01,2026-09,45.0,E,M,2026-08-26,0,,91.175
1,TFO,2026-05-01,2026-09,50.0,E,M,2026-08-26,,0,91.175
1,TFO,2026-05-01,2026-09,60.0,E,M,2026-08-26,0,,91.175
1,TFO,2026-05-01,2026-10,30.0,E,M,2026-09-25,,0,90.535
1,TFO,2026-05-01,2026-10,35.0,E,M,2026-09-25,,0,90.535
1,TFO,2026-05-01,2026-10,40.0,E,M,2026-09-25,4.525,0,90.535
1,TFO,2026-05-01,2026-10,45.0,E,M,2026-09-25,0,,90.535
2,TFO,2026-05-01,2026-10,50.0,E,M,2026-09-25,0,0,90.535
1,TFO,2026-05-01,2026-10,60.0,E,M,2026-09-25,0,,90.535
1,TFO,2026-05-01,2026-10,75.0,E,M,2026-09-25,0,,90.535
1,TFO,2026-05-01,2026-11,50.0,E,M,2026-10-27,0,,89.975
1,TFO,2026-05-01,2026-11,75.0,E,M,2026-10-27,0,,89.975
1,TFO,2026-05-01,2026-11,100.0,E,M,2026-10-27,0,,89.975
1,TFO,2026-05-01,2026-12,30.0,E,M,2026-11-26,,0,89.91499999999999
1,TFO,2026-05-01,2026-12,35.0,E,M,2026-11-26,,0,89.91499999999999
1,TFO,2026-05-01,2026-12,45.0,E,M,2026-11-26,0,,89.91499999999999
1,TFO,2026-05-01,2026-12,50.0,E,M,2026-11-26,0,,89.91499999999999
1,TFO,2026-05-01,2026-12,60.0,E,M,2026-11-26,0,,89.91499999999999
1,TFO,2026-05-01,2026-12,75.0,E,M,2026-11-26,0,,89.91499999999999
1,TFO,2026-05-01,2026-12,100.0,E,M,2026-11-26,0,,89.91499999999999
1,TFO,2026-05-01,2027-01,25.0,E,M,2026-12-24,,0,89.62
1,TFO,2026-05-01,2027-01,35.0,E,M,2026-12-24,,0,89.62
1,TFO,2026-05-01,2027-01,40.0,E,M,2026-12-24,6.8,0,89.62
1,TFO,2026-05-01,2027-01,50.0,E,M,2026-12-24,0,,89.62
1,TFO,2026-05-01,2027-01,60.0,E,M,2026-12-24,0,,89.62
1,TFO,2026-05-01,2027-01,65.0,E,M,2026-12-24,0,,89.62
1,TFO,2026-05-01,2027-02,25.0,E,M,2027-01-27,,0,90.035
1,TFO,2026-05-01,2027-02,35.0,E,M,2027-01-27,,0,90.035
1,TFO,2026-05-01,2027-02,50.0,E,M,2027-01-27,0,,90.035
1,TFO,2026-05-01,2027-02,65.0,E,M,2027-01-27,0,,90.035
1,TFO,2026-05-01,2027-03,25.0,E,M,2027-02-24,,0,42.855
1,TFO,2026-05-01,2027-03,30.0,E,M,2027-02-24,,0,42.855
1,TFO,2026-05-01,2027-03,35.0,E,M,2027-02-24,,0,42.855
1,TFO,2026-05-01,2027-03,50.0,E,M,2027-02-24,0,9.6,42.855
1,TFO,2026-05-01,2027-03,60.0,E,M,2027-02-24,0,,42.855
1,TFO,2026-05-01,2027-03,100.0,E,M,2027-02-24,0,,42.855
1,TFO,2026-05-01,2027-04,50.0,E,M,2027-03-25,0,5.5,37.375
1,TFO,2026-05-04,2026-06,34.0,E,M,2026-05-27,0.205,0,98.1
1,TFO,2026-05-04,2026-06,37.0,E,M,2026-05-27,0.49,0,98.1
1,TFO,2026-05-04,2026-06,40.0,E,M,2026-05-27,0.95,0,98.1
1,TFO,2026-05-04,2026-06,42.0,E,M,2026-05-27,,0,98.1
1,TFO,2026-05-04,2026-06,45.0,E,M,2026-05-27,0,4.96,98.1
1,TFO,2026-05-04,2026-06,46.0,E,M,2026-05-27,0,,98.1
1,TFO,2026-05-04,2026-06,47.0,E,M,2026-05-27,0,5.0,98.1
1,TFO,2026-05-04,2026-06,49.0,E,M,2026-05-27,0,,98.1
2,TFO,2026-05-04,2026-06,50.0,E,M,2026-05-27,0,7.77,98.1
2,TFO,2026-05-04,2026-06,51.0,E,M,2026-05-27,0,3.35,98.1
2,TFO,2026-05-04,2026-06,55.0,E,M,2026-05-27,0,4.24,98.1
2,TFO,2026-05-04,2026-06,60.0,E,M,2026-05-27,0,2.995,98.1
2,TFO,2026-05-04,2026-06,65.0,E,M,2026-05-27,0,2.605,98.1
2,TFO,2026-05-04,2026-06,70.0,E,M,2026-05-27,0,1.78,98.1
1,TFO,2026-05-04,2026-06,75.0,E,M,2026-05-27,0,0.685,98.1
1,TFO,2026-05-04,2026-06,120.0,E,M,2026-05-27,0,0.25,98.1
1,TFO,2026-05-04,2026-07,30.0,E,M,2026-06-26,0.275,0,96.58500000000001
1,TFO,2026-05-04,2026-07,35.0,E,M,2026-06-26,0.85,0,96.58500000000001
2,TFO,2026-05-04,2026-07,55.0,E,M,2026-06-26,0,3.725,96.58500000000001
1,TFO,2026-05-04,2026-07,68.0,E,M,2026-06-26,0,2.74,96.58500000000001
1,TFO,2026-05-04,2026-08,55.0,E,M,2026-07-27,0,,97.03
1,TFO,2026-05-04,2026-08,70.0,E,M,2026-07-27,0,3.0,97.03
1,TFO,2026-05-04,2026-09,25.0,E,M,2026-08-26,0.23,0,96.86500000000001
1,TFO,2026-05-04,2026-09,55.0,E,M,2026-08-26,0,,96.86500000000001
2,TFO,2026-05-04,2026-09,75.0,E,M,2026-08-26,0,3.5,96.86500000000001
2,TFO,2026-05-04,2026-09,100.0,E,M,2026-08-26,0,1.91,96.86500000000001
1,TFO,2026-05-04,2026-10,30.0,E,M,2026-09-25,,0,96.475
1,TFO,2026-05-04,2026-12,30.0,E,M,2026-11-26,,0,95.53999999999999
2,TFO,2026-05-05,2026-06,30.0,E,M,2026-05-27,0.15000000000000002,0,93.315
1,TFO,2026-05-05,2026-06,33.0,E,M,2026-05-27,0.135,0,93.315
2,TFO,2026-05-05,2026-06,35.0,E,M,2026-05-27,0.4,0,93.315
1,TFO,2026-05-05,2026-06,37.0,E,M,2026-05-27,0.37,0,93.315
1,TFO,2026-05-05,2026-06,39.0,E,M,2026-05-27,0.695,0,93.315
2,TFO,2026-05-05,2026-06,40.0,E,M,2026-05-27,1.915,0,93.315
2,TFO,2026-05-05,2026-06,42.0,E,M,2026-05-27,3.2199999999999998,0,93.315
1,TFO,2026-05-05,2026-06,43.0,E,M,2026-05-27,1.81,0,93.315
1,TFO,2026-05-05,2026-06,44.0,E,M,2026-05-27,2.3,0,93.315
2,TFO,2026-05-05,2026-06,45.0,E,M,2026-05-27,5.77,0,93.315
1,TFO,2026-05-05,2026-06,47.0,E,M,2026-05-27,4.17,0,93.315
1,TFO,2026-05-05,2026-06,48.0,E,M,2026-05-27,4.32,0,93.315
2,TFO,2026-05-05,2026-06,50.0,E,M,2026-05-27,0,7.425,93.315
1,TFO,2026-05-05,2026-06,51.0,E,M,2026-05-27,0,3.48,93.315
1,TFO,2026-05-05,2026-06,52.0,E,M,2026-05-27,0,2.75,93.315
1,TFO,2026-05-05,2026-06,54.0,E,M,2026-05-27,0,2.26,93.315
2,TFO,2026-05-05,2026-06,55.0,E,M,2026-05-27,0,5.015000000000001,93.315
1,TFO,2026-05-05,2026-06,56.0,E,M,2026-05-27,0,2.34,93.315
2,TFO,2026-05-05,2026-06,60.0,E,M,2026-05-27,0,3.6,93.315
2,TFO,2026-05-05,2026-06,65.0,E,M,2026-05-27,0,2.19,93.315
2,TFO,2026-05-05,2026-06,70.0,E,M,2026-05-27,0,1.225,93.315
2,TFO,2026-05-05,2026-06,75.0,E,M,2026-05-27,0,1.035,93.315
1,TFO,2026-05-05,2026-06,80.0,E,M,2026-05-27,0,0.42,93.315
1,TFO,2026-05-05,2026-06,100.0,E,M,2026-05-27,0,0.205,93.315
1,TFO,2026-05-05,2026-07,27.0,E,M,2026-06-26,,0,94.175
1,TFO,2026-05-05,2026-07,28.0,E,M,2026-06-26,,0,94.175
1,TFO,2026-05-05,2026-07,30.0,E,M,2026-06-26,,0,94.175
1,TFO,2026-05-05,2026-07,32.0,E,M,2026-06-26,,0,94.175
1,TFO,2026-05-05,2026-07,34.0,E,M,2026-06-26,,0,94.175
1,TFO,2026-05-05,2026-07,37.0,E,M,2026-06-26,,0,94.175
1,TFO,2026-05-05,2026-07,38.0,E,M,2026-06-26,,0,94.175
2,TFO,2026-05-05,2026-07,40.0,E,M,2026-06-26,2.27,0,94.175
1,TFO,2026-05-05,2026-07,41.0,E,M,2026-06-26,,0,94.175
1,TFO,2026-05-05,2026-07,42.0,E,M,2026-06-26,,0,94.175
1,TFO,2026-05-05,2026-07,45.0,E,M,2026-06-26,,0,94.175
1,TFO,2026-05-05,2026-07,53.0,E,M,2026-06-26,0,4.6,94.175
2,TFO,2026-05-05,2026-07,55.0,E,M,2026-06-26,0,3.95,94.175
2,TFO,2026-05-05,2026-07,60.0,E,M,2026-06-26,0,3.75,94.175
1,TFO,2026-05-05,2026-07,65.0,E,M,2026-06-26,0,3.08,94.175
1,TFO,2026-05-05,2026-07,90.0,E,M,2026-06-26,0,1.23,94.175
1,TFO,2026-05-05,2026-07,100.0,E,M,2026-06-26,0,,94.175
1,TFO,2026-05-05,2026-08,30.0,E,M,2026-07-27,0.39,0,94.095
1,TFO,2026-05-05,2026-08,32.0,E,M,2026-07-27,,0,94.095
1,TFO,2026-05-05,2026-08,37.0,E,M,2026-07-27,,0,94.095
1,TFO,2026-05-05,2026-08,38.0,E,M,2026-07-27,2.23,0,94.095
1,TFO,2026-05-05,2026-08,40.0,E,M,2026-07-27,3.23,0,94.095
1,TFO,2026-05-05,2026-08,45.0,E,M,2026-07-27,,0,94.095
1,TFO,2026-05-05,2026-08,50.0,E,M,2026-07-27,0,6.3,94.095
1,TFO,2026-05-05,2026-08,55.0,E,M,2026-07-27,0,,94.095
1,TFO,2026-05-05,2026-08,60.0,E,M,2026-07-27,0,4.2,94.095
1,TFO,2026-05-05,2026-08,100.0,E,M,2026-07-27,0,,94.095
1,TFO,2026-05-05,2026-08,200.0,E,M,2026-07-27,0,0.41,94.095
1,TFO,2026-05-05,2026-09,27.0,E,M,2026-08-26,,0,94.07
1,TFO,2026-05-05,2026-09,28.0,E,M,2026-08-26,,0,94.07
1,TFO,2026-05-05,2026-09,30.0,E,M,2026-08-26,,0,94.07
1,TFO,2026-05-05,2026-09,37.0,E,M,2026-08-26,,0,94.07
1,TFO,2026-05-05,2026-09,38.0,E,M,2026-08-26,,0,94.07
1,TFO,2026-05-05,2026-09,40.0,E,M,2026-08-26,,0,94.07
1,TFO,2026-05-05,2026-09,45.0,E,M,2026-08-26,,0,94.07
1,TFO,2026-05-05,2026-09,47.0,E,M,2026-08-26,0,8.04,94.07
1,TFO,2026-05-05,2026-09,50.0,E,M,2026-08-26,0,7.4,94.07
1,TFO,2026-05-05,2026-09,55.0,E,M,2026-08-26,0,,94.07
1,TFO,2026-05-05,2026-09,60.0,E,M,2026-08-26,0,,94.07
1,TFO,2026-05-05,2026-09,75.0,E,M,2026-08-26,0,3.4,94.07
1,TFO,2026-05-05,2026-09,100.0,E,M,2026-08-26,0,2.1,94.07
1,TFO,2026-05-05,2026-09,125.0,E,M,2026-08-26,0,1.4,94.07
1,TFO,2026-05-05,2026-09,200.0,E,M,2026-08-26,0,0.53,94.07
1,TFO,2026-05-05,2026-10,30.0,E,M,2026-09-25,,0,93.6
1,TFO,2026-05-05,2026-10,33.0,E,M,2026-09-25,,0,93.6
1,TFO,2026-05-05,2026-10,35.0,E,M,2026-09-25,,0,93.6
1,TFO,2026-05-05,2026-10,40.0,E,M,2026-09-25,4.425,0,93.6
1,TFO,2026-05-05,2026-10,50.0,E,M,2026-09-25,0,8.75,93.6
1,TFO,2026-05-05,2026-10,55.0,E,M,2026-09-25,0,6.43,93.6
1,TFO,2026-05-05,2026-10,60.0,E,M,2026-09-25,0,5.5,93.6
1,TFO,2026-05-05,2026-10,65.0,E,M,2026-09-25,0,,93.6
1,TFO,2026-05-05,2026-10,70.0,E,M,2026-09-25,0,4.8,93.6
1,TFO,2026-05-05,2026-10,75.0,E,M,2026-09-25,0,,93.6
1,TFO,2026-05-05,2026-10,80.0,E,M,2026-09-25,0,,93.6
1,TFO,2026-05-05,2026-11,50.0,E,M,2026-10-27,0,,92.84
1,TFO,2026-05-05,2026-11,70.0,E,M,2026-10-27,0,,92.84
1,TFO,2026-05-05,2026-11,75.0,E,M,2026-10-27,0,,92.84
1,TFO,2026-05-05,2026-11,80.0,E,M,2026-10-27,0,,92.84
1,TFO,2026-05-05,2026-11,100.0,E,M,2026-10-27,0,,92.84
1,TFO,2026-05-05,2026-12,30.0,E,M,2026-11-26,,0,93.1
1,TFO,2026-05-05,2026-12,33.0,E,M,2026-11-26,,0,93.1
1,TFO,2026-05-05,2026-12,35.0,E,M,2026-11-26,,0,93.1
1,TFO,2026-05-05,2026-12,50.0,E,M,2026-11-26,0,,93.1
1,TFO,2026-05-05,2026-12,60.0,E,M,2026-11-26,0,,93.1
1,TFO,2026-05-05,2026-12,70.0,E,M,2026-11-26,0,,93.1
1,TFO,2026-05-05,2026-12,75.0,E,M,2026-11-26,0,,93.1
1,TFO,2026-05-05,2026-12,80.0,E,M,2026-11-26,0,,93.1
1,TFO,2026-05-05,2026-12,100.0,E,M,2026-11-26,0,,93.1
1,TFO,2026-05-05,2027-01,25.0,E,M,2026-12-24,0.59,0,93.195
1,TFO,2026-05-05,2027-01,35.0,E,M,2026-12-24,3.37,0,93.195
1,TFO,2026-05-05,2027-01,40.0,E,M,2026-12-24,,0,93.195
1,TFO,2026-05-05,2027-01,43.0,E,M,2026-12-24,0,11.25,93.195
1,TFO,2026-05-05,2027-01,45.0,E,M,2026-12-24,,0,93.195
1,TFO,2026-05-05,2027-01,50.0,E,M,2026-12-24,0,,93.195
1,TFO,2026-05-05,2027-01,55.0,E,M,2026-12-24,0,8.725,93.195
1,TFO,2026-05-05,2027-01,60.0,E,M,2026-12-24,0,,93.195
1,TFO,2026-05-05,2027-01,65.0,E,M,2026-12-24,0,7.14,93.195
1,TFO,2026-05-05,2027-01,75.0,E,M,2026-12-24,0,,93.195
1,TFO,2026-05-05,2027-01,85.0,E,M,2026-12-24,0,4.72,93.195
2,TFO,2026-05-05,2027-02,25.0,E,M,2027-01-27,1.685,0,91.55
2,TFO,2026-05-05,2027-02,35.0,E,M,2027-01-27,8.665,0,91.55
1,TFO,2026-05-05,2027-02,50.0,E,M,2027-01-27,0,,91.55
2,TFO,2026-05-05,2027-02,55.0,E,M,2027-01-27,0,18.9,91.55
2,TFO,2026-05-05,2027-02,65.0,E,M,2027-01-27,0,15.54,91.55
1,TFO,2026-05-05,2027-02,75.0,E,M,2027-01-27,0,,91.55
1,TFO,2026-05-05,2027-03,30.0,E,M,2027-02-24,,0,44.09
1,TFO,2026-05-05,2027-03,35.0,E,M,2027-02-24,,0,44.09
1,TFO,2026-05-05,2027-03,45.0,E,M,2027-02-24,0,,44.09
1,TFO,2026-05-05,2027-03,50.0,E,M,2027-02-24,0,,44.09
1,TFO,2026-05-05,2027-03,60.0,E,M,2027-02-24,0,,44.09
1,TFO,2026-05-05,2027-03,75.0,E,M,2027-02-24,0,,44.09
1,TFO,2026-05-05,2027-03,100.0,E,M,2027-02-24,0,,44.09
1,TFO,2026-05-06,2026-06,30.0,E,M,2026-05-27,0.1,0,87.81
2,TFO,2026-05-06,2026-06,33.0,E,M,2026-05-27,0.47500000000000003,0,87.81
1,TFO,2026-05-06,2026-06,34.0,E,M,2026-05-27,0.395,0,87.81
2,TFO,2026-05-06,2026-06,35.0,E,M,2026-05-27,0.9299999999999999,0,87.81
1,TFO,2026-05-06,2026-06,36.0,E,M,2026-05-27,0.8,0,87.81
2,TFO,2026-05-06,2026-06,37.0,E,M,2026-05-27,1.83,0,87.81
1,TFO,2026-05-06,2026-06,38.0,E,M,2026-05-27,1.2,0,87.81
2,TFO,2026-05-06,2026-06,39.0,E,M,2026-05-27,2.415,0,87.81
3,TFO,2026-05-06,2026-06,40.0,E,M,2026-05-27,3.38,0,87.81
1,TFO,2026-05-06,2026-06,41.0,E,M,2026-05-27,2.33,0,87.81
2,TFO,2026-05-06,2026-06,42.0,E,M,2026-05-27,2.85,4.5,87.81
2,TFO,2026-05-06,2026-06,43.0,E,M,2026-05-27,3.075,2.79,87.81
3,TFO,2026-05-06,2026-06,44.0,E,M,2026-05-27,3.675,5.57,87.81
4,TFO,2026-05-06,2026-06,45.0,E,M,2026-05-27,8.01,6.25,87.81
2,TFO,2026-05-06,2026-06,46.0,E,M,2026-05-27,0,6.9,87.81
3,TFO,2026-05-06,2026-06,47.0,E,M,2026-05-27,4.7,4.8,87.81
1,TFO,2026-05-06,2026-06,48.0,E,M,2026-05-27,0,1.62,87.81
3,TFO,2026-05-06,2026-06,50.0,E,M,2026-05-27,8.79,3.995,87.81
1,TFO,2026-05-06,2026-06,51.0,E,M,2026-05-27,0,,87.81
2,TFO,2026-05-06,2026-06,55.0,E,M,2026-05-27,0,2.2750000000000004,87.81
2,TFO,2026-05-06,2026-06,60.0,E,M,2026-05-27,0,1.5699999999999998,87.81
2,TFO,2026-05-06,2026-06,65.0,E,M,2026-05-27,0,1.1,87.81
1,TFO,2026-05-06,2026-06,70.0,E,M,2026-05-27,0,0.51,87.81
2,TFO,2026-05-06,2026-06,80.0,E,M,2026-05-27,0,0.2,87.81
1,TFO,2026-05-06,2026-07,28.0,E,M,2026-06-26,0.16,0,88.305
1,TFO,2026-05-06,2026-07,30.0,E,M,2026-06-26,0.225,0,88.305
1,TFO,2026-05-06,2026-07,32.0,E,M,2026-06-26,,0,88.305
1,TFO,2026-05-06,2026-07,33.0,E,M,2026-06-26,0.85,0,88.305
1,TFO,2026-05-06,2026-07,34.0,E,M,2026-06-26,0.675,0,88.305
2,TFO,2026-05-06,2026-07,35.0,E,M,2026-06-26,2.15,0,88.305
1,TFO,2026-05-06,2026-07,37.0,E,M,2026-06-26,1.625,0,88.305
2,TFO,2026-05-06,2026-07,38.0,E,M,2026-06-26,3.9250000000000003,0,88.305
1,TFO,2026-05-06,2026-07,40.0,E,M,2026-06-26,2.875,0,88.305
2,TFO,2026-05-06,2026-07,42.0,E,M,2026-06-26,4.23,0,88.305
1,TFO,2026-05-06,2026-07,44.0,E,M,2026-06-26,5.275,0,88.305
2,TFO,2026-05-06,2026-07,45.0,E,M,2026-06-26,7.135,4.89,88.305
3,TFO,2026-05-06,2026-07,50.0,E,M,2026-06-26,11.0,0,88.305
1,TFO,2026-05-06,2026-07,55.0,E,M,2026-06-26,0,2.7,88.305
2,TFO,2026-05-06,2026-07,60.0,E,M,2026-06-26,0,4.08,88.305
1,TFO,2026-05-06,2026-07,65.0,E,M,2026-06-26,0,1.3,88.305
1,TFO,2026-05-06,2026-07,70.0,E,M,2026-06-26,0,,88.305
1,TFO,2026-05-06,2026-08,31.5,E,M,2026-07-27,0.895,0,88.27000000000001
1,TFO,2026-05-06,2026-08,32.0,E,M,2026-07-27,,0,88.27000000000001
2,TFO,2026-05-06,2026-08,35.0,E,M,2026-07-27,1.8,0,88.27000000000001
1,TFO,2026-05-06,2026-08,40.0,E,M,2026-07-27,3.825,0,88.27000000000001
2,TFO,2026-05-06,2026-08,45.0,E,M,2026-07-27,0,0,88.27000000000001
2,TFO,2026-05-06,2026-08,50.0,E,M,2026-07-27,0,0,88.27000000000001
2,TFO,2026-05-06,2026-08,55.0,E,M,2026-07-27,0,3.485,88.27000000000001
1,TFO,2026-05-06,2026-08,60.0,E,M,2026-07-27,0,,88.27000000000001
2,TFO,2026-05-06,2026-08,70.0,E,M,2026-07-27,0,2.0,88.27000000000001
1,TFO,2026-05-06,2026-09,25.0,E,M,2026-08-26,0.2,0,88.245
1,TFO,2026-05-06,2026-09,28.0,E,M,2026-08-26,,0,88.245
1,TFO,2026-05-06,2026-09,35.0,E,M,2026-08-26,,0,88.245
1,TFO,2026-05-06,2026-09,40.0,E,M,2026-08-26,,0,88.245
1,TFO,2026-05-06,2026-09,42.0,E,M,2026-08-26,0,8.04,88.245
2,TFO,2026-05-06,2026-09,45.0,E,M,2026-08-26,0,0,88.245
2,TFO,2026-05-06,2026-09,50.0,E,M,2026-08-26,0,5.76,88.245
2,TFO,2026-05-06,2026-09,55.0,E,M,2026-08-26,0,3.5,88.245
1,TFO,2026-05-06,2026-09,60.0,E,M,2026-08-26,0,,88.245
1,TFO,2026-05-06,2026-09,70.0,E,M,2026-08-26,0,,88.245
1,TFO,2026-05-06,2026-10,35.0,E,M,2026-09-25,,0,87.28999999999999
1,TFO,2026-05-06,2026-10,40.0,E,M,2026-09-25,,0,87.28999999999999
1,TFO,2026-05-06,2026-10,45.0,E,M,2026-09-25,0,,87.28999999999999
1,TFO,2026-05-06,2026-10,50.0,E,M,2026-09-25,0,,87.28999999999999
1,TFO,2026-05-06,2026-10,60.0,E,M,2026-09-25,0,,87.28999999999999
1,TFO,2026-05-06,2026-10,70.0,E,M,2026-09-25,0,,87.28999999999999
1,TFO,2026-05-06,2026-11,50.0,E,M,2026-10-27,0,,86.12
1,TFO,2026-05-06,2026-11,70.0,E,M,2026-10-27,0,,86.12
1,TFO,2026-05-06,2026-12,35.0,E,M,2026-11-26,,0,86.25999999999999
1,TFO,2026-05-06,2026-12,45.0,E,M,2026-11-26,0,,86.25999999999999
1,TFO,2026-05-06,2026-12,50.0,E,M,2026-11-26,0,,86.25999999999999
1,TFO,2026-05-06,2026-12,60.0,E,M,2026-11-26,0,,86.25999999999999
1,TFO,2026-05-06,2026-12,70.0,E,M,2026-11-26,0,,86.25999999999999
1,TFO,2026-05-06,2027-01,35.0,E,M,2026-12-24,,0,86.125
1,TFO,2026-05-06,2027-01,40.0,E,M,2026-12-24,,0,86.125
1,TFO,2026-05-06,2027-01,50.0,E,M,2026-12-24,0,,86.125
1,TFO,2026-05-06,2027-01,55.0,E,M,2026-12-24,0,,86.125
1,TFO,2026-05-06,2027-01,60.0,E,M,2026-12-24,0,,86.125
1,TFO,2026-05-06,2027-01,65.0,E,M,2026-12-24,0,,86.125
1,TFO,2026-05-06,2027-01,70.0,E,M,2026-12-24,0,,86.125
1,TFO,2026-05-06,2027-01,75.0,E,M,2026-12-24,0,3.85,86.125
1,TFO,2026-05-06,2027-02,35.0,E,M,2027-01-27,,0,82.75999999999999
1,TFO,2026-05-06,2027-02,50.0,E,M,2027-01-27,0,,82.75999999999999
1,TFO,2026-05-06,2027-02,55.0,E,M,2027-01-27,0,,82.75999999999999
1,TFO,2026-05-06,2027-02,65.0,E,M,2027-01-27,0,,82.75999999999999
1,TFO,2026-05-06,2027-03,35.0,E,M,2027-02-24,,0,82.15
1,TFO,2026-05-06,2027-03,45.0,E,M,2027-02-24,0,,82.15
1,TFO,2026-05-06,2027-03,50.0,E,M,2027-02-24,0,,82.15
1,TFO,2026-05-06,2027-03,60.0,E,M,2027-02-24,0,,82.15
1,TFO,2026-05-07,2026-06,25.0,E,M,2026-05-27,0.035,0,89.565
2,TFO,2026-05-07,2026-06,30.0,E,M,2026-05-27,0.15000000000000002,0,89.565
1,TFO,2026-05-07,2026-06,34.0,E,M,2026-05-27,0.26,0,89.565
2,TFO,2026-05-07,2026-06,35.0,E,M,2026-05-27,0.75,0,89.565
1,TFO,2026-05-07,2026-06,37.0,E,M,2026-05-27,0.65,0,89.565
2,TFO,2026-05-07,2026-06,38.0,E,M,2026-05-27,1.78,0,89.565
1,TFO,2026-05-07,2026-06,39.0,E,M,2026-05-27,1.3,0,89.565
2,TFO,2026-05-07,2026-06,40.0,E,M,2026-05-27,1.56,0,89.565
2,TFO,2026-05-07,2026-06,42.0,E,M,2026-05-27,2.6,4.0,89.565
2,TFO,2026-05-07,2026-06,43.0,E,M,2026-05-27,3.08,3.5,89.565
3,TFO,2026-05-07,2026-06,44.0,E,M,2026-05-27,3.7,6.35,89.565
2,TFO,2026-05-07,2026-06,45.0,E,M,2026-05-27,4.2,2.875,89.565
2,TFO,2026-05-07,2026-06,46.0,E,M,2026-05-27,0,2.6,89.565
1,TFO,2026-05-07,2026-06,47.0,E,M,2026-05-27,0,2.35,89.565
3,TFO,2026-05-07,2026-06,48.0,E,M,2026-05-27,8.38,4.16,89.565
3,TFO,2026-05-07,2026-06,50.0,E,M,2026-05-27,8.0,3.3449999999999998,89.565
1,TFO,2026-05-07,2026-06,52.0,E,M,2026-05-27,0,1.3,89.565
2,TFO,2026-05-07,2026-06,55.0,E,M,2026-05-27,0,1.995,89.565
1,TFO,2026-05-07,2026-06,60.0,E,M,2026-05-27,0,0.63,89.565
1,TFO,2026-05-07,2026-06,61.0,E,M,2026-05-27,0,,89.565
2,TFO,2026-05-07,2026-06,65.0,E,M,2026-05-27,0,0.8200000000000001,89.565
1,TFO,2026-05-07,2026-06,70.0,E,M,2026-05-27,0,0.355,89.565
1,TFO,2026-05-07,2026-06,75.0,E,M,2026-05-27,0,0.225,89.565
1,TFO,2026-05-07,2026-06,85.0,E,M,2026-05-27,0,0.13,89.565
1,TFO,2026-05-07,2026-07,24.0,E,M,2026-06-26,0.06,0,90.9
1,TFO,2026-05-07,2026-07,25.0,E,M,2026-06-26,,0,90.9
1,TFO,2026-05-07,2026-07,30.0,E,M,2026-06-26,0.245,0,90.9
2,TFO,2026-05-07,2026-07,33.0,E,M,2026-06-26,0.615,0,90.9
1,TFO,2026-05-07,2026-07,34.0,E,M,2026-06-26,0,,90.9
2,TFO,2026-05-07,2026-07,35.0,E,M,2026-06-26,1.99,0,90.9
1,TFO,2026-05-07,2026-07,37.0,E,M,2026-06-26,1.65,0,90.9
1,TFO,2026-05-07,2026-07,38.0,E,M,2026-06-26,1.9,0,90.9
2,TFO,2026-05-07,2026-07,40.0,E,M,2026-06-26,3.075,6.45,90.9
1,TFO,2026-05-07,2026-07,43.0,E,M,2026-06-26,4.5,0,90.9
1,TFO,2026-05-07,2026-07,44.0,E,M,2026-06-26,5.325,0,90.9
2,TFO,2026-05-07,2026-07,45.0,E,M,2026-06-26,6.1,4.55,90.9
1,TFO,2026-05-07,2026-07,47.0,E,M,2026-06-26,0,4.075,90.9
1,TFO,2026-05-07,2026-07,50.0,E,M,2026-06-26,0,3.3,90.9
1,TFO,2026-05-07,2026-07,55.0,E,M,2026-06-26,0,2.47,90.9
2,TFO,2026-05-07,2026-07,60.0,E,M,2026-06-26,0,3.85,90.9
2,TFO,2026-05-07,2026-07,65.0,E,M,2026-06-26,0,2.925,90.9
1,TFO,2026-05-07,2026-07,70.0,E,M,2026-06-26,0,1.115,90.9
1,TFO,2026-05-07,2026-07,75.0,E,M,2026-06-26,0,,90.9
1,TFO,2026-05-07,2026-07,80.0,E,M,2026-06-26,0,,90.9
1,TFO,2026-05-07,2026-07,85.0,E,M,2026-06-26,0,,90.9
1,TFO,2026-05-07,2026-07,100.0,E,M,2026-06-26,0,,90.9
1,TFO,2026-05-07,2026-08,29.0,E,M,2026-07-27,,0,88.89
1,TFO,2026-05-07,2026-08,30.0,E,M,2026-07-27,,0,88.89
1,TFO,2026-05-07,2026-08,33.0,E,M,2026-07-27,,0,88.89
1,TFO,2026-05-07,2026-08,34.0,E,M,2026-07-27,0,,88.89
1,TFO,2026-05-07,2026-08,35.0,E,M,2026-07-27,,0,88.89
1,TFO,2026-05-07,2026-08,40.0,E,M,2026-07-27,,0,88.89
1,TFO,2026-05-07,2026-08,45.0,E,M,2026-07-27,0,5.59,88.89
1,TFO,2026-05-07,2026-08,50.0,E,M,2026-07-27,0,,88.89
1,TFO,2026-05-07,2026-08,55.0,E,M,2026-07-27,0,,88.89
1,TFO,2026-05-07,2026-08,60.0,E,M,2026-07-27,0,2.925,88.89
1,TFO,2026-05-07,2026-08,65.0,E,M,2026-07-27,0,,88.89
1,TFO,2026-05-07,2026-08,75.0,E,M,2026-07-27,0,,88.89
1,TFO,2026-05-07,2026-08,80.0,E,M,2026-07-27,0,,88.89
1,TFO,2026-05-07,2026-08,85.0,E,M,2026-07-27,0,,88.89
1,TFO,2026-05-07,2026-08,100.0,E,M,2026-07-27,0,,88.89
1,TFO,2026-05-07,2026-09,25.0,E,M,2026-08-26,,0,88.39
1,TFO,2026-05-07,2026-09,29.0,E,M,2026-08-26,,0,88.39
1,TFO,2026-05-07,2026-09,30.0,E,M,2026-08-26,,0,88.39
1,TFO,2026-05-07,2026-09,33.0,E,M,2026-08-26,,0,88.39
1,TFO,2026-05-07,2026-09,35.0,E,M,2026-08-26,,0,88.39
1,TFO,2026-05-07,2026-09,38.0,E,M,2026-08-26,3.52,0,88.39
1,TFO,2026-05-07,2026-09,40.0,E,M,2026-08-26,,0,88.39
1,TFO,2026-05-07,2026-09,45.0,E,M,2026-08-26,0,6.34,88.39
1,TFO,2026-05-07,2026-09,50.0,E,M,2026-08-26,0,,88.39
1,TFO,2026-05-07,2026-09,55.0,E,M,2026-08-26,0,,88.39
1,TFO,2026-05-07,2026-09,60.0,E,M,2026-08-26,0,,88.39
1,TFO,2026-05-07,2026-09,65.0,E,M,2026-08-26,0,3.07,88.39
1,TFO,2026-05-07,2026-09,75.0,E,M,2026-08-26,0,,88.39
1,TFO,2026-05-07,2026-09,80.0,E,M,2026-08-26,0,,88.39
1,TFO,2026-05-07,2026-09,85.0,E,M,2026-08-26,0,,88.39
1,TFO,2026-05-07,2026-09,100.0,E,M,2026-08-26,0,,88.39
1,TFO,2026-05-07,2026-10,30.0,E,M,2026-09-25,,0,89.87
1,TFO,2026-05-07,2026-10,35.0,E,M,2026-09-25,,0,89.87
1,TFO,2026-05-07,2026-10,40.0,E,M,2026-09-25,,0,89.87
1,TFO,2026-05-07,2026-10,44.0,E,M,2026-09-25,0,7.3,89.87
1,TFO,2026-05-07,2026-10,45.0,E,M,2026-09-25,0,,89.87
1,TFO,2026-05-07,2026-10,50.0,E,M,2026-09-25,0,5.315,89.87
1,TFO,2026-05-07,2026-10,55.0,E,M,2026-09-25,0,4.4,89.87
1,TFO,2026-05-07,2026-10,60.0,E,M,2026-09-25,0,,89.87
1,TFO,2026-05-07,2026-10,65.0,E,M,2026-09-25,0,,89.87
1,TFO,2026-05-07,2026-10,70.0,E,M,2026-09-25,0,3.0,89.87
1,TFO,2026-05-07,2026-10,75.0,E,M,2026-09-25,0,2.625,89.87
1,TFO,2026-05-07,2026-11,75.0,E,M,2026-10-27,0,,86.89
1,TFO,2026-05-07,2026-12,30.0,E,M,2026-11-26,,0,86.095
1,TFO,2026-05-07,2026-12,35.0,E,M,2026-11-26,,0,86.095
1,TFO,2026-05-07,2026-12,45.0,E,M,2026-11-26,0,,86.095
1,TFO,2026-05-07,2026-12,60.0,E,M,2026-11-26,0,,86.095
1,TFO,2026-05-07,2026-12,75.0,E,M,2026-11-26,0,,86.095
1,TFO,2026-05-07,2027-01,25.0,E,M,2026-12-24,,0,86.35
1,TFO,2026-05-07,2027-01,35.0,E,M,2026-12-24,,0,86.35
1,TFO,2026-05-07,2027-01,40.0,E,M,2026-12-24,,0,86.35
1,TFO,2026-05-07,2027-01,50.0,E,M,2026-12-24,0,,86.35
1,TFO,2026-05-07,2027-01,60.0,E,M,2026-12-24,0,,86.35
1,TFO,2026-05-07,2027-01,65.0,E,M,2026-12-24,0,,86.35
1,TFO,2026-05-07,2027-02,25.0,E,M,2027-01-27,,0,85.71000000000001
1,TFO,2026-05-07,2027-02,35.0,E,M,2027-01-27,,0,85.71000000000001
1,TFO,2026-05-07,2027-02,50.0,E,M,2027-01-27,0,,85.71000000000001
1,TFO,2026-05-07,2027-02,65.0,E,M,2027-01-27,0,,85.71000000000001
1,TFO,2026-05-07,2027-03,15.0,E,M,2027-02-24,,0,82.08000000000001
1,TFO,2026-05-07,2027-03,25.0,E,M,2027-02-24,,0,82.08000000000001
1,TFO,2026-05-07,2027-03,35.0,E,M,2027-02-24,,0,82.08000000000001
1,TFO,2026-05-07,2027-03,50.0,E,M,2027-02-24,0,,82.08000000000001
1,TFO,2026-05-07,2027-03,60.0,E,M,2027-02-24,0,,82.08000000000001
1,TFO,2026-05-07,2027-04,50.0,E,M,2027-03-25,0,,37.07
1,TFO,2026-05-08,2026-06,33.0,E,M,2026-05-27,0.15,0,87.46000000000001
2,TFO,2026-05-08,2026-06,35.0,E,M,2026-05-27,0.63,0,87.46000000000001
1,TFO,2026-05-08,2026-06,36.0,E,M,2026-05-27,0.4,0,87.46000000000001
1,TFO,2026-05-08,2026-06,37.0,E,M,2026-05-27,0.515,0,87.46000000000001
1,TFO,2026-05-08,2026-06,39.0,E,M,2026-05-27,0.95,0,87.46000000000001
2,TFO,2026-05-08,2026-06,40.0,E,M,2026-05-27,2.8,0,87.46000000000001
2,TFO,2026-05-08,2026-06,41.0,E,M,2026-05-27,3.25,0,87.46000000000001
1,TFO,2026-05-08,2026-06,42.0,E,M,2026-05-27,2.2,0,87.46000000000001
1,TFO,2026-05-08,2026-06,43.0,E,M,2026-05-27,2.73,0,87.46000000000001
1,TFO,2026-05-08,2026-06,44.0,E,M,2026-05-27,3.28,0,87.46000000000001
4,TFO,2026-05-08,2026-06,45.0,E,M,2026-05-27,7.75,6.035,87.46000000000001
1,TFO,2026-05-08,2026-06,46.0,E,M,2026-05-27,0,,87.46000000000001
1,TFO,2026-05-08,2026-06,48.0,E,M,2026-05-27,0,2.235,87.46000000000001
3,TFO,2026-05-08,2026-06,50.0,E,M,2026-05-27,7.45,3.5,87.46000000000001
2,TFO,2026-05-08,2026-06,55.0,E,M,2026-05-27,0,2.225,87.46000000000001
2,TFO,2026-05-08,2026-06,60.0,E,M,2026-05-27,0,1.38,87.46000000000001
1,TFO,2026-05-08,2026-06,61.0,E,M,2026-05-27,0,,87.46000000000001
2,TFO,2026-05-08,2026-06,65.0,E,M,2026-05-27,0,0.915,87.46000000000001
2,TFO,2026-05-08,2026-06,75.0,E,M,2026-05-27,0,0.47,87.46000000000001
1,TFO,2026-05-08,2026-07,25.0,E,M,2026-06-26,,0,87.66499999999999
1,TFO,2026-05-08,2026-07,30.0,E,M,2026-06-26,0.18,0,87.66499999999999
2,TFO,2026-05-08,2026-07,33.0,E,M,2026-06-26,0.9650000000000001,0,87.66499999999999
1,TFO,2026-05-08,2026-07,34.0,E,M,2026-06-26,,0,87.66499999999999
1,TFO,2026-05-08,2026-07,35.0,E,M,2026-06-26,0.84,0,87.66499999999999
1,TFO,2026-05-08,2026-07,35.5,E,M,2026-06-26,,0,87.66499999999999
1,TFO,2026-05-08,2026-07,36.0,E,M,2026-06-26,1.1,0,87.66499999999999
1,TFO,2026-05-08,2026-07,37.0,E,M,2026-06-26,,0,87.66499999999999
1,TFO,2026-05-08,2026-07,38.0,E,M,2026-06-26,,0,87.66499999999999
1,TFO,2026-05-08,2026-07,40.0,E,M,2026-06-26,,0,87.66499999999999
1,TFO,2026-05-08,2026-07,44.0,E,M,2026-06-26,,0,87.66499999999999
1,TFO,2026-05-08,2026-07,45.0,E,M,2026-06-26,0,,87.66499999999999
1,TFO,2026-05-08,2026-07,50.0,E,M,2026-06-26,0,,87.66499999999999
1,TFO,2026-05-08,2026-07,55.0,E,M,2026-06-26,0,2.6,87.66499999999999
1,TFO,2026-05-08,2026-07,60.0,E,M,2026-06-26,0,2.075,87.66499999999999
1,TFO,2026-05-08,2026-07,75.0,E,M,2026-06-26,0,,87.66499999999999
1,TFO,2026-05-08,2026-07,85.0,E,M,2026-06-26,0,0.7,87.66499999999999
1,TFO,2026-05-08,2026-08,29.0,E,M,2026-07-27,,0,87.63
1,TFO,2026-05-08,2026-08,32.0,E,M,2026-07-27,0.63,0,87.63
2,TFO,2026-05-08,2026-08,33.0,E,M,2026-07-27,0.895,0,87.63
1,TFO,2026-05-08,2026-08,35.0,E,M,2026-07-27,,0,87.63
1,TFO,2026-05-08,2026-08,38.0,E,M,2026-07-27,2.63,0,87.63
1,TFO,2026-05-08,2026-08,40.0,E,M,2026-07-27,,0,87.63
1,TFO,2026-05-08,2026-08,45.0,E,M,2026-07-27,0,,87.63
1,TFO,2026-05-08,2026-08,50.0,E,M,2026-07-27,0,,87.63
1,TFO,2026-05-08,2026-08,60.0,E,M,2026-07-27,0,,87.63
1,TFO,2026-05-08,2026-08,75.0,E,M,2026-07-27,0,,87.63
1,TFO,2026-05-08,2026-08,125.0,E,M,2026-07-27,0,0.5,87.63
1,TFO,2026-05-08,2026-09,25.0,E,M,2026-08-26,,0,87.985
1,TFO,2026-05-08,2026-09,29.0,E,M,2026-08-26,,0,87.985
1,TFO,2026-05-08,2026-09,33.0,E,M,2026-08-26,,0,87.985
1,TFO,2026-05-08,2026-09,35.0,E,M,2026-08-26,1.82,0,87.985
1,TFO,2026-05-08,2026-09,38.0,E,M,2026-08-26,,0,87.985
1,TFO,2026-05-08,2026-09,40.0,E,M,2026-08-26,,0,87.985
1,TFO,2026-05-08,2026-09,45.0,E,M,2026-08-26,0,,87.985
2,TFO,2026-05-08,2026-09,50.0,E,M,2026-08-26,0,10.89,87.985
1,TFO,2026-05-08,2026-09,60.0,E,M,2026-08-26,0,3.75,87.985
1,TFO,2026-05-08,2026-09,70.0,E,M,2026-08-26,0,2.77,87.985
1,TFO,2026-05-08,2026-09,75.0,E,M,2026-08-26,0,,87.985
1,TFO,2026-05-08,2026-09,90.0,E,M,2026-08-26,0,1.55,87.985
1,TFO,2026-05-08,2026-10,28.0,E,M,2026-09-25,,0,87.55000000000001
1,TFO,2026-05-08,2026-10,30.0,E,M,2026-09-25,,0,87.55000000000001
1,TFO,2026-05-08,2026-10,31.0,E,M,2026-09-25,0.95,0,87.55000000000001
1,TFO,2026-05-08,2026-10,35.0,E,M,2026-09-25,2.225,0,87.55000000000001
1,TFO,2026-05-08,2026-10,45.0,E,M,2026-09-25,0,7.0,87.55000000000001
1,TFO,2026-05-08,2026-10,55.0,E,M,2026-09-25,0,4.885,87.55000000000001
1,TFO,2026-05-08,2026-10,60.0,E,M,2026-09-25,0,,87.55000000000001
1,TFO,2026-05-08,2026-10,65.0,E,M,2026-09-25,0,3.59,87.55000000000001
1,TFO,2026-05-08,2026-10,80.0,E,M,2026-09-25,0,,87.55000000000001
1,TFO,2026-05-08,2026-11,80.0,E,M,2026-10-27,0,,86.66
1,TFO,2026-05-08,2026-11,100.0,E,M,2026-10-27,0,,86.66
1,TFO,2026-05-08,2026-12,30.0,E,M,2026-11-26,,0,86.515
1,TFO,2026-05-08,2026-12,35.0,E,M,2026-11-26,,0,86.515
1,TFO,2026-05-08,2026-12,45.0,E,M,2026-11-26,0,,86.515
1,TFO,2026-05-08,2026-12,60.0,E,M,2026-11-26,0,,86.515
1,TFO,2026-05-08,2026-12,80.0,E,M,2026-11-26,0,,86.515
1,TFO,2026-05-08,2026-12,100.0,E,M,2026-11-26,0,,86.515
1,TFO,2026-05-08,2027-01,25.0,E,M,2026-12-24,,0,85.795
1,TFO,2026-05-08,2027-01,35.0,E,M,2026-12-24,,0,85.795
1,TFO,2026-05-08,2027-01,60.0,E,M,2026-12-24,0,,85.795
1,TFO,2026-05-08,2027-01,90.0,E,M,2026-12-24,0,,85.795
2,TFO,2026-05-08,2027-02,25.0,E,M,2027-01-27,0.85,0,85.205
2,TFO,2026-05-08,2027-02,35.0,E,M,2027-01-27,4.325,0,85.205
1,TFO,2026-05-08,2027-02,55.0,E,M,2027-01-27,0,7.31,85.205
1,TFO,2026-05-08,2027-02,65.0,E,M,2027-01-27,0,6.015,85.205
1,TFO,2026-05-08,2027-02,80.0,E,M,2027-01-27,0,,85.205
1,TFO,2026-05-08,2027-03,25.0,E,M,2027-02-24,,0,41.32
1,TFO,2026-05-08,2027-03,30.0,E,M,2027-02-24,,0,41.32
1,TFO,2026-05-08,2027-03,35.0,E,M,2027-02-24,,0,41.32
1,TFO,2026-05-08,2027-03,45.0,E,M,2027-02-24,0,,41.32
1,TFO,2026-05-08,2027-03,60.0,E,M,2027-02-24,0,,41.32
1,TFO,2026-05-08,2027-03,90.0,E,M,2027-02-24,0,,41.32
1,TFO,2026-05-08,2027-03,100.0,E,M,2027-02-24,0,,41.32
1,TFO,2026-05-11,2026-06,33.0,E,M,2026-05-27,0.06,0,93.32
2,TFO,2026-05-11,2026-06,35.0,E,M,2026-05-27,0.255,0,93.32
1,TFO,2026-05-11,2026-06,38.0,E,M,2026-05-27,,0,93.32
1,TFO,2026-05-11,2026-06,39.0,E,M,2026-05-27,0.575,0,93.32
3,TFO,2026-05-11,2026-06,40.0,E,M,2026-05-27,1.4249999999999998,6.85,93.32
2,TFO,2026-05-11,2026-06,41.0,E,M,2026-05-27,2.1500000000000004,0,93.32
1,TFO,2026-05-11,2026-06,42.0,E,M,2026-05-27,1.48,0,93.32
2,TFO,2026-05-11,2026-06,44.0,E,M,2026-05-27,4.225,0,93.32
1,TFO,2026-05-11,2026-06,45.0,E,M,2026-05-27,0,3.31,93.32
1,TFO,2026-05-11,2026-06,46.0,E,M,2026-05-27,0,3.41,93.32
2,TFO,2026-05-11,2026-06,47.0,E,M,2026-05-27,3.79,2.98,93.32
2,TFO,2026-05-11,2026-06,48.0,E,M,2026-05-27,0,2.25,93.32
1,TFO,2026-05-11,2026-06,50.0,E,M,2026-05-27,0,2.18,93.32
2,TFO,2026-05-11,2026-06,51.0,E,M,2026-05-27,0,1.455,93.32
1,TFO,2026-05-11,2026-06,55.0,E,M,2026-05-27,0,1.25,93.32
1,TFO,2026-05-11,2026-06,57.0,E,M,2026-05-27,0,0.79,93.32
2,TFO,2026-05-11,2026-06,60.0,E,M,2026-05-27,0,1.535,93.32
2,TFO,2026-05-11,2026-06,65.0,E,M,2026-05-27,0,1.08,93.32
1,TFO,2026-05-11,2026-06,75.0,E,M,2026-05-27,0,0.275,93.32
1,TFO,2026-05-11,2026-06,80.0,E,M,2026-05-27,0,0.15,93.32
1,TFO,2026-05-11,2026-07,30.0,E,M,2026-06-26,0.135,0,93.145
1,TFO,2026-05-11,2026-07,31.5,E,M,2026-06-26,0.18,0,93.145
1,TFO,2026-05-11,2026-07,33.0,E,M,2026-06-26,0.275,0,93.145
1,TFO,2026-05-11,2026-07,34.0,E,M,2026-06-26,0,,93.145
1,TFO,2026-05-11,2026-07,35.0,E,M,2026-06-26,0.775,0,93.145
1,TFO,2026-05-11,2026-07,35.5,E,M,2026-06-26,0.55,0,93.145
1,TFO,2026-05-11,2026-07,37.0,E,M,2026-06-26,0.84,0,93.145
1,TFO,2026-05-11,2026-07,38.0,E,M,2026-06-26,1.3,0,93.145
1,TFO,2026-05-11,2026-07,39.0,E,M,2026-06-26,1.4,0,93.145
2,TFO,2026-05-11,2026-07,40.0,E,M,2026-06-26,4.07,0,93.145
1,TFO,2026-05-11,2026-07,41.0,E,M,2026-06-26,2.43,0,93.145
1,TFO,2026-05-11,2026-07,42.0,E,M,2026-06-26,2.67,0,93.145
1,TFO,2026-05-11,2026-07,43.0,E,M,2026-06-26,3.185,0,93.145
2,TFO,2026-05-11,2026-07,45.0,E,M,2026-06-26,4.4,5.0,93.145
1,TFO,2026-05-11,2026-07,47.0,E,M,2026-06-26,5.72,0,93.145
1,TFO,2026-05-11,2026-07,49.0,E,M,2026-06-26,0,4.62,93.145
1,TFO,2026-05-11,2026-07,50.0,E,M,2026-06-26,0,4.305,93.145
1,TFO,2026-05-11,2026-07,51.0,E,M,2026-06-26,0,4.09,93.145
1,TFO,2026-05-11,2026-07,52.0,E,M,2026-06-26,0,3.375,93.145
1,TFO,2026-05-11,2026-07,53.0,E,M,2026-06-26,0,3.61,93.145
1,TFO,2026-05-11,2026-07,55.0,E,M,2026-06-26,0,2.7,93.145
1,TFO,2026-05-11,2026-07,56.0,E,M,2026-06-26,0,3.1,93.145
1,TFO,2026-05-11,2026-07,60.0,E,M,2026-06-26,0,2.49,93.145
1,TFO,2026-05-11,2026-07,65.0,E,M,2026-06-26,0,1.46,93.145
1,TFO,2026-05-11,2026-07,70.0,E,M,2026-06-26,0,1.325,93.145
1,TFO,2026-05-11,2026-07,75.0,E,M,2026-06-26,0,0.9,93.145
1,TFO,2026-05-11,2026-07,80.0,E,M,2026-06-26,0,,93.145
1,TFO,2026-05-11,2026-08,30.0,E,M,2026-07-27,0.25,0,93.1
1,TFO,2026-05-11,2026-08,32.0,E,M,2026-07-27,0.51,0,93.1
1,TFO,2026-05-11,2026-08,34.0,E,M,2026-07-27,0,,93.1
1,TFO,2026-05-11,2026-08,35.0,E,M,2026-07-27,1.01,0,93.1
1,TFO,2026-05-11,2026-08,40.0,E,M,2026-07-27,2.91,0,93.1
2,TFO,2026-05-11,2026-08,45.0,E,M,2026-07-27,5.925,6.525,93.1
1,TFO,2026-05-11,2026-08,55.0,E,M,2026-07-27,0,,93.1
1,TFO,2026-05-11,2026-08,70.0,E,M,2026-07-27,0,,93.1
1,TFO,2026-05-11,2026-08,80.0,E,M,2026-07-27,0,,93.1
1,TFO,2026-05-11,2026-09,25.0,E,M,2026-08-26,0.14,0,92.77000000000001
1,TFO,2026-05-11,2026-09,28.0,E,M,2026-08-26,0.28,0,92.77000000000001
1,TFO,2026-05-11,2026-09,33.0,E,M,2026-08-26,0.915,0,92.77000000000001
1,TFO,2026-05-11,2026-09,35.0,E,M,2026-08-26,,0,92.77000000000001
1,TFO,2026-05-11,2026-09,40.0,E,M,2026-08-26,,0,92.77000000000001
1,TFO,2026-05-11,2026-09,45.0,E,M,2026-08-26,0,7.04,92.77000000000001
1,TFO,2026-05-11,2026-09,55.0,E,M,2026-08-26,0,,92.77000000000001
1,TFO,2026-05-11,2026-09,60.0,E,M,2026-08-26,0,3.9,92.77000000000001
1,TFO,2026-05-11,2026-09,65.0,E,M,2026-08-26,0,3.28,92.77000000000001
1,TFO,2026-05-11,2026-09,70.0,E,M,2026-08-26,0,,92.77000000000001
1,TFO,2026-05-11,2026-09,75.0,E,M,2026-08-26,0,,92.77000000000001
1,TFO,2026-05-11,2026-09,80.0,E,M,2026-08-26,0,,92.77000000000001
1,TFO,2026-05-11,2026-09,85.0,E,M,2026-08-26,0,1.83,92.77000000000001
1,TFO,2026-05-11,2026-09,90.0,E,M,2026-08-26,0,1.6,92.77000000000001
1,TFO,2026-05-11,2026-09,100.0,E,M,2026-08-26,0,,92.77000000000001
1,TFO,2026-05-11,2026-10,30.0,E,M,2026-09-25,,0,92.685
1,TFO,2026-05-11,2026-10,37.0,E,M,2026-09-25,,0,92.685
1,TFO,2026-05-11,2026-10,40.0,E,M,2026-09-25,,0,92.685
1,TFO,2026-05-11,2026-10,45.0,E,M,2026-09-25,0,,92.685
1,TFO,2026-05-11,2026-10,55.0,E,M,2026-09-25,0,5.69,92.685
1,TFO,2026-05-11,2026-10,75.0,E,M,2026-09-25,0,,92.685
1,TFO,2026-05-11,2026-10,80.0,E,M,2026-09-25,0,2.7,92.685
1,TFO,2026-05-11,2026-11,55.0,E,M,2026-10-27,0,,91.555
1,TFO,2026-05-11,2026-11,75.0,E,M,2026-10-27,0,,91.555
1,TFO,2026-05-11,2026-11,100.0,E,M,2026-10-27,0,,91.555
1,TFO,2026-05-11,2026-12,30.0,E,M,2026-11-26,,0,91.585
1,TFO,2026-05-11,2026-12,33.0,E,M,2026-11-26,2.15,0,91.585
1,TFO,2026-05-11,2026-12,45.0,E,M,2026-11-26,0,,91.585
1,TFO,2026-05-11,2026-12,50.0,E,M,2026-11-26,0,7.8,91.585
1,TFO,2026-05-11,2026-12,55.0,E,M,2026-11-26,0,,91.585
1,TFO,2026-05-11,2026-12,60.0,E,M,2026-11-26,0,5.7,91.585
1,TFO,2026-05-11,2026-12,75.0,E,M,2026-11-26,0,,91.585
1,TFO,2026-05-11,2026-12,100.0,E,M,2026-11-26,0,,91.585
1,TFO,2026-05-11,2027-01,40.0,E,M,2026-12-24,,0,90.575
1,TFO,2026-05-11,2027-01,50.0,E,M,2026-12-24,0,,90.575
1,TFO,2026-05-11,2027-01,60.0,E,M,2026-12-24,0,,90.575
1,TFO,2026-05-11,2027-01,70.0,E,M,2026-12-24,0,,90.575
1,TFO,2026-05-11,2027-01,75.0,E,M,2026-12-24,0,,90.575
1,TFO,2026-05-11,2027-01,90.0,E,M,2026-12-24,0,,90.575
2,TFO,2026-05-11,2027-02,50.0,E,M,2027-01-27,0,17.875,90.16499999999999
1,TFO,2026-05-11,2027-02,75.0,E,M,2027-01-27,0,,90.16499999999999
1,TFO,2026-05-11,2027-02,80.0,E,M,2027-01-27,0,5.05,90.16499999999999
1,TFO,2026-05-11,2027-03,30.0,E,M,2027-02-24,,0,43.275
1,TFO,2026-05-11,2027-03,45.0,E,M,2027-02-24,0,,43.275
1,TFO,2026-05-11,2027-03,50.0,E,M,2027-02-24,0,,43.275
1,TFO,2026-05-11,2027-03,60.0,E,M,2027-02-24,0,6.9,43.275
1,TFO,2026-05-11,2027-03,75.0,E,M,2027-02-24,0,,43.275
1,TFO,2026-05-11,2027-03,90.0,E,M,2027-02-24,0,,43.275
1,TFO,2026-05-11,2027-03,100.0,E,M,2027-02-24,0,,43.275
1,TFO,2026-05-11,2027-04,45.0,E,M,2027-03-25,0,,37.26
1,TFO,2026-05-12,2026-06,30.0,E,M,2026-05-27,0.07,0,93.2
2,TFO,2026-05-12,2026-06,35.0,E,M,2026-05-27,0.385,0,93.2
1,TFO,2026-05-12,2026-06,37.0,E,M,2026-05-27,0.25,0,93.2
1,TFO,2026-05-12,2026-06,38.5,E,M,2026-05-27,0.35,0,93.2
1,TFO,2026-05-12,2026-06,39.0,E,M,2026-05-27,0.41,0,93.2
2,TFO,2026-05-12,2026-06,40.0,E,M,2026-05-27,1.28,0,93.2
2,TFO,2026-05-12,2026-06,42.0,E,M,2026-05-27,2.2,0,93.2
1,TFO,2026-05-12,2026-06,43.0,E,M,2026-05-27,1.37,0,93.2
1,TFO,2026-05-12,2026-06,44.0,E,M,2026-05-27,1.86,0,93.2
2,TFO,2026-05-12,2026-06,45.0,E,M,2026-05-27,2.24,3.95,93.2
2,TFO,2026-05-12,2026-06,46.0,E,M,2026-05-27,2.87,3.8,93.2
2,TFO,2026-05-12,2026-06,47.0,E,M,2026-05-27,3.415,3.16,93.2
3,TFO,2026-05-12,2026-06,48.0,E,M,2026-05-27,4.035,5.76,93.2
2,TFO,2026-05-12,2026-06,50.0,E,M,2026-05-27,5.2,2.425,93.2
1,TFO,2026-05-12,2026-06,53.0,E,M,2026-05-27,0,1.725,93.2
2,TFO,2026-05-12,2026-06,55.0,E,M,2026-05-27,0,2.575,93.2
1,TFO,2026-05-12,2026-06,58.0,E,M,2026-05-27,0,1.05,93.2
2,TFO,2026-05-12,2026-06,60.0,E,M,2026-05-27,0,1.79,93.2
1,TFO,2026-05-12,2026-06,62.0,E,M,2026-05-27,0,0.61,93.2
2,TFO,2026-05-12,2026-06,65.0,E,M,2026-05-27,0,1.11,93.2
1,TFO,2026-05-12,2026-07,25.0,E,M,2026-06-26,,0,93.235
1,TFO,2026-05-12,2026-07,30.0,E,M,2026-06-26,,0,93.235
1,TFO,2026-05-12,2026-07,31.0,E,M,2026-06-26,0.18,0,93.235
1,TFO,2026-05-12,2026-07,33.0,E,M,2026-06-26,,0,93.235
1,TFO,2026-05-12,2026-07,34.0,E,M,2026-06-26,0.375,0,93.235
2,TFO,2026-05-12,2026-07,35.0,E,M,2026-06-26,0.97,0,93.235
2,TFO,2026-05-12,2026-07,36.0,E,M,2026-06-26,0.61,0,93.235
1,TFO,2026-05-12,2026-07,37.0,E,M,2026-06-26,0.735,0,93.235
1,TFO,2026-05-12,2026-07,38.0,E,M,2026-06-26,1.085,0,93.235
2,TFO,2026-05-12,2026-07,40.0,E,M,2026-06-26,1.73,9.05,93.235
1,TFO,2026-05-12,2026-07,42.0,E,M,2026-06-26,2.45,0,93.235
1,TFO,2026-05-12,2026-07,43.0,E,M,2026-06-26,,0,93.235
1,TFO,2026-05-12,2026-07,45.0,E,M,2026-06-26,4.275,0,93.235
1,TFO,2026-05-12,2026-07,48.0,E,M,2026-06-26,0,5.225,93.235
1,TFO,2026-05-12,2026-07,50.0,E,M,2026-06-26,0,4.61,93.235
1,TFO,2026-05-12,2026-07,55.0,E,M,2026-06-26,0,,93.235
1,TFO,2026-05-12,2026-07,58.0,E,M,2026-06-26,0,2.975,93.235
1,TFO,2026-05-12,2026-07,60.0,E,M,2026-06-26,0,,93.235
1,TFO,2026-05-12,2026-07,65.0,E,M,2026-06-26,0,2.07,93.235
1,TFO,2026-05-12,2026-07,68.0,E,M,2026-06-26,0,1.965,93.235
1,TFO,2026-05-12,2026-07,75.0,E,M,2026-06-26,0,1.315,93.235
1,TFO,2026-05-12,2026-07,80.0,E,M,2026-06-26,0,1.055,93.235
1,TFO,2026-05-12,2026-07,100.0,E,M,2026-06-26,0,,93.235
1,TFO,2026-05-12,2026-08,30.0,E,M,2026-07-27,,0,92.815
1,TFO,2026-05-12,2026-08,33.0,E,M,2026-07-27,,0,92.815
1,TFO,2026-05-12,2026-08,35.0,E,M,2026-07-27,0.95,0,92.815
1,TFO,2026-05-12,2026-08,40.0,E,M,2026-07-27,2.6,0,92.815
2,TFO,2026-05-12,2026-08,50.0,E,M,2026-07-27,0,11.5,92.815
1,TFO,2026-05-12,2026-08,55.0,E,M,2026-07-27,0,,92.815
1,TFO,2026-05-12,2026-08,60.0,E,M,2026-07-27,0,3.775,92.815
1,TFO,2026-05-12,2026-08,75.0,E,M,2026-07-27,0,,92.815
1,TFO,2026-05-12,2026-08,90.0,E,M,2026-07-27,0,1.5,92.815
1,TFO,2026-05-12,2026-08,100.0,E,M,2026-07-27,0,,92.815
1,TFO,2026-05-12,2026-09,25.0,E,M,2026-08-26,,0,92.74000000000001
1,TFO,2026-05-12,2026-09,27.0,E,M,2026-08-26,0.19,0,92.74000000000001
1,TFO,2026-05-12,2026-09,30.0,E,M,2026-08-26,,0,92.74000000000001
2,TFO,2026-05-12,2026-09,33.0,E,M,2026-08-26,1.665,0,92.74000000000001
1,TFO,2026-05-12,2026-09,35.0,E,M,2026-08-26,,0,92.74000000000001
1,TFO,2026-05-12,2026-09,40.0,E,M,2026-08-26,,0,92.74000000000001
1,TFO,2026-05-12,2026-09,43.0,E,M,2026-08-26,,0,92.74000000000001
1,TFO,2026-05-12,2026-09,50.0,E,M,2026-08-26,0,,92.74000000000001
1,TFO,2026-05-12,2026-09,55.0,E,M,2026-08-26,0,,92.74000000000001
1,TFO,2026-05-12,2026-09,58.0,E,M,2026-08-26,0,,92.74000000000001
1,TFO,2026-05-12,2026-09,60.0,E,M,2026-08-26,0,4.975,92.74000000000001
1,TFO,2026-05-12,2026-09,70.0,E,M,2026-08-26,0,3.525,92.74000000000001
1,TFO,2026-05-12,2026-09,75.0,E,M,2026-08-26,0,,92.74000000000001
1,TFO,2026-05-12,2026-09,100.0,E,M,2026-08-26,0,,92.74000000000001
1,TFO,2026-05-12,2026-10,30.0,E,M,2026-09-25,,0,92.495
1,TFO,2026-05-12,2026-10,33.0,E,M,2026-09-25,1.1,0,92.495
1,TFO,2026-05-12,2026-10,35.0,E,M,2026-09-25,,0,92.495
1,TFO,2026-05-12,2026-10,38.0,E,M,2026-09-25,,0,92.495
1,TFO,2026-05-12,2026-10,50.0,E,M,2026-09-25,0,,92.495
1,TFO,2026-05-12,2026-10,60.0,E,M,2026-09-25,0,,92.495
1,TFO,2026-05-12,2026-10,75.0,E,M,2026-09-25,0,,92.495
1,TFO,2026-05-12,2026-10,80.0,E,M,2026-09-25,0,,92.495
1,TFO,2026-05-12,2026-11,50.0,E,M,2026-10-27,0,,91.035
1,TFO,2026-05-12,2026-11,75.0,E,M,2026-10-27,0,,91.035
1,TFO,2026-05-12,2026-11,80.0,E,M,2026-10-27,0,,91.035
1,TFO,2026-05-12,2026-11,100.0,E,M,2026-10-27,0,,91.035
1,TFO,2026-05-12,2026-12,30.0,E,M,2026-11-26,,0,91.23
1,TFO,2026-05-12,2026-12,35.0,E,M,2026-11-26,,0,91.23
1,TFO,2026-05-12,2026-12,50.0,E,M,2026-11-26,0,,91.23
1,TFO,2026-05-12,2026-12,60.0,E,M,2026-11-26,0,,91.23
1,TFO,2026-05-12,2026-12,75.0,E,M,2026-11-26,0,,91.23
1,TFO,2026-05-12,2026-12,80.0,E,M,2026-11-26,0,,91.23
1,TFO,2026-05-12,2026-12,100.0,E,M,2026-11-26,0,,91.23
1,TFO,2026-05-12,2027-01,25.0,E,M,2026-12-24,,0,90.83500000000001
1,TFO,2026-05-12,2027-01,35.0,E,M,2026-12-24,,0,90.83500000000001
1,TFO,2026-05-12,2027-01,50.0,E,M,2026-12-24,0,,90.83500000000001
1,TFO,2026-05-12,2027-01,60.0,E,M,2026-12-24,0,,90.83500000000001
1,TFO,2026-05-12,2027-01,65.0,E,M,2026-12-24,0,,90.83500000000001
1,TFO,2026-05-12,2027-01,70.0,E,M,2026-12-24,0,,90.83500000000001
1,TFO,2026-05-12,2027-01,75.0,E,M,2026-12-24,0,,90.83500000000001
1,TFO,2026-05-12,2027-02,25.0,E,M,2027-01-27,,0,44.68
1,TFO,2026-05-12,2027-02,35.0,E,M,2027-01-27,,0,44.68
1,TFO,2026-05-12,2027-02,50.0,E,M,2027-01-27,0,,44.68
1,TFO,2026-05-12,2027-02,65.0,E,M,2027-01-27,0,,44.68
1,TFO,2026-05-12,2027-02,75.0,E,M,2027-01-27,0,,44.68
1,TFO,2026-05-12,2027-02,80.0,E,M,2027-01-27,0,,44.68
1,TFO,2026-05-12,2027-03,15.0,E,M,2027-02-24,,0,43.4
1,TFO,2026-05-12,2027-03,25.0,E,M,2027-02-24,,0,43.4
1,TFO,2026-05-12,2027-03,30.0,E,M,2027-02-24,,0,43.4
1,TFO,2026-05-12,2027-03,35.0,E,M,2027-02-24,,0,43.4
2,TFO,2026-05-12,2027-03,50.0,E,M,2027-02-24,0,9.65,43.4
1,TFO,2026-05-12,2027-03,60.0,E,M,2027-02-24,0,,43.4
1,TFO,2026-05-12,2027-03,75.0,E,M,2027-02-24,0,,43.4
1,TFO,2026-05-12,2027-03,100.0,E,M,2027-02-24,0,,43.4
1,TFO,2026-05-12,2027-04,50.0,E,M,2027-03-25,0,,75.05
1,TFO,2026-05-13,2026-06,30.0,E,M,2026-05-27,,0,93.325
1,TFO,2026-05-13,2026-06,32.0,E,M,2026-05-27,0.055,0,93.325
2,TFO,2026-05-13,2026-06,35.0,E,M,2026-05-27,0.255,0,93.325
1,TFO,2026-05-13,2026-06,37.0,E,M,2026-05-27,0.26,0,93.325
1,TFO,2026-05-13,2026-06,38.0,E,M,2026-05-27,0.35,0,93.325
2,TFO,2026-05-13,2026-06,40.0,E,M,2026-05-27,1.0899999999999999,0,93.325
2,TFO,2026-05-13,2026-06,41.0,E,M,2026-05-27,1.625,0,93.325
1,TFO,2026-05-13,2026-06,42.0,E,M,2026-05-27,1.0,0,93.325
1,TFO,2026-05-13,2026-06,43.0,E,M,2026-05-27,1.3,0,93.325
1,TFO,2026-05-13,2026-06,44.0,E,M,2026-05-27,1.71,0,93.325
1,TFO,2026-05-13,2026-06,45.0,E,M,2026-05-27,0,3.65,93.325
2,TFO,2026-05-13,2026-06,46.0,E,M,2026-05-27,5.574999999999999,0,93.325
1,TFO,2026-05-13,2026-06,47.0,E,M,2026-05-27,3.19,0,93.325
4,TFO,2026-05-13,2026-06,48.0,E,M,2026-05-27,7.585,5.35,93.325
2,TFO,2026-05-13,2026-06,50.0,E,M,2026-05-27,0,4.1,93.325
1,TFO,2026-05-13,2026-06,53.0,E,M,2026-05-27,0,1.38,93.325
1,TFO,2026-05-13,2026-06,54.0,E,M,2026-05-27,0,1.13,93.325
2,TFO,2026-05-13,2026-06,55.0,E,M,2026-05-27,0,2.21,93.325
2,TFO,2026-05-13,2026-06,60.0,E,M,2026-05-27,0,1.3,93.325
1,TFO,2026-05-13,2026-06,65.0,E,M,2026-05-27,0,0.4,93.325
2,TFO,2026-05-13,2026-06,70.0,E,M,2026-05-27,0,0.53,93.325
1,TFO,2026-05-13,2026-06,80.0,E,M,2026-05-27,0,0.135,93.325
1,TFO,2026-05-13,2026-06,100.0,E,M,2026-05-27,0,0.08,93.325
1,TFO,2026-05-13,2026-07,25.0,E,M,2026-06-26,,0,93.14500000000001
1,TFO,2026-05-13,2026-07,30.0,E,M,2026-06-26,0.12,0,93.14500000000001
1,TFO,2026-05-13,2026-07,31.0,E,M,2026-06-26,,0,93.14500000000001
1,TFO,2026-05-13,2026-07,33.0,E,M,2026-06-26,0.27,0,93.14500000000001
1,TFO,2026-05-13,2026-07,34.0,E,M,2026-06-26,0.34,0,93.14500000000001
1,TFO,2026-05-13,2026-07,35.0,E,M,2026-06-26,0.51,0,93.14500000000001
1,TFO,2026-05-13,2026-07,36.0,E,M,2026-06-26,0.645,0,93.14500000000001
1,TFO,2026-05-13,2026-07,37.0,E,M,2026-06-26,0.83,0,93.14500000000001
1,TFO,2026-05-13,2026-07,38.0,E,M,2026-06-26,,0,93.14500000000001
1,TFO,2026-05-13,2026-07,39.0,E,M,2026-06-26,1.4,0,93.14500000000001
2,TFO,2026-05-13,2026-07,40.0,E,M,2026-06-26,3.4850000000000003,0,93.14500000000001
1,TFO,2026-05-13,2026-07,41.0,E,M,2026-06-26,2.145,0,93.14500000000001
1,TFO,2026-05-13,2026-07,42.0,E,M,2026-06-26,2.58,0,93.14500000000001
1,TFO,2026-05-13,2026-07,45.0,E,M,2026-06-26,4.23,0,93.14500000000001
2,TFO,2026-05-13,2026-07,50.0,E,M,2026-06-26,0,4.145,93.14500000000001
2,TFO,2026-05-13,2026-07,55.0,E,M,2026-06-26,0,6.3100000000000005,93.14500000000001
1,TFO,2026-05-13,2026-07,60.0,E,M,2026-06-26,0,2.43,93.14500000000001
1,TFO,2026-05-13,2026-07,65.0,E,M,2026-06-26,0,,93.14500000000001
1,TFO,2026-05-13,2026-07,75.0,E,M,2026-06-26,0,1.18,93.14500000000001
1,TFO,2026-05-13,2026-07,80.0,E,M,2026-06-26,0,,93.14500000000001
1,TFO,2026-05-13,2026-07,100.0,E,M,2026-06-26,0,,93.14500000000001
1,TFO,2026-05-13,2026-08,30.0,E,M,2026-07-27,,0,93.21000000000001
1,TFO,2026-05-13,2026-08,35.0,E,M,2026-07-27,0.96,0,93.21000000000001
1,TFO,2026-05-13,2026-08,38.0,E,M,2026-07-27,,0,93.21000000000001
1,TFO,2026-05-13,2026-08,40.0,E,M,2026-07-27,,0,93.21000000000001
1,TFO,2026-05-13,2026-08,45.0,E,M,2026-07-27,5.6,0,93.21000000000001
2,TFO,2026-05-13,2026-08,50.0,E,M,2026-07-27,0,0,93.21000000000001
1,TFO,2026-05-13,2026-08,55.0,E,M,2026-07-27,0,,93.21000000000001
1,TFO,2026-05-13,2026-08,60.0,E,M,2026-07-27,0,,93.21000000000001
1,TFO,2026-05-13,2026-08,65.0,E,M,2026-07-27,0,,93.21000000000001
1,TFO,2026-05-13,2026-08,80.0,E,M,2026-07-27,0,,93.21000000000001
1,TFO,2026-05-13,2026-08,100.0,E,M,2026-07-27,0,,93.21000000000001
1,TFO,2026-05-13,2026-08,125.0,E,M,2026-07-27,0,0.62,93.21000000000001
1,TFO,2026-05-13,2026-09,25.0,E,M,2026-08-26,,0,93.37
1,TFO,2026-05-13,2026-09,30.0,E,M,2026-08-26,,0,93.37
1,TFO,2026-05-13,2026-09,33.0,E,M,2026-08-26,0.855,0,93.37
1,TFO,2026-05-13,2026-09,35.0,E,M,2026-08-26,1.36,0,93.37
1,TFO,2026-05-13,2026-09,38.0,E,M,2026-08-26,,0,93.37
1,TFO,2026-05-13,2026-09,40.0,E,M,2026-08-26,3.4,0,93.37
1,TFO,2026-05-13,2026-09,45.0,E,M,2026-08-26,,0,93.37
1,TFO,2026-05-13,2026-09,46.0,E,M,2026-08-26,7.05,0,93.37
2,TFO,2026-05-13,2026-09,50.0,E,M,2026-08-26,0,0,93.37
1,TFO,2026-05-13,2026-09,55.0,E,M,2026-08-26,0,,93.37
1,TFO,2026-05-13,2026-09,60.0,E,M,2026-08-26,0,,93.37
1,TFO,2026-05-13,2026-09,65.0,E,M,2026-08-26,0,,93.37
1,TFO,2026-05-13,2026-09,80.0,E,M,2026-08-26,0,,93.37
1,TFO,2026-05-13,2026-09,100.0,E,M,2026-08-26,0,,93.37
1,TFO,2026-05-13,2026-10,35.0,E,M,2026-09-25,,0,92.655
1,TFO,2026-05-13,2026-10,37.0,E,M,2026-09-25,,0,92.655
1,TFO,2026-05-13,2026-10,40.0,E,M,2026-09-25,,0,92.655
1,TFO,2026-05-13,2026-10,43.0,E,M,2026-09-25,,0,92.655
1,TFO,2026-05-13,2026-10,50.0,E,M,2026-09-25,0,,92.655
1,TFO,2026-05-13,2026-10,60.0,E,M,2026-09-25,0,,92.655
1,TFO,2026-05-13,2026-11,43.0,E,M,2026-10-27,,0,91.27000000000001
1,TFO,2026-05-13,2026-11,50.0,E,M,2026-10-27,0,,91.27000000000001
1,TFO,2026-05-13,2026-11,100.0,E,M,2026-10-27,0,,91.27000000000001
1,TFO,2026-05-13,2026-12,35.0,E,M,2026-11-26,,0,91.07
1,TFO,2026-05-13,2026-12,50.0,E,M,2026-11-26,0,,91.07
1,TFO,2026-05-13,2026-12,60.0,E,M,2026-11-26,0,,91.07
1,TFO,2026-05-13,2026-12,100.0,E,M,2026-11-26,0,,91.07
1,TFO,2026-05-13,2027-01,25.0,E,M,2026-12-24,,0,90.465
1,TFO,2026-05-13,2027-01,35.0,E,M,2026-12-24,,0,90.465
1,TFO,2026-05-13,2027-01,40.0,E,M,2026-12-24,,0,90.465
1,TFO,2026-05-13,2027-01,45.0,E,M,2026-12-24,,0,90.465
1,TFO,2026-05-13,2027-01,50.0,E,M,2026-12-24,0,,90.465
1,TFO,2026-05-13,2027-01,55.0,E,M,2026-12-24,0,,90.465
1,TFO,2026-05-13,2027-01,60.0,E,M,2026-12-24,0,,90.465
1,TFO,2026-05-13,2027-01,65.0,E,M,2026-12-24,0,,90.465
1,TFO,2026-05-13,2027-02,25.0,E,M,2027-01-27,,0,89.93
1,TFO,2026-05-13,2027-02,35.0,E,M,2027-01-27,4.15,0,89.93
1,TFO,2026-05-13,2027-02,50.0,E,M,2027-01-27,0,,89.93
1,TFO,2026-05-13,2027-02,55.0,E,M,2027-01-27,0,,89.93
1,TFO,2026-05-13,2027-02,65.0,E,M,2027-01-27,0,,89.93
1,TFO,2026-05-13,2027-02,75.0,E,M,2027-01-27,0,5.6,89.93
1,TFO,2026-05-13,2027-03,15.0,E,M,2027-02-24,,0,86.41499999999999
1,TFO,2026-05-13,2027-03,25.0,E,M,2027-02-24,,0,86.41499999999999
1,TFO,2026-05-13,2027-03,35.0,E,M,2027-02-24,,0,86.41499999999999
1,TFO,2026-05-13,2027-03,50.0,E,M,2027-02-24,0,,86.41499999999999
1,TFO,2026-05-13,2027-03,60.0,E,M,2027-02-24,0,,86.41499999999999
1,TFO,2026-05-13,2027-03,100.0,E,M,2027-02-24,0,,86.41499999999999
1,TFO,2026-05-13,2027-04,50.0,E,M,2027-03-25,0,,37.1
2,TFO,2026-05-14,2026-06,35.0,E,M,2026-05-27,0.295,0,95.89500000000001
1,TFO,2026-05-14,2026-06,37.0,E,M,2026-05-27,0.13,0,95.89500000000001
2,TFO,2026-05-14,2026-06,38.0,E,M,2026-05-27,0.505,0,95.89500000000001
2,TFO,2026-05-14,2026-06,40.0,E,M,2026-05-27,0.7,0,95.89500000000001
1,TFO,2026-05-14,2026-06,41.0,E,M,2026-05-27,0.485,0,95.89500000000001
2,TFO,2026-05-14,2026-06,42.0,E,M,2026-05-27,1.8050000000000002,0,95.89500000000001
1,TFO,2026-05-14,2026-06,43.0,E,M,2026-05-27,0.85,0,95.89500000000001
2,TFO,2026-05-14,2026-06,44.0,E,M,2026-05-27,1.1,4.55,95.89500000000001
3,TFO,2026-05-14,2026-06,45.0,E,M,2026-05-27,3.025,0,95.89500000000001
2,TFO,2026-05-14,2026-06,46.0,E,M,2026-05-27,4.295,0,95.89500000000001
4,TFO,2026-05-14,2026-06,47.0,E,M,2026-05-27,5.26,6.15,95.89500000000001
4,TFO,2026-05-14,2026-06,48.0,E,M,2026-05-27,6.115,5.29,95.89500000000001
2,TFO,2026-05-14,2026-06,49.0,E,M,2026-05-27,0,4.37,95.89500000000001
2,TFO,2026-05-14,2026-06,50.0,E,M,2026-05-27,0,4.029999999999999,95.89500000000001
1,TFO,2026-05-14,2026-06,51.0,E,M,2026-05-27,0,1.85,95.89500000000001
1,TFO,2026-05-14,2026-06,52.0,E,M,2026-05-27,0,1.5,95.89500000000001
1,TFO,2026-05-14,2026-06,54.0,E,M,2026-05-27,0,1.21,95.89500000000001
2,TFO,2026-05-14,2026-06,55.0,E,M,2026-05-27,0,2.12,95.89500000000001
1,TFO,2026-05-14,2026-06,57.0,E,M,2026-05-27,0,0.9,95.89500000000001
1,TFO,2026-05-14,2026-06,60.0,E,M,2026-05-27,0,0.6,95.89500000000001
1,TFO,2026-05-14,2026-06,62.0,E,M,2026-05-27,0,0.435,95.89500000000001
1,TFO,2026-05-14,2026-06,65.0,E,M,2026-05-27,0,0.35,95.89500000000001
2,TFO,2026-05-14,2026-06,70.0,E,M,2026-05-27,0,0.49,95.89500000000001
1,TFO,2026-05-14,2026-06,75.0,E,M,2026-05-27,0,0.215,95.89500000000001
1,TFO,2026-05-14,2026-06,85.0,E,M,2026-05-27,0,0.115,95.89500000000001
1,TFO,2026-05-14,2026-06,95.0,E,M,2026-05-27,0,0.065,95.89500000000001
1,TFO,2026-05-14,2026-07,30.0,E,M,2026-06-26,,0,95.805
1,TFO,2026-05-14,2026-07,35.0,E,M,2026-06-26,,0,95.805
1,TFO,2026-05-14,2026-07,36.0,E,M,2026-06-26,0.62,0,95.805
1,TFO,2026-05-14,2026-07,37.0,E,M,2026-06-26,0.66,0,95.805
1,TFO,2026-05-14,2026-07,38.0,E,M,2026-06-26,,0,95.805
1,TFO,2026-05-14,2026-07,39.0,E,M,2026-06-26,1.32,0,95.805
1,TFO,2026-05-14,2026-07,40.0,E,M,2026-06-26,1.5,0,95.805
1,TFO,2026-05-14,2026-07,44.0,E,M,2026-06-26,3.325,0,95.805
1,TFO,2026-05-14,2026-07,45.0,E,M,2026-06-26,0,,95.805
1,TFO,2026-05-14,2026-07,47.0,E,M,2026-06-26,0,,95.805
2,TFO,2026-05-14,2026-07,50.0,E,M,2026-06-26,0,4.3,95.805
1,TFO,2026-05-14,2026-07,52.0,E,M,2026-06-26,0,3.825,95.805
1,TFO,2026-05-14,2026-07,54.0,E,M,2026-06-26,0,3.4,95.805
2,TFO,2026-05-14,2026-07,55.0,E,M,2026-06-26,0,3.35,95.805
1,TFO,2026-05-14,2026-07,60.0,E,M,2026-06-26,0,2.3,95.805
1,TFO,2026-05-14,2026-07,65.0,E,M,2026-06-26,0,1.87,95.805
1,TFO,2026-05-14,2026-07,70.0,E,M,2026-06-26,0,1.43,95.805
1,TFO,2026-05-14,2026-07,75.0,E,M,2026-06-26,0,1.04,95.805
1,TFO,2026-05-14,2026-08,30.0,E,M,2026-07-27,,0,94.995
1,TFO,2026-05-14,2026-08,35.0,E,M,2026-07-27,0.915,0,94.995
1,TFO,2026-05-14,2026-08,38.0,E,M,2026-07-27,,0,94.995
1,TFO,2026-05-14,2026-08,40.0,E,M,2026-07-27,2.545,0,94.995
2,TFO,2026-05-14,2026-08,45.0,E,M,2026-07-27,5.35,0,94.995
2,TFO,2026-05-14,2026-08,50.0,E,M,2026-07-27,0,0,94.995
1,TFO,2026-05-14,2026-08,55.0,E,M,2026-07-27,0,,94.995
1,TFO,2026-05-14,2026-08,60.0,E,M,2026-07-27,0,,94.995
1,TFO,2026-05-14,2026-08,70.0,E,M,2026-07-27,0,,94.995
1,TFO,2026-05-14,2026-08,75.0,E,M,2026-07-27,0,,94.995
1,TFO,2026-05-14,2026-09,30.0,E,M,2026-08-26,,0,94.875
1,TFO,2026-05-14,2026-09,34.5,E,M,2026-08-26,1.125,0,94.875
1,TFO,2026-05-14,2026-09,35.0,E,M,2026-08-26,1.38,0,94.875
1,TFO,2026-05-14,2026-09,38.0,E,M,2026-08-26,,0,94.875
1,TFO,2026-05-14,2026-09,40.0,E,M,2026-08-26,3.36,0,94.875
1,TFO,2026-05-14,2026-09,45.0,E,M,2026-08-26,0,,94.875
1,TFO,2026-05-14,2026-09,47.0,E,M,2026-08-26,0,,94.875
2,TFO,2026-05-14,2026-09,50.0,E,M,2026-08-26,0,6.71,94.875
1,TFO,2026-05-14,2026-09,55.0,E,M,2026-08-26,0,,94.875
1,TFO,2026-05-14,2026-09,60.0,E,M,2026-08-26,0,4.7,94.875
1,TFO,2026-05-14,2026-09,70.0,E,M,2026-08-26,0,,94.875
1,TFO,2026-05-14,2026-09,75.0,E,M,2026-08-26,0,,94.875
1,TFO,2026-05-14,2026-10,30.0,E,M,2026-09-25,,0,94.13
1,TFO,2026-05-14,2026-10,37.0,E,M,2026-09-25,,0,94.13
1,TFO,2026-05-14,2026-10,40.0,E,M,2026-09-25,,0,94.13
1,TFO,2026-05-14,2026-10,44.0,E,M,2026-09-25,6.225,0,94.13
1,TFO,2026-05-14,2026-10,46.0,E,M,2026-09-25,0,8.05,94.13
1,TFO,2026-05-14,2026-10,50.0,E,M,2026-09-25,0,,94.13
1,TFO,2026-05-14,2026-10,55.0,E,M,2026-09-25,0,,94.13
1,TFO,2026-05-14,2026-10,60.0,E,M,2026-09-25,0,,94.13
1,TFO,2026-05-14,2026-10,65.0,E,M,2026-09-25,0,,94.13
1,TFO,2026-05-14,2026-10,80.0,E,M,2026-09-25,0,,94.13
1,TFO,2026-05-14,2026-11,50.0,E,M,2026-10-27,0,,92.09
1,TFO,2026-05-14,2026-11,55.0,E,M,2026-10-27,0,,92.09
1,TFO,2026-05-14,2026-11,80.0,E,M,2026-10-27,0,,92.09
1,TFO,2026-05-14,2026-11,100.0,E,M,2026-10-27,0,,92.09
1,TFO,2026-05-14,2026-12,30.0,E,M,2026-11-26,1.1,0,91.63499999999999
1,TFO,2026-05-14,2026-12,45.0,E,M,2026-11-26,0,9.2,91.63499999999999
1,TFO,2026-05-14,2026-12,50.0,E,M,2026-11-26,0,,91.63499999999999
1,TFO,2026-05-14,2026-12,55.0,E,M,2026-11-26,0,,91.63499999999999
1,TFO,2026-05-14,2026-12,60.0,E,M,2026-11-26,0,,91.63499999999999
1,TFO,2026-05-14,2026-12,80.0,E,M,2026-11-26,0,,91.63499999999999
1,TFO,2026-05-14,2026-12,100.0,E,M,2026-11-26,0,,91.63499999999999
1,TFO,2026-05-14,2027-01,40.0,E,M,2026-12-24,,0,91.285
1,TFO,2026-05-14,2027-01,55.0,E,M,2026-12-24,0,7.45,91.285
1,TFO,2026-05-14,2027-01,60.0,E,M,2026-12-24,0,,91.285
1,TFO,2026-05-14,2027-01,65.0,E,M,2026-12-24,0,,91.285
1,TFO,2026-05-14,2027-01,70.0,E,M,2026-12-24,0,5.45,91.285
1,TFO,2026-05-14,2027-02,55.0,E,M,2027-01-27,0,,45.19
1,TFO,2026-05-14,2027-02,65.0,E,M,2027-01-27,0,,45.19
1,TFO,2026-05-14,2027-03,25.0,E,M,2027-02-24,1.125,0,43.38
1,TFO,2026-05-14,2027-03,28.0,E,M,2027-02-24,0,16.8,43.38
1,TFO,2026-05-14,2027-03,30.0,E,M,2027-02-24,2.55,0,43.38
1,TFO,2026-05-14,2027-03,45.0,E,M,2027-02-24,0,9.8,43.38
1,TFO,2026-05-14,2027-03,60.0,E,M,2027-02-24,0,,43.38
1,TFO,2026-05-14,2027-03,100.0,E,M,2027-02-24,0,,43.38
1,TFO,2026-05-15,2026-06,35.0,E,M,2026-05-27,0.04,0,101.965
1,TFO,2026-05-15,2026-06,37.0,E,M,2026-05-27,0.105,0,101.965
1,TFO,2026-05-15,2026-06,38.0,E,M,2026-05-27,0.155,0,101.965
3,TFO,2026-05-15,2026-06,40.0,E,M,2026-05-27,0.52,10.075,101.965
2,TFO,2026-05-15,2026-06,41.0,E,M,2026-05-27,0.62,0,101.965
2,TFO,2026-05-15,2026-06,42.0,E,M,2026-05-27,0.8,0,101.965
2,TFO,2026-05-15,2026-06,43.0,E,M,2026-05-27,1.28,0,101.965
2,TFO,2026-05-15,2026-06,44.0,E,M,2026-05-27,1.365,0,101.965
3,TFO,2026-05-15,2026-06,45.0,E,M,2026-05-27,1.615,5.87,101.965
1,TFO,2026-05-15,2026-06,46.0,E,M,2026-05-27,1.175,0,101.965
2,TFO,2026-05-15,2026-06,47.0,E,M,2026-05-27,1.775,3.86,101.965
3,TFO,2026-05-15,2026-06,48.0,E,M,2026-05-27,2.36,3.3,101.965
1,TFO,2026-05-15,2026-06,49.0,E,M,2026-05-27,3.0,0,101.965
3,TFO,2026-05-15,2026-06,50.0,E,M,2026-05-27,2.83,5.255000000000001,101.965
3,TFO,2026-05-15,2026-06,51.0,E,M,2026-05-27,3.465,2.57,101.965
2,TFO,2026-05-15,2026-06,52.0,E,M,2026-05-27,0,4.57,101.965
1,TFO,2026-05-15,2026-06,55.0,E,M,2026-05-27,0,1.6,101.965
1,TFO,2026-05-15,2026-06,57.0,E,M,2026-05-27,0,1.15,101.965
1,TFO,2026-05-15,2026-06,58.0,E,M,2026-05-27,0,,101.965
2,TFO,2026-05-15,2026-06,60.0,E,M,2026-05-27,0,1.7200000000000002,101.965
2,TFO,2026-05-15,2026-06,65.0,E,M,2026-05-27,0,0.4,101.965
2,TFO,2026-05-15,2026-06,70.0,E,M,2026-05-27,0,0.585,101.965
1,TFO,2026-05-15,2026-06,75.0,E,M,2026-05-27,0,0.165,101.965
1,TFO,2026-05-15,2026-07,30.0,E,M,2026-06-26,,0,101.66
1,TFO,2026-05-15,2026-07,35.0,E,M,2026-06-26,0.325,0,101.66
1,TFO,2026-05-15,2026-07,36.0,E,M,2026-06-26,0.465,0,101.66
1,TFO,2026-05-15,2026-07,37.0,E,M,2026-06-26,0.58,0,101.66
1,TFO,2026-05-15,2026-07,38.0,E,M,2026-06-26,0.675,0,101.66
2,TFO,2026-05-15,2026-07,40.0,E,M,2026-06-26,2.3,0,101.66
1,TFO,2026-05-15,2026-07,41.0,E,M,2026-06-26,1.475,0,101.66
1,TFO,2026-05-15,2026-07,42.0,E,M,2026-06-26,,0,101.66
3,TFO,2026-05-15,2026-07,45.0,E,M,2026-06-26,2.5,14.07,101.66
1,TFO,2026-05-15,2026-07,47.0,E,M,2026-06-26,,0,101.66
1,TFO,2026-05-15,2026-07,48.0,E,M,2026-06-26,4.65,0,101.66
1,TFO,2026-05-15,2026-07,49.0,E,M,2026-06-26,,0,101.66
2,TFO,2026-05-15,2026-07,50.0,E,M,2026-06-26,0,6.02,101.66
1,TFO,2026-05-15,2026-07,51.0,E,M,2026-06-26,0,5.245,101.66
1,TFO,2026-05-15,2026-07,53.0,E,M,2026-06-26,0,4.655,101.66
2,TFO,2026-05-15,2026-07,55.0,E,M,2026-06-26,0,3.77,101.66
2,TFO,2026-05-15,2026-07,60.0,E,M,2026-06-26,0,6.9,101.66
1,TFO,2026-05-15,2026-07,63.0,E,M,2026-06-26,0,2.61,101.66
2,TFO,2026-05-15,2026-07,65.0,E,M,2026-06-26,0,4.82,101.66
1,TFO,2026-05-15,2026-07,68.0,E,M,2026-06-26,0,1.97,101.66
1,TFO,2026-05-15,2026-07,70.0,E,M,2026-06-26,0,1.92,101.66
1,TFO,2026-05-15,2026-07,75.0,E,M,2026-06-26,0,,101.66
1,TFO,2026-05-15,2026-07,90.0,E,M,2026-06-26,0,,101.66
1,TFO,2026-05-15,2026-08,30.0,E,M,2026-07-27,,0,101.215
1,TFO,2026-05-15,2026-08,35.0,E,M,2026-07-27,0.74,0,101.215
1,TFO,2026-05-15,2026-08,39.0,E,M,2026-07-27,0,11.475,101.215
1,TFO,2026-05-15,2026-08,40.0,E,M,2026-07-27,,0,101.215
1,TFO,2026-05-15,2026-08,45.0,E,M,2026-07-27,,0,101.215
1,TFO,2026-05-15,2026-08,49.0,E,M,2026-07-27,0,6.9,101.215
2,TFO,2026-05-15,2026-08,50.0,E,M,2026-07-27,0,0,101.215
1,TFO,2026-05-15,2026-08,55.0,E,M,2026-07-27,0,5.2,101.215
1,TFO,2026-05-15,2026-08,65.0,E,M,2026-07-27,0,3.425,101.215
1,TFO,2026-05-15,2026-08,70.0,E,M,2026-07-27,0,,101.215
2,TFO,2026-05-15,2026-08,75.0,E,M,2026-07-27,0,3.04,101.215
1,TFO,2026-05-15,2026-08,90.0,E,M,2026-07-27,0,,101.215
2,TFO,2026-05-15,2026-09,28.0,E,M,2026-08-26,0.52,0,101.315
1,TFO,2026-05-15,2026-09,30.0,E,M,2026-08-26,,0,101.315
2,TFO,2026-05-15,2026-09,35.0,E,M,2026-08-26,2.38,0,101.315
1,TFO,2026-05-15,2026-09,40.0,E,M,2026-08-26,,0,101.315
1,TFO,2026-05-15,2026-09,45.0,E,M,2026-08-26,,0,101.315
2,TFO,2026-05-15,2026-09,50.0,E,M,2026-08-26,8.7,8.52,101.315
1,TFO,2026-05-15,2026-09,55.0,E,M,2026-08-26,0,,101.315
1,TFO,2026-05-15,2026-09,58.0,E,M,2026-08-26,0,6.275,101.315
1,TFO,2026-05-15,2026-09,60.0,E,M,2026-08-26,0,4.98,101.315
1,TFO,2026-05-15,2026-09,65.0,E,M,2026-08-26,0,,101.315
2,TFO,2026-05-15,2026-09,70.0,E,M,2026-08-26,0,4.5,101.315
1,TFO,2026-05-15,2026-09,75.0,E,M,2026-08-26,0,,101.315
1,TFO,2026-05-15,2026-09,90.0,E,M,2026-08-26,0,,101.315
1,TFO,2026-05-15,2026-10,30.0,E,M,2026-09-25,,0,99.85499999999999
1,TFO,2026-05-15,2026-10,35.0,E,M,2026-09-25,,0,99.85499999999999
1,TFO,2026-05-15,2026-10,38.0,E,M,2026-09-25,,0,99.85499999999999
1,TFO,2026-05-15,2026-10,40.0,E,M,2026-09-25,,0,99.85499999999999
1,TFO,2026-05-15,2026-10,45.0,E,M,2026-09-25,6.5,0,99.85499999999999
2,TFO,2026-05-15,2026-10,47.0,E,M,2026-09-25,7.7,8.3,99.85499999999999
1,TFO,2026-05-15,2026-10,49.0,E,M,2026-09-25,0,8.775,99.85499999999999
1,TFO,2026-05-15,2026-10,50.0,E,M,2026-09-25,0,,99.85499999999999
1,TFO,2026-05-15,2026-10,55.0,E,M,2026-09-25,0,6.84,99.85499999999999
1,TFO,2026-05-15,2026-10,60.0,E,M,2026-09-25,0,5.84,99.85499999999999
1,TFO,2026-05-15,2026-10,65.0,E,M,2026-09-25,0,,99.85499999999999
1,TFO,2026-05-15,2026-11,50.0,E,M,2026-10-27,0,,96.815
1,TFO,2026-05-15,2026-11,100.0,E,M,2026-10-27,0,,96.815
1,TFO,2026-05-15,2026-12,30.0,E,M,2026-11-26,,0,96.695
1,TFO,2026-05-15,2026-12,35.0,E,M,2026-11-26,,0,96.695
1,TFO,2026-05-15,2026-12,50.0,E,M,2026-11-26,0,,96.695
1,TFO,2026-05-15,2026-12,60.0,E,M,2026-11-26,0,,96.695
1,TFO,2026-05-15,2026-12,70.0,E,M,2026-11-26,0,4.95,96.695
1,TFO,2026-05-15,2026-12,100.0,E,M,2026-11-26,0,,96.695
1,TFO,2026-05-15,2027-01,35.0,E,M,2026-12-24,,0,96.1
1,TFO,2026-05-15,2027-01,40.0,E,M,2026-12-24,,0,96.1
1,TFO,2026-05-15,2027-01,50.0,E,M,2026-12-24,0,,96.1
1,TFO,2026-05-15,2027-01,55.0,E,M,2026-12-24,0,,96.1
1,TFO,2026-05-15,2027-01,60.0,E,M,2026-12-24,0,,96.1
1,TFO,2026-05-15,2027-01,75.0,E,M,2026-12-24,0,,96.1
1,TFO,2026-05-15,2027-01,90.0,E,M,2026-12-24,0,,96.1
1,TFO,2026-05-15,2027-02,35.0,E,M,2027-01-27,,0,94.64
2,TFO,2026-05-15,2027-02,50.0,E,M,2027-01-27,0,9.9,94.64
2,TFO,2026-05-15,2027-02,55.0,E,M,2027-01-27,0,8.65,94.64
1,TFO,2026-05-15,2027-02,75.0,E,M,2027-01-27,0,,94.64
1,TFO,2026-05-15,2027-03,15.0,E,M,2027-02-24,0.18,0,89.225
1,TFO,2026-05-15,2027-03,25.0,E,M,2027-02-24,0.9,0,89.225
1,TFO,2026-05-15,2027-03,28.0,E,M,2027-02-24,0,18.05,89.225
1,TFO,2026-05-15,2027-03,30.0,E,M,2027-02-24,,0,89.225
1,TFO,2026-05-15,2027-03,35.0,E,M,2027-02-24,,0,89.225
1,TFO,2026-05-15,2027-03,50.0,E,M,2027-02-24,0,,89.225
1,TFO,2026-05-15,2027-03,60.0,E,M,2027-02-24,0,,89.225
1,TFO,2026-05-15,2027-03,75.0,E,M,2027-02-24,0,,89.225
1,TFO,2026-05-15,2027-03,90.0,E,M,2027-02-24,0,,89.225
1,TFO,2026-05-15,2027-03,100.0,E,M,2027-02-24,0,,89.225
2,TFO,2026-05-15,2027-04,50.0,E,M,2027-03-25,0,4.85,38.3
1,TFO,2026-05-18,2026-06,35.0,E,M,2026-05-27,0.045,0,98.83500000000001
1,TFO,2026-05-18,2026-06,37.0,E,M,2026-05-27,0.155,0,98.83500000000001
2,TFO,2026-05-18,2026-06,40.0,E,M,2026-05-27,0.53,0,98.83500000000001
1,TFO,2026-05-18,2026-06,41.0,E,M,2026-05-27,,0,98.83500000000001
1,TFO,2026-05-18,2026-06,42.0,E,M,2026-05-27,0.43,0,98.83500000000001
1,TFO,2026-05-18,2026-06,43.0,E,M,2026-05-27,0.57,0,98.83500000000001
2,TFO,2026-05-18,2026-06,44.0,E,M,2026-05-27,0.89,0,98.83500000000001
4,TFO,2026-05-18,2026-06,45.0,E,M,2026-05-27,1.49,12.0,98.83500000000001
1,TFO,2026-05-18,2026-06,46.0,E,M,2026-05-27,1.27,0,98.83500000000001
2,TFO,2026-05-18,2026-06,47.0,E,M,2026-05-27,2.295,0,98.83500000000001
4,TFO,2026-05-18,2026-06,48.0,E,M,2026-05-27,3.02,4.5,98.83500000000001
2,TFO,2026-05-18,2026-06,49.0,E,M,2026-05-27,2.49,0,98.83500000000001
2,TFO,2026-05-18,2026-06,50.0,E,M,2026-05-27,2.675,2.825,98.83500000000001
4,TFO,2026-05-18,2026-06,51.0,E,M,2026-05-27,5.865,5.135,98.83500000000001
2,TFO,2026-05-18,2026-06,52.0,E,M,2026-05-27,0,5.305,98.83500000000001
2,TFO,2026-05-18,2026-06,53.0,E,M,2026-05-27,0,3.55,98.83500000000001
2,TFO,2026-05-18,2026-06,54.0,E,M,2026-05-27,0,1.455,98.83500000000001
2,TFO,2026-05-18,2026-06,55.0,E,M,2026-05-27,0,2.54,98.83500000000001
1,TFO,2026-05-18,2026-06,57.0,E,M,2026-05-27,0,0.925,98.83500000000001
2,TFO,2026-05-18,2026-06,58.0,E,M,2026-05-27,0,1.6,98.83500000000001
2,TFO,2026-05-18,2026-06,60.0,E,M,2026-05-27,0,1.585,98.83500000000001
1,TFO,2026-05-18,2026-06,65.0,E,M,2026-05-27,0,0.28,98.83500000000001
2,TFO,2026-05-18,2026-06,70.0,E,M,2026-05-27,0,0.38,98.83500000000001
1,TFO,2026-05-18,2026-06,80.0,E,M,2026-05-27,0,0.15,98.83500000000001
2,TFO,2026-05-18,2026-07,30.0,E,M,2026-06-26,0.24,0,99.055
1,TFO,2026-05-18,2026-07,33.0,E,M,2026-06-26,0.215,0,99.055
1,TFO,2026-05-18,2026-07,34.0,E,M,2026-06-26,0.25,0,99.055
2,TFO,2026-05-18,2026-07,35.0,E,M,2026-06-26,0.7749999999999999,0,99.055
1,TFO,2026-05-18,2026-07,37.0,E,M,2026-06-26,0.48,0,99.055
1,TFO,2026-05-18,2026-07,38.0,E,M,2026-06-26,0.65,0,99.055
2,TFO,2026-05-18,2026-07,40.0,E,M,2026-06-26,2.2750000000000004,0,99.055
1,TFO,2026-05-18,2026-07,41.0,E,M,2026-06-26,1.205,0,99.055
1,TFO,2026-05-18,2026-07,43.0,E,M,2026-06-26,,0,99.055
1,TFO,2026-05-18,2026-07,44.0,E,M,2026-06-26,2.135,0,99.055
1,TFO,2026-05-18,2026-07,45.0,E,M,2026-06-26,2.775,0,99.055
1,TFO,2026-05-18,2026-07,47.0,E,M,2026-06-26,3.52,0,99.055
1,TFO,2026-05-18,2026-07,48.0,E,M,2026-06-26,3.9,0,99.055
1,TFO,2026-05-18,2026-07,49.0,E,M,2026-06-26,4.64,0,99.055
3,TFO,2026-05-18,2026-07,50.0,E,M,2026-06-26,5.54,11.07,99.055
1,TFO,2026-05-18,2026-07,51.0,E,M,2026-06-26,0,5.56,99.055
1,TFO,2026-05-18,2026-07,52.0,E,M,2026-06-26,0,5.605,99.055
1,TFO,2026-05-18,2026-07,53.0,E,M,2026-06-26,0,4.97,99.055
3,TFO,2026-05-18,2026-07,55.0,E,M,2026-06-26,8.6,8.55,99.055
1,TFO,2026-05-18,2026-07,60.0,E,M,2026-06-26,0,3.4,99.055
1,TFO,2026-05-18,2026-07,65.0,E,M,2026-06-26,0,2.575,99.055
1,TFO,2026-05-18,2026-07,70.0,E,M,2026-06-26,0,1.83,99.055
1,TFO,2026-05-18,2026-07,75.0,E,M,2026-06-26,0,1.69,99.055
2,TFO,2026-05-18,2026-07,80.0,E,M,2026-06-26,0,1.625,99.055
1,TFO,2026-05-18,2026-07,85.0,E,M,2026-06-26,0,1.225,99.055
1,TFO,2026-05-18,2026-08,34.5,E,M,2026-07-27,0.715,0,99.56
1,TFO,2026-05-18,2026-08,35.0,E,M,2026-07-27,0.68,0,99.56
1,TFO,2026-05-18,2026-08,38.0,E,M,2026-07-27,,0,99.56
2,TFO,2026-05-18,2026-08,40.0,E,M,2026-07-27,1.75,0,99.56
1,TFO,2026-05-18,2026-08,45.0,E,M,2026-07-27,,0,99.56
2,TFO,2026-05-18,2026-08,50.0,E,M,2026-07-27,6.8,8.2,99.56
1,TFO,2026-05-18,2026-08,54.0,E,M,2026-07-27,0,6.0,99.56
1,TFO,2026-05-18,2026-08,55.0,E,M,2026-07-27,0,6.775,99.56
1,TFO,2026-05-18,2026-08,60.0,E,M,2026-07-27,0,,99.56
1,TFO,2026-05-18,2026-08,65.0,E,M,2026-07-27,0,,99.56
1,TFO,2026-05-18,2026-08,70.0,E,M,2026-07-27,0,,99.56
2,TFO,2026-05-18,2026-08,80.0,E,M,2026-07-27,0,2.95,99.56
1,TFO,2026-05-18,2026-09,33.0,E,M,2026-08-26,0.79,0,99.555
1,TFO,2026-05-18,2026-09,35.0,E,M,2026-08-26,1.02,0,99.555
1,TFO,2026-05-18,2026-09,38.0,E,M,2026-08-26,,0,99.555
2,TFO,2026-05-18,2026-09,40.0,E,M,2026-08-26,2.9,0,99.555
1,TFO,2026-05-18,2026-09,43.0,E,M,2026-08-26,3.975,0,99.555
1,TFO,2026-05-18,2026-09,45.0,E,M,2026-08-26,,0,99.555
2,TFO,2026-05-18,2026-09,50.0,E,M,2026-08-26,8.015,9.18,99.555
1,TFO,2026-05-18,2026-09,55.0,E,M,2026-08-26,0,7.86,99.555
1,TFO,2026-05-18,2026-09,60.0,E,M,2026-08-26,0,6.75,99.555
1,TFO,2026-05-18,2026-09,65.0,E,M,2026-08-26,0,,99.555
1,TFO,2026-05-18,2026-09,70.0,E,M,2026-08-26,0,,99.555
2,TFO,2026-05-18,2026-09,80.0,E,M,2026-08-26,0,4.1,99.555
1,TFO,2026-05-18,2026-10,28.0,E,M,2026-09-25,0.335,0,98.595
1,TFO,2026-05-18,2026-10,30.0,E,M,2026-09-25,0.55,0,98.595
1,TFO,2026-05-18,2026-10,33.0,E,M,2026-09-25,0.9,0,98.595
1,TFO,2026-05-18,2026-10,35.0,E,M,2026-09-25,1.35,0,98.595
1,TFO,2026-05-18,2026-10,45.0,E,M,2026-09-25,,0,98.595
2,TFO,2026-05-18,2026-10,49.0,E,M,2026-09-25,8.775,8.775,98.595
1,TFO,2026-05-18,2026-10,55.0,E,M,2026-09-25,0,7.16,98.595
1,TFO,2026-05-18,2026-10,60.0,E,M,2026-09-25,0,6.135,98.595
1,TFO,2026-05-18,2026-10,70.0,E,M,2026-09-25,0,,98.595
1,TFO,2026-05-18,2026-11,50.0,E,M,2026-10-27,0,9.5,96.19
1,TFO,2026-05-18,2026-11,70.0,E,M,2026-10-27,0,5.65,96.19
1,TFO,2026-05-18,2026-12,35.0,E,M,2026-11-26,,0,94.875
1,TFO,2026-05-18,2026-12,45.0,E,M,2026-11-26,,0,94.875
1,TFO,2026-05-18,2026-12,60.0,E,M,2026-11-26,0,,94.875
1,TFO,2026-05-18,2026-12,70.0,E,M,2026-11-26,0,,94.875
1,TFO,2026-05-18,2027-01,25.0,E,M,2026-12-24,,0,93.43
1,TFO,2026-05-18,2027-01,35.0,E,M,2026-12-24,,0,93.43
1,TFO,2026-05-18,2027-01,55.0,E,M,2026-12-24,0,,93.43
1,TFO,2026-05-18,2027-01,60.0,E,M,2026-12-24,0,,93.43
1,TFO,2026-05-18,2027-01,70.0,E,M,2026-12-24,0,,93.43
1,TFO,2026-05-18,2027-01,75.0,E,M,2026-12-24,0,,93.43
1,TFO,2026-05-18,2027-02,25.0,E,M,2027-01-27,,0,95.11
1,TFO,2026-05-18,2027-02,35.0,E,M,2027-01-27,,0,95.11
1,TFO,2026-05-18,2027-02,55.0,E,M,2027-01-27,0,,95.11
1,TFO,2026-05-18,2027-02,75.0,E,M,2027-01-27,0,,95.11
1,TFO,2026-05-18,2027-02,80.0,E,M,2027-01-27,0,6.8,95.11
1,TFO,2026-05-18,2027-03,25.0,E,M,2027-02-24,,0,44.16
1,TFO,2026-05-18,2027-03,30.0,E,M,2027-02-24,,0,44.16
1,TFO,2026-05-18,2027-03,35.0,E,M,2027-02-24,,0,44.16
1,TFO,2026-05-18,2027-03,60.0,E,M,2027-02-24,0,,44.16
1,TFO,2026-05-18,2027-03,75.0,E,M,2027-02-24,0,,44.16
1,TFO,2026-05-18,2027-04,45.0,E,M,2027-03-25,0,,37.8
1,TFO,2026-05-19,2026-06,38.0,E,M,2026-05-27,0.12,0,103.69999999999999
1,TFO,2026-05-19,2026-06,39.0,E,M,2026-05-27,0.1,0,103.69999999999999
2,TFO,2026-05-19,2026-06,40.0,E,M,2026-05-27,0.29000000000000004,0,103.69999999999999
1,TFO,2026-05-19,2026-06,41.0,E,M,2026-05-27,0.2,0,103.69999999999999
1,TFO,2026-05-19,2026-06,42.0,E,M,2026-05-27,0.27,0,103.69999999999999
2,TFO,2026-05-19,2026-06,43.0,E,M,2026-05-27,0.7,0,103.69999999999999
1,TFO,2026-05-19,2026-06,44.0,E,M,2026-05-27,0.42,0,103.69999999999999
2,TFO,2026-05-19,2026-06,45.0,E,M,2026-05-27,1.0750000000000002,0,103.69999999999999
1,TFO,2026-05-19,2026-06,46.0,E,M,2026-05-27,0.75,0,103.69999999999999
1,TFO,2026-05-19,2026-06,47.0,E,M,2026-05-27,0.825,0,103.69999999999999
3,TFO,2026-05-19,2026-06,48.0,E,M,2026-05-27,2.145,0,103.69999999999999
2,TFO,2026-05-19,2026-06,49.0,E,M,2026-05-27,3.29,0,103.69999999999999
3,TFO,2026-05-19,2026-06,50.0,E,M,2026-05-27,3.5999999999999996,3.085,103.69999999999999
3,TFO,2026-05-19,2026-06,51.0,E,M,2026-05-27,4.825,2.54,103.69999999999999
4,TFO,2026-05-19,2026-06,52.0,E,M,2026-05-27,5.35,5.105,103.69999999999999
1,TFO,2026-05-19,2026-06,53.0,E,M,2026-05-27,0,2.2,103.69999999999999
1,TFO,2026-05-19,2026-06,54.0,E,M,2026-05-27,0,,103.69999999999999
3,TFO,2026-05-19,2026-06,55.0,E,M,2026-05-27,5.05,2.765,103.69999999999999
1,TFO,2026-05-19,2026-06,56.0,E,M,2026-05-27,0,,103.69999999999999
1,TFO,2026-05-19,2026-06,57.0,E,M,2026-05-27,0,0.865,103.69999999999999
1,TFO,2026-05-19,2026-06,58.0,E,M,2026-05-27,0,1.0,103.69999999999999
2,TFO,2026-05-19,2026-06,60.0,E,M,2026-05-27,0,1.28,103.69999999999999
1,TFO,2026-05-19,2026-06,62.0,E,M,2026-05-27,0,,103.69999999999999
1,TFO,2026-05-19,2026-06,63.0,E,M,2026-05-27,0,0.35,103.69999999999999
1,TFO,2026-05-19,2026-06,65.0,E,M,2026-05-27,0,0.4,103.69999999999999
2,TFO,2026-05-19,2026-06,70.0,E,M,2026-05-27,0,0.385,103.69999999999999
1,TFO,2026-05-19,2026-06,80.0,E,M,2026-05-27,0,0.12,103.69999999999999
1,TFO,2026-05-19,2026-07,33.0,E,M,2026-06-26,0.205,0,103.975
1,TFO,2026-05-19,2026-07,35.0,E,M,2026-06-26,0.3,0,103.975
1,TFO,2026-05-19,2026-07,38.0,E,M,2026-06-26,0.5,0,103.975
2,TFO,2026-05-19,2026-07,40.0,E,M,2026-06-26,1.795,0,103.975
1,TFO,2026-05-19,2026-07,41.0,E,M,2026-06-26,,0,103.975
1,TFO,2026-05-19,2026-07,42.0,E,M,2026-06-26,1.35,0,103.975
1,TFO,2026-05-19,2026-07,45.0,E,M,2026-06-26,2.31,0,103.975
1,TFO,2026-05-19,2026-07,46.0,E,M,2026-06-26,,0,103.975
3,TFO,2026-05-19,2026-07,50.0,E,M,2026-06-26,9.98,6.22,103.975
1,TFO,2026-05-19,2026-07,51.0,E,M,2026-06-26,0,,103.975
1,TFO,2026-05-19,2026-07,55.0,E,M,2026-06-26,0,4.9,103.975
1,TFO,2026-05-19,2026-07,56.0,E,M,2026-06-26,0,4.55,103.975
1,TFO,2026-05-19,2026-07,57.0,E,M,2026-06-26,0,,103.975
2,TFO,2026-05-19,2026-07,60.0,E,M,2026-06-26,0,7.25,103.975
1,TFO,2026-05-19,2026-07,65.0,E,M,2026-06-26,0,2.81,103.975
1,TFO,2026-05-19,2026-07,66.0,E,M,2026-06-26,0,2.5,103.975
2,TFO,2026-05-19,2026-07,70.0,E,M,2026-06-26,0,4.300000000000001,103.975
1,TFO,2026-05-19,2026-07,75.0,E,M,2026-06-26,0,1.62,103.975
1,TFO,2026-05-19,2026-07,85.0,E,M,2026-06-26,0,1.08,103.975
1,TFO,2026-05-19,2026-07,90.0,E,M,2026-06-26,0,0.935,103.975
1,TFO,2026-05-19,2026-07,100.0,E,M,2026-06-26,0,0.61,103.975
1,TFO,2026-05-19,2026-08,35.0,E,M,2026-07-27,,0,103.715
1,TFO,2026-05-19,2026-08,40.0,E,M,2026-07-27,,0,103.715
1,TFO,2026-05-19,2026-08,45.0,E,M,2026-07-27,,0,103.715
1,TFO,2026-05-19,2026-08,50.0,E,M,2026-07-27,,0,103.715
1,TFO,2026-05-19,2026-08,52.0,E,M,2026-07-27,0,7.35,103.715
1,TFO,2026-05-19,2026-08,55.0,E,M,2026-07-27,0,6.39,103.715
1,TFO,2026-05-19,2026-08,60.0,E,M,2026-07-27,0,5.215,103.715
1,TFO,2026-05-19,2026-08,65.0,E,M,2026-07-27,0,,103.715
1,TFO,2026-05-19,2026-08,70.0,E,M,2026-07-27,0,3.525,103.715
1,TFO,2026-05-19,2026-08,80.0,E,M,2026-07-27,0,2.5,103.715
1,TFO,2026-05-19,2026-08,85.0,E,M,2026-07-27,0,,103.715
2,TFO,2026-05-19,2026-08,100.0,E,M,2026-07-27,0,1.35,103.715
1,TFO,2026-05-19,2026-09,35.0,E,M,2026-08-26,,0,103.66
1,TFO,2026-05-19,2026-09,40.0,E,M,2026-08-26,,0,103.66
1,TFO,2026-05-19,2026-09,45.0,E,M,2026-08-26,,0,103.66
1,TFO,2026-05-19,2026-09,46.0,E,M,2026-08-26,,0,103.66
2,TFO,2026-05-19,2026-09,50.0,E,M,2026-08-26,0,9.0,103.66
1,TFO,2026-05-19,2026-09,55.0,E,M,2026-08-26,0,,103.66
1,TFO,2026-05-19,2026-09,60.0,E,M,2026-08-26,0,6.35,103.66
1,TFO,2026-05-19,2026-09,65.0,E,M,2026-08-26,0,,103.66
1,TFO,2026-05-19,2026-09,85.0,E,M,2026-08-26,0,,103.66
1,TFO,2026-05-19,2026-09,100.0,E,M,2026-08-26,0,,103.66
1,TFO,2026-05-19,2026-10,30.0,E,M,2026-09-25,,0,102.6
1,TFO,2026-05-19,2026-10,35.0,E,M,2026-09-25,1.3,0,102.6
1,TFO,2026-05-19,2026-10,40.0,E,M,2026-09-25,,0,102.6
1,TFO,2026-05-19,2026-10,45.0,E,M,2026-09-25,,0,102.6
2,TFO,2026-05-19,2026-10,50.0,E,M,2026-09-25,8.85,0,102.6
1,TFO,2026-05-19,2026-10,55.0,E,M,2026-09-25,0,,102.6
1,TFO,2026-05-19,2026-10,60.0,E,M,2026-09-25,0,,102.6
1,TFO,2026-05-19,2026-10,65.0,E,M,2026-09-25,0,,102.6
1,TFO,2026-05-19,2026-10,70.0,E,M,2026-09-25,0,5.25,102.6
1,TFO,2026-05-19,2026-10,75.0,E,M,2026-09-25,0,4.55,102.6
1,TFO,2026-05-19,2026-11,50.0,E,M,2026-10-27,0,,100.81
1,TFO,2026-05-19,2026-11,55.0,E,M,2026-10-27,0,,100.81
1,TFO,2026-05-19,2026-11,70.0,E,M,2026-10-27,0,,100.81
1,TFO,2026-05-19,2026-12,30.0,E,M,2026-11-26,0.76,0,99.305
1,TFO,2026-05-19,2026-12,35.0,E,M,2026-11-26,2.11,0,99.305
1,TFO,2026-05-19,2026-12,45.0,E,M,2026-11-26,,0,99.305
1,TFO,2026-05-19,2026-12,50.0,E,M,2026-11-26,0,9.65,99.305
1,TFO,2026-05-19,2026-12,55.0,E,M,2026-11-26,0,,99.305
1,TFO,2026-05-19,2026-12,60.0,E,M,2026-11-26,0,7.35,99.305
1,TFO,2026-05-19,2026-12,70.0,E,M,2026-11-26,0,,99.305
1,TFO,2026-05-19,2027-01,35.0,E,M,2026-12-24,,0,98.76
1,TFO,2026-05-19,2027-01,50.0,E,M,2026-12-24,0,,98.76
1,TFO,2026-05-19,2027-01,55.0,E,M,2026-12-24,0,,98.76
1,TFO,2026-05-19,2027-01,60.0,E,M,2026-12-24,0,,98.76
1,TFO,2026-05-19,2027-01,65.0,E,M,2026-12-24,0,,98.76
1,TFO,2026-05-19,2027-01,70.0,E,M,2026-12-24,0,,98.76
1,TFO,2026-05-19,2027-01,75.0,E,M,2026-12-24,0,,98.76
1,TFO,2026-05-19,2027-02,35.0,E,M,2027-01-27,,0,95.675
1,TFO,2026-05-19,2027-02,50.0,E,M,2027-01-27,0,,95.675
1,TFO,2026-05-19,2027-02,55.0,E,M,2027-01-27,0,,95.675
1,TFO,2026-05-19,2027-02,65.0,E,M,2027-01-27,0,,95.675
1,TFO,2026-05-19,2027-02,75.0,E,M,2027-01-27,0,,95.675
1,TFO,2026-05-19,2027-03,30.0,E,M,2027-02-24,,0,92.29499999999999
1,TFO,2026-05-19,2027-03,35.0,E,M,2027-02-24,,0,92.29499999999999
1,TFO,2026-05-19,2027-03,50.0,E,M,2027-02-24,0,,92.29499999999999
1,TFO,2026-05-19,2027-03,60.0,E,M,2027-02-24,0,,92.29499999999999
1,TFO,2026-05-19,2027-03,75.0,E,M,2027-02-24,0,,92.29499999999999
1,TFO,2026-05-19,2027-04,45.0,E,M,2027-03-25,0,6.2,76.655
1,TFO,2026-05-19,2027-04,50.0,E,M,2027-03-25,0,5.25,76.655
1,TFO,2026-05-20,2026-06,25.0,E,M,2026-05-27,,0,98.09
1,TFO,2026-05-20,2026-06,36.0,E,M,2026-05-27,0.05,0,98.09
2,TFO,2026-05-20,2026-06,38.0,E,M,2026-05-27,0.2,0,98.09
1,TFO,2026-05-20,2026-06,40.0,E,M,2026-05-27,0.175,0,98.09
1,TFO,2026-05-20,2026-06,41.0,E,M,2026-05-27,0.25,0,98.09
1,TFO,2026-05-20,2026-06,42.0,E,M,2026-05-27,0.37,0,98.09
1,TFO,2026-05-20,2026-06,43.0,E,M,2026-05-27,0.295,0,98.09
2,TFO,2026-05-20,2026-06,44.0,E,M,2026-05-27,1.2200000000000002,0,98.09
2,TFO,2026-05-20,2026-06,45.0,E,M,2026-05-27,1.855,0,98.09
1,TFO,2026-05-20,2026-06,46.0,E,M,2026-05-27,1.13,0,98.09
1,TFO,2026-05-20,2026-06,47.0,E,M,2026-05-27,0.9,0,98.09
3,TFO,2026-05-20,2026-06,48.0,E,M,2026-05-27,3.425,0,98.09
1,TFO,2026-05-20,2026-06,49.0,E,M,2026-05-27,1.5,0,98.09
4,TFO,2026-05-20,2026-06,50.0,E,M,2026-05-27,4.385,4.045,98.09
2,TFO,2026-05-20,2026-06,51.0,E,M,2026-05-27,0,1.59,98.09
2,TFO,2026-05-20,2026-06,52.0,E,M,2026-05-27,4.075,2.1,98.09
2,TFO,2026-05-20,2026-06,53.0,E,M,2026-05-27,0,2.0599999999999996,98.09
1,TFO,2026-05-20,2026-06,54.0,E,M,2026-05-27,0,,98.09
2,TFO,2026-05-20,2026-06,55.0,E,M,2026-05-27,0,1.29,98.09
1,TFO,2026-05-20,2026-06,56.0,E,M,2026-05-27,0,,98.09
1,TFO,2026-05-20,2026-06,57.0,E,M,2026-05-27,0,0.44,98.09
2,TFO,2026-05-20,2026-06,60.0,E,M,2026-05-27,0,0.8300000000000001,98.09
1,TFO,2026-05-20,2026-06,62.0,E,M,2026-05-27,0,0.295,98.09
1,TFO,2026-05-20,2026-06,65.0,E,M,2026-05-27,0,0.22,98.09
2,TFO,2026-05-20,2026-06,70.0,E,M,2026-05-27,0,0.28,98.09
2,TFO,2026-05-20,2026-06,75.0,E,M,2026-05-27,0,0.15000000000000002,98.09
1,TFO,2026-05-20,2026-06,80.0,E,M,2026-05-27,0,0.07,98.09
1,TFO,2026-05-20,2026-07,25.0,E,M,2026-06-26,,0,97.61
1,TFO,2026-05-20,2026-07,30.0,E,M,2026-06-26,0,21.57,97.61
1,TFO,2026-05-20,2026-07,33.0,E,M,2026-06-26,0.205,0,97.61
2,TFO,2026-05-20,2026-07,34.0,E,M,2026-06-26,2.45,17.7,97.61
2,TFO,2026-05-20,2026-07,35.0,E,M,2026-06-26,0.3,0,97.61
1,TFO,2026-05-20,2026-07,36.0,E,M,2026-06-26,0.35,0,97.61
1,TFO,2026-05-20,2026-07,37.0,E,M,2026-06-26,0,14.9,97.61
1,TFO,2026-05-20,2026-07,38.0,E,M,2026-06-26,,0,97.61
2,TFO,2026-05-20,2026-07,40.0,E,M,2026-06-26,1.9449999999999998,0,97.61
1,TFO,2026-05-20,2026-07,43.0,E,M,2026-06-26,1.6,0,97.61
1,TFO,2026-05-20,2026-07,44.0,E,M,2026-06-26,,0,97.61
1,TFO,2026-05-20,2026-07,45.0,E,M,2026-06-26,3.0,0,97.61
1,TFO,2026-05-20,2026-07,46.0,E,M,2026-06-26,2.775,0,97.61
1,TFO,2026-05-20,2026-07,47.0,E,M,2026-06-26,,0,97.61
1,TFO,2026-05-20,2026-07,48.0,E,M,2026-06-26,3.69,0,97.61
1,TFO,2026-05-20,2026-07,49.0,E,M,2026-06-26,,0,97.61
3,TFO,2026-05-20,2026-07,50.0,E,M,2026-06-26,4.95,11.33,97.61
2,TFO,2026-05-20,2026-07,51.0,E,M,2026-06-26,5.6,5.6,97.61
1,TFO,2026-05-20,2026-07,52.0,E,M,2026-06-26,0,5.2,97.61
2,TFO,2026-05-20,2026-07,55.0,E,M,2026-06-26,0,7.275,97.61
1,TFO,2026-05-20,2026-07,60.0,E,M,2026-06-26,0,3.2,97.61
1,TFO,2026-05-20,2026-07,65.0,E,M,2026-06-26,0,2.34,97.61
1,TFO,2026-05-20,2026-07,70.0,E,M,2026-06-26,0,2.07,97.61
1,TFO,2026-05-20,2026-07,80.0,E,M,2026-06-26,0,1.04,97.61
1,TFO,2026-05-20,2026-07,90.0,E,M,2026-06-26,0,0.605,97.61
1,TFO,2026-05-20,2026-07,100.0,E,M,2026-06-26,0,0.62,97.61
1,TFO,2026-05-20,2026-08,30.0,E,M,2026-07-27,0,21.84,98.36
1,TFO,2026-05-20,2026-08,34.0,E,M,2026-07-27,0,18.2,98.36
1,TFO,2026-05-20,2026-08,35.0,E,M,2026-07-27,0.7,0,98.36
1,TFO,2026-05-20,2026-08,37.0,E,M,2026-07-27,0,15.7,98.36
1,TFO,2026-05-20,2026-08,38.0,E,M,2026-07-27,,0,98.36
1,TFO,2026-05-20,2026-08,40.0,E,M,2026-07-27,,0,98.36
1,TFO,2026-05-20,2026-08,45.0,E,M,2026-07-27,,0,98.36
1,TFO,2026-05-20,2026-08,50.0,E,M,2026-07-27,0,6.96,98.36
1,TFO,2026-05-20,2026-08,51.0,E,M,2026-07-27,8.3,0,98.36
1,TFO,2026-05-20,2026-08,65.0,E,M,2026-07-27,0,4.2,98.36
1,TFO,2026-05-20,2026-08,75.0,E,M,2026-07-27,0,2.42,98.36
1,TFO,2026-05-20,2026-08,100.0,E,M,2026-07-27,0,1.3,98.36
1,TFO,2026-05-20,2026-09,25.0,E,M,2026-08-26,,0,97.82
1,TFO,2026-05-20,2026-09,34.5,E,M,2026-08-26,0.985,0,97.82
1,TFO,2026-05-20,2026-09,38.0,E,M,2026-08-26,,0,97.82
1,TFO,2026-05-20,2026-09,40.0,E,M,2026-08-26,,0,97.82
1,TFO,2026-05-20,2026-09,45.0,E,M,2026-08-26,4.95,0,97.82
2,TFO,2026-05-20,2026-09,50.0,E,M,2026-08-26,7.925,9.0,97.82
1,TFO,2026-05-20,2026-09,57.0,E,M,2026-08-26,0,6.75,97.82
1,TFO,2026-05-20,2026-09,70.0,E,M,2026-08-26,0,4.65,97.82
1,TFO,2026-05-20,2026-09,85.0,E,M,2026-08-26,0,3.08,97.82
1,TFO,2026-05-20,2026-10,28.0,E,M,2026-09-25,0.31,0,97.015
1,TFO,2026-05-20,2026-10,30.0,E,M,2026-09-25,,0,97.015
1,TFO,2026-05-20,2026-10,35.0,E,M,2026-09-25,,0,97.015
1,TFO,2026-05-20,2026-10,40.0,E,M,2026-09-25,,0,97.015
1,TFO,2026-05-20,2026-10,45.0,E,M,2026-09-25,5.55,0,97.015
2,TFO,2026-05-20,2026-10,50.0,E,M,2026-09-25,0,0,97.015
1,TFO,2026-05-20,2026-10,55.0,E,M,2026-09-25,0,7.16,97.015
1,TFO,2026-05-20,2026-10,60.0,E,M,2026-09-25,0,6.11,97.015
1,TFO,2026-05-20,2026-10,65.0,E,M,2026-09-25,0,5.8,97.015
1,TFO,2026-05-20,2026-10,75.0,E,M,2026-09-25,0,,97.015
1,TFO,2026-05-20,2026-11,50.0,E,M,2026-10-27,0,,95.06
1,TFO,2026-05-20,2026-11,75.0,E,M,2026-10-27,0,5.0,95.06
1,TFO,2026-05-20,2026-11,100.0,E,M,2026-10-27,0,3.05,95.06
1,TFO,2026-05-20,2026-12,30.0,E,M,2026-11-26,,0,94.25999999999999
1,TFO,2026-05-20,2026-12,35.0,E,M,2026-11-26,,0,94.25999999999999
1,TFO,2026-05-20,2026-12,45.0,E,M,2026-11-26,,0,94.25999999999999
1,TFO,2026-05-20,2026-12,50.0,E,M,2026-11-26,0,9.8,94.25999999999999
1,TFO,2026-05-20,2026-12,60.0,E,M,2026-11-26,0,7.525,94.25999999999999
1,TFO,2026-05-20,2026-12,75.0,E,M,2026-11-26,0,5.45,94.25999999999999
1,TFO,2026-05-20,2026-12,100.0,E,M,2026-11-26,0,3.43,94.25999999999999
1,TFO,2026-05-20,2027-01,25.0,E,M,2026-12-24,0.46,0,94.19
1,TFO,2026-05-20,2027-01,35.0,E,M,2026-12-24,2.96,0,94.19
1,TFO,2026-05-20,2027-01,40.0,E,M,2026-12-24,5.175,0,94.19
1,TFO,2026-05-20,2027-01,50.0,E,M,2026-12-24,0,,94.19
1,TFO,2026-05-20,2027-01,55.0,E,M,2026-12-24,0,8.34,94.19
1,TFO,2026-05-20,2027-01,60.0,E,M,2026-12-24,0,,94.19
1,TFO,2026-05-20,2027-01,65.0,E,M,2026-12-24,0,6.76,94.19
1,TFO,2026-05-20,2027-01,70.0,E,M,2026-12-24,0,7.25,94.19
1,TFO,2026-05-20,2027-01,75.0,E,M,2026-12-24,0,,94.19
1,TFO,2026-05-20,2027-02,25.0,E,M,2027-01-27,0.7,0,94.225
1,TFO,2026-05-20,2027-02,35.0,E,M,2027-01-27,3.7,0,94.225
1,TFO,2026-05-20,2027-02,50.0,E,M,2027-01-27,0,,94.225
1,TFO,2026-05-20,2027-02,55.0,E,M,2027-01-27,0,8.66,94.225
1,TFO,2026-05-20,2027-02,65.0,E,M,2027-01-27,0,7.14,94.225
1,TFO,2026-05-20,2027-02,75.0,E,M,2027-01-27,0,,94.225
1,TFO,2026-05-20,2027-03,50.0,E,M,2027-02-24,0,,90.28
1,TFO,2026-05-20,2027-03,60.0,E,M,2027-02-24,0,,90.28
1,TFO,2026-05-20,2027-03,75.0,E,M,2027-02-24,0,,90.28
1,TFO,2026-05-20,2027-04,45.0,E,M,2027-03-25,0,5.6,75.54499999999999
