check,contract_code,ts_event,contract_delivery_period,option_strike_price,ex_style,opt_term,option_expiry_date,put_price,call_price,put_volume,call_volume,close_of_future,euro_short_term_rate
1,TFO,2026-04-20,2026-05,32.0,E,M,2026-04-24,0.03,0,300,0,39.59774234871834,1.931
1,TFO,2026-04-20,2026-05,33.0,E,M,2026-04-24,0.05,0,275,0,39.59774234871834,1.931
1,TFO,2026-04-20,2026-05,34.0,E,M,2026-04-24,0.12,0,375,0,39.59774234871834,1.931
2,TFO,2026-04-20,2026-05,35.0,E,M,2026-04-24,0.19147058823529411,0,3400,0,39.59774234871834,1.931
1,TFO,2026-04-20,2026-05,36.0,E,M,2026-04-24,0.23,0,250,0,39.59774234871834,1.931
2,TFO,2026-04-20,2026-05,37.0,E,M,2026-04-24,0.5973684210526317,0,475,0,39.59774234871834,1.931
2,TFO,2026-04-20,2026-05,38.0,E,M,2026-04-24,0.7260869565217392,0,575,0,39.59774234871834,1.931
2,TFO,2026-04-20,2026-05,39.0,E,M,2026-04-24,1.3972049689440993,0,805,0,39.59774234871834,1.931
4,TFO,2026-04-20,2026-05,40.0,E,M,2026-04-24,1.8156050955414011,1.8967391304347825,3140,575,39.59774234871834,1.931
1,TFO,2026-04-20,2026-05,42.0,E,M,2026-04-24,0,1.1,0,350,39.59774234871834,1.931
2,TFO,2026-04-20,2026-05,43.0,E,M,2026-04-24,0,1.0,0,475,39.59774234871834,1.931
2,TFO,2026-04-20,2026-05,44.0,E,M,2026-04-24,4.5,0.79,300,200,39.59774234871834,1.931
2,TFO,2026-04-20,2026-05,45.0,E,M,2026-04-24,0,0.7497202797202797,0,3575,39.59774234871834,1.931
2,TFO,2026-04-20,2026-05,46.0,E,M,2026-04-24,0,0.59,0,100,39.59774234871834,1.931
2,TFO,2026-04-20,2026-05,48.0,E,M,2026-04-24,0,0.4625,0,40,39.59774234871834,1.931
3,TFO,2026-04-20,2026-05,50.0,E,M,2026-04-24,9.7,0.33187995469988674,500,4415,39.59774234871834,1.931
1,TFO,2026-04-20,2026-05,55.0,E,M,2026-04-24,0,0.14,0,100,39.59774234871834,1.931
1,TFO,2026-04-20,2026-05,60.0,E,M,2026-04-24,0,0.12,0,1600,39.59774234871834,1.931
1,TFO,2026-04-20,2026-05,65.0,E,M,2026-04-24,0,0.075,0,500,39.59774234871834,1.931
1,TFO,2026-04-20,2026-05,70.0,E,M,2026-04-24,0,0.06,0,750,39.59774234871834,1.931
1,TFO,2026-04-20,2026-06,30.0,E,M,2026-05-27,0.375,0,300,0,39.58657400006395,1.931
1,TFO,2026-04-20,2026-06,31.0,E,M,2026-05-27,0.55,0,20,0,39.58657400006395,1.931
1,TFO,2026-04-20,2026-06,32.5,E,M,2026-05-27,0.77,0,10,0,39.58657400006395,1.931
1,TFO,2026-04-20,2026-06,34.0,E,M,2026-05-27,1.15,0,200,0,39.58657400006395,1.931
1,TFO,2026-04-20,2026-06,34.5,E,M,2026-05-27,1.345,0,5,0,39.58657400006395,1.931
2,TFO,2026-04-20,2026-06,35.0,E,M,2026-05-27,1.5995220588235293,0,1360,0,39.58657400006395,1.931
1,TFO,2026-04-20,2026-06,37.0,E,M,2026-05-27,2.88,0,1000,0,39.58657400006395,1.931
1,TFO,2026-04-20,2026-06,38.0,E,M,2026-05-27,2.725,0,30,0,39.58657400006395,1.931
1,TFO,2026-04-20,2026-06,39.0,E,M,2026-05-27,3.35,0,100,0,39.58657400006395,1.931
2,TFO,2026-04-20,2026-06,40.0,E,M,2026-05-27,3.93,4.02,825,2750,39.58657400006395,1.931
1,TFO,2026-04-20,2026-06,43.0,E,M,2026-05-27,0,2.67,0,1000,39.58657400006395,1.931
1,TFO,2026-04-20,2026-06,45.0,E,M,2026-05-27,0,2.7,0,2375,39.58657400006395,1.931
2,TFO,2026-04-20,2026-06,50.0,E,M,2026-05-27,0,1.8796052631578948,0,1900,39.58657400006395,1.931
1,TFO,2026-04-20,2026-06,55.0,E,M,2026-05-27,0,1.22,0,1000,39.58657400006395,1.931
2,TFO,2026-04-20,2026-06,60.0,E,M,2026-05-27,0,0.9520967741935483,0,620,39.58657400006395,1.931
1,TFO,2026-04-20,2026-06,70.0,E,M,2026-05-27,0,0.55,0,800,39.58657400006395,1.931
1,TFO,2026-04-20,2026-06,80.0,E,M,2026-05-27,0,0.375,0,300,39.58657400006395,1.931
1,TFO,2026-04-20,2026-06,90.0,E,M,2026-05-27,0,0.24,0,500,39.58657400006395,1.931
1,TFO,2026-04-20,2026-06,120.0,E,M,2026-05-27,0,0.12,0,1000,39.58657400006395,1.931
1,TFO,2026-04-20,2026-07,30.0,E,M,2026-06-26,0.72,0,275,0,39.562096389551336,1.931
1,TFO,2026-04-20,2026-07,35.0,E,M,2026-06-26,2.1,0,625,0,39.562096389551336,1.931
1,TFO,2026-04-20,2026-07,40.0,E,M,2026-06-26,4.9,0,540,0,39.562096389551336,1.931
1,TFO,2026-04-20,2026-07,44.0,E,M,2026-06-26,7.45,0,25,0,39.562096389551336,1.931
1,TFO,2026-04-20,2026-07,45.0,E,M,2026-06-26,0,3.7,0,50,39.562096389551336,1.931
1,TFO,2026-04-20,2026-07,50.0,E,M,2026-06-26,0,2.6,0,125,39.562096389551336,1.931
1,TFO,2026-04-20,2026-07,51.0,E,M,2026-06-26,0,2.255,0,15,39.562096389551336,1.931
1,TFO,2026-04-20,2026-07,57.0,E,M,2026-06-26,0,1.595,0,15,39.562096389551336,1.931
1,TFO,2026-04-20,2026-07,60.0,E,M,2026-06-26,0,1.475,0,800,39.562096389551336,1.931
1,TFO,2026-04-20,2026-07,85.0,E,M,2026-06-26,0,0.68,0,35,39.562096389551336,1.931
1,TFO,2026-04-20,2026-08,45.0,E,M,2026-07-27,0,3.95,0,250,39.46252485158084,1.931
1,TFO,2026-04-20,2026-08,55.0,E,M,2026-07-27,0,2.305,0,250,39.46252485158084,1.931
1,TFO,2026-04-20,2026-08,85.0,E,M,2026-07-27,0,0.93,0,32,39.46252485158084,1.931
1,TFO,2026-04-20,2026-09,25.0,E,M,2026-08-26,0.35,0,300,0,39.55231446059678,1.931
1,TFO,2026-04-20,2026-09,29.0,E,M,2026-08-26,0.715,0,25,0,39.55231446059678,1.931
1,TFO,2026-04-20,2026-09,30.0,E,M,2026-08-26,0.985,0,50,0,39.55231446059678,1.931
1,TFO,2026-04-20,2026-09,70.0,E,M,2026-08-26,0,1.68,0,25,39.55231446059678,1.931
1,TFO,2026-04-20,2026-09,75.0,E,M,2026-08-26,0,1.465,0,50,39.55231446059678,1.931
1,TFO,2026-04-20,2026-09,95.0,E,M,2026-08-26,0,0.74,0,25,39.55231446059678,1.931
1,TFO,2026-04-20,2026-10,50.0,E,M,2026-09-25,0,4.1,0,175,39.57715631050871,1.931
1,TFO,2026-04-20,2026-10,60.0,E,M,2026-09-25,0,2.8,0,50,39.57715631050871,1.931
1,TFO,2026-04-20,2027-01,43.0,E,M,2026-12-24,0,6.9,0,1092,39.17,1.931
1,TFO,2026-04-20,2027-01,53.0,E,M,2026-12-24,0,4.85,0,1043,39.17,1.931
2,TFO,2026-04-21,2026-05,32.0,E,M,2026-04-24,0.29000000000000004,0,1250,0,43.16070526723876,1.932
1,TFO,2026-04-21,2026-05,34.0,E,M,2026-04-24,0.065,0,1675,0,43.16070526723876,1.932
3,TFO,2026-04-21,2026-05,35.0,E,M,2026-04-24,0.21130434782608695,7.225,6325,1375,43.16070526723876,1.932
1,TFO,2026-04-21,2026-05,36.0,E,M,2026-04-24,0.2,0,850,0,43.16070526723876,1.932
1,TFO,2026-04-21,2026-05,37.0,E,M,2026-04-24,0.32,0,3200,0,43.16070526723876,1.932
2,TFO,2026-04-21,2026-05,38.0,E,M,2026-04-24,0.4985110470701249,0,5205,0,43.16070526723876,1.932
1,TFO,2026-04-21,2026-05,39.0,E,M,2026-04-24,0.86,0,50,0,43.16070526723876,1.932
4,TFO,2026-04-21,2026-05,40.0,E,M,2026-04-24,1.1976993865030674,2.7604060913705584,3260,985,43.16070526723876,1.932
2,TFO,2026-04-21,2026-05,42.0,E,M,2026-04-24,2.165,2.005,750,250,43.16070526723876,1.932
2,TFO,2026-04-21,2026-05,43.0,E,M,2026-04-24,2.62,1.975,75,220,43.16070526723876,1.932
1,TFO,2026-04-21,2026-05,44.0,E,M,2026-04-24,0,0.6,0,100,43.16070526723876,1.932
2,TFO,2026-04-21,2026-05,45.0,E,M,2026-04-24,0,1.0782065217391306,0,4600,43.16070526723876,1.932
1,TFO,2026-04-21,2026-05,46.0,E,M,2026-04-24,0,0.855,0,600,43.16070526723876,1.932
1,TFO,2026-04-21,2026-05,47.0,E,M,2026-04-24,0,0.325,0,200,43.16070526723876,1.932
2,TFO,2026-04-21,2026-05,48.0,E,M,2026-04-24,0,0.6029411764705882,0,1020,43.16070526723876,1.932
1,TFO,2026-04-21,2026-05,49.0,E,M,2026-04-24,0,0.885,0,35,43.16070526723876,1.932
2,TFO,2026-04-21,2026-05,50.0,E,M,2026-04-24,0,0.6514503816793893,0,6550,43.16070526723876,1.932
1,TFO,2026-04-21,2026-05,52.0,E,M,2026-04-24,0,0.25,0,200,43.16070526723876,1.932
1,TFO,2026-04-21,2026-05,55.0,E,M,2026-04-24,0,0.23,0,1200,43.16070526723876,1.932
2,TFO,2026-04-21,2026-05,60.0,E,M,2026-04-24,0,0.13782608695652174,0,1150,43.16070526723876,1.932
1,TFO,2026-04-21,2026-05,80.0,E,M,2026-04-24,0,0.01,0,100,43.16070526723876,1.932
2,TFO,2026-04-21,2026-06,30.0,E,M,2026-05-27,0.3295454545454546,0,550,0,43.158974502661806,1.932
1,TFO,2026-04-21,2026-06,32.0,E,M,2026-05-27,0.6,0,1250,0,43.158974502661806,1.932
1,TFO,2026-04-21,2026-06,33.0,E,M,2026-05-27,1.02,0,250,0,43.158974502661806,1.932
2,TFO,2026-04-21,2026-06,35.0,E,M,2026-05-27,1.3092468619246862,0,1195,0,43.158974502661806,1.932
1,TFO,2026-04-21,2026-06,37.0,E,M,2026-05-27,1.92,0,1250,0,43.158974502661806,1.932
1,TFO,2026-04-21,2026-06,38.0,E,M,2026-05-27,2.35,0,300,0,43.158974502661806,1.932
1,TFO,2026-04-21,2026-06,39.0,E,M,2026-05-27,2.905,0,150,0,43.158974502661806,1.932
2,TFO,2026-04-21,2026-06,40.0,E,M,2026-05-27,3.4,5.175,3400,300,43.158974502661806,1.932
1,TFO,2026-04-21,2026-06,42.0,E,M,2026-05-27,4.7,0,200,0,43.158974502661806,1.932
1,TFO,2026-04-21,2026-06,43.0,E,M,2026-05-27,0,4.125,0,125,43.158974502661806,1.932
1,TFO,2026-04-21,2026-06,45.0,E,M,2026-05-27,0,3.7,0,2650,43.158974502661806,1.932
1,TFO,2026-04-21,2026-06,48.0,E,M,2026-05-27,0,1.88,0,100,43.158974502661806,1.932
2,TFO,2026-04-21,2026-06,50.0,E,M,2026-05-27,10.52,2.44,1100,2600,43.158974502661806,1.932
1,TFO,2026-04-21,2026-06,55.0,E,M,2026-05-27,0,2.025,0,550,43.158974502661806,1.932
2,TFO,2026-04-21,2026-06,60.0,E,M,2026-05-27,0,0.94,0,500,43.158974502661806,1.932
1,TFO,2026-04-21,2026-06,65.0,E,M,2026-05-27,0,1.1,0,700,43.158974502661806,1.932
1,TFO,2026-04-21,2026-06,70.0,E,M,2026-05-27,0,0.995,0,50,43.158974502661806,1.932
1,TFO,2026-04-21,2026-07,30.0,E,M,2026-06-26,0.56,0,50,0,43.11138977748094,1.932
1,TFO,2026-04-21,2026-07,33.0,E,M,2026-06-26,1.34,0,5,0,43.11138977748094,1.932
1,TFO,2026-04-21,2026-07,45.0,E,M,2026-06-26,0,3.425,0,450,43.11138977748094,1.932
1,TFO,2026-04-21,2026-07,55.0,E,M,2026-06-26,0,1.85,0,125,43.11138977748094,1.932
1,TFO,2026-04-21,2026-07,70.0,E,M,2026-06-26,0,1.18,0,160,43.11138977748094,1.932
1,TFO,2026-04-21,2026-08,45.0,E,M,2026-07-27,0,4.35,0,450,43.034416685205784,1.932
1,TFO,2026-04-21,2026-08,55.0,E,M,2026-07-27,0,2.6,0,325,43.034416685205784,1.932
1,TFO,2026-04-21,2026-10,30.0,E,M,2026-09-25,0.97,0,1075,0,42.8740484608985,1.932
1,TFO,2026-04-21,2026-10,37.0,E,M,2026-09-25,3.92,0,1250,0,42.8740484608985,1.932
1,TFO,2026-04-21,2026-10,50.0,E,M,2026-09-25,0,4.75,0,50,42.8740484608985,1.932
1,TFO,2026-04-21,2026-10,60.0,E,M,2026-09-25,0,3.275,0,375,42.8740484608985,1.932
1,TFO,2026-04-21,2026-12,70.0,E,M,2026-11-26,0,3.85,0,225,42.44390345349131,1.932
1,TFO,2026-04-22,2026-05,35.0,E,M,2026-04-24,0.05,0,1000,0,44.14145454351808,1.931
1,TFO,2026-04-22,2026-05,36.0,E,M,2026-04-24,0.03,0,1225,0,44.14145454351808,1.931
1,TFO,2026-04-22,2026-05,37.0,E,M,2026-04-24,0.27,0,90,0,44.14145454351808,1.931
3,TFO,2026-04-22,2026-05,38.0,E,M,2026-04-24,0.1575,4.865,1900,50,44.14145454351808,1.931
3,TFO,2026-04-22,2026-05,40.0,E,M,2026-04-24,0.20189583333333333,3.87,7200,6395,44.14145454351808,1.931
3,TFO,2026-04-22,2026-05,41.0,E,M,2026-04-24,0.4191693290734824,2.2,1565,25,44.14145454351808,1.931
3,TFO,2026-04-22,2026-05,42.0,E,M,2026-04-24,1.2,2.45,1010,200,44.14145454351808,1.931
3,TFO,2026-04-22,2026-05,43.0,E,M,2026-04-24,0.9075949367088607,1.335,1975,400,44.14145454351808,1.931
3,TFO,2026-04-22,2026-05,44.0,E,M,2026-04-24,2.5,1.4700000000000002,1000,300,44.14145454351808,1.931
3,TFO,2026-04-22,2026-05,45.0,E,M,2026-04-24,3.0,1.2931297709923664,750,3275,44.14145454351808,1.931
2,TFO,2026-04-22,2026-05,46.0,E,M,2026-04-24,0,0.7572857142857142,0,875,44.14145454351808,1.931
2,TFO,2026-04-22,2026-05,48.0,E,M,2026-04-24,0,0.4610344827586207,0,1450,44.14145454351808,1.931
1,TFO,2026-04-22,2026-05,49.0,E,M,2026-04-24,0,0.51,0,45,44.14145454351808,1.931
2,TFO,2026-04-22,2026-05,50.0,E,M,2026-04-24,0,0.32170212765957445,0,2585,44.14145454351808,1.931
1,TFO,2026-04-22,2026-05,55.0,E,M,2026-04-24,0,0.155,0,1400,44.14145454351808,1.931
1,TFO,2026-04-22,2026-05,60.0,E,M,2026-04-24,0,0.1,0,25,44.14145454351808,1.931
1,TFO,2026-04-22,2026-05,70.0,E,M,2026-04-24,0,0.06,0,50,44.14145454351808,1.931
1,TFO,2026-04-22,2026-05,75.0,E,M,2026-04-24,0,0.025,0,450,44.14145454351808,1.931
2,TFO,2026-04-22,2026-06,30.0,E,M,2026-05-27,0.253125,0,1200,0,44.104494007989345,1.931
1,TFO,2026-04-22,2026-06,32.0,E,M,2026-05-27,0.475,0,700,0,44.104494007989345,1.931
1,TFO,2026-04-22,2026-06,33.0,E,M,2026-05-27,0.5,0,500,0,44.104494007989345,1.931
2,TFO,2026-04-22,2026-06,35.0,E,M,2026-05-27,1.018970588235294,0,2720,0,44.104494007989345,1.931
1,TFO,2026-04-22,2026-06,40.0,E,M,2026-05-27,3.0300000000000002,0,1360,0,44.104494007989345,1.931
1,TFO,2026-04-22,2026-06,45.0,E,M,2026-05-27,0,4.5,0,2050,44.104494007989345,1.931
2,TFO,2026-04-22,2026-06,50.0,E,M,2026-05-27,0,3.0234496124031005,0,2580,44.104494007989345,1.931
1,TFO,2026-04-22,2026-06,55.0,E,M,2026-05-27,0,1.875,0,1050,44.104494007989345,1.931
2,TFO,2026-04-22,2026-06,60.0,E,M,2026-05-27,0,1.403048780487805,0,820,44.104494007989345,1.931
2,TFO,2026-04-22,2026-06,65.0,E,M,2026-05-27,0,1.0976470588235294,0,850,44.104494007989345,1.931
2,TFO,2026-04-22,2026-06,70.0,E,M,2026-05-27,0,0.7609677419354839,0,310,44.104494007989345,1.931
1,TFO,2026-04-22,2026-06,75.0,E,M,2026-05-27,0,0.75,0,15,44.104494007989345,1.931
1,TFO,2026-04-22,2026-07,30.0,E,M,2026-06-26,0,13.2,0,90,44.149592618832926,1.931
1,TFO,2026-04-22,2026-07,34.0,E,M,2026-06-26,0,10.075,0,80,44.149592618832926,1.931
1,TFO,2026-04-22,2026-07,37.0,E,M,2026-06-26,0,8.2,0,40,44.149592618832926,1.931
1,TFO,2026-04-22,2026-07,45.0,E,M,2026-06-26,0,5.45,0,4700,44.149592618832926,1.931
1,TFO,2026-04-22,2026-07,55.0,E,M,2026-06-26,0,3.26,0,4025,44.149592618832926,1.931
1,TFO,2026-04-22,2026-07,60.0,E,M,2026-06-26,0,2.45,0,20,44.149592618832926,1.931
1,TFO,2026-04-22,2026-07,65.0,E,M,2026-06-26,0,1.9,0,10,44.149592618832926,1.931
1,TFO,2026-04-22,2026-08,35.0,E,M,2026-07-27,1.945,0,50,0,44.10935272085415,1.931
1,TFO,2026-04-22,2026-08,45.0,E,M,2026-07-27,0,5.775,0,925,44.10935272085415,1.931
1,TFO,2026-04-22,2026-08,50.0,E,M,2026-07-27,0,4.315,0,725,44.10935272085415,1.931
1,TFO,2026-04-22,2026-08,55.0,E,M,2026-07-27,0,3.625,0,250,44.10935272085415,1.931
1,TFO,2026-04-22,2026-09,50.0,E,M,2026-08-26,0,4.85,0,1275,44.07325961356318,1.931
1,TFO,2026-04-22,2026-09,60.0,E,M,2026-08-26,0,3.26,0,730,44.07325961356318,1.931
1,TFO,2026-04-22,2026-10,50.0,E,M,2026-09-25,0,5.12,0,60,43.80261745398378,1.931
1,TFO,2026-04-22,2026-10,70.0,E,M,2026-09-25,0,2.57,0,50,43.80261745398378,1.931
1,TFO,2026-04-22,2026-12,70.0,E,M,2026-11-26,0,3.5,0,225,43.25982803738317,1.931
1,TFO,2026-04-22,2027-01,50.0,E,M,2026-12-24,0,7.1,0,510,43.03561005269558,1.931
1,TFO,2026-04-22,2027-01,85.0,E,M,2026-12-24,0,3.3,0,49,43.03561005269558,1.931
1,TFO,2026-04-23,2026-05,35.0,E,M,2026-04-24,0.01,0,1700,0,44.80849236735136,1.933
1,TFO,2026-04-23,2026-05,38.0,E,M,2026-04-24,0.04,0,1700,0,44.80849236735136,1.933
2,TFO,2026-04-23,2026-05,40.0,E,M,2026-04-24,0.06465437788018433,0,3255,0,44.80849236735136,1.933
3,TFO,2026-04-23,2026-05,42.0,E,M,2026-04-24,0.12231182795698925,3.74,465,50,44.80849236735136,1.933
2,TFO,2026-04-23,2026-05,43.0,E,M,2026-04-24,0.58,1.99,2600,700,44.80849236735136,1.933
4,TFO,2026-04-23,2026-05,44.0,E,M,2026-04-24,1.1030188679245283,1.2204494382022473,1325,3560,44.80849236735136,1.933
4,TFO,2026-04-23,2026-05,45.0,E,M,2026-04-24,1.3548033707865168,0.7708587619877942,4450,5735,44.80849236735136,1.933
3,TFO,2026-04-23,2026-05,46.0,E,M,2026-04-24,2.24,0.476453488372093,250,4300,44.80849236735136,1.933
1,TFO,2026-04-23,2026-05,47.0,E,M,2026-04-24,0,0.325,0,1275,44.80849236735136,1.933
1,TFO,2026-04-23,2026-05,48.0,E,M,2026-04-24,0,0.4,0,3000,44.80849236735136,1.933
1,TFO,2026-04-23,2026-05,49.0,E,M,2026-04-24,0,0.65,0,200,44.80849236735136,1.933
2,TFO,2026-04-23,2026-05,50.0,E,M,2026-04-24,0,0.05571479885057472,0,6960,44.80849236735136,1.933
1,TFO,2026-04-23,2026-05,51.0,E,M,2026-04-24,0,0.28,0,1000,44.80849236735136,1.933
1,TFO,2026-04-23,2026-05,54.0,E,M,2026-04-24,0,0.2,0,200,44.80849236735136,1.933
1,TFO,2026-04-23,2026-05,55.0,E,M,2026-04-24,0,0.06,0,1385,44.80849236735136,1.933
1,TFO,2026-04-23,2026-05,60.0,E,M,2026-04-24,0,0.04,0,250,44.80849236735136,1.933
1,TFO,2026-04-23,2026-05,65.0,E,M,2026-04-24,0,0.02,0,100,44.80849236735136,1.933
1,TFO,2026-04-23,2026-06,28.0,E,M,2026-05-27,0.14,0,100,0,44.80351364101741,1.933
1,TFO,2026-04-23,2026-06,30.0,E,M,2026-05-27,0.26,0,600,0,44.80351364101741,1.933
1,TFO,2026-04-23,2026-06,33.0,E,M,2026-05-27,0.475,0,200,0,44.80351364101741,1.933
1,TFO,2026-04-23,2026-06,34.0,E,M,2026-05-27,0.63,0,1700,0,44.80351364101741,1.933
1,TFO,2026-04-23,2026-06,34.5,E,M,2026-05-27,0.53,0,50,0,44.80351364101741,1.933
1,TFO,2026-04-23,2026-06,35.0,E,M,2026-05-27,0.76,0,150,0,44.80351364101741,1.933
1,TFO,2026-04-23,2026-06,37.0,E,M,2026-05-27,1.26,0,1050,0,44.80351364101741,1.933
1,TFO,2026-04-23,2026-06,39.0,E,M,2026-05-27,1.95,0,2000,0,44.80351364101741,1.933
3,TFO,2026-04-23,2026-06,40.0,E,M,2026-05-27,2.3603703703703705,6.725,675,300,44.80351364101741,1.933
2,TFO,2026-04-23,2026-06,44.0,E,M,2026-05-27,4.5,4.94,1000,50,44.80351364101741,1.933
2,TFO,2026-04-23,2026-06,45.0,E,M,2026-05-27,4.725,4.5,800,2925,44.80351364101741,1.933
2,TFO,2026-04-23,2026-06,48.0,E,M,2026-05-27,0,3.788,0,125,44.80351364101741,1.933
2,TFO,2026-04-23,2026-06,50.0,E,M,2026-05-27,0,3.1863247863247866,0,1755,44.80351364101741,1.933
2,TFO,2026-04-23,2026-06,55.0,E,M,2026-05-27,0,2.4375,0,300,44.80351364101741,1.933
1,TFO,2026-04-23,2026-06,60.0,E,M,2026-05-27,0,1.625,0,400,44.80351364101741,1.933
1,TFO,2026-04-23,2026-06,65.0,E,M,2026-05-27,0,1.55,0,200,44.80351364101741,1.933
1,TFO,2026-04-23,2026-06,70.0,E,M,2026-05-27,0,0.925,0,400,44.80351364101741,1.933
1,TFO,2026-04-23,2026-06,80.0,E,M,2026-05-27,0,0.625,0,500,44.80351364101741,1.933
1,TFO,2026-04-23,2026-07,30.0,E,M,2026-06-26,0.4,0,400,0,45.34432291666667,1.933
1,TFO,2026-04-23,2026-07,33.0,E,M,2026-06-26,0.945,0,30,0,45.34432291666667,1.933
1,TFO,2026-04-23,2026-07,35.0,E,M,2026-06-26,1.47,0,780,0,45.34432291666667,1.933
1,TFO,2026-04-23,2026-07,45.0,E,M,2026-06-26,0,6.14,0,850,45.34432291666667,1.933
1,TFO,2026-04-23,2026-07,47.0,E,M,2026-06-26,0,5.4,0,375,45.34432291666667,1.933
1,TFO,2026-04-23,2026-07,50.0,E,M,2026-06-26,0,4.7,0,1850,45.34432291666667,1.933
1,TFO,2026-04-23,2026-07,55.0,E,M,2026-06-26,0,3.64,0,575,45.34432291666667,1.933
1,TFO,2026-04-23,2026-07,57.0,E,M,2026-06-26,0,3.215,0,5,45.34432291666667,1.933
1,TFO,2026-04-23,2026-07,60.0,E,M,2026-06-26,0,3.1,0,665,45.34432291666667,1.933
1,TFO,2026-04-23,2026-07,65.0,E,M,2026-06-26,0,2.35,0,15,45.34432291666667,1.933
1,TFO,2026-04-23,2026-07,70.0,E,M,2026-06-26,0,2.1,0,300,45.34432291666667,1.933
1,TFO,2026-04-23,2026-07,80.0,E,M,2026-06-26,0,1.5,0,650,45.34432291666667,1.933
1,TFO,2026-04-23,2026-08,29.0,E,M,2026-07-27,0.54,0,300,0,45.34461251821137,1.933
1,TFO,2026-04-23,2026-08,30.0,E,M,2026-07-27,0.71,0,750,0,45.34461251821137,1.933
1,TFO,2026-04-23,2026-08,34.5,E,M,2026-07-27,1.775,0,140,0,45.34461251821137,1.933
1,TFO,2026-04-23,2026-08,35.0,E,M,2026-07-27,1.8,0,700,0,45.34461251821137,1.933
1,TFO,2026-04-23,2026-08,55.0,E,M,2026-07-27,0,4.45,0,20,45.34461251821137,1.933
1,TFO,2026-04-23,2026-08,95.0,E,M,2026-07-27,0,1.1,0,75,45.34461251821137,1.933
1,TFO,2026-04-23,2026-09,25.0,E,M,2026-08-26,0.29,0,50,0,45.35715155203895,1.933
1,TFO,2026-04-23,2026-09,35.0,E,M,2026-08-26,2.215,0,50,0,45.35715155203895,1.933
1,TFO,2026-04-23,2026-09,37.0,E,M,2026-08-26,3.05,0,1500,0,45.35715155203895,1.933
1,TFO,2026-04-23,2026-09,40.0,E,M,2026-08-26,4.6,0,775,0,45.35715155203895,1.933
1,TFO,2026-04-23,2026-09,45.0,E,M,2026-08-26,0,7.095,0,400,45.35715155203895,1.933
1,TFO,2026-04-23,2026-09,50.0,E,M,2026-08-26,0,5.91,0,2200,45.35715155203895,1.933
1,TFO,2026-04-23,2026-09,55.0,E,M,2026-08-26,0,4.875,0,350,45.35715155203895,1.933
1,TFO,2026-04-23,2026-09,60.0,E,M,2026-08-26,0,4.15,0,715,45.35715155203895,1.933
1,TFO,2026-04-23,2026-09,65.0,E,M,2026-08-26,0,3.225,0,450,45.35715155203895,1.933
1,TFO,2026-04-23,2026-09,80.0,E,M,2026-08-26,0,2.15,0,775,45.35715155203895,1.933
1,TFO,2026-04-23,2026-10,60.0,E,M,2026-09-25,0,4.2,0,250,45.1315092741594,1.933
1,TFO,2026-04-23,2026-10,70.0,E,M,2026-09-25,0,3.025,0,350,45.1315092741594,1.933
1,TFO,2026-04-23,2026-11,55.0,E,M,2026-10-27,0,5.625,0,200,44.86073280071016,1.933
1,TFO,2026-04-23,2027-03,90.0,E,M,2027-02-24,0,3.62,0,2000,41.745,1.933
1,TFO,2026-04-23,2027-03,100.0,E,M,2027-02-24,0,3.11,0,3000,41.745,1.933
1,TFO,2026-04-24,2026-05,40.0,E,M,2026-04-24,0.02,0,200,0,44.79687606916082,1.933
1,TFO,2026-04-24,2026-05,43.0,E,M,2026-04-24,0,1.4,0,400,44.79687606916082,1.933
3,TFO,2026-04-24,2026-05,44.0,E,M,2026-04-24,0.3,0.5625,40,100,44.79687606916082,1.933
4,TFO,2026-04-24,2026-05,45.0,E,M,2026-04-24,0.5049895724713244,0.5685795454545455,4795,3080,44.79687606916082,1.933
2,TFO,2026-04-24,2026-05,46.0,E,M,2026-04-24,0,0.9803827751196172,0,2090,44.79687606916082,1.933
1,TFO,2026-04-24,2026-05,48.0,E,M,2026-04-24,0,0.02,0,50,44.79687606916082,1.933
1,TFO,2026-04-24,2026-05,50.0,E,M,2026-04-24,0,0.05,0,200,44.79687606916082,1.933
1,TFO,2026-04-24,2026-05,55.0,E,M,2026-04-24,0,0.01,0,200,44.79687606916082,1.933
1,TFO,2026-04-24,2026-06,25.0,E,M,2026-05-27,0.09,0,500,0,44.76365109275663,1.933
2,TFO,2026-04-24,2026-06,26.0,E,M,2026-05-27,0.1108,0,1250,0,44.76365109275663,1.933
2,TFO,2026-04-24,2026-06,30.0,E,M,2026-05-27,0.27065217391304347,0,2300,0,44.76365109275663,1.933
1,TFO,2026-04-24,2026-06,34.0,E,M,2026-05-27,0.59,0,1000,0,44.76365109275663,1.933
2,TFO,2026-04-24,2026-06,35.0,E,M,2026-05-27,0.8004239401496259,0,4010,0,44.76365109275663,1.933
1,TFO,2026-04-24,2026-06,36.0,E,M,2026-05-27,1.1,0,1750,0,44.76365109275663,1.933
2,TFO,2026-04-24,2026-06,37.0,E,M,2026-05-27,1.4410714285714286,0,1400,0,44.76365109275663,1.933
1,TFO,2026-04-24,2026-06,38.0,E,M,2026-05-27,1.6,0,730,0,44.76365109275663,1.933
1,TFO,2026-04-24,2026-06,39.0,E,M,2026-05-27,2.1,0,975,0,44.76365109275663,1.933
3,TFO,2026-04-24,2026-06,40.0,E,M,2026-05-27,2.3602739726027395,7.15,1825,3600,44.76365109275663,1.933
1,TFO,2026-04-24,2026-06,41.0,E,M,2026-05-27,2.8,0,1050,0,44.76365109275663,1.933
1,TFO,2026-04-24,2026-06,42.0,E,M,2026-05-27,3.275,0,65,0,44.76365109275663,1.933
1,TFO,2026-04-24,2026-06,43.0,E,M,2026-05-27,4.275,0,200,0,44.76365109275663,1.933
2,TFO,2026-04-24,2026-06,45.0,E,M,2026-05-27,0,4.556741573033707,0,1780,44.76365109275663,1.933
1,TFO,2026-04-24,2026-06,48.0,E,M,2026-05-27,0,4.0,0,100,44.76365109275663,1.933
2,TFO,2026-04-24,2026-06,50.0,E,M,2026-05-27,0,3.1076335877862595,0,9825,44.76365109275663,1.933
2,TFO,2026-04-24,2026-06,55.0,E,M,2026-05-27,0,2.3986885245901637,0,610,44.76365109275663,1.933
1,TFO,2026-04-24,2026-06,56.0,E,M,2026-05-27,0,2.1,0,25,44.76365109275663,1.933
2,TFO,2026-04-24,2026-06,60.0,E,M,2026-05-27,0,1.75,0,4940,44.76365109275663,1.933
1,TFO,2026-04-24,2026-06,65.0,E,M,2026-05-27,0,1.15,0,25,44.76365109275663,1.933
1,TFO,2026-04-24,2026-06,80.0,E,M,2026-05-27,0,0.7,0,400,44.76365109275663,1.933
1,TFO,2026-04-24,2026-06,90.0,E,M,2026-05-27,0,0.35,0,400,44.76365109275663,1.933
1,TFO,2026-04-24,2026-07,30.0,E,M,2026-06-26,0.5,0,50,0,44.877822320968576,1.933
1,TFO,2026-04-24,2026-07,31.5,E,M,2026-06-26,0.73,0,10,0,44.877822320968576,1.933
1,TFO,2026-04-24,2026-07,35.0,E,M,2026-06-26,1.695,0,100,0,44.877822320968576,1.933
1,TFO,2026-04-24,2026-07,45.0,E,M,2026-06-26,0,5.925,0,250,44.877822320968576,1.933
1,TFO,2026-04-24,2026-07,48.0,E,M,2026-06-26,0,4.65,0,100,44.877822320968576,1.933
1,TFO,2026-04-24,2026-07,51.0,E,M,2026-06-26,0,4.49,0,5,44.877822320968576,1.933
1,TFO,2026-04-24,2026-07,55.0,E,M,2026-06-26,0,3.47,0,1850,44.877822320968576,1.933
2,TFO,2026-04-24,2026-07,60.0,E,M,2026-06-26,0,2.7709389671361504,0,2130,44.877822320968576,1.933
1,TFO,2026-04-24,2026-07,65.0,E,M,2026-06-26,0,2.17,0,1350,44.877822320968576,1.933
1,TFO,2026-04-24,2026-07,70.0,E,M,2026-06-26,0,1.82,0,1250,44.877822320968576,1.933
1,TFO,2026-04-24,2026-08,30.0,E,M,2026-07-27,0.69,0,1800,0,44.88985888738127,1.933
1,TFO,2026-04-24,2026-08,51.0,E,M,2026-07-27,0,7.73,0,100,44.88985888738127,1.933
1,TFO,2026-04-24,2026-08,56.0,E,M,2026-07-27,0,6.72,0,100,44.88985888738127,1.933
1,TFO,2026-04-24,2026-09,25.0,E,M,2026-08-26,0.375,0,300,0,44.892939498395336,1.933
2,TFO,2026-04-24,2026-09,65.0,E,M,2026-08-26,0,3.7039999999999997,0,250,44.892939498395336,1.933
1,TFO,2026-04-24,2026-09,80.0,E,M,2026-08-26,0,2.475,0,200,44.892939498395336,1.933
1,TFO,2026-04-24,2026-10,30.0,E,M,2026-09-25,1.175,0,1130,0,44.70830173186026,1.933
1,TFO,2026-04-24,2026-12,30.0,E,M,2026-11-26,1.57,0,472,0,44.44263272677708,1.933
1,TFO,2026-04-24,2026-12,35.0,E,M,2026-11-26,3.8,0,457,0,44.44263272677708,1.933
2,TFO,2026-04-24,2026-12,45.0,E,M,2026-11-26,9.6,8.26,200,389,44.44263272677708,1.933
1,TFO,2026-04-24,2026-12,60.0,E,M,2026-11-26,0,5.78,0,784,44.44263272677708,1.933
1,TFO,2026-04-24,2026-12,70.0,E,M,2026-11-26,0,4.58,0,175,44.44263272677708,1.933
1,TFO,2026-04-24,2026-12,85.0,E,M,2026-11-26,0,3.02,0,10,44.44263272677708,1.933
1,TFO,2026-04-24,2027-01,45.0,E,M,2026-12-24,10.425,0,200,0,44.23531862745098,1.933
1,TFO,2026-04-24,2027-03,90.0,E,M,2027-02-24,0,4.12,0,200,42.355,1.933
1,TFO,2026-04-24,2027-03,100.0,E,M,2027-02-24,0,3.6,0,325,42.355,1.933
1,TFO,2026-04-27,2026-06,27.0,E,M,2026-05-27,0.08,0,1600,0,44.369739770998486,1.932
1,TFO,2026-04-27,2026-06,31.0,E,M,2026-05-27,0.27,0,400,0,44.369739770998486,1.932
1,TFO,2026-04-27,2026-06,32.0,E,M,2026-05-27,0.25,0,800,0,44.369739770998486,1.932
1,TFO,2026-04-27,2026-06,33.0,E,M,2026-05-27,0,11.95,0,50,44.369739770998486,1.932
1,TFO,2026-04-27,2026-06,34.0,E,M,2026-05-27,0.55,0,400,0,44.369739770998486,1.932
2,TFO,2026-04-27,2026-06,35.0,E,M,2026-05-27,0.6384693877551021,0,2450,0,44.369739770998486,1.932
1,TFO,2026-04-27,2026-06,36.0,E,M,2026-05-27,0.925,0,400,0,44.369739770998486,1.932
1,TFO,2026-04-27,2026-06,37.0,E,M,2026-05-27,1.06,0,500,0,44.369739770998486,1.932
1,TFO,2026-04-27,2026-06,38.0,E,M,2026-05-27,1.33,0,1050,0,44.369739770998486,1.932
1,TFO,2026-04-27,2026-06,39.0,E,M,2026-05-27,1.65,0,2200,0,44.369739770998486,1.932
2,TFO,2026-04-27,2026-06,40.0,E,M,2026-05-27,1.942076923076923,0,1625,0,44.369739770998486,1.932
1,TFO,2026-04-27,2026-06,44.0,E,M,2026-05-27,4.15,0,1000,0,44.369739770998486,1.932
4,TFO,2026-04-27,2026-06,45.0,E,M,2026-05-27,4.652272727272727,4.028666666666667,990,1500,44.369739770998486,1.932
1,TFO,2026-04-27,2026-06,48.0,E,M,2026-05-27,0,3.65,0,750,44.369739770998486,1.932
3,TFO,2026-04-27,2026-06,50.0,E,M,2026-05-27,8.1,2.6423487544483986,500,1405,44.369739770998486,1.932
1,TFO,2026-04-27,2026-06,53.0,E,M,2026-05-27,0,2.65,0,1500,44.369739770998486,1.932
2,TFO,2026-04-27,2026-06,55.0,E,M,2026-05-27,0,1.8333333333333335,0,360,44.369739770998486,1.932
1,TFO,2026-04-27,2026-06,58.0,E,M,2026-05-27,0,2.075,0,750,44.369739770998486,1.932
2,TFO,2026-04-27,2026-06,60.0,E,M,2026-05-27,0,1.7698630136986302,0,365,44.369739770998486,1.932
2,TFO,2026-04-27,2026-06,65.0,E,M,2026-05-27,0,0.9026190476190475,0,630,44.369739770998486,1.932
1,TFO,2026-04-27,2026-06,70.0,E,M,2026-05-27,0,0.7,0,100,44.369739770998486,1.932
1,TFO,2026-04-27,2026-06,80.0,E,M,2026-05-27,0,0.44,0,250,44.369739770998486,1.932
1,TFO,2026-04-27,2026-06,100.0,E,M,2026-05-27,0,0.25,0,1000,44.369739770998486,1.932
1,TFO,2026-04-27,2026-07,27.0,E,M,2026-06-26,0.225,0,1800,0,44.36961021657784,1.932
1,TFO,2026-04-27,2026-07,30.0,E,M,2026-06-26,0.475,0,975,0,44.36961021657784,1.932
1,TFO,2026-04-27,2026-07,33.0,E,M,2026-06-26,0.87,0,55,0,44.36961021657784,1.932
1,TFO,2026-04-27,2026-07,35.0,E,M,2026-06-26,1.27,0,500,0,44.36961021657784,1.932
1,TFO,2026-04-27,2026-07,45.0,E,M,2026-06-26,0,5.45,0,300,44.36961021657784,1.932
1,TFO,2026-04-27,2026-07,65.0,E,M,2026-06-26,0,2.075,0,100,44.36961021657784,1.932
1,TFO,2026-04-27,2026-08,31.5,E,M,2026-07-27,0.975,0,10,0,44.36974139517762,1.932
1,TFO,2026-04-27,2026-08,35.0,E,M,2026-07-27,1.86,0,625,0,44.36974139517762,1.932
1,TFO,2026-04-27,2026-08,55.0,E,M,2026-07-27,0,4.27,0,200,44.36974139517762,1.932
1,TFO,2026-04-27,2026-08,60.0,E,M,2026-07-27,0,3.35,0,1000,44.36974139517762,1.932
1,TFO,2026-04-27,2026-08,90.0,E,M,2026-07-27,0,1.175,0,450,44.36974139517762,1.932
1,TFO,2026-04-27,2026-09,50.0,E,M,2026-08-26,0,5.74,0,375,44.475323598630716,1.932
1,TFO,2026-04-27,2026-10,38.0,E,M,2026-09-25,3.925,0,1100,0,44.300025270393206,1.932
1,TFO,2026-04-27,2026-10,45.0,E,M,2026-09-25,0,7.425,0,250,44.300025270393206,1.932
1,TFO,2026-04-27,2026-10,55.0,E,M,2026-09-25,0,5.11,0,900,44.300025270393206,1.932
1,TFO,2026-04-27,2026-10,65.0,E,M,2026-09-25,0,3.65,0,750,44.300025270393206,1.932
1,TFO,2026-04-27,2027-03,90.0,E,M,2027-02-24,0,4.07,0,300,42.435,1.932
1,TFO,2026-04-27,2027-03,100.0,E,M,2027-02-24,0,3.545,0,300,42.435,1.932
1,TFO,2026-04-28,2026-06,24.0,E,M,2026-05-27,0.06,0,75,0,43.48580350342727,1.932
1,TFO,2026-04-28,2026-06,25.0,E,M,2026-05-27,0.1,0,50,0,43.48580350342727,1.932
1,TFO,2026-04-28,2026-06,26.0,E,M,2026-05-27,0.09,0,800,0,43.48580350342727,1.932
1,TFO,2026-04-28,2026-06,27.0,E,M,2026-05-27,0.075,0,250,0,43.48580350342727,1.932
2,TFO,2026-04-28,2026-06,30.0,E,M,2026-05-27,0.15,0,750,0,43.48580350342727,1.932
2,TFO,2026-04-28,2026-06,32.0,E,M,2026-05-27,0.19583333333333333,0,600,0,43.48580350342727,1.932
2,TFO,2026-04-28,2026-06,35.0,E,M,2026-05-27,0.5885714285714286,0,1750,0,43.48580350342727,1.932
1,TFO,2026-04-28,2026-06,37.0,E,M,2026-05-27,0.95,0,200,0,43.48580350342727,1.932
1,TFO,2026-04-28,2026-06,38.0,E,M,2026-05-27,1.2,0,150,0,43.48580350342727,1.932
1,TFO,2026-04-28,2026-06,39.0,E,M,2026-05-27,1.3,0,2200,0,43.48580350342727,1.932
2,TFO,2026-04-28,2026-06,40.0,E,M,2026-05-27,1.9752830188679245,0,2650,0,43.48580350342727,1.932
2,TFO,2026-04-28,2026-06,42.0,E,M,2026-05-27,2.48125,0,800,0,43.48580350342727,1.932
3,TFO,2026-04-28,2026-06,44.0,E,M,2026-05-27,3.855982905982906,3.85,585,240,43.48580350342727,1.932
4,TFO,2026-04-28,2026-06,45.0,E,M,2026-05-27,4.209824561403509,3.43,1425,715,43.48580350342727,1.932
2,TFO,2026-04-28,2026-06,46.0,E,M,2026-05-27,4.75,4.0,200,290,43.48580350342727,1.932
2,TFO,2026-04-28,2026-06,50.0,E,M,2026-05-27,7.775,2.35,400,1670,43.48580350342727,1.932
2,TFO,2026-04-28,2026-06,55.0,E,M,2026-05-27,0,1.7184313725490195,0,255,43.48580350342727,1.932
2,TFO,2026-04-28,2026-06,60.0,E,M,2026-05-27,0,1.1738601823708206,0,1645,43.48580350342727,1.932
1,TFO,2026-04-28,2026-06,61.0,E,M,2026-05-27,0,0.98,0,50,43.48580350342727,1.932
1,TFO,2026-04-28,2026-06,80.0,E,M,2026-05-27,0,0.4,0,100,43.48580350342727,1.932
1,TFO,2026-04-28,2026-07,27.0,E,M,2026-06-26,0.195,0,600,0,43.42034516638899,1.932
1,TFO,2026-04-28,2026-07,30.0,E,M,2026-06-26,0.415,0,1800,0,43.42034516638899,1.932
1,TFO,2026-04-28,2026-07,32.0,E,M,2026-06-26,0.6,0,200,0,43.42034516638899,1.932
2,TFO,2026-04-28,2026-07,33.0,E,M,2026-06-26,0.7673076923076924,0,650,0,43.42034516638899,1.932
1,TFO,2026-04-28,2026-07,35.0,E,M,2026-06-26,1.4,0,3575,0,43.42034516638899,1.932
1,TFO,2026-04-28,2026-07,36.0,E,M,2026-06-26,1.425,0,200,0,43.42034516638899,1.932
1,TFO,2026-04-28,2026-07,38.0,E,M,2026-06-26,0,8.99,0,300,43.42034516638899,1.932
1,TFO,2026-04-28,2026-07,40.0,E,M,2026-06-26,3.4,0,1450,0,43.42034516638899,1.932
1,TFO,2026-04-28,2026-07,42.0,E,M,2026-06-26,0,6.84,0,300,43.42034516638899,1.932
1,TFO,2026-04-28,2026-07,45.0,E,M,2026-06-26,0,5.05,0,2400,43.42034516638899,1.932
1,TFO,2026-04-28,2026-07,50.0,E,M,2026-06-26,0,3.75,0,2525,43.42034516638899,1.932
1,TFO,2026-04-28,2026-07,70.0,E,M,2026-06-26,0,1.36,0,50,43.42034516638899,1.932
1,TFO,2026-04-28,2026-07,80.0,E,M,2026-06-26,0,1.035,0,50,43.42034516638899,1.932
1,TFO,2026-04-28,2026-08,31.5,E,M,2026-07-27,0.985,0,25,0,43.35229675793012,1.932
1,TFO,2026-04-28,2026-08,80.0,E,M,2026-07-27,0,1.6,0,50,43.35229675793012,1.932
1,TFO,2026-04-28,2026-09,35.0,E,M,2026-08-26,2.325,0,3025,0,43.36532819884474,1.932
1,TFO,2026-04-28,2026-09,50.0,E,M,2026-08-26,0,6.18,0,1875,43.36532819884474,1.932
1,TFO,2026-04-28,2026-09,75.0,E,M,2026-08-26,0,2.46,0,50,43.36532819884474,1.932
1,TFO,2026-04-28,2026-10,30.0,E,M,2026-09-25,0.95,0,1250,0,43.24045903954802,1.932
1,TFO,2026-04-28,2026-10,35.0,E,M,2026-09-25,2.35,0,2665,0,43.24045903954802,1.932
1,TFO,2026-04-28,2026-10,43.0,E,M,2026-09-25,6.85,0,25,0,43.24045903954802,1.932
1,TFO,2026-04-28,2026-10,45.0,E,M,2026-09-25,7.8,0,1000,0,43.24045903954802,1.932
1,TFO,2026-04-28,2026-11,43.0,E,M,2026-10-27,7.5,0,25,0,43.16504669204798,1.932
1,TFO,2026-04-28,2026-11,55.0,E,M,2026-10-27,0,6.12,0,190,43.16504669204798,1.932
1,TFO,2026-04-28,2026-11,70.0,E,M,2026-10-27,0,4.04,0,200,43.16504669204798,1.932
1,TFO,2026-04-28,2026-11,80.0,E,M,2026-10-27,0,3.22,0,300,43.16504669204798,1.932
1,TFO,2026-04-28,2026-12,55.0,E,M,2026-11-26,0,6.12,0,190,43.215,1.932
1,TFO,2026-04-28,2026-12,70.0,E,M,2026-11-26,0,4.04,0,200,43.215,1.932
1,TFO,2026-04-28,2026-12,80.0,E,M,2026-11-26,0,3.22,0,300,43.215,1.932
1,TFO,2026-04-28,2027-01,60.0,E,M,2026-12-24,0,6.475,0,500,43.26730769230769,1.932
1,TFO,2026-04-28,2027-01,90.0,E,M,2026-12-24,0,3.7,0,200,43.26730769230769,1.932
1,TFO,2026-04-29,2026-06,25.0,E,M,2026-05-27,0.05,0,200,0,47.470238542027865,1.932
1,TFO,2026-04-29,2026-06,33.0,E,M,2026-05-27,0.255,0,2200,0,47.470238542027865,1.932
2,TFO,2026-04-29,2026-06,35.0,E,M,2026-05-27,0.44732673267326734,0,5050,0,47.470238542027865,1.932
1,TFO,2026-04-29,2026-06,36.0,E,M,2026-05-27,0.51,0,1200,0,47.470238542027865,1.932
1,TFO,2026-04-29,2026-06,36.5,E,M,2026-05-27,0.84,0,25,0,47.470238542027865,1.932
1,TFO,2026-04-29,2026-06,37.0,E,M,2026-05-27,0.75,0,150,0,47.470238542027865,1.932
2,TFO,2026-04-29,2026-06,38.0,E,M,2026-05-27,1.003780487804878,0,410,0,47.470238542027865,1.932
2,TFO,2026-04-29,2026-06,40.0,E,M,2026-05-27,1.4202477876106194,0,2825,0,47.470238542027865,1.932
1,TFO,2026-04-29,2026-06,41.0,E,M,2026-05-27,2.155,0,400,0,47.470238542027865,1.932
3,TFO,2026-04-29,2026-06,44.0,E,M,2026-05-27,3.697965367965368,4.69,1155,250,47.470238542027865,1.932
3,TFO,2026-04-29,2026-06,45.0,E,M,2026-05-27,4.07,4.2715625,550,960,47.470238542027865,1.932
2,TFO,2026-04-29,2026-06,46.0,E,M,2026-05-27,4.17,3.9,10,550,47.470238542027865,1.932
1,TFO,2026-04-29,2026-06,47.0,E,M,2026-05-27,0,3.3,0,110,47.470238542027865,1.932
2,TFO,2026-04-29,2026-06,48.0,E,M,2026-05-27,0,3.765740740740741,0,135,47.470238542027865,1.932
2,TFO,2026-04-29,2026-06,50.0,E,M,2026-05-27,0,3.3597678916827856,0,2585,47.470238542027865,1.932
2,TFO,2026-04-29,2026-06,55.0,E,M,2026-05-27,0,2.2176258992805757,0,1390,47.470238542027865,1.932
1,TFO,2026-04-29,2026-06,56.0,E,M,2026-05-27,0,1.66,0,50,47.470238542027865,1.932
2,TFO,2026-04-29,2026-06,60.0,E,M,2026-05-27,0,1.82468085106383,0,1410,47.470238542027865,1.932
1,TFO,2026-04-29,2026-06,62.0,E,M,2026-05-27,0,1.15,0,100,47.470238542027865,1.932
1,TFO,2026-04-29,2026-06,65.0,E,M,2026-05-27,0,1.11,0,300,47.470238542027865,1.932
2,TFO,2026-04-29,2026-06,70.0,E,M,2026-05-27,0,0.9411290322580645,0,620,47.470238542027865,1.932
1,TFO,2026-04-29,2026-06,75.0,E,M,2026-05-27,0,0.635,0,200,47.470238542027865,1.932
1,TFO,2026-04-29,2026-06,85.0,E,M,2026-05-27,0,0.355,0,50,47.470238542027865,1.932
1,TFO,2026-04-29,2026-07,25.0,E,M,2026-06-26,0.1,0,200,0,47.47002257954156,1.932
1,TFO,2026-04-29,2026-07,27.0,E,M,2026-06-26,0.195,0,1000,0,47.47002257954156,1.932
2,TFO,2026-04-29,2026-07,30.0,E,M,2026-06-26,0.3335714285714286,0,700,0,47.47002257954156,1.932
1,TFO,2026-04-29,2026-07,33.0,E,M,2026-06-26,0.65,0,1000,0,47.47002257954156,1.932
1,TFO,2026-04-29,2026-07,35.0,E,M,2026-06-26,1.1,0,2050,0,47.47002257954156,1.932
1,TFO,2026-04-29,2026-07,36.0,E,M,2026-06-26,1.42,0,150,0,47.47002257954156,1.932
2,TFO,2026-04-29,2026-07,40.0,E,M,2026-06-26,2.875,9.2,1100,250,47.47002257954156,1.932
2,TFO,2026-04-29,2026-07,45.0,E,M,2026-06-26,5.8,5.8,300,875,47.47002257954156,1.932
1,TFO,2026-04-29,2026-07,47.0,E,M,2026-06-26,0,5.35,0,450,47.47002257954156,1.932
1,TFO,2026-04-29,2026-07,48.0,E,M,2026-06-26,0,5.91,0,350,47.47002257954156,1.932
1,TFO,2026-04-29,2026-07,50.0,E,M,2026-06-26,0,5.43,0,2450,47.47002257954156,1.932
1,TFO,2026-04-29,2026-07,60.0,E,M,2026-06-26,0,3.51,0,1175,47.47002257954156,1.932
1,TFO,2026-04-29,2026-07,63.0,E,M,2026-06-26,0,2.75,0,10,47.47002257954156,1.932
1,TFO,2026-04-29,2026-07,65.0,E,M,2026-06-26,0,2.1,0,2515,47.47002257954156,1.932
1,TFO,2026-04-29,2026-08,33.0,E,M,2026-07-27,0.99,0,10,0,47.62137486444149,1.932
1,TFO,2026-04-29,2026-08,35.0,E,M,2026-07-27,1.8,0,1100,0,47.62137486444149,1.932
1,TFO,2026-04-29,2026-08,50.0,E,M,2026-07-27,0,6.4,0,50,47.62137486444149,1.932
1,TFO,2026-04-29,2026-08,55.0,E,M,2026-07-27,0,5.76,0,20,47.62137486444149,1.932
1,TFO,2026-04-29,2026-08,60.0,E,M,2026-07-27,0,3.35,0,600,47.62137486444149,1.932
1,TFO,2026-04-29,2026-08,90.0,E,M,2026-07-27,0,1.21,0,275,47.62137486444149,1.932
1,TFO,2026-04-29,2026-09,45.0,E,M,2026-08-26,0,7.52,0,625,47.67364559819413,1.932
1,TFO,2026-04-29,2026-09,60.0,E,M,2026-08-26,0,3.955,0,525,47.67364559819413,1.932
1,TFO,2026-04-29,2026-09,70.0,E,M,2026-08-26,0,3.05,0,625,47.67364559819413,1.932
1,TFO,2026-04-29,2026-09,75.0,E,M,2026-08-26,0,2.535,0,45,47.67364559819413,1.932
1,TFO,2026-04-29,2026-09,85.0,E,M,2026-08-26,0,2.05,0,800,47.67364559819413,1.932
1,TFO,2026-04-29,2026-09,100.0,E,M,2026-08-26,0,1.55,0,450,47.67364559819413,1.932
1,TFO,2026-04-29,2026-10,50.0,E,M,2026-09-25,0,6.465,0,975,47.60290869980879,1.932
1,TFO,2026-04-29,2026-10,60.0,E,M,2026-09-25,0,4.57,0,950,47.60290869980879,1.932
1,TFO,2026-04-29,2026-10,65.0,E,M,2026-09-25,0,3.9,0,550,47.60290869980879,1.932
1,TFO,2026-04-29,2026-10,70.0,E,M,2026-09-25,0,3.43,0,250,47.60290869980879,1.932
1,TFO,2026-04-30,2026-06,26.0,E,M,2026-05-27,0.06,0,600,0,46.25,1.93
2,TFO,2026-04-30,2026-06,30.0,E,M,2026-05-27,0.07378378378378378,0,1850,0,46.25,1.93
1,TFO,2026-04-30,2026-06,31.0,E,M,2026-05-27,0.13,0,280,0,46.25,1.93
1,TFO,2026-04-30,2026-06,34.0,E,M,2026-05-27,0.27,0,100,0,46.25,1.93
2,TFO,2026-04-30,2026-06,35.0,E,M,2026-05-27,0.35000000000000003,0,190,0,46.25,1.93
2,TFO,2026-04-30,2026-06,37.0,E,M,2026-05-27,0.5575,0,1000,0,46.25,1.93
1,TFO,2026-04-30,2026-06,38.0,E,M,2026-05-27,0.7,0,560,0,46.25,1.93
1,TFO,2026-04-30,2026-06,39.0,E,M,2026-05-27,1.15,0,1100,0,46.25,1.93
2,TFO,2026-04-30,2026-06,40.0,E,M,2026-05-27,1.2550000000000001,0,1035,0,46.25,1.93
1,TFO,2026-04-30,2026-06,45.0,E,M,2026-05-27,3.275,0,2101,0,46.25,1.93
1,TFO,2026-04-30,2026-06,46.0,E,M,2026-05-27,0,4.28,0,270,46.25,1.93
4,TFO,2026-04-30,2026-06,47.0,E,M,2026-05-27,4.649000000000001,4.01,250,150,46.25,1.93
1,TFO,2026-04-30,2026-06,48.0,E,M,2026-05-27,5.0,0,25,0,46.25,1.93
1,TFO,2026-04-30,2026-06,49.0,E,M,2026-05-27,0,3.3,0,250,46.25,1.93
1,TFO,2026-04-30,2026-06,50.0,E,M,2026-05-27,0,3.36,0,3100,46.25,1.93
1,TFO,2026-04-30,2026-06,52.0,E,M,2026-05-27,8.65,0,1000,0,46.25,1.93
2,TFO,2026-04-30,2026-06,55.0,E,M,2026-05-27,0,2.0511837121212118,0,1056,46.25,1.93
2,TFO,2026-04-30,2026-06,60.0,E,M,2026-05-27,0,1.8454773869346732,0,995,46.25,1.93
1,TFO,2026-04-30,2026-06,65.0,E,M,2026-05-27,0,0.97,0,300,46.25,1.93
2,TFO,2026-04-30,2026-06,70.0,E,M,2026-05-27,0,0.9169431279620854,0,2110,46.25,1.93
1,TFO,2026-04-30,2026-06,80.0,E,M,2026-05-27,0,0.45,0,250,46.25,1.93
2,TFO,2026-04-30,2026-07,30.0,E,M,2026-06-26,0.347,0,125,0,46.21855985412437,1.93
1,TFO,2026-04-30,2026-07,33.0,E,M,2026-06-26,0.66,0,150,0,46.21855985412437,1.93
1,TFO,2026-04-30,2026-07,37.0,E,M,2026-06-26,1.5,0,20,0,46.21855985412437,1.93
1,TFO,2026-04-30,2026-07,40.0,E,M,2026-06-26,2.695,0,975,0,46.21855985412437,1.93
2,TFO,2026-04-30,2026-07,45.0,E,M,2026-06-26,5.5,6.36,400,100,46.21855985412437,1.93
1,TFO,2026-04-30,2026-07,47.0,E,M,2026-06-26,0,5.775,0,500,46.21855985412437,1.93
1,TFO,2026-04-30,2026-07,50.0,E,M,2026-06-26,0,5.45,0,655,46.21855985412437,1.93
1,TFO,2026-04-30,2026-07,52.0,E,M,2026-06-26,0,5.45,0,50,46.21855985412437,1.93
1,TFO,2026-04-30,2026-07,55.0,E,M,2026-06-26,0,3.76,0,350,46.21855985412437,1.93
1,TFO,2026-04-30,2026-07,60.0,E,M,2026-06-26,0,3.535,0,1155,46.21855985412437,1.93
1,TFO,2026-04-30,2026-07,62.0,E,M,2026-06-26,0,3.475,0,50,46.21855985412437,1.93
2,TFO,2026-04-30,2026-07,65.0,E,M,2026-06-26,0,2.4859999999999998,0,125,46.21855985412437,1.93
1,TFO,2026-04-30,2026-07,68.0,E,M,2026-06-26,0,2.49,0,5,46.21855985412437,1.93
1,TFO,2026-04-30,2026-07,70.0,E,M,2026-06-26,0,2.4,0,475,46.21855985412437,1.93
1,TFO,2026-04-30,2026-08,30.0,E,M,2026-07-27,0.475,0,1475,0,46.44171006711409,1.93
2,TFO,2026-04-30,2026-08,33.0,E,M,2026-07-27,0.9523170731707318,0,205,0,46.44171006711409,1.93
1,TFO,2026-04-30,2026-08,45.0,E,M,2026-07-27,0,8.02,0,750,46.44171006711409,1.93
1,TFO,2026-04-30,2026-08,50.0,E,M,2026-07-27,0,6.7,0,405,46.44171006711409,1.93
1,TFO,2026-04-30,2026-08,55.0,E,M,2026-07-27,0,4.925,0,900,46.44171006711409,1.93
1,TFO,2026-04-30,2026-08,90.0,E,M,2026-07-27,0,1.88,0,50,46.44171006711409,1.93
1,TFO,2026-04-30,2026-08,100.0,E,M,2026-07-27,0,1.47,0,100,46.44171006711409,1.93
1,TFO,2026-04-30,2026-12,50.0,E,M,2026-11-26,0,9.325,0,50,45.90956457663451,1.93
1,TFO,2026-04-30,2026-12,60.0,E,M,2026-11-26,0,6.6,0,350,45.90956457663451,1.93
1,TFO,2026-04-30,2026-12,80.0,E,M,2026-11-26,0,4.35,0,300,45.90956457663451,1.93
1,TFO,2026-04-30,2027-03,35.0,E,M,2027-02-24,5.2,0,250,0,44.65,1.93
1,TFO,2026-04-30,2027-03,75.0,E,M,2027-02-24,0,6.65,0,100,44.65,1.93
1,TFO,2026-05-01,2026-06,31.0,E,M,2026-05-27,0.125,0,5,0,45.6122416886325,
1,TFO,2026-05-01,2026-06,33.0,E,M,2026-05-27,0.175,0,300,0,45.6122416886325,
2,TFO,2026-05-01,2026-06,35.0,E,M,2026-05-27,0.3643153526970954,0,1205,0,45.6122416886325,
1,TFO,2026-05-01,2026-06,36.0,E,M,2026-05-27,0.475,0,1050,0,45.6122416886325,
1,TFO,2026-05-01,2026-06,37.0,E,M,2026-05-27,0.53,0,100,0,45.6122416886325,
1,TFO,2026-05-01,2026-06,39.0,E,M,2026-05-27,1.125,0,50,0,45.6122416886325,
2,TFO,2026-05-01,2026-06,40.0,E,M,2026-05-27,1.5052727272727273,0,2750,0,45.6122416886325,
1,TFO,2026-05-01,2026-06,41.0,E,M,2026-05-27,1.5,0,1400,0,45.6122416886325,
1,TFO,2026-05-01,2026-06,42.0,E,M,2026-05-27,2.3,0,500,0,45.6122416886325,
2,TFO,2026-05-01,2026-06,43.0,E,M,2026-05-27,2.91,5.95,825,500,45.6122416886325,
1,TFO,2026-05-01,2026-06,44.0,E,M,2026-05-27,3.175,0,350,0,45.6122416886325,
3,TFO,2026-05-01,2026-06,45.0,E,M,2026-05-27,3.35,4.045531914893617,700,1175,45.6122416886325,
2,TFO,2026-05-01,2026-06,46.0,E,M,2026-05-27,3.95,3.675,900,50,45.6122416886325,
1,TFO,2026-05-01,2026-06,47.0,E,M,2026-05-27,0,3.5,0,400,45.6122416886325,
1,TFO,2026-05-01,2026-06,48.0,E,M,2026-05-27,0,3.7,0,250,45.6122416886325,
2,TFO,2026-05-01,2026-06,50.0,E,M,2026-05-27,6.7,2.58,500,3775,45.6122416886325,
1,TFO,2026-05-01,2026-06,53.0,E,M,2026-05-27,0,2.39,0,250,45.6122416886325,
2,TFO,2026-05-01,2026-06,55.0,E,M,2026-05-27,0,1.9475,0,4000,45.6122416886325,
1,TFO,2026-05-01,2026-06,60.0,E,M,2026-05-27,0,1.36,0,1050,45.6122416886325,
2,TFO,2026-05-01,2026-06,65.0,E,M,2026-05-27,0,0.9249492385786802,0,1970,45.6122416886325,
1,TFO,2026-05-01,2026-06,70.0,E,M,2026-05-27,0,0.675,0,2120,45.6122416886325,
1,TFO,2026-05-01,2026-06,75.0,E,M,2026-05-27,0,0.5,0,3900,45.6122416886325,
1,TFO,2026-05-01,2026-07,30.0,E,M,2026-06-26,0.33,0,1125,0,45.57805579373762,
1,TFO,2026-05-01,2026-07,35.0,E,M,2026-06-26,0.9899999999999999,0,1065,0,45.57805579373762,
2,TFO,2026-05-01,2026-07,40.0,E,M,2026-06-26,2.5068965517241377,0,1450,0,45.57805579373762,
3,TFO,2026-05-01,2026-07,45.0,E,M,2026-06-26,5.2,6.338333333333333,200,375,45.57805579373762,
1,TFO,2026-05-01,2026-07,50.0,E,M,2026-06-26,0,5.0,0,100,45.57805579373762,
1,TFO,2026-05-01,2026-07,55.0,E,M,2026-06-26,0,3.925,0,3850,45.57805579373762,
1,TFO,2026-05-01,2026-07,60.0,E,M,2026-06-26,0,2.75,0,1400,45.57805579373762,
1,TFO,2026-05-01,2026-07,70.0,E,M,2026-06-26,0,2.0,0,1700,45.57805579373762,
1,TFO,2026-05-01,2026-08,30.0,E,M,2026-07-27,0.5,0,2200,0,45.732319501496896,
1,TFO,2026-05-01,2026-08,37.0,E,M,2026-07-27,2.3,0,100,0,45.732319501496896,
1,TFO,2026-05-01,2026-08,40.0,E,M,2026-07-27,0,9.355,0,300,45.732319501496896,
1,TFO,2026-05-01,2026-08,50.0,E,M,2026-07-27,0,5.875,0,400,45.732319501496896,
1,TFO,2026-05-01,2026-10,40.0,E,M,2026-09-25,4.525,0,350,0,45.393929381140325,
1,TFO,2026-05-01,2027-01,40.0,E,M,2026-12-24,6.8,0,550,0,45.07336847775897,
1,TFO,2026-05-01,2027-03,50.0,E,M,2027-02-24,0,9.6,0,250,42.855,
1,TFO,2026-05-01,2027-04,50.0,E,M,2027-03-25,0,5.5,0,100,37.375,
1,TFO,2026-05-04,2026-06,34.0,E,M,2026-05-27,0.205,0,10,0,49.000228382069764,1.932
1,TFO,2026-05-04,2026-06,37.0,E,M,2026-05-27,0.49000000000000005,0,40,0,49.000228382069764,1.932
1,TFO,2026-05-04,2026-06,40.0,E,M,2026-05-27,0.95,0,100,0,49.000228382069764,1.932
1,TFO,2026-05-04,2026-06,45.0,E,M,2026-05-27,0,4.96,0,150,49.000228382069764,1.932
1,TFO,2026-05-04,2026-06,47.0,E,M,2026-05-27,0,5.0,0,5,49.000228382069764,1.932
2,TFO,2026-05-04,2026-06,50.0,E,M,2026-05-27,0,3.4007246376811593,0,2070,49.000228382069764,1.932
1,TFO,2026-05-04,2026-06,51.0,E,M,2026-05-27,0,3.35,0,25,49.000228382069764,1.932
2,TFO,2026-05-04,2026-06,55.0,E,M,2026-05-27,0,2.0285185185185184,0,135,49.000228382069764,1.932
2,TFO,2026-05-04,2026-06,60.0,E,M,2026-05-27,0,1.4975,0,480,49.000228382069764,1.932
2,TFO,2026-05-04,2026-06,65.0,E,M,2026-05-27,0,1.1517241379310346,0,145,49.000228382069764,1.932
2,TFO,2026-05-04,2026-06,70.0,E,M,2026-05-27,0,0.9049999999999999,0,400,49.000228382069764,1.932
1,TFO,2026-05-04,2026-06,75.0,E,M,2026-05-27,0,0.685,0,600,49.000228382069764,1.932
1,TFO,2026-05-04,2026-06,120.0,E,M,2026-05-27,0,0.25,0,80,49.000228382069764,1.932
1,TFO,2026-05-04,2026-07,30.0,E,M,2026-06-26,0.275,0,500,0,48.53999091578689,1.932
1,TFO,2026-05-04,2026-07,35.0,E,M,2026-06-26,0.85,0,500,0,48.53999091578689,1.932
1,TFO,2026-05-04,2026-07,55.0,E,M,2026-06-26,0,3.725,0,10,48.53999091578689,1.932
1,TFO,2026-05-04,2026-07,68.0,E,M,2026-06-26,0,2.74,0,15,48.53999091578689,1.932
1,TFO,2026-05-04,2026-08,70.0,E,M,2026-07-27,0,3.0,0,240,48.33622365737593,1.932
1,TFO,2026-05-04,2026-09,25.0,E,M,2026-08-26,0.23,0,200,0,48.365842135906185,1.932
1,TFO,2026-05-04,2026-09,75.0,E,M,2026-08-26,0,3.5,0,25,48.365842135906185,1.932
1,TFO,2026-05-04,2026-09,100.0,E,M,2026-08-26,0,1.91,0,25,48.365842135906185,1.932
2,TFO,2026-05-05,2026-06,30.0,E,M,2026-05-27,0.05322580645161291,0,1550,0,46.40990866742472,1.932
1,TFO,2026-05-05,2026-06,33.0,E,M,2026-05-27,0.135,0,200,0,46.40990866742472,1.932
2,TFO,2026-05-05,2026-06,35.0,E,M,2026-05-27,0.2,0,1450,0,46.40990866742472,1.932
1,TFO,2026-05-05,2026-06,37.0,E,M,2026-05-27,0.37,0,700,0,46.40990866742472,1.932
1,TFO,2026-05-05,2026-06,39.0,E,M,2026-05-27,0.695,0,200,0,46.40990866742472,1.932
2,TFO,2026-05-05,2026-06,40.0,E,M,2026-05-27,0.9845070422535211,0,710,0,46.40990866742472,1.932
2,TFO,2026-05-05,2026-06,42.0,E,M,2026-05-27,1.5502850356294537,0,2105,0,46.40990866742472,1.932
1,TFO,2026-05-05,2026-06,43.0,E,M,2026-05-27,1.81,0,2500,0,46.40990866742472,1.932
1,TFO,2026-05-05,2026-06,44.0,E,M,2026-05-27,2.3,0,5,0,46.40990866742472,1.932
2,TFO,2026-05-05,2026-06,45.0,E,M,2026-05-27,2.880019305019305,0,2590,0,46.40990866742472,1.932
1,TFO,2026-05-05,2026-06,47.0,E,M,2026-05-27,4.17,0,1000,0,46.40990866742472,1.932
1,TFO,2026-05-05,2026-06,48.0,E,M,2026-05-27,4.32,0,1000,0,46.40990866742472,1.932
2,TFO,2026-05-05,2026-06,50.0,E,M,2026-05-27,0,3.527659574468085,0,3525,46.40990866742472,1.932
1,TFO,2026-05-05,2026-06,51.0,E,M,2026-05-27,0,3.48,0,25,46.40990866742472,1.932
1,TFO,2026-05-05,2026-06,52.0,E,M,2026-05-27,0,2.75,0,30,46.40990866742472,1.932
1,TFO,2026-05-05,2026-06,54.0,E,M,2026-05-27,0,2.26,0,50,46.40990866742472,1.932
2,TFO,2026-05-05,2026-06,55.0,E,M,2026-05-27,0,2.2772037914691943,0,2110,46.40990866742472,1.932
1,TFO,2026-05-05,2026-06,56.0,E,M,2026-05-27,0,2.34,0,25,46.40990866742472,1.932
2,TFO,2026-05-05,2026-06,60.0,E,M,2026-05-27,0,1.844736842105263,0,475,46.40990866742472,1.932
2,TFO,2026-05-05,2026-06,65.0,E,M,2026-05-27,0,0.9763636363636363,0,110,46.40990866742472,1.932
2,TFO,2026-05-05,2026-06,70.0,E,M,2026-05-27,0,0.6118421052631579,0,950,46.40990866742472,1.932
2,TFO,2026-05-05,2026-06,75.0,E,M,2026-05-27,0,0.45764150943396226,0,1325,46.40990866742472,1.932
1,TFO,2026-05-05,2026-06,80.0,E,M,2026-05-27,0,0.42,0,350,46.40990866742472,1.932
1,TFO,2026-05-05,2026-06,100.0,E,M,2026-05-27,0,0.205,0,25,46.40990866742472,1.932
1,TFO,2026-05-05,2026-07,40.0,E,M,2026-06-26,2.27,0,510,0,47.171796506317555,1.932
1,TFO,2026-05-05,2026-07,53.0,E,M,2026-06-26,0,4.6,0,5,47.171796506317555,1.932
1,TFO,2026-05-05,2026-07,55.0,E,M,2026-06-26,0,3.95,0,870,47.171796506317555,1.932
1,TFO,2026-05-05,2026-07,60.0,E,M,2026-06-26,0,3.75,0,10,47.171796506317555,1.932
1,TFO,2026-05-05,2026-07,65.0,E,M,2026-06-26,0,3.08,0,20,47.171796506317555,1.932
1,TFO,2026-05-05,2026-07,90.0,E,M,2026-06-26,0,1.23,0,50,47.171796506317555,1.932
1,TFO,2026-05-05,2026-08,30.0,E,M,2026-07-27,0.39,0,350,0,47.08983952282894,1.932
1,TFO,2026-05-05,2026-08,38.0,E,M,2026-07-27,2.23,0,350,0,47.08983952282894,1.932
1,TFO,2026-05-05,2026-08,40.0,E,M,2026-07-27,3.23,0,300,0,47.08983952282894,1.932
1,TFO,2026-05-05,2026-08,50.0,E,M,2026-07-27,0,6.3,0,1350,47.08983952282894,1.932
1,TFO,2026-05-05,2026-08,60.0,E,M,2026-07-27,0,4.2,0,1550,47.08983952282894,1.932
1,TFO,2026-05-05,2026-08,200.0,E,M,2026-07-27,0,0.41,0,25,47.08983952282894,1.932
1,TFO,2026-05-05,2026-09,47.0,E,M,2026-08-26,0,8.04,0,300,47.097080564406006,1.932
1,TFO,2026-05-05,2026-09,50.0,E,M,2026-08-26,0,7.4,0,550,47.097080564406006,1.932
1,TFO,2026-05-05,2026-09,75.0,E,M,2026-08-26,0,3.4,0,1125,47.097080564406006,1.932
1,TFO,2026-05-05,2026-09,100.0,E,M,2026-08-26,0,2.1,0,1325,47.097080564406006,1.932
1,TFO,2026-05-05,2026-09,125.0,E,M,2026-08-26,0,1.4,0,50,47.097080564406006,1.932
1,TFO,2026-05-05,2026-09,200.0,E,M,2026-08-26,0,0.53,0,50,47.097080564406006,1.932
1,TFO,2026-05-05,2026-10,40.0,E,M,2026-09-25,4.425,0,1165,0,46.82477216804885,1.932
1,TFO,2026-05-05,2026-10,50.0,E,M,2026-09-25,0,8.75,0,1240,46.82477216804885,1.932
1,TFO,2026-05-05,2026-10,55.0,E,M,2026-09-25,0,6.43,0,250,46.82477216804885,1.932
1,TFO,2026-05-05,2026-10,60.0,E,M,2026-09-25,0,5.5,0,1874,46.82477216804885,1.932
1,TFO,2026-05-05,2026-10,70.0,E,M,2026-09-25,0,4.8,0,1854,46.82477216804885,1.932
1,TFO,2026-05-05,2027-01,25.0,E,M,2026-12-24,0.59,0,57,0,46.39069818304172,1.932
1,TFO,2026-05-05,2027-01,35.0,E,M,2026-12-24,3.37,0,1047,0,46.39069818304172,1.932
1,TFO,2026-05-05,2027-01,43.0,E,M,2026-12-24,0,11.25,0,50,46.39069818304172,1.932
1,TFO,2026-05-05,2027-01,55.0,E,M,2026-12-24,0,8.725,0,100,46.39069818304172,1.932
1,TFO,2026-05-05,2027-01,65.0,E,M,2026-12-24,0,7.14,0,285,46.39069818304172,1.932
1,TFO,2026-05-05,2027-01,85.0,E,M,2026-12-24,0,4.72,0,50,46.39069818304172,1.932
2,TFO,2026-05-05,2027-02,25.0,E,M,2027-01-27,0.8424999999999999,0,114,0,45.86407899526756,1.932
2,TFO,2026-05-05,2027-02,35.0,E,M,2027-01-27,4.312323369565217,0,1104,0,45.86407899526756,1.932
2,TFO,2026-05-05,2027-02,55.0,E,M,2027-01-27,0,9.450632911392404,0,237,45.86407899526756,1.932
2,TFO,2026-05-05,2027-02,65.0,E,M,2027-01-27,0,7.801184834123221,0,422,45.86407899526756,1.932
1,TFO,2026-05-06,2026-06,30.0,E,M,2026-05-27,0.1,0,200,0,43.87938807280856,1.931
2,TFO,2026-05-06,2026-06,33.0,E,M,2026-05-27,0.2625,0,600,0,43.87938807280856,1.931
1,TFO,2026-05-06,2026-06,34.0,E,M,2026-05-27,0.395,0,10,0,43.87938807280856,1.931
2,TFO,2026-05-06,2026-06,35.0,E,M,2026-05-27,0.5131750339213026,0,3685,0,43.87938807280856,1.931
1,TFO,2026-05-06,2026-06,36.0,E,M,2026-05-27,0.8,0,650,0,43.87938807280856,1.931
2,TFO,2026-05-06,2026-06,37.0,E,M,2026-05-27,0.7402530541012216,0,2865,0,43.87938807280856,1.931
1,TFO,2026-05-06,2026-06,38.0,E,M,2026-05-27,1.2,0,625,0,43.87938807280856,1.931
2,TFO,2026-05-06,2026-06,39.0,E,M,2026-05-27,0.9063043478260869,0,115,0,43.87938807280856,1.931
2,TFO,2026-05-06,2026-06,40.0,E,M,2026-05-27,1.5006540447504304,0,2905,0,43.87938807280856,1.931
1,TFO,2026-05-06,2026-06,41.0,E,M,2026-05-27,2.33,0,1000,0,43.87938807280856,1.931
2,TFO,2026-05-06,2026-06,42.0,E,M,2026-05-27,2.85,4.5,4600,165,43.87938807280856,1.931
2,TFO,2026-05-06,2026-06,43.0,E,M,2026-05-27,3.075,2.79,500,50,43.87938807280856,1.931
3,TFO,2026-05-06,2026-06,44.0,E,M,2026-05-27,3.675,2.9361904761904762,225,525,43.87938807280856,1.931
4,TFO,2026-05-06,2026-06,45.0,E,M,2026-05-27,4.486481481481483,3.2403846153846154,1350,5200,43.87938807280856,1.931
2,TFO,2026-05-06,2026-06,46.0,E,M,2026-05-27,0,3.6118942731277532,0,1135,43.87938807280856,1.931
3,TFO,2026-05-06,2026-06,47.0,E,M,2026-05-27,4.7,2.209090909090909,100,330,43.87938807280856,1.931
1,TFO,2026-05-06,2026-06,48.0,E,M,2026-05-27,0,1.62,0,1200,43.87938807280856,1.931
3,TFO,2026-05-06,2026-06,50.0,E,M,2026-05-27,8.79,1.9790200546946215,1250,5485,43.87938807280856,1.931
2,TFO,2026-05-06,2026-06,55.0,E,M,2026-05-27,0,1.2081920903954804,0,1770,43.87938807280856,1.931
2,TFO,2026-05-06,2026-06,60.0,E,M,2026-05-27,0,0.8091578947368421,0,475,43.87938807280856,1.931
2,TFO,2026-05-06,2026-06,65.0,E,M,2026-05-27,0,0.4410958904109589,0,365,43.87938807280856,1.931
1,TFO,2026-05-06,2026-06,70.0,E,M,2026-05-27,0,0.51,0,75,43.87938807280856,1.931
1,TFO,2026-05-06,2026-06,80.0,E,M,2026-05-27,0,0.2,0,300,43.87938807280856,1.931
1,TFO,2026-05-06,2026-07,28.0,E,M,2026-06-26,0.16,0,2350,0,43.861205879178215,1.931
1,TFO,2026-05-06,2026-07,30.0,E,M,2026-06-26,0.225,0,50,0,43.861205879178215,1.931
1,TFO,2026-05-06,2026-07,33.0,E,M,2026-06-26,0.85,0,1705,0,43.861205879178215,1.931
1,TFO,2026-05-06,2026-07,34.0,E,M,2026-06-26,0.675,0,100,0,43.861205879178215,1.931
2,TFO,2026-05-06,2026-07,35.0,E,M,2026-06-26,1.075,0,700,0,43.861205879178215,1.931
1,TFO,2026-05-06,2026-07,37.0,E,M,2026-06-26,1.625,0,200,0,43.861205879178215,1.931
2,TFO,2026-05-06,2026-07,38.0,E,M,2026-06-26,1.8987804878048782,0,205,0,43.861205879178215,1.931
1,TFO,2026-05-06,2026-07,40.0,E,M,2026-06-26,2.875,0,690,0,43.861205879178215,1.931
1,TFO,2026-05-06,2026-07,42.0,E,M,2026-06-26,4.23,0,75,0,43.861205879178215,1.931
1,TFO,2026-05-06,2026-07,44.0,E,M,2026-06-26,5.275,0,100,0,43.861205879178215,1.931
2,TFO,2026-05-06,2026-07,45.0,E,M,2026-06-26,7.135,4.89,300,1300,43.861205879178215,1.931
1,TFO,2026-05-06,2026-07,50.0,E,M,2026-06-26,11.0,0,280,0,43.861205879178215,1.931
1,TFO,2026-05-06,2026-07,55.0,E,M,2026-06-26,0,2.7,0,335,43.861205879178215,1.931
2,TFO,2026-05-06,2026-07,60.0,E,M,2026-06-26,0,2.0413043478260864,0,690,43.861205879178215,1.931
1,TFO,2026-05-06,2026-07,65.0,E,M,2026-06-26,0,1.3,0,130,43.861205879178215,1.931
1,TFO,2026-05-06,2026-08,31.5,E,M,2026-07-27,0.895,0,15,0,43.818876090957666,1.931
1,TFO,2026-05-06,2026-08,35.0,E,M,2026-07-27,1.8,0,50,0,43.818876090957666,1.931
1,TFO,2026-05-06,2026-08,40.0,E,M,2026-07-27,3.825,0,340,0,43.818876090957666,1.931
1,TFO,2026-05-06,2026-08,55.0,E,M,2026-07-27,0,3.4850000000000003,0,10,43.818876090957666,1.931
1,TFO,2026-05-06,2026-08,70.0,E,M,2026-07-27,0,2.0,0,240,43.818876090957666,1.931
1,TFO,2026-05-06,2026-09,25.0,E,M,2026-08-26,0.2,0,100,0,43.76087019101023,1.931
1,TFO,2026-05-06,2026-09,42.0,E,M,2026-08-26,0,8.04,0,400,43.76087019101023,1.931
1,TFO,2026-05-06,2026-09,50.0,E,M,2026-08-26,0,5.76,0,950,43.76087019101023,1.931
1,TFO,2026-05-06,2026-09,55.0,E,M,2026-08-26,0,3.5,0,75,43.76087019101023,1.931
1,TFO,2026-05-06,2027-01,75.0,E,M,2026-12-24,0,3.85,0,175,43.11908611097903,1.931
1,TFO,2026-05-07,2026-06,25.0,E,M,2026-05-27,0.035,0,500,0,45.00975988736396,1.93
2,TFO,2026-05-07,2026-06,30.0,E,M,2026-05-27,0.07682539682539682,0,3150,0,45.00975988736396,1.93
1,TFO,2026-05-07,2026-06,34.0,E,M,2026-05-27,0.26,0,500,0,45.00975988736396,1.93
2,TFO,2026-05-07,2026-06,35.0,E,M,2026-05-27,0.35129629629629633,0,3780,0,45.00975988736396,1.93
1,TFO,2026-05-07,2026-06,37.0,E,M,2026-05-27,0.65,0,100,0,45.00975988736396,1.93
2,TFO,2026-05-07,2026-06,38.0,E,M,2026-05-27,0.9174509803921568,0,5100,0,45.00975988736396,1.93
1,TFO,2026-05-07,2026-06,39.0,E,M,2026-05-27,1.3,0,2000,0,45.00975988736396,1.93
1,TFO,2026-05-07,2026-06,40.0,E,M,2026-05-27,1.56,0,250,0,45.00975988736396,1.93
2,TFO,2026-05-07,2026-06,42.0,E,M,2026-05-27,2.6,4.0,1650,25,45.00975988736396,1.93
2,TFO,2026-05-07,2026-06,43.0,E,M,2026-05-27,3.08,3.5,2350,75,45.00975988736396,1.93
3,TFO,2026-05-07,2026-06,44.0,E,M,2026-05-27,3.7,3.2,5,75,45.00975988736396,1.93
2,TFO,2026-05-07,2026-06,45.0,E,M,2026-05-27,4.2,2.875,200,660,45.00975988736396,1.93
1,TFO,2026-05-07,2026-06,46.0,E,M,2026-05-27,0,2.6,0,25,45.00975988736396,1.93
1,TFO,2026-05-07,2026-06,47.0,E,M,2026-05-27,0,2.35,0,400,45.00975988736396,1.93
3,TFO,2026-05-07,2026-06,48.0,E,M,2026-05-27,8.38,2.08,50,50,45.00975988736396,1.93
3,TFO,2026-05-07,2026-06,50.0,E,M,2026-05-27,8.0,1.6323786407766991,300,515,45.00975988736396,1.93
1,TFO,2026-05-07,2026-06,52.0,E,M,2026-05-27,0,1.3,0,25,45.00975988736396,1.93
2,TFO,2026-05-07,2026-06,55.0,E,M,2026-05-27,0,0.9909677419354839,0,465,45.00975988736396,1.93
1,TFO,2026-05-07,2026-06,60.0,E,M,2026-05-27,0,0.63,0,15,45.00975988736396,1.93
2,TFO,2026-05-07,2026-06,65.0,E,M,2026-05-27,0,0.41555555555555557,0,225,45.00975988736396,1.93
1,TFO,2026-05-07,2026-06,70.0,E,M,2026-05-27,0,0.355,0,590,45.00975988736396,1.93
1,TFO,2026-05-07,2026-06,75.0,E,M,2026-05-27,0,0.225,0,50,45.00975988736396,1.93
1,TFO,2026-05-07,2026-06,85.0,E,M,2026-05-27,0,0.13,0,50,45.00975988736396,1.93
1,TFO,2026-05-07,2026-07,24.0,E,M,2026-06-26,0.06,0,200,0,45.45,1.93
1,TFO,2026-05-07,2026-07,30.0,E,M,2026-06-26,0.245,0,1750,0,45.45,1.93
1,TFO,2026-05-07,2026-07,33.0,E,M,2026-06-26,0.615,0,50,0,45.45,1.93
2,TFO,2026-05-07,2026-07,35.0,E,M,2026-06-26,0.9900193923723336,0,7735,0,45.45,1.93
1,TFO,2026-05-07,2026-07,37.0,E,M,2026-06-26,1.65,0,200,0,45.45,1.93
1,TFO,2026-05-07,2026-07,38.0,E,M,2026-06-26,1.9,0,9500,0,45.45,1.93
2,TFO,2026-05-07,2026-07,40.0,E,M,2026-06-26,3.075,6.45,780,1650,45.45,1.93
1,TFO,2026-05-07,2026-07,43.0,E,M,2026-06-26,4.5,0,100,0,45.45,1.93
1,TFO,2026-05-07,2026-07,44.0,E,M,2026-06-26,5.325,0,100,0,45.45,1.93
2,TFO,2026-05-07,2026-07,45.0,E,M,2026-06-26,6.1,4.55,3100,2600,45.45,1.93
1,TFO,2026-05-07,2026-07,47.0,E,M,2026-06-26,0,4.075,0,175,45.45,1.93
1,TFO,2026-05-07,2026-07,50.0,E,M,2026-06-26,0,3.3,0,2700,45.45,1.93
1,TFO,2026-05-07,2026-07,55.0,E,M,2026-06-26,0,2.47,0,2900,45.45,1.93
2,TFO,2026-05-07,2026-07,60.0,E,M,2026-06-26,0,1.8516483516483515,0,1820,45.45,1.93
2,TFO,2026-05-07,2026-07,65.0,E,M,2026-06-26,0,1.4533783783783785,0,740,45.45,1.93
1,TFO,2026-05-07,2026-07,70.0,E,M,2026-06-26,0,1.115,0,515,45.45,1.93
1,TFO,2026-05-07,2026-08,45.0,E,M,2026-07-27,0,5.59,0,350,45.30509064780013,1.93
1,TFO,2026-05-07,2026-08,60.0,E,M,2026-07-27,0,2.925,0,550,45.30509064780013,1.93
1,TFO,2026-05-07,2026-09,38.0,E,M,2026-08-26,3.5200000000000005,0,20,0,45.15162200129674,1.93
1,TFO,2026-05-07,2026-09,45.0,E,M,2026-08-26,0,6.34,0,350,45.15162200129674,1.93
1,TFO,2026-05-07,2026-09,65.0,E,M,2026-08-26,0,3.07,0,550,45.15162200129674,1.93
1,TFO,2026-05-07,2026-10,44.0,E,M,2026-09-25,0,7.3,0,350,44.99151290381904,1.93
1,TFO,2026-05-07,2026-10,50.0,E,M,2026-09-25,0,5.315,0,180,44.99151290381904,1.93
1,TFO,2026-05-07,2026-10,55.0,E,M,2026-09-25,0,4.4,0,100,44.99151290381904,1.93
1,TFO,2026-05-07,2026-10,70.0,E,M,2026-09-25,0,3.0,0,80,44.99151290381904,1.93
1,TFO,2026-05-07,2026-10,75.0,E,M,2026-09-25,0,2.625,0,80,44.99151290381904,1.93
1,TFO,2026-05-08,2026-06,33.0,E,M,2026-05-27,0.15,0,1200,0,43.71083957199268,1.929
2,TFO,2026-05-08,2026-06,35.0,E,M,2026-05-27,0.3004761904761905,0,3150,0,43.71083957199268,1.929
1,TFO,2026-05-08,2026-06,36.0,E,M,2026-05-27,0.4,0,750,0,43.71083957199268,1.929
1,TFO,2026-05-08,2026-06,37.0,E,M,2026-05-27,0.515,0,100,0,43.71083957199268,1.929
1,TFO,2026-05-08,2026-06,39.0,E,M,2026-05-27,0.95,0,250,0,43.71083957199268,1.929
2,TFO,2026-05-08,2026-06,40.0,E,M,2026-05-27,1.3004415011037527,0,4530,0,43.71083957199268,1.929
2,TFO,2026-05-08,2026-06,41.0,E,M,2026-05-27,1.6470149253731343,0,3350,0,43.71083957199268,1.929
1,TFO,2026-05-08,2026-06,42.0,E,M,2026-05-27,2.2,0,2900,0,43.71083957199268,1.929
1,TFO,2026-05-08,2026-06,43.0,E,M,2026-05-27,2.73,0,50,0,43.71083957199268,1.929
1,TFO,2026-05-08,2026-06,44.0,E,M,2026-05-27,3.28,0,1750,0,43.71083957199268,1.929
4,TFO,2026-05-08,2026-06,45.0,E,M,2026-05-27,3.8545454545454545,3.037609375,275,1600,43.71083957199268,1.929
1,TFO,2026-05-08,2026-06,48.0,E,M,2026-05-27,0,2.235,0,385,43.71083957199268,1.929
3,TFO,2026-05-08,2026-06,50.0,E,M,2026-05-27,7.45,1.73017130620985,1100,4670,43.71083957199268,1.929
2,TFO,2026-05-08,2026-06,55.0,E,M,2026-05-27,0,1.113,0,1250,43.71083957199268,1.929
2,TFO,2026-05-08,2026-06,60.0,E,M,2026-05-27,0,0.6994373401534527,0,3910,43.71083957199268,1.929
2,TFO,2026-05-08,2026-06,65.0,E,M,2026-05-27,0,0.4689766081871345,0,855,43.71083957199268,1.929
2,TFO,2026-05-08,2026-06,75.0,E,M,2026-05-27,0,0.23111111111111113,0,450,43.71083957199268,1.929
1,TFO,2026-05-08,2026-07,30.0,E,M,2026-06-26,0.18,0,850,0,43.75502976336891,1.929
2,TFO,2026-05-08,2026-07,33.0,E,M,2026-06-26,0.493,0,250,0,43.75502976336891,1.929
1,TFO,2026-05-08,2026-07,35.0,E,M,2026-06-26,0.84,0,1000,0,43.75502976336891,1.929
1,TFO,2026-05-08,2026-07,36.0,E,M,2026-06-26,1.1,0,50,0,43.75502976336891,1.929
1,TFO,2026-05-08,2026-07,55.0,E,M,2026-06-26,0,2.6,0,137,43.75502976336891,1.929
1,TFO,2026-05-08,2026-07,60.0,E,M,2026-06-26,0,2.075,0,1100,43.75502976336891,1.929
1,TFO,2026-05-08,2026-07,85.0,E,M,2026-06-26,0,0.7,0,287,43.75502976336891,1.929
1,TFO,2026-05-08,2026-08,32.0,E,M,2026-07-27,0.63,0,50,0,43.73460442911016,1.929
1,TFO,2026-05-08,2026-08,33.0,E,M,2026-07-27,0.8949999999999999,0,10,0,43.73460442911016,1.929
1,TFO,2026-05-08,2026-08,38.0,E,M,2026-07-27,2.63,0,1050,0,43.73460442911016,1.929
1,TFO,2026-05-08,2026-08,125.0,E,M,2026-07-27,0,0.5,0,25,43.73460442911016,1.929
1,TFO,2026-05-08,2026-09,35.0,E,M,2026-08-26,1.82,0,350,0,43.833686440677965,1.929
2,TFO,2026-05-08,2026-09,50.0,E,M,2026-08-26,0,5.352650602409638,0,2075,43.833686440677965,1.929
1,TFO,2026-05-08,2026-09,60.0,E,M,2026-08-26,0,3.75,0,2600,43.833686440677965,1.929
1,TFO,2026-05-08,2026-09,70.0,E,M,2026-08-26,0,2.77,0,100,43.833686440677965,1.929
1,TFO,2026-05-08,2026-09,90.0,E,M,2026-08-26,0,1.55,0,250,43.833686440677965,1.929
1,TFO,2026-05-08,2026-10,31.0,E,M,2026-09-25,0.95,0,800,0,43.59133055235904,1.929
1,TFO,2026-05-08,2026-10,35.0,E,M,2026-09-25,2.225,0,750,0,43.59133055235904,1.929
1,TFO,2026-05-08,2026-10,45.0,E,M,2026-09-25,0,7.0,0,475,43.59133055235904,1.929
1,TFO,2026-05-08,2026-10,55.0,E,M,2026-09-25,0,4.885,0,200,43.59133055235904,1.929
1,TFO,2026-05-08,2026-10,65.0,E,M,2026-09-25,0,3.59,0,200,43.59133055235904,1.929
1,TFO,2026-05-08,2027-02,25.0,E,M,2027-01-27,0.85,0,57,0,42.406064116379305,1.929
1,TFO,2026-05-08,2027-02,35.0,E,M,2027-01-27,4.325,0,57,0,42.406064116379305,1.929
1,TFO,2026-05-08,2027-02,55.0,E,M,2027-01-27,0,7.309999999999999,0,153,42.406064116379305,1.929
1,TFO,2026-05-08,2027-02,65.0,E,M,2027-01-27,0,6.015,0,153,42.406064116379305,1.929
1,TFO,2026-05-11,2026-06,33.0,E,M,2026-05-27,0.06,0,250,0,46.69608913546969,1.931
2,TFO,2026-05-11,2026-06,35.0,E,M,2026-05-27,0.11925373134328358,0,3350,0,46.69608913546969,1.931
1,TFO,2026-05-11,2026-06,39.0,E,M,2026-05-27,0.575,0,300,0,46.69608913546969,1.931
3,TFO,2026-05-11,2026-06,40.0,E,M,2026-05-27,0.7219465648854961,6.85,2620,150,46.69608913546969,1.931
2,TFO,2026-05-11,2026-06,41.0,E,M,2026-05-27,1.096,0,250,0,46.69608913546969,1.931
1,TFO,2026-05-11,2026-06,42.0,E,M,2026-05-27,1.48,0,325,0,46.69608913546969,1.931
2,TFO,2026-05-11,2026-06,44.0,E,M,2026-05-27,2.1166666666666667,0,150,0,46.69608913546969,1.931
1,TFO,2026-05-11,2026-06,45.0,E,M,2026-05-27,0,3.31,0,575,46.69608913546969,1.931
1,TFO,2026-05-11,2026-06,46.0,E,M,2026-05-27,0,3.41,0,175,46.69608913546969,1.931
2,TFO,2026-05-11,2026-06,47.0,E,M,2026-05-27,3.79,2.98,50,50,46.69608913546969,1.931
1,TFO,2026-05-11,2026-06,48.0,E,M,2026-05-27,0,2.25,0,100,46.69608913546969,1.931
1,TFO,2026-05-11,2026-06,50.0,E,M,2026-05-27,0,2.18,0,1040,46.69608913546969,1.931
1,TFO,2026-05-11,2026-06,51.0,E,M,2026-05-27,0,1.455,0,25,46.69608913546969,1.931
1,TFO,2026-05-11,2026-06,55.0,E,M,2026-05-27,0,1.25,0,275,46.69608913546969,1.931
1,TFO,2026-05-11,2026-06,57.0,E,M,2026-05-27,0,0.79,0,250,46.69608913546969,1.931
2,TFO,2026-05-11,2026-06,60.0,E,M,2026-05-27,0,0.8042622950819672,0,915,46.69608913546969,1.931
2,TFO,2026-05-11,2026-06,65.0,E,M,2026-05-27,0,0.5185123966942149,0,605,46.69608913546969,1.931
1,TFO,2026-05-11,2026-06,75.0,E,M,2026-05-27,0,0.275,0,450,46.69608913546969,1.931
1,TFO,2026-05-11,2026-06,80.0,E,M,2026-05-27,0,0.15,0,25,46.69608913546969,1.931
1,TFO,2026-05-11,2026-07,30.0,E,M,2026-06-26,0.135,0,800,0,46.700840167736665,1.931
1,TFO,2026-05-11,2026-07,31.5,E,M,2026-06-26,0.18,0,20,0,46.700840167736665,1.931
1,TFO,2026-05-11,2026-07,33.0,E,M,2026-06-26,0.275,0,30,0,46.700840167736665,1.931
1,TFO,2026-05-11,2026-07,35.0,E,M,2026-06-26,0.775,0,2025,0,46.700840167736665,1.931
1,TFO,2026-05-11,2026-07,35.5,E,M,2026-06-26,0.55,0,5,0,46.700840167736665,1.931
1,TFO,2026-05-11,2026-07,37.0,E,M,2026-06-26,0.8400000000000001,0,5,0,46.700840167736665,1.931
1,TFO,2026-05-11,2026-07,38.0,E,M,2026-06-26,1.3,0,50,0,46.700840167736665,1.931
1,TFO,2026-05-11,2026-07,39.0,E,M,2026-06-26,1.4,0,5,0,46.700840167736665,1.931
2,TFO,2026-05-11,2026-07,40.0,E,M,2026-06-26,2.292535211267605,0,355,0,46.700840167736665,1.931
1,TFO,2026-05-11,2026-07,41.0,E,M,2026-06-26,2.43,0,50,0,46.700840167736665,1.931
1,TFO,2026-05-11,2026-07,42.0,E,M,2026-06-26,2.67,0,5,0,46.700840167736665,1.931
1,TFO,2026-05-11,2026-07,43.0,E,M,2026-06-26,3.185,0,5,0,46.700840167736665,1.931
2,TFO,2026-05-11,2026-07,45.0,E,M,2026-06-26,4.4,5.0,5,1500,46.700840167736665,1.931
1,TFO,2026-05-11,2026-07,47.0,E,M,2026-06-26,5.72,0,5,0,46.700840167736665,1.931
1,TFO,2026-05-11,2026-07,49.0,E,M,2026-06-26,0,4.62,0,5,46.700840167736665,1.931
1,TFO,2026-05-11,2026-07,50.0,E,M,2026-06-26,0,4.305,0,400,46.700840167736665,1.931
1,TFO,2026-05-11,2026-07,51.0,E,M,2026-06-26,0,4.09,0,5,46.700840167736665,1.931
1,TFO,2026-05-11,2026-07,52.0,E,M,2026-06-26,0,3.375,0,100,46.700840167736665,1.931
1,TFO,2026-05-11,2026-07,53.0,E,M,2026-06-26,0,3.6100000000000003,0,5,46.700840167736665,1.931
1,TFO,2026-05-11,2026-07,55.0,E,M,2026-06-26,0,2.7,0,1675,46.700840167736665,1.931
1,TFO,2026-05-11,2026-07,56.0,E,M,2026-06-26,0,3.1,0,5,46.700840167736665,1.931
1,TFO,2026-05-11,2026-07,60.0,E,M,2026-06-26,0,2.49,0,900,46.700840167736665,1.931
1,TFO,2026-05-11,2026-07,65.0,E,M,2026-06-26,0,1.46,0,400,46.700840167736665,1.931
1,TFO,2026-05-11,2026-07,70.0,E,M,2026-06-26,0,1.325,0,1575,46.700840167736665,1.931
1,TFO,2026-05-11,2026-07,75.0,E,M,2026-06-26,0,0.9,0,400,46.700840167736665,1.931
1,TFO,2026-05-11,2026-08,30.0,E,M,2026-07-27,0.25,0,100,0,46.58421778668311,1.931
1,TFO,2026-05-11,2026-08,32.0,E,M,2026-07-27,0.51,0,50,0,46.58421778668311,1.931
1,TFO,2026-05-11,2026-08,35.0,E,M,2026-07-27,1.01,0,2175,0,46.58421778668311,1.931
1,TFO,2026-05-11,2026-08,40.0,E,M,2026-07-27,2.91,0,2100,0,46.58421778668311,1.931
2,TFO,2026-05-11,2026-08,45.0,E,M,2026-07-27,5.925,6.525,25,250,46.58421778668311,1.931
1,TFO,2026-05-11,2026-09,25.0,E,M,2026-08-26,0.14,0,150,0,46.5852831132453,1.931
1,TFO,2026-05-11,2026-09,28.0,E,M,2026-08-26,0.28,0,100,0,46.5852831132453,1.931
1,TFO,2026-05-11,2026-09,33.0,E,M,2026-08-26,0.915,0,10,0,46.5852831132453,1.931
1,TFO,2026-05-11,2026-09,45.0,E,M,2026-08-26,0,7.04,0,200,46.5852831132453,1.931
1,TFO,2026-05-11,2026-09,60.0,E,M,2026-08-26,0,3.9,0,500,46.5852831132453,1.931
1,TFO,2026-05-11,2026-09,65.0,E,M,2026-08-26,0,3.28,0,100,46.5852831132453,1.931
1,TFO,2026-05-11,2026-09,85.0,E,M,2026-08-26,0,1.83,0,100,46.5852831132453,1.931
1,TFO,2026-05-11,2026-09,90.0,E,M,2026-08-26,0,1.6,0,500,46.5852831132453,1.931
1,TFO,2026-05-11,2026-10,55.0,E,M,2026-09-25,0,5.69,0,250,46.36425660792952,1.931
1,TFO,2026-05-11,2026-10,80.0,E,M,2026-09-25,0,2.7,0,100,46.36425660792952,1.931
1,TFO,2026-05-11,2026-12,33.0,E,M,2026-11-26,2.15,0,150,0,45.78511162098474,1.931
1,TFO,2026-05-11,2026-12,50.0,E,M,2026-11-26,0,7.8,0,500,45.78511162098474,1.931
1,TFO,2026-05-11,2026-12,60.0,E,M,2026-11-26,0,5.7,0,100,45.78511162098474,1.931
2,TFO,2026-05-11,2027-02,50.0,E,M,2027-01-27,0,8.939634146341465,0,1025,45.311464510332435,1.931
1,TFO,2026-05-11,2027-02,80.0,E,M,2027-01-27,0,5.05,0,750,45.311464510332435,1.931
1,TFO,2026-05-11,2027-03,60.0,E,M,2027-02-24,0,6.9,0,225,43.275,1.931
1,TFO,2026-05-12,2026-06,30.0,E,M,2026-05-27,0.07,0,600,0,46.60000000000001,1.929
2,TFO,2026-05-12,2026-06,35.0,E,M,2026-05-27,0.21263157894736842,0,950,0,46.60000000000001,1.929
1,TFO,2026-05-12,2026-06,37.0,E,M,2026-05-27,0.25,0,50,0,46.60000000000001,1.929
1,TFO,2026-05-12,2026-06,38.5,E,M,2026-05-27,0.35,0,25,0,46.60000000000001,1.929
1,TFO,2026-05-12,2026-06,39.0,E,M,2026-05-27,0.41,0,100,0,46.60000000000001,1.929
2,TFO,2026-05-12,2026-06,40.0,E,M,2026-05-27,0.6152380952380953,0,2100,0,46.60000000000001,1.929
2,TFO,2026-05-12,2026-06,42.0,E,M,2026-05-27,1.0046511627906975,0,2150,0,46.60000000000001,1.929
1,TFO,2026-05-12,2026-06,43.0,E,M,2026-05-27,1.37,0,400,0,46.60000000000001,1.929
1,TFO,2026-05-12,2026-06,44.0,E,M,2026-05-27,1.8599999999999999,0,85,0,46.60000000000001,1.929
2,TFO,2026-05-12,2026-06,45.0,E,M,2026-05-27,2.24,3.95,700,1200,46.60000000000001,1.929
2,TFO,2026-05-12,2026-06,46.0,E,M,2026-05-27,2.87,3.8,200,25,46.60000000000001,1.929
2,TFO,2026-05-12,2026-06,47.0,E,M,2026-05-27,3.415,3.16,1500,400,46.60000000000001,1.929
3,TFO,2026-05-12,2026-06,48.0,E,M,2026-05-27,4.035,2.96,50,300,46.60000000000001,1.929
2,TFO,2026-05-12,2026-06,50.0,E,M,2026-05-27,5.2,2.425,110,1370,46.60000000000001,1.929
1,TFO,2026-05-12,2026-06,53.0,E,M,2026-05-27,0,1.725,0,400,46.60000000000001,1.929
2,TFO,2026-05-12,2026-06,55.0,E,M,2026-05-27,0,1.299702380952381,0,2100,46.60000000000001,1.929
1,TFO,2026-05-12,2026-06,58.0,E,M,2026-05-27,0,1.05,0,200,46.60000000000001,1.929
2,TFO,2026-05-12,2026-06,60.0,E,M,2026-05-27,0,0.8570714285714286,0,700,46.60000000000001,1.929
1,TFO,2026-05-12,2026-06,62.0,E,M,2026-05-27,0,0.61,0,10,46.60000000000001,1.929
2,TFO,2026-05-12,2026-06,65.0,E,M,2026-05-27,0,0.5549230769230771,0,1625,46.60000000000001,1.929
1,TFO,2026-05-12,2026-07,31.0,E,M,2026-06-26,0.18,0,500,0,46.55509703441664,1.929
1,TFO,2026-05-12,2026-07,34.0,E,M,2026-06-26,0.375,0,500,0,46.55509703441664,1.929
2,TFO,2026-05-12,2026-07,35.0,E,M,2026-06-26,0.4930327868852459,0,1525,0,46.55509703441664,1.929
1,TFO,2026-05-12,2026-07,36.0,E,M,2026-06-26,0.61,0,50,0,46.55509703441664,1.929
1,TFO,2026-05-12,2026-07,37.0,E,M,2026-06-26,0.735,0,1100,0,46.55509703441664,1.929
1,TFO,2026-05-12,2026-07,38.0,E,M,2026-06-26,1.085,0,95,0,46.55509703441664,1.929
2,TFO,2026-05-12,2026-07,40.0,E,M,2026-06-26,1.73,9.05,2650,500,46.55509703441664,1.929
1,TFO,2026-05-12,2026-07,42.0,E,M,2026-06-26,2.45,0,25,0,46.55509703441664,1.929
1,TFO,2026-05-12,2026-07,45.0,E,M,2026-06-26,4.275,0,500,0,46.55509703441664,1.929
1,TFO,2026-05-12,2026-07,48.0,E,M,2026-06-26,0,5.225,0,400,46.55509703441664,1.929
1,TFO,2026-05-12,2026-07,50.0,E,M,2026-06-26,0,4.61,0,2425,46.55509703441664,1.929
1,TFO,2026-05-12,2026-07,58.0,E,M,2026-06-26,0,2.975,0,400,46.55509703441664,1.929
1,TFO,2026-05-12,2026-07,65.0,E,M,2026-06-26,0,2.07,0,1325,46.55509703441664,1.929
1,TFO,2026-05-12,2026-07,68.0,E,M,2026-06-26,0,1.9650000000000003,0,10,46.55509703441664,1.929
1,TFO,2026-05-12,2026-07,75.0,E,M,2026-06-26,0,1.315,0,1200,46.55509703441664,1.929
1,TFO,2026-05-12,2026-07,80.0,E,M,2026-06-26,0,1.055,0,75,46.55509703441664,1.929
1,TFO,2026-05-12,2026-08,35.0,E,M,2026-07-27,0.95,0,1200,0,46.430484097429954,1.929
1,TFO,2026-05-12,2026-08,40.0,E,M,2026-07-27,2.6,0,1800,0,46.430484097429954,1.929
2,TFO,2026-05-12,2026-08,50.0,E,M,2026-07-27,0,5.740426829268293,0,1640,46.430484097429954,1.929
1,TFO,2026-05-12,2026-08,60.0,E,M,2026-07-27,0,3.775,0,2655,46.430484097429954,1.929
1,TFO,2026-05-12,2026-08,90.0,E,M,2026-07-27,0,1.5,0,1000,46.430484097429954,1.929
1,TFO,2026-05-12,2026-09,27.0,E,M,2026-08-26,0.19,0,200,0,46.3050679729627,1.929
2,TFO,2026-05-12,2026-09,33.0,E,M,2026-08-26,0.8018055555555555,0,720,0,46.3050679729627,1.929
1,TFO,2026-05-12,2026-09,60.0,E,M,2026-08-26,0,4.975,0,1250,46.3050679729627,1.929
1,TFO,2026-05-12,2026-09,70.0,E,M,2026-08-26,0,3.525,0,400,46.3050679729627,1.929
1,TFO,2026-05-12,2026-10,33.0,E,M,2026-09-25,1.1,0,200,0,46.14300990675991,1.929
1,TFO,2026-05-12,2027-03,50.0,E,M,2027-02-24,0,9.65,0,1000,43.4,1.929
1,TFO,2026-05-13,2026-06,32.0,E,M,2026-05-27,0.055,0,200,0,46.630850549915955,1.928
2,TFO,2026-05-13,2026-06,35.0,E,M,2026-05-27,0.12585421412300682,0,4390,0,46.630850549915955,1.928
1,TFO,2026-05-13,2026-06,37.0,E,M,2026-05-27,0.26,0,500,0,46.630850549915955,1.928
1,TFO,2026-05-13,2026-06,38.0,E,M,2026-05-27,0.35,0,400,0,46.630850549915955,1.928
2,TFO,2026-05-13,2026-06,40.0,E,M,2026-05-27,0.5254716981132075,0,2650,0,46.630850549915955,1.928
2,TFO,2026-05-13,2026-06,41.0,E,M,2026-05-27,0.8569354838709677,0,620,0,46.630850549915955,1.928
1,TFO,2026-05-13,2026-06,42.0,E,M,2026-05-27,1.0,0,2760,0,46.630850549915955,1.928
1,TFO,2026-05-13,2026-06,43.0,E,M,2026-05-27,1.3,0,250,0,46.630850549915955,1.928
1,TFO,2026-05-13,2026-06,44.0,E,M,2026-05-27,1.71,0,25,0,46.630850549915955,1.928
1,TFO,2026-05-13,2026-06,45.0,E,M,2026-05-27,0,3.65,0,450,46.630850549915955,1.928
2,TFO,2026-05-13,2026-06,46.0,E,M,2026-05-27,2.81844,0,625,0,46.630850549915955,1.928
1,TFO,2026-05-13,2026-06,47.0,E,M,2026-05-27,3.19,0,700,0,46.630850549915955,1.928
4,TFO,2026-05-13,2026-06,48.0,E,M,2026-05-27,3.836931818181818,2.743333333333333,220,255,46.630850549915955,1.928
2,TFO,2026-05-13,2026-06,50.0,E,M,2026-05-27,0,2.05,0,1400,46.630850549915955,1.928
1,TFO,2026-05-13,2026-06,53.0,E,M,2026-05-27,0,1.38,0,100,46.630850549915955,1.928
1,TFO,2026-05-13,2026-06,54.0,E,M,2026-05-27,0,1.13,0,430,46.630850549915955,1.928
2,TFO,2026-05-13,2026-06,55.0,E,M,2026-05-27,0,1.1047169811320754,0,1060,46.630850549915955,1.928
2,TFO,2026-05-13,2026-06,60.0,E,M,2026-05-27,0,0.65,0,1615,46.630850549915955,1.928
1,TFO,2026-05-13,2026-06,65.0,E,M,2026-05-27,0,0.4,0,500,46.630850549915955,1.928
2,TFO,2026-05-13,2026-06,70.0,E,M,2026-05-27,0,0.25384196185286106,0,1835,46.630850549915955,1.928
1,TFO,2026-05-13,2026-06,80.0,E,M,2026-05-27,0,0.135,0,500,46.630850549915955,1.928
1,TFO,2026-05-13,2026-06,100.0,E,M,2026-05-27,0,0.08,0,250,46.630850549915955,1.928
1,TFO,2026-05-13,2026-07,30.0,E,M,2026-06-26,0.12,0,1650,0,46.57013078116188,1.928
1,TFO,2026-05-13,2026-07,33.0,E,M,2026-06-26,0.27,0,100,0,46.57013078116188,1.928
1,TFO,2026-05-13,2026-07,34.0,E,M,2026-06-26,0.34,0,200,0,46.57013078116188,1.928
1,TFO,2026-05-13,2026-07,35.0,E,M,2026-06-26,0.51,0,3850,0,46.57013078116188,1.928
1,TFO,2026-05-13,2026-07,36.0,E,M,2026-06-26,0.645,0,400,0,46.57013078116188,1.928
1,TFO,2026-05-13,2026-07,37.0,E,M,2026-06-26,0.83,0,100,0,46.57013078116188,1.928
1,TFO,2026-05-13,2026-07,39.0,E,M,2026-06-26,1.4,0,100,0,46.57013078116188,1.928
2,TFO,2026-05-13,2026-07,40.0,E,M,2026-06-26,1.7466037735849058,0,2650,0,46.57013078116188,1.928
1,TFO,2026-05-13,2026-07,41.0,E,M,2026-06-26,2.145,0,200,0,46.57013078116188,1.928
1,TFO,2026-05-13,2026-07,42.0,E,M,2026-06-26,2.58,0,2625,0,46.57013078116188,1.928
1,TFO,2026-05-13,2026-07,45.0,E,M,2026-06-26,4.23,0,1080,0,46.57013078116188,1.928
1,TFO,2026-05-13,2026-07,50.0,E,M,2026-06-26,0,4.145,0,750,46.57013078116188,1.928
2,TFO,2026-05-13,2026-07,55.0,E,M,2026-06-26,0,3.071875,0,160,46.57013078116188,1.928
1,TFO,2026-05-13,2026-07,60.0,E,M,2026-06-26,0,2.43,0,2150,46.57013078116188,1.928
1,TFO,2026-05-13,2026-07,75.0,E,M,2026-06-26,0,1.18,0,800,46.57013078116188,1.928
1,TFO,2026-05-13,2026-08,35.0,E,M,2026-07-27,0.96,0,3150,0,46.47273586192783,1.928
1,TFO,2026-05-13,2026-08,45.0,E,M,2026-07-27,5.6,0,780,0,46.47273586192783,1.928
1,TFO,2026-05-13,2026-08,125.0,E,M,2026-07-27,0,0.62,0,25,46.47273586192783,1.928
1,TFO,2026-05-13,2026-09,33.0,E,M,2026-08-26,0.8550000000000001,0,10,0,46.49518777168104,1.928
1,TFO,2026-05-13,2026-09,35.0,E,M,2026-08-26,1.36,0,3500,0,46.49518777168104,1.928
1,TFO,2026-05-13,2026-09,40.0,E,M,2026-08-26,3.4,0,2250,0,46.49518777168104,1.928
1,TFO,2026-05-13,2026-09,46.0,E,M,2026-08-26,7.05,0,100,0,46.49518777168104,1.928
1,TFO,2026-05-13,2027-02,35.0,E,M,2027-01-27,4.15,0,320,0,45.05628735232801,1.928
1,TFO,2026-05-13,2027-02,75.0,E,M,2027-01-27,0,5.6,0,170,45.05628735232801,1.928
2,TFO,2026-05-14,2026-06,35.0,E,M,2026-05-27,0.1472972972972973,0,925,0,47.89951897309466,1.93
1,TFO,2026-05-14,2026-06,37.0,E,M,2026-05-27,0.13,0,1000,0,47.89951897309466,1.93
2,TFO,2026-05-14,2026-06,38.0,E,M,2026-05-27,0.2525,0,200,0,47.89951897309466,1.93
2,TFO,2026-05-14,2026-06,40.0,E,M,2026-05-27,0.35,0,2325,0,47.89951897309466,1.93
1,TFO,2026-05-14,2026-06,41.0,E,M,2026-05-27,0.485,0,300,0,47.89951897309466,1.93
2,TFO,2026-05-14,2026-06,42.0,E,M,2026-05-27,0.905,0,90,0,47.89951897309466,1.93
1,TFO,2026-05-14,2026-06,43.0,E,M,2026-05-27,0.85,0,350,0,47.89951897309466,1.93
2,TFO,2026-05-14,2026-06,44.0,E,M,2026-05-27,1.1,4.55,290,2000,47.89951897309466,1.93
2,TFO,2026-05-14,2026-06,45.0,E,M,2026-05-27,1.5240683229813665,0,1610,0,47.89951897309466,1.93
2,TFO,2026-05-14,2026-06,46.0,E,M,2026-05-27,2.198101265822785,0,395,0,47.89951897309466,1.93
4,TFO,2026-05-14,2026-06,47.0,E,M,2026-05-27,2.851153846153846,3.000251677852349,780,2980,47.89951897309466,1.93
4,TFO,2026-05-14,2026-06,48.0,E,M,2026-05-27,3.053,2.6485714285714286,250,350,47.89951897309466,1.93
2,TFO,2026-05-14,2026-06,49.0,E,M,2026-05-27,0,2.248395061728395,0,4050,47.89951897309466,1.93
2,TFO,2026-05-14,2026-06,50.0,E,M,2026-05-27,0,2.0469565217391303,0,575,47.89951897309466,1.93
1,TFO,2026-05-14,2026-06,51.0,E,M,2026-05-27,0,1.85,0,25,47.89951897309466,1.93
1,TFO,2026-05-14,2026-06,52.0,E,M,2026-05-27,0,1.5,0,5750,47.89951897309466,1.93
1,TFO,2026-05-14,2026-06,54.0,E,M,2026-05-27,0,1.21,0,25,47.89951897309466,1.93
2,TFO,2026-05-14,2026-06,55.0,E,M,2026-05-27,0,1.0158490566037737,0,1325,47.89951897309466,1.93
1,TFO,2026-05-14,2026-06,57.0,E,M,2026-05-27,0,0.9,0,1000,47.89951897309466,1.93
1,TFO,2026-05-14,2026-06,60.0,E,M,2026-05-27,0,0.6,0,900,47.89951897309466,1.93
1,TFO,2026-05-14,2026-06,62.0,E,M,2026-05-27,0,0.435,0,100,47.89951897309466,1.93
1,TFO,2026-05-14,2026-06,65.0,E,M,2026-05-27,0,0.35,0,125,47.89951897309466,1.93
2,TFO,2026-05-14,2026-06,70.0,E,M,2026-05-27,0,0.2563855421686747,0,830,47.89951897309466,1.93
1,TFO,2026-05-14,2026-06,75.0,E,M,2026-05-27,0,0.215,0,100,47.89951897309466,1.93
1,TFO,2026-05-14,2026-06,85.0,E,M,2026-05-27,0,0.115,0,100,47.89951897309466,1.93
1,TFO,2026-05-14,2026-06,95.0,E,M,2026-05-27,0,0.065,0,100,47.89951897309466,1.93
1,TFO,2026-05-14,2026-07,36.0,E,M,2026-06-26,0.62,0,900,0,47.90476581488538,1.93
1,TFO,2026-05-14,2026-07,37.0,E,M,2026-06-26,0.66,0,900,0,47.90476581488538,1.93
1,TFO,2026-05-14,2026-07,39.0,E,M,2026-06-26,1.32,0,450,0,47.90476581488538,1.93
1,TFO,2026-05-14,2026-07,40.0,E,M,2026-06-26,1.5,0,2400,0,47.90476581488538,1.93
1,TFO,2026-05-14,2026-07,44.0,E,M,2026-06-26,3.325,0,2000,0,47.90476581488538,1.93
1,TFO,2026-05-14,2026-07,50.0,E,M,2026-06-26,0,4.3,0,3700,47.90476581488538,1.93
1,TFO,2026-05-14,2026-07,52.0,E,M,2026-06-26,0,3.825,0,100,47.90476581488538,1.93
1,TFO,2026-05-14,2026-07,54.0,E,M,2026-06-26,0,3.4,0,2000,47.90476581488538,1.93
1,TFO,2026-05-14,2026-07,55.0,E,M,2026-06-26,0,3.35,0,100,47.90476581488538,1.93
1,TFO,2026-05-14,2026-07,60.0,E,M,2026-06-26,0,2.3,0,2325,47.90476581488538,1.93
1,TFO,2026-05-14,2026-07,65.0,E,M,2026-06-26,0,1.87,0,650,47.90476581488538,1.93
1,TFO,2026-05-14,2026-07,70.0,E,M,2026-06-26,0,1.43,0,1025,47.90476581488538,1.93
1,TFO,2026-05-14,2026-07,75.0,E,M,2026-06-26,0,1.04,0,850,47.90476581488538,1.93
1,TFO,2026-05-14,2026-08,35.0,E,M,2026-07-27,0.915,0,575,0,47.73422328232055,1.93
1,TFO,2026-05-14,2026-08,40.0,E,M,2026-07-27,2.545,0,550,0,47.73422328232055,1.93
1,TFO,2026-05-14,2026-08,45.0,E,M,2026-07-27,5.35,0,450,0,47.73422328232055,1.93
1,TFO,2026-05-14,2026-09,34.5,E,M,2026-08-26,1.125,0,10,0,47.624348822671394,1.93
1,TFO,2026-05-14,2026-09,35.0,E,M,2026-08-26,1.38,0,1075,0,47.624348822671394,1.93
1,TFO,2026-05-14,2026-09,40.0,E,M,2026-08-26,3.36,0,600,0,47.624348822671394,1.93
1,TFO,2026-05-14,2026-09,50.0,E,M,2026-08-26,0,6.71,0,1750,47.624348822671394,1.93
1,TFO,2026-05-14,2026-09,60.0,E,M,2026-08-26,0,4.7,0,2300,47.624348822671394,1.93
1,TFO,2026-05-14,2026-10,44.0,E,M,2026-09-25,6.225,0,50,0,47.15825131390349,1.93
1,TFO,2026-05-14,2026-10,46.0,E,M,2026-09-25,0,8.05,0,50,47.15825131390349,1.93
1,TFO,2026-05-14,2026-12,30.0,E,M,2026-11-26,1.1,0,450,0,46.013487626031164,1.93
1,TFO,2026-05-14,2026-12,45.0,E,M,2026-11-26,0,9.2,0,500,46.013487626031164,1.93
1,TFO,2026-05-14,2027-01,55.0,E,M,2026-12-24,0,7.45,0,350,45.60691825113406,1.93
1,TFO,2026-05-14,2027-01,70.0,E,M,2026-12-24,0,5.45,0,50,45.60691825113406,1.93
1,TFO,2026-05-14,2027-03,25.0,E,M,2027-02-24,1.125,0,75,0,43.38,1.93
1,TFO,2026-05-14,2027-03,28.0,E,M,2027-02-24,0,16.8,0,75,43.38,1.93
1,TFO,2026-05-14,2027-03,30.0,E,M,2027-02-24,2.55,0,400,0,43.38,1.93
1,TFO,2026-05-14,2027-03,45.0,E,M,2027-02-24,0,9.8,0,500,43.38,1.93
1,TFO,2026-05-15,2026-06,35.0,E,M,2026-05-27,0.04,0,2000,0,50.96696234082379,1.931
1,TFO,2026-05-15,2026-06,37.0,E,M,2026-05-27,0.105,0,250,0,50.96696234082379,1.931
1,TFO,2026-05-15,2026-06,38.0,E,M,2026-05-27,0.155,0,190,0,50.96696234082379,1.931
3,TFO,2026-05-15,2026-06,40.0,E,M,2026-05-27,0.25423357664233576,10.075,4110,1000,50.96696234082379,1.931
2,TFO,2026-05-15,2026-06,41.0,E,M,2026-05-27,0.3046153846153846,0,130,0,50.96696234082379,1.931
2,TFO,2026-05-15,2026-06,42.0,E,M,2026-05-27,0.39999999999999997,0,2320,0,50.96696234082379,1.931
2,TFO,2026-05-15,2026-06,43.0,E,M,2026-05-27,0.6392391304347826,0,460,0,50.96696234082379,1.931
2,TFO,2026-05-15,2026-06,44.0,E,M,2026-05-27,0.73816,0,1250,0,50.96696234082379,1.931
3,TFO,2026-05-15,2026-06,45.0,E,M,2026-05-27,0.7262692307692308,5.87,3250,1925,50.96696234082379,1.931
1,TFO,2026-05-15,2026-06,46.0,E,M,2026-05-27,1.175,0,810,0,50.96696234082379,1.931
2,TFO,2026-05-15,2026-06,47.0,E,M,2026-05-27,1.775,3.86,3710,50,50.96696234082379,1.931
2,TFO,2026-05-15,2026-06,48.0,E,M,2026-05-27,2.36,3.3,260,15,50.96696234082379,1.931
1,TFO,2026-05-15,2026-06,49.0,E,M,2026-05-27,3.0,0,50,0,50.96696234082379,1.931
3,TFO,2026-05-15,2026-06,50.0,E,M,2026-05-27,2.8300000000000005,2.9416504854368934,3435,1545,50.96696234082379,1.931
2,TFO,2026-05-15,2026-06,51.0,E,M,2026-05-27,3.465,2.57,50,50,50.96696234082379,1.931
2,TFO,2026-05-15,2026-06,52.0,E,M,2026-05-27,0,2.250763358778626,0,1310,50.96696234082379,1.931
1,TFO,2026-05-15,2026-06,55.0,E,M,2026-05-27,0,1.6,0,2525,50.96696234082379,1.931
1,TFO,2026-05-15,2026-06,57.0,E,M,2026-05-27,0,1.15,0,60,50.96696234082379,1.931
2,TFO,2026-05-15,2026-06,60.0,E,M,2026-05-27,0,0.8030232558139535,0,2150,50.96696234082379,1.931
1,TFO,2026-05-15,2026-06,65.0,E,M,2026-05-27,0,0.4,0,20,50.96696234082379,1.931
2,TFO,2026-05-15,2026-06,70.0,E,M,2026-05-27,0,0.2733333333333333,0,975,50.96696234082379,1.931
1,TFO,2026-05-15,2026-06,75.0,E,M,2026-05-27,0,0.165,0,650,50.96696234082379,1.931
1,TFO,2026-05-15,2026-07,35.0,E,M,2026-06-26,0.325,0,1600,0,51.010354692900826,1.931
1,TFO,2026-05-15,2026-07,36.0,E,M,2026-06-26,0.465,0,50,0,51.010354692900826,1.931
1,TFO,2026-05-15,2026-07,37.0,E,M,2026-06-26,0.58,0,350,0,51.010354692900826,1.931
1,TFO,2026-05-15,2026-07,38.0,E,M,2026-06-26,0.675,0,900,0,51.010354692900826,1.931
2,TFO,2026-05-15,2026-07,40.0,E,M,2026-06-26,1.1760869565217391,0,1380,0,51.010354692900826,1.931
1,TFO,2026-05-15,2026-07,41.0,E,M,2026-06-26,1.475,0,300,0,51.010354692900826,1.931
3,TFO,2026-05-15,2026-07,45.0,E,M,2026-06-26,2.5,6.995,680,450,51.010354692900826,1.931
1,TFO,2026-05-15,2026-07,48.0,E,M,2026-06-26,4.65,0,700,0,51.010354692900826,1.931
1,TFO,2026-05-15,2026-07,50.0,E,M,2026-06-26,0,6.02,0,3910,51.010354692900826,1.931
1,TFO,2026-05-15,2026-07,51.0,E,M,2026-06-26,0,5.245,0,100,51.010354692900826,1.931
1,TFO,2026-05-15,2026-07,53.0,E,M,2026-06-26,0,4.655,0,100,51.010354692900826,1.931
1,TFO,2026-05-15,2026-07,55.0,E,M,2026-06-26,0,3.77,0,625,51.010354692900826,1.931
2,TFO,2026-05-15,2026-07,60.0,E,M,2026-06-26,0,3.3034035656401946,0,3085,51.010354692900826,1.931
1,TFO,2026-05-15,2026-07,63.0,E,M,2026-06-26,0,2.61,0,15,51.010354692900826,1.931
2,TFO,2026-05-15,2026-07,65.0,E,M,2026-06-26,0,2.479526066350711,0,1055,51.010354692900826,1.931
1,TFO,2026-05-15,2026-07,68.0,E,M,2026-06-26,0,1.97,0,15,51.010354692900826,1.931
1,TFO,2026-05-15,2026-07,70.0,E,M,2026-06-26,0,1.92,0,400,51.010354692900826,1.931
1,TFO,2026-05-15,2026-08,35.0,E,M,2026-07-27,0.74,0,1625,0,50.930169310916405,1.931
1,TFO,2026-05-15,2026-08,39.0,E,M,2026-07-27,0,11.475,0,550,50.930169310916405,1.931
1,TFO,2026-05-15,2026-08,49.0,E,M,2026-07-27,0,6.9,0,550,50.930169310916405,1.931
1,TFO,2026-05-15,2026-08,55.0,E,M,2026-07-27,0,5.2,0,525,50.930169310916405,1.931
1,TFO,2026-05-15,2026-08,65.0,E,M,2026-07-27,0,3.425,0,225,50.930169310916405,1.931
1,TFO,2026-05-15,2026-08,75.0,E,M,2026-07-27,0,3.04,0,150,50.930169310916405,1.931
2,TFO,2026-05-15,2026-09,28.0,E,M,2026-08-26,0.26,0,225,0,50.72141972942936,1.931
2,TFO,2026-05-15,2026-09,35.0,E,M,2026-08-26,1.1857506361323153,0,1965,0,50.72141972942936,1.931
2,TFO,2026-05-15,2026-09,50.0,E,M,2026-08-26,8.7,8.52,550,1075,50.72141972942936,1.931
1,TFO,2026-05-15,2026-09,58.0,E,M,2026-08-26,0,6.275,0,250,50.72141972942936,1.931
1,TFO,2026-05-15,2026-09,60.0,E,M,2026-08-26,0,4.98,0,150,50.72141972942936,1.931
1,TFO,2026-05-15,2026-09,70.0,E,M,2026-08-26,0,4.5,0,80,50.72141972942936,1.931
1,TFO,2026-05-15,2026-10,45.0,E,M,2026-09-25,6.5,0,25,0,50.39700031328321,1.931
2,TFO,2026-05-15,2026-10,47.0,E,M,2026-09-25,7.7,8.3,25,25,50.39700031328321,1.931
1,TFO,2026-05-15,2026-10,49.0,E,M,2026-09-25,0,8.775,0,25,50.39700031328321,1.931
1,TFO,2026-05-15,2026-10,55.0,E,M,2026-09-25,0,6.84,0,200,50.39700031328321,1.931
1,TFO,2026-05-15,2026-10,60.0,E,M,2026-09-25,0,5.84,0,510,50.39700031328321,1.931
1,TFO,2026-05-15,2026-12,70.0,E,M,2026-11-26,0,4.95,0,100,48.77391430254246,1.931
1,TFO,2026-05-15,2027-02,50.0,E,M,2027-01-27,0,9.9,0,1000,47.23714357746124,1.931
1,TFO,2026-05-15,2027-02,55.0,E,M,2027-01-27,0,8.65,0,1000,47.23714357746124,1.931
1,TFO,2026-05-15,2027-03,15.0,E,M,2027-02-24,0.18,0,150,0,45.22110891508436,1.931
1,TFO,2026-05-15,2027-03,25.0,E,M,2027-02-24,0.9,0,75,0,45.22110891508436,1.931
1,TFO,2026-05-15,2027-03,28.0,E,M,2027-02-24,0,18.05,0,275,45.22110891508436,1.931
1,TFO,2026-05-15,2027-04,50.0,E,M,2027-03-25,0,4.85,0,200,38.3,1.931
1,TFO,2026-05-18,2026-06,35.0,E,M,2026-05-27,0.045,0,130,0,49.43077170461917,1.931
1,TFO,2026-05-18,2026-06,37.0,E,M,2026-05-27,0.155,0,900,0,49.43077170461917,1.931
2,TFO,2026-05-18,2026-06,40.0,E,M,2026-05-27,0.2890657084188912,0,2435,0,49.43077170461917,1.931
1,TFO,2026-05-18,2026-06,42.0,E,M,2026-05-27,0.43,0,2950,0,49.43077170461917,1.931
1,TFO,2026-05-18,2026-06,43.0,E,M,2026-05-27,0.57,0,300,0,49.43077170461917,1.931
2,TFO,2026-05-18,2026-06,44.0,E,M,2026-05-27,0.4083333333333333,0,150,0,49.43077170461917,1.931
4,TFO,2026-05-18,2026-06,45.0,E,M,2026-05-27,0.8370157068062828,6.0,4775,750,49.43077170461917,1.931
1,TFO,2026-05-18,2026-06,46.0,E,M,2026-05-27,1.27,0,150,0,49.43077170461917,1.931
2,TFO,2026-05-18,2026-06,47.0,E,M,2026-05-27,0.9612857142857143,0,3500,0,49.43077170461917,1.931
3,TFO,2026-05-18,2026-06,48.0,E,M,2026-05-27,1.211698113207547,4.5,2650,15,49.43077170461917,1.931
1,TFO,2026-05-18,2026-06,49.0,E,M,2026-05-27,2.49,0,425,0,49.43077170461917,1.931
2,TFO,2026-05-18,2026-06,50.0,E,M,2026-05-27,2.675,2.825,2150,1200,49.43077170461917,1.931
4,TFO,2026-05-18,2026-06,51.0,E,M,2026-05-27,2.6981981981981984,2.7472072072072073,1110,1110,49.43077170461917,1.931
2,TFO,2026-05-18,2026-06,52.0,E,M,2026-05-27,0,2.20688679245283,0,265,49.43077170461917,1.931
2,TFO,2026-05-18,2026-06,53.0,E,M,2026-05-27,0,1.7522727272727272,0,3300,49.43077170461917,1.931
1,TFO,2026-05-18,2026-06,54.0,E,M,2026-05-27,0,1.455,0,75,49.43077170461917,1.931
2,TFO,2026-05-18,2026-06,55.0,E,M,2026-05-27,0,1.2981744421906694,0,2465,49.43077170461917,1.931
1,TFO,2026-05-18,2026-06,57.0,E,M,2026-05-27,0,0.925,0,3000,49.43077170461917,1.931
2,TFO,2026-05-18,2026-06,58.0,E,M,2026-05-27,0,0.8,0,150,49.43077170461917,1.931
2,TFO,2026-05-18,2026-06,60.0,E,M,2026-05-27,0,0.644264705882353,0,1700,49.43077170461917,1.931
1,TFO,2026-05-18,2026-06,65.0,E,M,2026-05-27,0,0.28,0,415,49.43077170461917,1.931
2,TFO,2026-05-18,2026-06,70.0,E,M,2026-05-27,0,0.19,0,225,49.43077170461917,1.931
1,TFO,2026-05-18,2026-06,80.0,E,M,2026-05-27,0,0.15,0,300,49.43077170461917,1.931
2,TFO,2026-05-18,2026-07,30.0,E,M,2026-06-26,0.13,0,300,0,49.55237051792829,1.931
1,TFO,2026-05-18,2026-07,33.0,E,M,2026-06-26,0.215,0,10,0,49.55237051792829,1.931
1,TFO,2026-05-18,2026-07,34.0,E,M,2026-06-26,0.25,0,150,0,49.55237051792829,1.931
2,TFO,2026-05-18,2026-07,35.0,E,M,2026-06-26,0.36500000000000005,0,1000,0,49.55237051792829,1.931
1,TFO,2026-05-18,2026-07,37.0,E,M,2026-06-26,0.48,0,100,0,49.55237051792829,1.931
1,TFO,2026-05-18,2026-07,38.0,E,M,2026-06-26,0.65,0,1635,0,49.55237051792829,1.931
2,TFO,2026-05-18,2026-07,40.0,E,M,2026-06-26,1.1723880597014924,0,5025,0,49.55237051792829,1.931
1,TFO,2026-05-18,2026-07,41.0,E,M,2026-06-26,1.205,0,4050,0,49.55237051792829,1.931
1,TFO,2026-05-18,2026-07,44.0,E,M,2026-06-26,2.135,0,2000,0,49.55237051792829,1.931
1,TFO,2026-05-18,2026-07,45.0,E,M,2026-06-26,2.775,0,1210,0,49.55237051792829,1.931
1,TFO,2026-05-18,2026-07,47.0,E,M,2026-06-26,3.5200000000000005,0,4670,0,49.55237051792829,1.931
1,TFO,2026-05-18,2026-07,48.0,E,M,2026-06-26,3.9,0,1325,0,49.55237051792829,1.931
1,TFO,2026-05-18,2026-07,49.0,E,M,2026-06-26,4.64,0,85,0,49.55237051792829,1.931
3,TFO,2026-05-18,2026-07,50.0,E,M,2026-06-26,5.54,5.520184003925416,400,4076,49.55237051792829,1.931
1,TFO,2026-05-18,2026-07,51.0,E,M,2026-06-26,0,5.56,0,101,49.55237051792829,1.931
1,TFO,2026-05-18,2026-07,52.0,E,M,2026-06-26,0,5.605,0,101,49.55237051792829,1.931
1,TFO,2026-05-18,2026-07,53.0,E,M,2026-06-26,0,4.97,0,101,49.55237051792829,1.931
3,TFO,2026-05-18,2026-07,55.0,E,M,2026-06-26,8.6,4.397155499367889,2000,3955,49.55237051792829,1.931
1,TFO,2026-05-18,2026-07,60.0,E,M,2026-06-26,0,3.4,0,1500,49.55237051792829,1.931
1,TFO,2026-05-18,2026-07,65.0,E,M,2026-06-26,0,2.575,0,1120,49.55237051792829,1.931
1,TFO,2026-05-18,2026-07,70.0,E,M,2026-06-26,0,1.83,0,1600,49.55237051792829,1.931
1,TFO,2026-05-18,2026-07,75.0,E,M,2026-06-26,0,1.69,0,350,49.55237051792829,1.931
1,TFO,2026-05-18,2026-07,80.0,E,M,2026-06-26,0,1.625,0,30,49.55237051792829,1.931
1,TFO,2026-05-18,2026-07,85.0,E,M,2026-06-26,0,1.225,0,1000,49.55237051792829,1.931
1,TFO,2026-05-18,2026-08,34.5,E,M,2026-07-27,0.715,0,250,0,49.51133858267716,1.931
1,TFO,2026-05-18,2026-08,35.0,E,M,2026-07-27,0.68,0,750,0,49.51133858267716,1.931
1,TFO,2026-05-18,2026-08,40.0,E,M,2026-07-27,1.75,0,340,0,49.51133858267716,1.931
2,TFO,2026-05-18,2026-08,50.0,E,M,2026-07-27,6.8,8.2,575,500,49.51133858267716,1.931
1,TFO,2026-05-18,2026-08,54.0,E,M,2026-07-27,0,6.0,0,5,49.51133858267716,1.931
1,TFO,2026-05-18,2026-08,55.0,E,M,2026-07-27,0,6.775,0,150,49.51133858267716,1.931
1,TFO,2026-05-18,2026-08,80.0,E,M,2026-07-27,0,2.95,0,30,49.51133858267716,1.931
1,TFO,2026-05-18,2026-09,33.0,E,M,2026-08-26,0.7900000000000001,0,30,0,49.43344883595019,1.931
1,TFO,2026-05-18,2026-09,35.0,E,M,2026-08-26,1.02,0,900,0,49.43344883595019,1.931
1,TFO,2026-05-18,2026-09,40.0,E,M,2026-08-26,2.9,0,400,0,49.43344883595019,1.931
1,TFO,2026-05-18,2026-09,43.0,E,M,2026-08-26,3.975,0,1300,0,49.43344883595019,1.931
2,TFO,2026-05-18,2026-09,50.0,E,M,2026-08-26,8.015,9.18,600,425,49.43344883595019,1.931
1,TFO,2026-05-18,2026-09,55.0,E,M,2026-08-26,0,7.86,0,150,49.43344883595019,1.931
1,TFO,2026-05-18,2026-09,60.0,E,M,2026-08-26,0,6.75,0,350,49.43344883595019,1.931
1,TFO,2026-05-18,2026-09,80.0,E,M,2026-08-26,0,4.1,0,100,49.43344883595019,1.931
1,TFO,2026-05-18,2026-10,28.0,E,M,2026-09-25,0.335,0,450,0,49.04667585684938,1.931
1,TFO,2026-05-18,2026-10,30.0,E,M,2026-09-25,0.55,0,350,0,49.04667585684938,1.931
1,TFO,2026-05-18,2026-10,33.0,E,M,2026-09-25,0.9,0,200,0,49.04667585684938,1.931
1,TFO,2026-05-18,2026-10,35.0,E,M,2026-09-25,1.35,0,450,0,49.04667585684938,1.931
2,TFO,2026-05-18,2026-10,49.0,E,M,2026-09-25,8.775,8.775,250,250,49.04667585684938,1.931
1,TFO,2026-05-18,2026-10,55.0,E,M,2026-09-25,0,7.16,0,200,49.04667585684938,1.931
1,TFO,2026-05-18,2026-10,60.0,E,M,2026-09-25,0,6.135,0,440,49.04667585684938,1.931
1,TFO,2026-05-18,2026-11,50.0,E,M,2026-10-27,0,9.5,0,100,47.89631226420253,1.931
1,TFO,2026-05-18,2026-11,70.0,E,M,2026-10-27,0,5.65,0,140,47.89631226420253,1.931
1,TFO,2026-05-18,2027-02,80.0,E,M,2027-01-27,0,6.8,0,750,46.36955513035159,1.931
1,TFO,2026-05-19,2026-06,38.0,E,M,2026-05-27,0.12,0,600,0,51.894568043012995,1.929
1,TFO,2026-05-19,2026-06,39.0,E,M,2026-05-27,0.1,0,500,0,51.894568043012995,1.929
2,TFO,2026-05-19,2026-06,40.0,E,M,2026-05-27,0.14537313432835822,0,1675,0,51.894568043012995,1.929
1,TFO,2026-05-19,2026-06,41.0,E,M,2026-05-27,0.2,0,1200,0,51.894568043012995,1.929
1,TFO,2026-05-19,2026-06,42.0,E,M,2026-05-27,0.27,0,3550,0,51.894568043012995,1.929
2,TFO,2026-05-19,2026-06,43.0,E,M,2026-05-27,0.35,0,1900,0,51.894568043012995,1.929
1,TFO,2026-05-19,2026-06,44.0,E,M,2026-05-27,0.41999999999999993,0,655,0,51.894568043012995,1.929
2,TFO,2026-05-19,2026-06,45.0,E,M,2026-05-27,0.532048872180451,0,6650,0,51.894568043012995,1.929
1,TFO,2026-05-19,2026-06,46.0,E,M,2026-05-27,0.75,0,500,0,51.894568043012995,1.929
1,TFO,2026-05-19,2026-06,47.0,E,M,2026-05-27,0.825,0,1980,0,51.894568043012995,1.929
2,TFO,2026-05-19,2026-06,48.0,E,M,2026-05-27,1.053,0,500,0,51.894568043012995,1.929
2,TFO,2026-05-19,2026-06,49.0,E,M,2026-05-27,1.645,0,100,0,51.894568043012995,1.929
3,TFO,2026-05-19,2026-06,50.0,E,M,2026-05-27,1.8319796954314722,3.085,985,600,51.894568043012995,1.929
3,TFO,2026-05-19,2026-06,51.0,E,M,2026-05-27,2.3759146341463415,2.54,2050,1100,51.894568043012995,1.929
4,TFO,2026-05-19,2026-06,52.0,E,M,2026-05-27,2.675,2.5858333333333334,525,450,51.894568043012995,1.929
1,TFO,2026-05-19,2026-06,53.0,E,M,2026-05-27,0,2.2,0,3050,51.894568043012995,1.929
3,TFO,2026-05-19,2026-06,55.0,E,M,2026-05-27,5.05,1.464020771513353,500,3370,51.894568043012995,1.929
1,TFO,2026-05-19,2026-06,57.0,E,M,2026-05-27,0,0.865,0,3000,51.894568043012995,1.929
1,TFO,2026-05-19,2026-06,58.0,E,M,2026-05-27,0,1.0,0,50,51.894568043012995,1.929
2,TFO,2026-05-19,2026-06,60.0,E,M,2026-05-27,0,0.6495226730310262,0,2095,51.894568043012995,1.929
1,TFO,2026-05-19,2026-06,63.0,E,M,2026-05-27,0,0.35,0,55,51.894568043012995,1.929
1,TFO,2026-05-19,2026-06,65.0,E,M,2026-05-27,0,0.4,0,800,51.894568043012995,1.929
2,TFO,2026-05-19,2026-06,70.0,E,M,2026-05-27,0,0.188125,0,800,51.894568043012995,1.929
1,TFO,2026-05-19,2026-06,80.0,E,M,2026-05-27,0,0.12,0,500,51.894568043012995,1.929
1,TFO,2026-05-19,2026-07,33.0,E,M,2026-06-26,0.205,0,10,0,52.043788590867976,1.929
1,TFO,2026-05-19,2026-07,35.0,E,M,2026-06-26,0.3,0,900,0,52.043788590867976,1.929
1,TFO,2026-05-19,2026-07,38.0,E,M,2026-06-26,0.5,0,300,0,52.043788590867976,1.929
2,TFO,2026-05-19,2026-07,40.0,E,M,2026-06-26,0.923561046511628,0,1720,0,52.043788590867976,1.929
1,TFO,2026-05-19,2026-07,42.0,E,M,2026-06-26,1.35,0,350,0,52.043788590867976,1.929
1,TFO,2026-05-19,2026-07,45.0,E,M,2026-06-26,2.31,0,1145,0,52.043788590867976,1.929
3,TFO,2026-05-19,2026-07,50.0,E,M,2026-06-26,5.014,6.220000000000001,250,2785,52.043788590867976,1.929
1,TFO,2026-05-19,2026-07,55.0,E,M,2026-06-26,0,4.9,0,6985,52.043788590867976,1.929
1,TFO,2026-05-19,2026-07,56.0,E,M,2026-06-26,0,4.55,0,950,52.043788590867976,1.929
2,TFO,2026-05-19,2026-07,60.0,E,M,2026-06-26,0,3.6487179487179486,0,975,52.043788590867976,1.929
1,TFO,2026-05-19,2026-07,65.0,E,M,2026-06-26,0,2.81,0,4445,52.043788590867976,1.929
1,TFO,2026-05-19,2026-07,66.0,E,M,2026-06-26,0,2.5,0,950,52.043788590867976,1.929
2,TFO,2026-05-19,2026-07,70.0,E,M,2026-06-26,0,2.12090395480226,0,885,52.043788590867976,1.929
1,TFO,2026-05-19,2026-07,75.0,E,M,2026-06-26,0,1.6200000000000003,0,5,52.043788590867976,1.929
1,TFO,2026-05-19,2026-07,85.0,E,M,2026-06-26,0,1.08,0,625,52.043788590867976,1.929
1,TFO,2026-05-19,2026-07,90.0,E,M,2026-06-26,0,0.935,0,15,52.043788590867976,1.929
1,TFO,2026-05-19,2026-07,100.0,E,M,2026-06-26,0,0.61,0,405,52.043788590867976,1.929
1,TFO,2026-05-19,2026-08,52.0,E,M,2026-07-27,0,7.35,0,1750,51.93401286393774,1.929
1,TFO,2026-05-19,2026-08,55.0,E,M,2026-07-27,0,6.39,0,400,51.93401286393774,1.929
1,TFO,2026-05-19,2026-08,60.0,E,M,2026-07-27,0,5.215,0,100,51.93401286393774,1.929
1,TFO,2026-05-19,2026-08,70.0,E,M,2026-07-27,0,3.525,0,5,51.93401286393774,1.929
1,TFO,2026-05-19,2026-08,80.0,E,M,2026-07-27,0,2.5,0,5,51.93401286393774,1.929
1,TFO,2026-05-19,2026-08,100.0,E,M,2026-07-27,0,1.35,0,300,51.93401286393774,1.929
1,TFO,2026-05-19,2026-09,50.0,E,M,2026-08-26,0,9.0,0,250,51.85750307080038,1.929
1,TFO,2026-05-19,2026-09,60.0,E,M,2026-08-26,0,6.35,0,250,51.85750307080038,1.929
1,TFO,2026-05-19,2026-10,35.0,E,M,2026-09-25,1.3,0,1050,0,51.4909538532005,1.929
1,TFO,2026-05-19,2026-10,50.0,E,M,2026-09-25,8.85,0,150,0,51.4909538532005,1.929
1,TFO,2026-05-19,2026-10,70.0,E,M,2026-09-25,0,5.25,0,1025,51.4909538532005,1.929
1,TFO,2026-05-19,2026-10,75.0,E,M,2026-09-25,0,4.55,0,350,51.4909538532005,1.929
1,TFO,2026-05-19,2026-12,30.0,E,M,2026-11-26,0.76,0,400,0,50.10687096774193,1.929
1,TFO,2026-05-19,2026-12,35.0,E,M,2026-11-26,2.11,0,250,0,50.10687096774193,1.929
1,TFO,2026-05-19,2026-12,50.0,E,M,2026-11-26,0,9.65,0,300,50.10687096774193,1.929
1,TFO,2026-05-19,2026-12,60.0,E,M,2026-11-26,0,7.35,0,325,50.10687096774193,1.929
1,TFO,2026-05-19,2027-04,45.0,E,M,2027-03-25,0,6.2,0,300,38.45486294006987,1.929
1,TFO,2026-05-19,2027-04,50.0,E,M,2027-03-25,0,5.25,0,200,38.45486294006987,1.929
1,TFO,2026-05-20,2026-06,36.0,E,M,2026-05-27,0.05,0,1400,0,49.3475068766998,1.931
2,TFO,2026-05-20,2026-06,38.0,E,M,2026-05-27,0.1,0,625,0,49.3475068766998,1.931
1,TFO,2026-05-20,2026-06,40.0,E,M,2026-05-27,0.175,0,2055,0,49.3475068766998,1.931
1,TFO,2026-05-20,2026-06,41.0,E,M,2026-05-27,0.25,0,4300,0,49.3475068766998,1.931
1,TFO,2026-05-20,2026-06,42.0,E,M,2026-05-27,0.37,0,4675,0,49.3475068766998,1.931
1,TFO,2026-05-20,2026-06,43.0,E,M,2026-05-27,0.295,0,500,0,49.3475068766998,1.931
2,TFO,2026-05-20,2026-06,44.0,E,M,2026-05-27,0.6679381443298968,0,1455,0,49.3475068766998,1.931
2,TFO,2026-05-20,2026-06,45.0,E,M,2026-05-27,0.9540127388535031,0,3925,0,49.3475068766998,1.931
1,TFO,2026-05-20,2026-06,46.0,E,M,2026-05-27,1.13,0,1350,0,49.3475068766998,1.931
1,TFO,2026-05-20,2026-06,47.0,E,M,2026-05-27,0.9,0,1060,0,49.3475068766998,1.931
2,TFO,2026-05-20,2026-06,48.0,E,M,2026-05-27,1.7163294797687862,0,865,0,49.3475068766998,1.931
1,TFO,2026-05-20,2026-06,49.0,E,M,2026-05-27,1.5,0,200,0,49.3475068766998,1.931
4,TFO,2026-05-20,2026-06,50.0,E,M,2026-05-27,1.895,2.0468571428571427,2090,1750,49.3475068766998,1.931
1,TFO,2026-05-20,2026-06,51.0,E,M,2026-05-27,0,1.59,0,50,49.3475068766998,1.931
2,TFO,2026-05-20,2026-06,52.0,E,M,2026-05-27,4.075,2.1,15,135,49.3475068766998,1.931
2,TFO,2026-05-20,2026-06,53.0,E,M,2026-05-27,0,1.0442682926829268,0,2050,49.3475068766998,1.931
2,TFO,2026-05-20,2026-06,55.0,E,M,2026-05-27,0,0.6723214285714285,0,1680,49.3475068766998,1.931
1,TFO,2026-05-20,2026-06,57.0,E,M,2026-05-27,0,0.44,0,50,49.3475068766998,1.931
2,TFO,2026-05-20,2026-06,60.0,E,M,2026-05-27,0,0.3793704600484261,0,2065,49.3475068766998,1.931
1,TFO,2026-05-20,2026-06,62.0,E,M,2026-05-27,0,0.295,0,135,49.3475068766998,1.931
1,TFO,2026-05-20,2026-06,65.0,E,M,2026-05-27,0,0.22,0,1030,49.3475068766998,1.931
2,TFO,2026-05-20,2026-06,70.0,E,M,2026-05-27,0,0.11706666666666665,0,1875,49.3475068766998,1.931
2,TFO,2026-05-20,2026-06,75.0,E,M,2026-05-27,0,0.05138888888888889,0,1800,49.3475068766998,1.931
1,TFO,2026-05-20,2026-06,80.0,E,M,2026-05-27,0,0.07,0,100,49.3475068766998,1.931
1,TFO,2026-05-20,2026-07,30.0,E,M,2026-06-26,0,21.57,0,50,49.09806991094049,1.931
1,TFO,2026-05-20,2026-07,33.0,E,M,2026-06-26,0.205,0,15,0,49.09806991094049,1.931
2,TFO,2026-05-20,2026-07,34.0,E,M,2026-06-26,2.45,17.7,1400,100,49.09806991094049,1.931
1,TFO,2026-05-20,2026-07,35.0,E,M,2026-06-26,0.3,0,50,0,49.09806991094049,1.931
1,TFO,2026-05-20,2026-07,36.0,E,M,2026-06-26,0.35,0,200,0,49.09806991094049,1.931
1,TFO,2026-05-20,2026-07,37.0,E,M,2026-06-26,0,14.9,0,50,49.09806991094049,1.931
2,TFO,2026-05-20,2026-07,40.0,E,M,2026-06-26,0.9462925969447709,0,4255,0,49.09806991094049,1.931
1,TFO,2026-05-20,2026-07,43.0,E,M,2026-06-26,1.6,0,200,0,49.09806991094049,1.931
1,TFO,2026-05-20,2026-07,45.0,E,M,2026-06-26,3.0,0,1305,0,49.09806991094049,1.931
1,TFO,2026-05-20,2026-07,46.0,E,M,2026-06-26,2.775,0,1100,0,49.09806991094049,1.931
1,TFO,2026-05-20,2026-07,48.0,E,M,2026-06-26,3.69,0,40,0,49.09806991094049,1.931
3,TFO,2026-05-20,2026-07,50.0,E,M,2026-06-26,4.95,5.343673469387755,800,1225,49.09806991094049,1.931
2,TFO,2026-05-20,2026-07,51.0,E,M,2026-06-26,5.6,5.6,250,250,49.09806991094049,1.931
1,TFO,2026-05-20,2026-07,52.0,E,M,2026-06-26,0,5.2,0,100,49.09806991094049,1.931
2,TFO,2026-05-20,2026-07,55.0,E,M,2026-06-26,0,3.7530877742946704,0,1595,49.09806991094049,1.931
1,TFO,2026-05-20,2026-07,60.0,E,M,2026-06-26,0,3.2,0,250,49.09806991094049,1.931
1,TFO,2026-05-20,2026-07,65.0,E,M,2026-06-26,0,2.34,0,40,49.09806991094049,1.931
1,TFO,2026-05-20,2026-07,70.0,E,M,2026-06-26,0,2.07,0,750,49.09806991094049,1.931
1,TFO,2026-05-20,2026-07,80.0,E,M,2026-06-26,0,1.04,0,250,49.09806991094049,1.931
1,TFO,2026-05-20,2026-07,90.0,E,M,2026-06-26,0,0.605,0,25,49.09806991094049,1.931
1,TFO,2026-05-20,2026-07,100.0,E,M,2026-06-26,0,0.62,0,150,49.09806991094049,1.931
1,TFO,2026-05-20,2026-08,30.0,E,M,2026-07-27,0,21.84,0,75,49.1251906302068,1.931
1,TFO,2026-05-20,2026-08,34.0,E,M,2026-07-27,0,18.2,0,150,49.1251906302068,1.931
1,TFO,2026-05-20,2026-08,35.0,E,M,2026-07-27,0.7,0,170,0,49.1251906302068,1.931
1,TFO,2026-05-20,2026-08,37.0,E,M,2026-07-27,0,15.7,0,75,49.1251906302068,1.931
1,TFO,2026-05-20,2026-08,50.0,E,M,2026-07-27,0,6.96,0,500,49.1251906302068,1.931
1,TFO,2026-05-20,2026-08,51.0,E,M,2026-07-27,8.3,0,50,0,49.1251906302068,1.931
1,TFO,2026-05-20,2026-08,65.0,E,M,2026-07-27,0,4.2,0,15,49.1251906302068,1.931
1,TFO,2026-05-20,2026-08,75.0,E,M,2026-07-27,0,2.42,0,950,49.1251906302068,1.931
1,TFO,2026-05-20,2026-08,100.0,E,M,2026-07-27,0,1.3,0,150,49.1251906302068,1.931
1,TFO,2026-05-20,2026-09,34.5,E,M,2026-08-26,0.985,0,20,0,49.082385561701315,1.931
1,TFO,2026-05-20,2026-09,45.0,E,M,2026-08-26,4.95,0,700,0,49.082385561701315,1.931
2,TFO,2026-05-20,2026-09,50.0,E,M,2026-08-26,7.925,9.0,100,400,49.082385561701315,1.931
1,TFO,2026-05-20,2026-09,57.0,E,M,2026-08-26,0,6.75,0,5,49.082385561701315,1.931
1,TFO,2026-05-20,2026-09,70.0,E,M,2026-08-26,0,4.65,0,450,49.082385561701315,1.931
1,TFO,2026-05-20,2026-09,85.0,E,M,2026-08-26,0,3.08,0,50,49.082385561701315,1.931
1,TFO,2026-05-20,2026-10,28.0,E,M,2026-09-25,0.31,0,75,0,48.7780065988452,1.931
1,TFO,2026-05-20,2026-10,45.0,E,M,2026-09-25,5.55,0,600,0,48.7780065988452,1.931
1,TFO,2026-05-20,2026-10,55.0,E,M,2026-09-25,0,7.16,0,100,48.7780065988452,1.931
1,TFO,2026-05-20,2026-10,60.0,E,M,2026-09-25,0,6.11,0,100,48.7780065988452,1.931
1,TFO,2026-05-20,2026-10,65.0,E,M,2026-09-25,0,5.8,0,200,48.7780065988452,1.931
1,TFO,2026-05-20,2026-11,75.0,E,M,2026-10-27,0,5.0,0,320,47.70739466895959,1.931
1,TFO,2026-05-20,2026-11,100.0,E,M,2026-10-27,0,3.05,0,285,47.70739466895959,1.931
1,TFO,2026-05-20,2026-12,50.0,E,M,2026-11-26,0,9.8,0,470,47.36702463777367,1.931
1,TFO,2026-05-20,2026-12,60.0,E,M,2026-11-26,0,7.525,0,100,47.36702463777367,1.931
1,TFO,2026-05-20,2026-12,75.0,E,M,2026-11-26,0,5.45,0,170,47.36702463777367,1.931
1,TFO,2026-05-20,2026-12,100.0,E,M,2026-11-26,0,3.43,0,235,47.36702463777367,1.931
1,TFO,2026-05-20,2027-01,25.0,E,M,2026-12-24,0.46,0,57,0,47.005446096654275,1.931
1,TFO,2026-05-20,2027-01,35.0,E,M,2026-12-24,2.96,0,57,0,47.005446096654275,1.931
1,TFO,2026-05-20,2027-01,40.0,E,M,2026-12-24,5.175,0,500,0,47.005446096654275,1.931
1,TFO,2026-05-20,2027-01,55.0,E,M,2026-12-24,0,8.34,0,275,47.005446096654275,1.931
1,TFO,2026-05-20,2027-01,65.0,E,M,2026-12-24,0,6.76,0,100,47.005446096654275,1.931
1,TFO,2026-05-20,2027-01,70.0,E,M,2026-12-24,0,7.25,0,400,47.005446096654275,1.931
1,TFO,2026-05-20,2027-02,25.0,E,M,2027-01-27,0.7,0,259,0,46.62680840211444,1.931
1,TFO,2026-05-20,2027-02,35.0,E,M,2027-01-27,3.7,0,259,0,46.62680840211444,1.931
1,TFO,2026-05-20,2027-02,55.0,E,M,2027-01-27,0,8.66,0,715,46.62680840211444,1.931
1,TFO,2026-05-20,2027-02,65.0,E,M,2027-01-27,0,7.139999999999999,0,590,46.62680840211444,1.931
1,TFO,2026-05-20,2027-04,45.0,E,M,2027-03-25,0,5.6,0,450,37.58171874999999,1.931
