check,contract_code,ts_event,contract_delivery_period,close_of_future
2,TFM,2021-01-04,2021-02,19.555321441843184
2,TFM,2021-01-04,2021-03,18.876915332022104
2,TFM,2021-01-04,2021-04,17.181803143943288
2,TFM,2021-01-04,2021-05,16.443514581629874
2,TFM,2021-01-04,2021-06,16.12231861655879
2,TFM,2021-01-05,2021-02,17.935018592890078
2,TFM,2021-01-05,2021-03,17.45971234126149
2,TFM,2021-01-05,2021-04,16.285281995661606
2,TFM,2021-01-05,2021-05,15.83996977025393
2,TFM,2021-01-05,2021-06,15.596327683615819
1,TFM,2021-01-05,2021-07,15.44
1,TFM,2021-01-05,2021-08,15.5
1,TFM,2021-01-05,2021-09,15.79
2,TFM,2021-01-06,2021-02,17.774578622549527
2,TFM,2021-01-06,2021-03,17.3247813729777
2,TFM,2021-01-06,2021-04,16.193243380855396
1,TFM,2021-01-06,2021-05,15.735
1,TFM,2021-01-06,2021-06,15.475
2,TFM,2021-01-06,2021-07,15.175084206586828
2,TFM,2021-01-06,2021-08,15.349720705064549
1,TFM,2021-01-06,2021-09,15.625
2,TFM,2021-01-07,2021-02,19.499313283929926
2,TFM,2021-01-07,2021-03,18.77294034090909
2,TFM,2021-01-07,2021-04,17.163184152604547
1,TFM,2021-01-07,2021-05,16.49
2,TFM,2021-01-07,2021-06,16.23006995336442
1,TFM,2021-01-07,2021-08,16.375
1,TFM,2021-01-07,2021-09,16.6
1,TFM,2021-01-07,2021-10,17.0
1,TFM,2021-01-07,2021-12,18.1
2,TFM,2021-01-08,2021-02,20.55201533445595
2,TFM,2021-01-08,2021-03,19.653021524263952
2,TFM,2021-01-08,2021-04,17.59766514170944
2,TFM,2021-01-08,2021-05,16.88903642581836
2,TFM,2021-01-08,2021-06,16.60414542400117
1,TFM,2021-01-08,2021-07,16.45
1,TFM,2021-01-08,2021-08,16.545
1,TFM,2021-01-08,2021-09,16.75
2,TFM,2021-01-11,2021-02,22.59014927554386
2,TFM,2021-01-11,2021-03,21.24630822686308
2,TFM,2021-01-11,2021-04,18.36407091132668
1,TFM,2021-01-11,2021-05,17.37
2,TFM,2021-01-11,2021-06,16.91981456680746
2,TFM,2021-01-11,2021-07,16.8997180318624
1,TFM,2021-01-11,2021-10,17.8
2,TFM,2021-01-12,2021-02,25.747512686200686
2,TFM,2021-01-12,2021-03,24.290337707829693
2,TFM,2021-01-12,2021-04,18.790178583885595
2,TFM,2021-01-12,2021-05,17.745
2,TFM,2021-01-12,2021-06,17.395079617834394
1,TFM,2021-01-12,2021-07,17.5
1,TFM,2021-01-12,2021-08,17.55
2,TFM,2021-01-13,2021-02,22.61736538955205
2,TFM,2021-01-13,2021-03,21.268930533751963
2,TFM,2021-01-13,2021-04,17.65
2,TFM,2021-01-13,2021-05,16.689137030047902
2,TFM,2021-01-13,2021-06,16.564714033293036
1,TFM,2021-01-13,2021-07,16.65
2,TFM,2021-01-14,2021-02,21.0212544374276
2,TFM,2021-01-14,2021-03,20.088340970237095
2,TFM,2021-01-14,2021-04,17.146746575342465
1,TFM,2021-01-14,2021-05,16.45
1,TFM,2021-01-14,2021-06,16.37
1,TFM,2021-01-14,2021-07,16.35
2,TFM,2021-01-15,2021-02,20.0
2,TFM,2021-01-15,2021-03,19.20867235403892
2,TFM,2021-01-15,2021-04,16.660293553338448
2,TFM,2021-01-15,2021-05,16.025195537152058
2,TFM,2021-01-15,2021-06,15.77525255038567
1,TFM,2021-01-15,2021-07,15.7
2,TFM,2021-01-18,2021-02,18.991198903657423
2,TFM,2021-01-18,2021-03,18.348514505417686
2,TFM,2021-01-18,2021-04,16.24550535987749
2,TFM,2021-01-18,2021-05,15.840687237026648
2,TFM,2021-01-18,2021-06,15.746336898395722
2,TFM,2021-01-18,2021-07,15.829432432432432
1,TFM,2021-01-18,2021-08,15.865
1,TFM,2021-01-18,2021-09,16.1
2,TFM,2021-01-19,2021-02,20.37117456272443
2,TFM,2021-01-19,2021-03,19.649999999999995
2,TFM,2021-01-19,2021-04,17.25
2,TFM,2021-01-19,2021-05,16.738606183476936
2,TFM,2021-01-19,2021-06,16.45744211593713
2,TFM,2021-01-19,2021-07,16.437565473009084
1,TFM,2021-01-19,2021-09,16.6
2,TFM,2021-01-20,2021-02,19.994858635014836
2,TFM,2021-01-20,2021-03,19.21489997041639
2,TFM,2021-01-20,2021-04,17.104522727272727
2,TFM,2021-01-20,2021-05,16.54081424936387
2,TFM,2021-01-20,2021-06,16.453557984213724
2,TFM,2021-01-20,2021-07,16.361268633779005
2,TFM,2021-01-21,2021-02,19.939999999999998
2,TFM,2021-01-21,2021-03,19.235
2,TFM,2021-01-21,2021-04,17.224272807404144
2,TFM,2021-01-21,2021-05,16.745102805110886
2,TFM,2021-01-21,2021-06,16.549913778237627
2,TFM,2021-01-21,2021-07,16.628936798582398
1,TFM,2021-01-21,2021-08,16.675
2,TFM,2021-01-22,2021-02,21.49565591881062
2,TFM,2021-01-22,2021-03,20.655000000000005
2,TFM,2021-01-22,2021-04,17.67534319445398
2,TFM,2021-01-22,2021-05,16.99510498397613
1,TFM,2021-01-22,2021-06,16.79
1,TFM,2021-01-22,2021-07,16.86
1,TFM,2021-01-22,2021-09,17.2
2,TFM,2021-01-25,2021-02,20.14543968253968
2,TFM,2021-01-25,2021-03,19.420425802662493
2,TFM,2021-01-25,2021-04,17.160968575118382
2,TFM,2021-01-25,2021-05,16.57894982497083
2,TFM,2021-01-25,2021-06,16.404867899603698
1,TFM,2021-01-25,2021-07,16.5
2,TFM,2021-01-26,2021-02,19.77
2,TFM,2021-01-26,2021-03,19.10537438996049
2,TFM,2021-01-26,2021-04,17.071719901719902
2,TFM,2021-01-26,2021-05,16.595217864923747
2,TFM,2021-01-26,2021-06,16.47834689285096
1,TFM,2021-01-26,2021-07,16.45
2,TFM,2021-01-27,2021-02,19.844692538835083
2,TFM,2021-01-27,2021-03,19.430497484628287
2,TFM,2021-01-27,2021-04,17.37005417879001
1,TFM,2021-01-27,2021-05,16.725
2,TFM,2021-01-27,2021-06,16.69462230960265
1,TFM,2021-01-27,2021-07,16.695
1,TFM,2021-01-27,2021-08,16.625
1,TFM,2021-01-27,2021-09,16.885
2,TFM,2021-01-28,2021-02,21.11358538037009
2,TFM,2021-01-28,2021-03,20.63486784310704
2,TFM,2021-01-28,2021-04,17.899022335865233
1,TFM,2021-01-28,2021-05,17.245
2,TFM,2021-01-28,2021-06,16.999893435635123
1,TFM,2021-01-28,2021-07,16.975
2,TFM,2021-01-29,2021-03,19.588911944529837
2,TFM,2021-01-29,2021-04,17.2
2,TFM,2021-01-29,2021-05,16.70057208237986
1,TFM,2021-01-29,2021-06,16.54
1,TFM,2021-01-29,2021-09,17.0
1,TFM,2021-01-29,2021-10,17.62
2,TFM,2021-02-01,2021-03,17.798102037165414
2,TFM,2021-02-01,2021-04,16.532714164546228
2,TFM,2021-02-01,2021-05,16.204811584384792
2,TFM,2021-02-01,2021-06,16.199999999999996
1,TFM,2021-02-01,2021-07,16.15
1,TFM,2021-02-01,2021-10,17.4
2,TFM,2021-02-02,2021-03,18.225
2,TFM,2021-02-02,2021-04,16.914910122458153
2,TFM,2021-02-02,2021-05,16.557343578485185
2,TFM,2021-02-02,2021-06,16.330839248912294
1,TFM,2021-02-02,2021-07,16.39
1,TFM,2021-02-02,2021-08,16.48
1,TFM,2021-02-02,2021-09,16.73
2,TFM,2021-02-03,2021-03,17.595117482842852
2,TFM,2021-02-03,2021-04,16.680436469447137
2,TFM,2021-02-03,2021-05,16.349912587412586
2,TFM,2021-02-03,2021-06,16.235
2,TFM,2021-02-04,2021-03,17.99003342010835
2,TFM,2021-02-04,2021-04,16.95228293096146
2,TFM,2021-02-04,2021-05,16.560495049504947
2,TFM,2021-02-04,2021-06,16.485243386243386
1,TFM,2021-02-04,2021-08,16.65
2,TFM,2021-02-05,2021-03,18.38753233241565
2,TFM,2021-02-05,2021-04,17.25
2,TFM,2021-02-05,2021-05,17.035
1,TFM,2021-02-05,2021-06,16.96
1,TFM,2021-02-05,2021-07,16.865
1,TFM,2021-02-05,2021-08,17.1
2,TFM,2021-02-08,2021-03,19.775
2,TFM,2021-02-08,2021-04,18.174134448932488
2,TFM,2021-02-08,2021-05,17.63951645399597
2,TFM,2021-02-08,2021-06,17.614527914614122
2,TFM,2021-02-09,2021-03,19.241915085817524
2,TFM,2021-02-09,2021-04,17.939502840909093
2,TFM,2021-02-09,2021-05,17.59735087244691
2,TFM,2021-02-09,2021-06,17.45967438494935
1,TFM,2021-02-09,2021-07,17.35
1,TFM,2021-02-09,2021-09,17.55
1,TFM,2021-02-09,2021-10,17.95
2,TFM,2021-02-10,2021-03,18.277927597631848
2,TFM,2021-02-10,2021-04,17.255457214995335
2,TFM,2021-02-10,2021-05,17.05049674356993
2,TFM,2021-02-10,2021-06,17.065287441037736
1,TFM,2021-02-10,2021-07,17.235
1,TFM,2021-02-10,2021-08,17.22
1,TFM,2021-02-10,2021-11,18.655
1,TFM,2021-02-10,2021-12,19.05
2,TFM,2021-02-11,2021-03,17.60624773851164
2,TFM,2021-02-11,2021-04,16.9
2,TFM,2021-02-11,2021-05,16.645042715128923
2,TFM,2021-02-11,2021-06,16.67978448275862
2,TFM,2021-02-11,2021-07,16.599981074943223
1,TFM,2021-02-11,2021-08,17.075
1,TFM,2021-02-11,2021-09,16.85
2,TFM,2021-02-11,2021-10,17.202881844380403
1,TFM,2021-02-11,2021-11,18.2
2,TFM,2021-02-11,2021-12,18.55
2,TFM,2021-02-12,2021-03,17.791226549224955
2,TFM,2021-02-12,2021-04,17.040423473774723
2,TFM,2021-02-12,2021-05,16.816977986192523
1,TFM,2021-02-12,2021-06,16.815
1,TFM,2021-02-12,2021-09,16.72
2,TFM,2021-02-12,2021-10,17.15165406427221
1,TFM,2021-02-12,2021-12,18.425
2,TFM,2021-02-15,2021-03,16.322039484158573
2,TFM,2021-02-15,2021-04,16.100767869662473
2,TFM,2021-02-15,2021-05,15.995289886192827
2,TFM,2021-02-15,2021-06,16.05054120363689
1,TFM,2021-02-15,2021-08,16.4
1,TFM,2021-02-15,2021-09,16.55
1,TFM,2021-02-15,2021-10,16.9
2,TFM,2021-02-16,2021-03,16.85106846618867
2,TFM,2021-02-16,2021-04,16.459833159541187
2,TFM,2021-02-16,2021-05,16.292433192686357
2,TFM,2021-02-16,2021-06,16.28173650282031
2,TFM,2021-02-16,2021-07,16.26
1,TFM,2021-02-16,2021-09,16.41
1,TFM,2021-02-16,2021-11,17.95
1,TFM,2021-02-16,2021-12,18.3
2,TFM,2021-02-17,2021-03,16.45
2,TFM,2021-02-17,2021-04,16.13904701397713
2,TFM,2021-02-17,2021-05,16.054849663037842
2,TFM,2021-02-17,2021-06,16.149617834394903
1,TFM,2021-02-17,2021-07,16.3
1,TFM,2021-02-17,2021-09,16.34
1,TFM,2021-02-17,2021-10,16.8
1,TFM,2021-02-17,2021-12,18.1
2,TFM,2021-02-18,2021-03,17.342105898726924
2,TFM,2021-02-18,2021-04,17.027967387794643
2,TFM,2021-02-18,2021-05,16.826567164179107
2,TFM,2021-02-18,2021-06,16.833526785714287
1,TFM,2021-02-18,2021-07,16.885
2,TFM,2021-02-18,2021-08,16.953130193905814
1,TFM,2021-02-18,2021-09,17.145
1,TFM,2021-02-18,2021-10,17.595
1,TFM,2021-02-18,2021-11,18.0
1,TFM,2021-02-18,2021-12,18.845
2,TFM,2021-02-19,2021-03,16.43635918340511
2,TFM,2021-02-19,2021-04,16.216072138205096
2,TFM,2021-02-19,2021-05,16.075084676873054
2,TFM,2021-02-19,2021-06,16.105
1,TFM,2021-02-19,2021-08,16.41
1,TFM,2021-02-19,2021-09,16.6
1,TFM,2021-02-19,2021-10,16.75
1,TFM,2021-02-19,2021-12,18.15
2,TFM,2021-02-22,2021-03,15.875
2,TFM,2021-02-22,2021-04,15.787774154274285
2,TFM,2021-02-22,2021-05,15.625
2,TFM,2021-02-22,2021-06,15.754954405562522
1,TFM,2021-02-22,2021-07,15.744999999999997
1,TFM,2021-02-22,2021-08,15.795000000000002
1,TFM,2021-02-22,2021-09,15.975
1,TFM,2021-02-22,2021-10,16.4
2,TFM,2021-02-23,2021-03,16.39231223628692
2,TFM,2021-02-23,2021-04,16.24589634225152
2,TFM,2021-02-23,2021-05,16.081412349710554
2,TFM,2021-02-23,2021-06,16.10311724137931
2,TFM,2021-02-23,2021-07,16.048098287177844
2,TFM,2021-02-23,2021-08,16.076803551609324
2,TFM,2021-02-23,2021-09,16.247784669915816
1,TFM,2021-02-23,2021-10,16.74
1,TFM,2021-02-23,2021-12,17.925
2,TFM,2021-02-24,2021-03,16.30758791668326
2,TFM,2021-02-24,2021-04,16.19087143554038
2,TFM,2021-02-24,2021-05,16.03816929133858
2,TFM,2021-02-24,2021-06,16.1483282674772
2,TFM,2021-02-24,2021-07,15.967583429228998
1,TFM,2021-02-24,2021-08,15.88
1,TFM,2021-02-24,2021-09,16.325
1,TFM,2021-02-24,2021-11,17.595
2,TFM,2021-02-25,2021-03,15.829069701063688
2,TFM,2021-02-25,2021-04,15.679658677468963
2,TFM,2021-02-25,2021-05,15.55952093596059
2,TFM,2021-02-25,2021-06,15.6355078125
1,TFM,2021-02-25,2021-07,15.719999999999999
1,TFM,2021-02-25,2021-08,15.69
2,TFM,2021-02-25,2021-09,15.965000000000002
1,TFM,2021-02-25,2021-10,16.45
2,TFM,2021-02-26,2021-04,15.821652102472179
2,TFM,2021-02-26,2021-05,15.673971179845678
2,TFM,2021-02-26,2021-06,15.695399986809997
1,TFM,2021-02-26,2021-07,15.595000000000002
2,TFM,2021-02-26,2021-08,15.649753957188551
1,TFM,2021-02-26,2021-09,15.85
1,TFM,2021-02-26,2021-10,16.34
2,TFM,2021-03-01,2021-04,16.018627756413377
2,TFM,2021-03-01,2021-05,15.795
2,TFM,2021-03-01,2021-06,15.919052898044693
1,TFM,2021-03-01,2021-07,15.805
1,TFM,2021-03-01,2021-08,15.835
1,TFM,2021-03-01,2021-09,16.2
1,TFM,2021-03-01,2021-10,16.6
1,TFM,2021-03-01,2021-12,18.05
2,TFM,2021-03-02,2021-04,15.80077679613269
2,TFM,2021-03-02,2021-05,15.629637961859357
2,TFM,2021-03-02,2021-06,15.68240206947524
1,TFM,2021-03-02,2021-07,15.625
2,TFM,2021-03-02,2021-08,16.169145175311503
2,TFM,2021-03-02,2021-09,15.950132055169716
1,TFM,2021-03-02,2021-10,16.55
2,TFM,2021-03-03,2021-04,15.576116791191508
2,TFM,2021-03-03,2021-05,15.42910786699108
2,TFM,2021-03-03,2021-06,15.447081424560366
1,TFM,2021-03-03,2021-07,15.4
1,TFM,2021-03-03,2021-08,15.47
1,TFM,2021-03-03,2021-09,15.695
2,TFM,2021-03-03,2021-10,16.325047801147228
1,TFM,2021-03-03,2021-11,17.425
1,TFM,2021-03-03,2021-12,17.95
2,TFM,2021-03-04,2021-04,15.878948577680525
2,TFM,2021-03-04,2021-05,15.72645631067961
2,TFM,2021-03-04,2021-06,15.810064484126984
1,TFM,2021-03-04,2021-07,15.85
1,TFM,2021-03-04,2021-08,15.86
1,TFM,2021-03-04,2021-09,16.0
1,TFM,2021-03-04,2021-10,16.65
1,TFM,2021-03-04,2021-12,18.2
2,TFM,2021-03-05,2021-04,16.398319376406725
2,TFM,2021-03-05,2021-05,16.291120932615936
2,TFM,2021-03-05,2021-06,16.324884163003446
2,TFM,2021-03-05,2021-07,16.324821637047606
1,TFM,2021-03-05,2021-08,16.465
2,TFM,2021-03-05,2021-09,16.69771306601616
1,TFM,2021-03-05,2021-10,17.125
2,TFM,2021-03-08,2021-04,16.299303437286593
2,TFM,2021-03-08,2021-05,16.153886310904873
2,TFM,2021-03-08,2021-06,16.26460377358491
2,TFM,2021-03-08,2021-07,16.274549867608116
2,TFM,2021-03-08,2021-08,16.37454929577465
2,TFM,2021-03-08,2021-09,16.43057526366251
1,TFM,2021-03-08,2021-10,17.23
2,TFM,2021-03-09,2021-04,17.05
2,TFM,2021-03-09,2021-05,16.875159224645206
2,TFM,2021-03-09,2021-06,16.99460687245195
2,TFM,2021-03-09,2021-07,16.906753926701573
2,TFM,2021-03-09,2021-08,16.875097690941384
1,TFM,2021-03-09,2021-09,17.275
1,TFM,2021-03-09,2021-10,17.39
1,TFM,2021-03-09,2021-12,19.2
2,TFM,2021-03-10,2021-04,17.676146985439246
2,TFM,2021-03-10,2021-05,17.4920079958731
2,TFM,2021-03-10,2021-06,17.55467454979388
2,TFM,2021-03-10,2021-07,17.549845327254964
1,TFM,2021-03-10,2021-08,17.625
2,TFM,2021-03-10,2021-09,17.844954389353937
1,TFM,2021-03-10,2021-10,18.22
2,TFM,2021-03-10,2021-12,19.65
1,TFM,2021-03-10,2022-01,19.675
2,TFM,2021-03-11,2021-04,18.103002053822223
2,TFM,2021-03-11,2021-05,17.954717148309705
2,TFM,2021-03-11,2021-06,18.045445791726106
2,TFM,2021-03-11,2021-07,17.999520069808028
2,TFM,2021-03-11,2021-08,18.03956183658356
2,TFM,2021-03-11,2021-09,18.215
2,TFM,2021-03-12,2021-04,18.425
2,TFM,2021-03-12,2021-05,18.251622703023116
2,TFM,2021-03-12,2021-06,18.349999999999998
2,TFM,2021-03-12,2021-07,18.324917181978797
1,TFM,2021-03-12,2021-08,18.4
2,TFM,2021-03-12,2021-09,18.53023447967843
1,TFM,2021-03-12,2021-10,18.725
2,TFM,2021-03-12,2021-12,19.75
2,TFM,2021-03-15,2021-04,17.785
2,TFM,2021-03-15,2021-05,17.67609080011987
2,TFM,2021-03-15,2021-06,17.825
1,TFM,2021-03-15,2021-07,17.905
2,TFM,2021-03-15,2021-08,18.060360082304527
2,TFM,2021-03-15,2021-09,18.15086625086625
1,TFM,2021-03-15,2021-10,18.455
1,TFM,2021-03-15,2021-12,19.755
1,TFM,2021-03-15,2022-01,19.905
2,TFM,2021-03-16,2021-04,17.45795332308874
2,TFM,2021-03-16,2021-05,17.344177907522983
2,TFM,2021-03-16,2021-06,17.47543962485346
2,TFM,2021-03-16,2021-07,17.484128919860627
2,TFM,2021-03-16,2021-08,17.55
2,TFM,2021-03-16,2021-09,17.7949385329873
2,TFM,2021-03-17,2021-04,18.14286166435078
2,TFM,2021-03-17,2021-05,17.957050950186247
2,TFM,2021-03-17,2021-06,18.0
2,TFM,2021-03-17,2021-07,17.867807846398065
2,TFM,2021-03-17,2021-08,17.931242251425736
2,TFM,2021-03-17,2021-09,18.13483331890207
1,TFM,2021-03-17,2021-10,18.55
2,TFM,2021-03-18,2021-04,17.42242487328023
2,TFM,2021-03-18,2021-05,17.295188556566973
2,TFM,2021-03-18,2021-06,17.373811261730967
2,TFM,2021-03-18,2021-07,17.47992708535874
2,TFM,2021-03-18,2021-08,17.419336811984515
2,TFM,2021-03-18,2021-09,17.800820592219857
1,TFM,2021-03-18,2021-10,18.3
1,TFM,2021-03-18,2021-11,19.2
2,TFM,2021-03-18,2021-12,20.031987000928506
1,TFM,2021-03-18,2022-01,20.325
2,TFM,2021-03-19,2021-04,17.434626242095753
2,TFM,2021-03-19,2021-05,17.328441428311166
2,TFM,2021-03-19,2021-06,17.284136690647482
2,TFM,2021-03-19,2021-07,17.249927184466017
2,TFM,2021-03-19,2021-08,17.299969021065674
1,TFM,2021-03-19,2021-09,17.5
1,TFM,2021-03-19,2021-10,17.95
1,TFM,2021-03-19,2021-12,19.245
2,TFM,2021-03-22,2021-04,18.106753325565588
2,TFM,2021-03-22,2021-05,17.987737162750218
2,TFM,2021-03-22,2021-06,17.988860220440884
2,TFM,2021-03-22,2021-07,17.913590455049945
2,TFM,2021-03-22,2021-08,18.00956310679612
2,TFM,2021-03-22,2021-09,18.207780026990555
1,TFM,2021-03-22,2021-10,18.675
1,TFM,2021-03-22,2021-11,19.2
1,TFM,2021-03-22,2021-12,19.965
1,TFM,2021-03-22,2022-01,20.165
2,TFM,2021-03-23,2021-04,18.358160094888188
2,TFM,2021-03-23,2021-05,18.216925848442582
2,TFM,2021-03-23,2021-06,18.278413069937272
2,TFM,2021-03-23,2021-07,18.200168185003502
2,TFM,2021-03-23,2021-08,18.299334061135372
2,TFM,2021-03-23,2021-09,18.40917818181818
2,TFM,2021-03-23,2021-10,18.788644859813086
1,TFM,2021-03-23,2021-12,20.035
1,TFM,2021-03-23,2022-01,20.235
2,TFM,2021-03-24,2021-04,18.538667945869527
2,TFM,2021-03-24,2021-05,18.35995814307458
2,TFM,2021-03-24,2021-06,18.38778425655977
2,TFM,2021-03-24,2021-07,18.325
2,TFM,2021-03-24,2021-08,18.41498437011566
2,TFM,2021-03-24,2021-09,18.565020414412576
2,TFM,2021-03-25,2021-04,18.3
2,TFM,2021-03-25,2021-05,18.105927885398017
2,TFM,2021-03-25,2021-06,18.158981818181818
1,TFM,2021-03-25,2021-07,18.09
2,TFM,2021-03-25,2021-08,18.102360308285164
2,TFM,2021-03-25,2021-09,18.246474407944994
1,TFM,2021-03-25,2021-10,18.68
1,TFM,2021-03-25,2021-11,19.545
2,TFM,2021-03-26,2021-04,18.748035631071442
2,TFM,2021-03-26,2021-05,18.489534402483184
2,TFM,2021-03-26,2021-06,18.520127846097648
1,TFM,2021-03-26,2021-07,18.305
2,TFM,2021-03-26,2021-08,18.480038104915536
2,TFM,2021-03-26,2021-09,18.580060952136527
1,TFM,2021-03-26,2021-10,18.97
2,TFM,2021-03-29,2021-04,18.38280448665466
2,TFM,2021-03-29,2021-05,18.20536872176455
2,TFM,2021-03-29,2021-06,18.23505193006751
2,TFM,2021-03-29,2021-07,18.18000379650721
2,TFM,2021-03-29,2021-08,18.200712678169545
2,TFM,2021-03-29,2021-09,18.3
2,TFM,2021-03-29,2021-10,18.8
2,TFM,2021-03-30,2021-04,18.9
2,TFM,2021-03-30,2021-05,18.72396037804435
2,TFM,2021-03-30,2021-06,18.72388000702741
2,TFM,2021-03-30,2021-07,18.67480970504282
1,TFM,2021-03-30,2021-08,18.705
1,TFM,2021-03-30,2021-09,18.81
1,TFM,2021-03-30,2021-10,19.21
2,TFM,2021-03-30,2021-11,19.85240462627309
2,TFM,2021-03-30,2021-12,20.254780364594772
1,TFM,2021-03-30,2022-01,20.385
2,TFM,2021-03-31,2021-05,18.890367775831873
2,TFM,2021-03-31,2021-06,18.894533804684045
2,TFM,2021-03-31,2021-07,18.827012786141474
2,TFM,2021-03-31,2021-08,18.87906936290498
2,TFM,2021-03-31,2021-09,18.99785443836769
1,TFM,2021-03-31,2021-10,19.405
1,TFM,2021-03-31,2021-11,20.025
1,TFM,2021-03-31,2021-12,20.3
2,TFM,2021-04-01,2021-05,19.081955016294227
2,TFM,2021-04-01,2021-06,19.023842329545456
2,TFM,2021-04-01,2021-07,19.002476329206118
2,TFM,2021-04-01,2021-08,18.98664147774979
2,TFM,2021-04-01,2021-09,19.025943791946304
1,TFM,2021-04-01,2021-10,19.5
1,TFM,2021-04-01,2022-04,17.8
2,TFM,2021-04-06,2021-05,19.67495249406176
2,TFM,2021-04-06,2021-06,19.67532814778804
2,TFM,2021-04-06,2021-07,19.52587157139195
2,TFM,2021-04-06,2021-08,19.51502486148601
2,TFM,2021-04-06,2021-09,19.57516082095267
1,TFM,2021-04-06,2021-10,19.975
1,TFM,2021-04-06,2021-11,20.705
1,TFM,2021-04-06,2021-12,21.045
1,TFM,2021-04-06,2022-01,21.2
1,TFM,2021-04-06,2022-04,17.95
2,TFM,2021-04-07,2021-05,19.27532389314203
2,TFM,2021-04-07,2021-06,19.257214566929132
2,TFM,2021-04-07,2021-07,19.195262906309754
2,TFM,2021-04-07,2021-08,19.11841216826142
1,TFM,2021-04-07,2021-09,19.31
2,TFM,2021-04-07,2021-10,19.754961964038728
1,TFM,2021-04-07,2021-11,20.4
1,TFM,2021-04-07,2021-12,20.775
2,TFM,2021-04-08,2021-05,19.02483566301473
2,TFM,2021-04-08,2021-06,19.00494318181818
2,TFM,2021-04-08,2021-07,18.915775815944354
2,TFM,2021-04-08,2021-08,18.901155327342746
1,TFM,2021-04-08,2021-09,18.925
2,TFM,2021-04-08,2021-10,19.484360374414976
1,TFM,2021-04-08,2021-11,20.15
1,TFM,2021-04-08,2021-12,20.5
1,TFM,2021-04-08,2022-01,20.65
2,TFM,2021-04-09,2021-05,19.05605481583953
2,TFM,2021-04-09,2021-06,19.024228634850168
2,TFM,2021-04-09,2021-07,18.944608604131034
1,TFM,2021-04-09,2021-08,18.805
2,TFM,2021-04-09,2021-09,18.9744875493471
2,TFM,2021-04-09,2021-10,19.35387351778656
1,TFM,2021-04-09,2021-11,20.0
2,TFM,2021-04-09,2021-12,20.286606118546842
1,TFM,2021-04-09,2022-01,20.58
1,TFM,2021-04-09,2022-03,20.08
1,TFM,2021-04-09,2022-04,17.42
2,TFM,2021-04-12,2021-05,19.720377108378663
2,TFM,2021-04-12,2021-06,19.719999999999995
2,TFM,2021-04-12,2021-07,19.569829373104145
1,TFM,2021-04-12,2021-08,19.525
2,TFM,2021-04-12,2021-09,19.557222974803572
2,TFM,2021-04-12,2021-10,19.690392077607115
1,TFM,2021-04-12,2021-11,20.375
1,TFM,2021-04-12,2021-12,20.56
1,TFM,2021-04-12,2022-03,20.295
2,TFM,2021-04-13,2021-05,19.529416767922235
2,TFM,2021-04-13,2021-06,19.524073500110692
2,TFM,2021-04-13,2021-07,19.404915966386554
2,TFM,2021-04-13,2021-08,19.4036341872157
2,TFM,2021-04-13,2021-09,19.43013278286097
1,TFM,2021-04-13,2021-10,19.725
1,TFM,2021-04-13,2021-11,20.595
1,TFM,2021-04-13,2022-01,20.77
1,TFM,2021-04-13,2022-03,20.27
1,TFM,2021-04-13,2022-04,17.5
2,TFM,2021-04-14,2021-05,19.75
2,TFM,2021-04-14,2021-06,19.736865957817674
2,TFM,2021-04-14,2021-07,19.609960162357186
2,TFM,2021-04-14,2021-08,19.5
2,TFM,2021-04-14,2021-09,19.57042772861357
1,TFM,2021-04-14,2021-10,19.71
1,TFM,2021-04-14,2021-11,20.35
1,TFM,2021-04-14,2021-12,20.75
1,TFM,2021-04-14,2022-01,20.85
2,TFM,2021-04-15,2021-05,20.370093808630394
2,TFM,2021-04-15,2021-06,20.345
2,TFM,2021-04-15,2021-07,20.183424684936984
2,TFM,2021-04-15,2021-08,20.09560143626571
2,TFM,2021-04-15,2021-09,20.14958152816069
1,TFM,2021-04-15,2021-10,20.3
1,TFM,2021-04-15,2021-11,21.1
1,TFM,2021-04-15,2021-12,21.45
1,TFM,2021-04-15,2022-03,21.05
1,TFM,2021-04-15,2022-04,18.025
2,TFM,2021-04-16,2021-05,20.6
2,TFM,2021-04-16,2021-06,20.6
2,TFM,2021-04-16,2021-07,20.494080057781495
2,TFM,2021-04-16,2021-08,20.42417936694021
2,TFM,2021-04-16,2021-09,20.424999999999997
1,TFM,2021-04-16,2021-10,20.74
1,TFM,2021-04-16,2021-11,21.3
1,TFM,2021-04-16,2021-12,21.625
2,TFM,2021-04-19,2021-05,20.780665803587944
2,TFM,2021-04-19,2021-06,20.74976225517944
2,TFM,2021-04-19,2021-07,20.635388794736322
2,TFM,2021-04-19,2021-08,20.593698994335917
2,TFM,2021-04-19,2021-09,20.628194888178914
1,TFM,2021-04-19,2021-10,20.95
1,TFM,2021-04-19,2021-11,21.62
1,TFM,2021-04-19,2021-12,21.8
2,TFM,2021-04-20,2021-05,21.07291193540247
2,TFM,2021-04-20,2021-06,21.049473905723907
2,TFM,2021-04-20,2021-07,20.905982085732564
2,TFM,2021-04-20,2021-08,20.798103751862385
2,TFM,2021-04-20,2021-09,20.809666573269823
2,TFM,2021-04-20,2021-10,21.10112549240293
1,TFM,2021-04-20,2021-11,21.68
2,TFM,2021-04-20,2021-12,21.965620458356625
1,TFM,2021-04-20,2022-01,22.14
2,TFM,2021-04-20,2022-02,22.359495444989488
2,TFM,2021-04-20,2022-03,21.576813297515113
2,TFM,2021-04-21,2021-05,21.256001455670294
2,TFM,2021-04-21,2021-06,21.24
2,TFM,2021-04-21,2021-07,21.10384105960265
2,TFM,2021-04-21,2021-08,20.888649908205053
2,TFM,2021-04-21,2021-09,21.098722118959106
1,TFM,2021-04-21,2021-10,21.25
1,TFM,2021-04-21,2021-11,21.75
1,TFM,2021-04-21,2021-12,22.05
1,TFM,2021-04-21,2022-02,22.15
2,TFM,2021-04-22,2021-05,21.233856502242155
2,TFM,2021-04-22,2021-06,21.2180845323741
2,TFM,2021-04-22,2021-07,21.102799927673807
2,TFM,2021-04-22,2021-08,21.11523059185242
2,TFM,2021-04-22,2021-09,21.15032670841274
1,TFM,2021-04-22,2021-10,21.35
1,TFM,2021-04-22,2021-11,22.075
1,TFM,2021-04-22,2021-12,22.34
2,TFM,2021-04-23,2021-05,19.998663766314483
2,TFM,2021-04-23,2021-06,19.993807135667925
2,TFM,2021-04-23,2021-07,19.71506927006667
2,TFM,2021-04-23,2021-08,19.660102696439857
2,TFM,2021-04-23,2021-09,19.709949012585188
2,TFM,2021-04-23,2021-10,20.02501741553466
2,TFM,2021-04-23,2021-11,20.67524677296887
2,TFM,2021-04-23,2021-12,21.25
1,TFM,2021-04-23,2022-01,21.6
2,TFM,2021-04-26,2021-05,20.02437906237035
2,TFM,2021-04-26,2021-06,19.98417243767313
2,TFM,2021-04-26,2021-07,19.88522494887526
2,TFM,2021-04-26,2021-08,19.8107423857868
2,TFM,2021-04-26,2021-09,19.82511320754717
1,TFM,2021-04-26,2021-10,20.2
1,TFM,2021-04-26,2021-12,21.075
2,TFM,2021-04-27,2021-05,21.664929309713578
2,TFM,2021-04-27,2021-06,21.632230916148114
2,TFM,2021-04-27,2021-07,21.549399717514124
2,TFM,2021-04-27,2021-08,21.399904086738946
2,TFM,2021-04-27,2021-09,21.299699499165275
2,TFM,2021-04-27,2021-10,21.692306714140386
2,TFM,2021-04-27,2021-11,21.95781131409408
1,TFM,2021-04-27,2021-12,22.325
1,TFM,2021-04-27,2022-01,22.5
1,TFM,2021-04-27,2022-02,22.75
1,TFM,2021-04-27,2022-03,22.25
1,TFM,2021-04-27,2022-04,18.21
1,TFM,2021-04-27,2022-05,17.41
1,TFM,2021-04-27,2022-06,16.78
2,TFM,2021-04-28,2021-05,21.645860309704307
2,TFM,2021-04-28,2021-06,21.608873805694824
2,TFM,2021-04-28,2021-07,21.45434228681814
2,TFM,2021-04-28,2021-08,21.454533453504396
1,TFM,2021-04-28,2021-09,21.505
2,TFM,2021-04-28,2021-10,21.72713936430318
1,TFM,2021-04-28,2021-12,22.63
1,TFM,2021-04-28,2022-01,22.7
1,TFM,2021-04-28,2022-02,22.775
2,TFM,2021-04-28,2022-03,22.24741527857553
2,TFM,2021-04-29,2021-05,22.35
2,TFM,2021-04-29,2021-06,22.319425111925113
2,TFM,2021-04-29,2021-07,22.19630761686826
2,TFM,2021-04-29,2021-08,22.010075409365125
2,TFM,2021-04-29,2021-09,22.161477182801374
2,TFM,2021-04-29,2021-10,22.365328269126426
1,TFM,2021-04-29,2021-11,22.975
1,TFM,2021-04-29,2021-12,23.15
1,TFM,2021-04-29,2022-01,23.475
1,TFM,2021-04-29,2022-02,23.25
1,TFM,2021-04-29,2022-03,22.725
2,TFM,2021-04-30,2021-06,23.3
2,TFM,2021-04-30,2021-07,23.174817119155353
2,TFM,2021-04-30,2021-08,23.05476432532347
1,TFM,2021-04-30,2021-09,23.085
2,TFM,2021-04-30,2021-10,23.374739105504588
1,TFM,2021-04-30,2021-11,23.415
2,TFM,2021-04-30,2021-12,23.725011399908805
1,TFM,2021-04-30,2022-03,23.45
1,TFM,2021-04-30,2022-04,19.1
2,TFM,2021-05-03,2021-06,23.934828990228013
2,TFM,2021-05-03,2021-07,23.839523809523808
1,TFM,2021-05-03,2021-08,23.675
1,TFM,2021-05-03,2021-09,23.53
1,TFM,2021-05-03,2021-10,23.895
1,TFM,2021-05-03,2021-11,24.46
1,TFM,2021-05-03,2021-12,24.76
2,TFM,2021-05-04,2021-06,23.05571612718419
2,TFM,2021-05-04,2021-07,22.965
2,TFM,2021-05-04,2021-08,22.84467821782178
1,TFM,2021-05-04,2021-09,22.87
2,TFM,2021-05-04,2021-10,23.10015710566478
1,TFM,2021-05-04,2021-11,23.825
2,TFM,2021-05-04,2021-12,24.13033681605719
1,TFM,2021-05-04,2022-01,24.74
1,TFM,2021-05-04,2022-04,19.1
2,TFM,2021-05-05,2021-06,23.924208668127587
2,TFM,2021-05-05,2021-07,23.791108910891086
1,TFM,2021-05-05,2021-08,23.645
2,TFM,2021-05-05,2021-09,23.70315989045713
2,TFM,2021-05-05,2021-10,23.968055950381185
1,TFM,2021-05-05,2021-11,24.605
1,TFM,2021-05-05,2022-03,24.3
1,TFM,2021-05-05,2022-04,19.65
2,TFM,2021-05-06,2021-06,24.303010024803637
2,TFM,2021-05-06,2021-07,24.176690217023864
2,TFM,2021-05-06,2021-08,24.085243490838955
2,TFM,2021-05-06,2021-09,24.118690685413004
2,TFM,2021-05-06,2021-10,24.375033461602808
2,TFM,2021-05-06,2021-11,25.024647223192456
2,TFM,2021-05-06,2021-12,25.49233897404093
1,TFM,2021-05-06,2022-01,25.675
2,TFM,2021-05-06,2022-03,25.00147843942505
2,TFM,2021-05-06,2022-04,20.00279792746114
2,TFM,2021-05-07,2021-06,24.369999137038317
2,TFM,2021-05-07,2021-07,24.10842857142857
1,TFM,2021-05-07,2021-08,24.025
1,TFM,2021-05-07,2021-09,23.865
2,TFM,2021-05-07,2021-10,24.069786210582578
1,TFM,2021-05-07,2021-11,24.925
2,TFM,2021-05-07,2021-12,25.130571428571432
1,TFM,2021-05-07,2022-02,25.125
1,TFM,2021-05-07,2022-03,24.425
2,TFM,2021-05-10,2021-06,24.751415301025325
2,TFM,2021-05-10,2021-07,24.613591009408758
2,TFM,2021-05-10,2021-08,24.587690065037005
2,TFM,2021-05-10,2021-09,24.575623040752355
2,TFM,2021-05-10,2021-10,24.851643535427318
1,TFM,2021-05-10,2021-11,25.75
1,TFM,2021-05-10,2021-12,26.15
1,TFM,2021-05-10,2022-03,25.45
1,TFM,2021-05-10,2022-04,20.825
2,TFM,2021-05-11,2021-06,26.011445954167513
2,TFM,2021-05-11,2021-07,25.910000000000004
2,TFM,2021-05-11,2021-08,25.81409528907923
2,TFM,2021-05-11,2021-09,25.779178082191784
2,TFM,2021-05-11,2021-10,25.799151583710408
1,TFM,2021-05-11,2021-11,26.33
1,TFM,2021-05-11,2021-12,26.815000000000005
1,TFM,2021-05-11,2022-02,26.75
2,TFM,2021-05-12,2021-06,25.944502034051528
2,TFM,2021-05-12,2021-07,25.851893734571526
2,TFM,2021-05-12,2021-08,25.68524617067834
2,TFM,2021-05-12,2021-09,25.790081241368103
2,TFM,2021-05-12,2021-10,26.081098265895953
2,TFM,2021-05-12,2021-11,26.9
2,TFM,2021-05-12,2021-12,27.17504911591356
1,TFM,2021-05-12,2022-01,27.425
2,TFM,2021-05-12,2022-03,26.32667342799189
1,TFM,2021-05-12,2022-04,21.85
1,TFM,2021-05-12,2022-05,20.375
2,TFM,2021-05-13,2021-06,26.196942249630627
2,TFM,2021-05-13,2021-07,26.04301479391141
2,TFM,2021-05-13,2021-08,25.825160436386977
2,TFM,2021-05-13,2021-09,25.876017277571453
2,TFM,2021-05-13,2021-10,26.03247227356747
2,TFM,2021-05-13,2021-11,26.325
2,TFM,2021-05-13,2021-12,27.043627359950477
1,TFM,2021-05-13,2022-01,26.825
1,TFM,2021-05-13,2022-02,26.6
1,TFM,2021-05-13,2022-03,25.95
2,TFM,2021-05-14,2021-06,26.615195446735395
2,TFM,2021-05-14,2021-07,26.393646289949793
2,TFM,2021-05-14,2021-08,26.240774468085103
1,TFM,2021-05-14,2021-09,26.37
2,TFM,2021-05-14,2021-10,26.435372559095583
1,TFM,2021-05-14,2021-11,27.209999999999997
1,TFM,2021-05-14,2021-12,27.560000000000002
2,TFM,2021-05-14,2022-01,27.70210260723297
1,TFM,2021-05-14,2022-02,27.8
1,TFM,2021-05-14,2022-03,26.8
1,TFM,2021-05-14,2022-04,22.0
1,TFM,2021-05-14,2022-05,20.41
2,TFM,2021-05-17,2021-06,25.555409293737497
2,TFM,2021-05-17,2021-07,25.50015024973389
2,TFM,2021-05-17,2021-08,25.225587800618033
2,TFM,2021-05-17,2021-09,25.408258982947626
2,TFM,2021-05-17,2021-10,25.744160583941607
1,TFM,2021-05-17,2021-11,26.315
1,TFM,2021-05-17,2021-12,26.95
1,TFM,2021-05-17,2022-01,26.95
1,TFM,2021-05-17,2022-02,27.4
1,TFM,2021-05-17,2022-03,26.4
1,TFM,2021-05-17,2022-04,21.6
2,TFM,2021-05-18,2021-06,24.58652917643813
2,TFM,2021-05-18,2021-07,24.42346027796322
2,TFM,2021-05-18,2021-08,24.190830289888158
2,TFM,2021-05-18,2021-09,24.17548206147014
2,TFM,2021-05-18,2021-10,24.255
2,TFM,2021-05-18,2021-11,24.875
2,TFM,2021-05-18,2021-12,25.25
2,TFM,2021-05-18,2022-01,25.950000000000003
1,TFM,2021-05-18,2022-02,26.45
1,TFM,2021-05-18,2022-12,21.0
2,TFM,2021-05-19,2021-06,22.728456090651555
2,TFM,2021-05-19,2021-07,22.55057280675309
2,TFM,2021-05-19,2021-08,22.360520210582674
2,TFM,2021-05-19,2021-09,22.343767967145787
2,TFM,2021-05-19,2021-10,22.46988877614736
2,TFM,2021-05-19,2021-11,22.994999999999997
2,TFM,2021-05-19,2021-12,23.452531040333156
2,TFM,2021-05-19,2022-01,23.54
1,TFM,2021-05-19,2022-02,24.5
2,TFM,2021-05-20,2021-06,24.543050581109835
2,TFM,2021-05-20,2021-07,24.39813441134226
2,TFM,2021-05-20,2021-08,24.188003848961447
2,TFM,2021-05-20,2021-09,24.20998524057857
1,TFM,2021-05-20,2021-10,24.325
1,TFM,2021-05-20,2021-11,24.825
1,TFM,2021-05-20,2021-12,25.21
1,TFM,2021-05-20,2022-01,25.425
1,TFM,2021-05-20,2022-02,25.425
2,TFM,2021-05-20,2022-03,24.30141203049986
2,TFM,2021-05-21,2021-06,24.800455022751137
2,TFM,2021-05-21,2021-07,24.664416679804507
2,TFM,2021-05-21,2021-08,24.414809212319433
2,TFM,2021-05-21,2021-09,24.39488628411476
2,TFM,2021-05-21,2021-10,24.499404761904763
2,TFM,2021-05-21,2021-11,25.00031948881789
1,TFM,2021-05-21,2021-12,25.269999999999996
1,TFM,2021-05-21,2022-01,26.2
1,TFM,2021-05-21,2022-02,26.2
1,TFM,2021-05-21,2022-03,25.375
1,TFM,2021-05-21,2022-04,20.35
2,TFM,2021-05-24,2021-06,24.74143750726209
2,TFM,2021-05-24,2021-07,24.562364751812602
2,TFM,2021-05-24,2021-08,24.256750524109016
1,TFM,2021-05-24,2021-09,24.26
2,TFM,2021-05-24,2021-10,24.515167341718183
2,TFM,2021-05-24,2021-11,25.014776186213073
1,TFM,2021-05-24,2021-12,25.35
1,TFM,2021-05-24,2022-01,25.55
1,TFM,2021-05-24,2022-02,25.45
2,TFM,2021-05-25,2021-06,26.466207743426754
2,TFM,2021-05-25,2021-07,26.318766656127192
2,TFM,2021-05-25,2021-08,26.003417901040024
2,TFM,2021-05-25,2021-09,25.947998398718976
2,TFM,2021-05-25,2021-10,26.069125907527706
2,TFM,2021-05-25,2021-11,26.299792076213517
2,TFM,2021-05-25,2021-12,26.799128452668278
1,TFM,2021-05-25,2022-01,26.575
1,TFM,2021-05-25,2022-02,26.5
2,TFM,2021-05-25,2022-03,25.83762813715094
1,TFM,2021-05-25,2022-04,20.675
2,TFM,2021-05-26,2021-06,25.970234299696003
2,TFM,2021-05-26,2021-07,25.775771246238456
2,TFM,2021-05-26,2021-08,25.524685033919422
2,TFM,2021-05-26,2021-09,25.543565650280026
1,TFM,2021-05-26,2021-10,25.62
1,TFM,2021-05-26,2021-11,26.69
2,TFM,2021-05-26,2021-12,27.024942451563398
1,TFM,2021-05-26,2022-01,27.165
1,TFM,2021-05-26,2022-03,26.2
1,TFM,2021-05-26,2022-04,20.81
2,TFM,2021-05-27,2021-06,25.147895903210348
2,TFM,2021-05-27,2021-07,25.014365906623237
2,TFM,2021-05-27,2021-08,24.723632634457612
2,TFM,2021-05-27,2021-09,24.700000000000003
1,TFM,2021-05-27,2021-10,24.899999999999995
2,TFM,2021-05-27,2021-11,25.42848010289
1,TFM,2021-05-27,2021-12,25.825
1,TFM,2021-05-27,2022-01,26.5
1,TFM,2021-05-27,2022-04,20.4
2,TFM,2021-05-28,2021-07,25.166573142414858
2,TFM,2021-05-28,2021-08,24.928683926645093
2,TFM,2021-05-28,2021-09,24.944943273905995
2,TFM,2021-05-28,2021-10,25.075
2,TFM,2021-05-28,2021-11,25.65989741161616
2,TFM,2021-05-28,2021-12,25.913044073364354
2,TFM,2021-05-28,2022-01,25.88191530317613
1,TFM,2021-05-28,2022-02,25.75
1,TFM,2021-05-28,2022-03,25.05
1,TFM,2021-05-31,2021-07,25.145
1,TFM,2021-05-31,2021-08,24.84
1,TFM,2021-05-31,2021-09,24.82
1,TFM,2021-05-31,2021-10,25.05
1,TFM,2021-05-31,2022-02,26.1
2,TFM,2021-06-01,2021-07,25.775000000000002
2,TFM,2021-06-01,2021-08,25.578511128165772
2,TFM,2021-06-01,2021-09,25.557112244897958
2,TFM,2021-06-01,2021-10,25.565482954545455
2,TFM,2021-06-01,2021-11,26.308136882129276
2,TFM,2021-06-01,2021-12,26.752081681205393
2,TFM,2021-06-01,2022-01,27.05
1,TFM,2021-06-01,2022-03,25.55
1,TFM,2021-06-01,2022-04,20.1
2,TFM,2021-06-02,2021-07,25.74294585658194
2,TFM,2021-06-02,2021-08,25.525
2,TFM,2021-06-02,2021-09,25.4895
2,TFM,2021-06-02,2021-10,25.469878661087865
1,TFM,2021-06-02,2021-11,25.95
1,TFM,2021-06-02,2021-12,26.065
1,TFM,2021-06-02,2022-01,26.5
1,TFM,2021-06-02,2022-03,25.425
1,TFM,2021-06-02,2022-04,20.0
1,TFM,2021-06-02,2022-10,19.2
1,TFM,2021-06-02,2022-12,20.625
2,TFM,2021-06-03,2021-07,25.824334885267707
2,TFM,2021-06-03,2021-08,25.6
2,TFM,2021-06-03,2021-09,25.549589416058392
1,TFM,2021-06-03,2021-10,25.63
2,TFM,2021-06-03,2021-11,26.189077711357815
2,TFM,2021-06-03,2021-12,26.535144609991235
2,TFM,2021-06-03,2022-01,26.76427937915743
1,TFM,2021-06-03,2022-02,26.8
2,TFM,2021-06-03,2022-03,25.600052447552446
1,TFM,2021-06-03,2022-04,19.9
1,TFM,2021-06-03,2022-05,18.2
1,TFM,2021-06-03,2022-06,17.8
1,TFM,2021-06-03,2022-10,19.05
1,TFM,2021-06-03,2022-11,20.0
1,TFM,2021-06-03,2022-12,20.4
2,TFM,2021-06-04,2021-07,25.87463095740194
2,TFM,2021-06-04,2021-08,25.655555555555555
1,TFM,2021-06-04,2021-09,25.555
2,TFM,2021-06-04,2021-10,25.734755463059315
2,TFM,2021-06-04,2021-11,26.212115384615384
2,TFM,2021-06-04,2021-12,26.478531390134528
2,TFM,2021-06-04,2022-01,26.58451574569221
1,TFM,2021-06-04,2022-02,26.615
2,TFM,2021-06-04,2022-03,25.46179926840421
1,TFM,2021-06-04,2022-04,20.0
2,TFM,2021-06-07,2021-07,26.796995192307694
2,TFM,2021-06-07,2021-08,26.5
2,TFM,2021-06-07,2021-09,26.486813867650934
1,TFM,2021-06-07,2021-10,26.6
1,TFM,2021-06-07,2021-12,27.305
2,TFM,2021-06-07,2022-01,27.365044247787612
1,TFM,2021-06-07,2022-02,27.4
2,TFM,2021-06-07,2022-03,26.208264462809918
1,TFM,2021-06-07,2022-04,20.725
2,TFM,2021-06-08,2021-07,27.67630190007037
2,TFM,2021-06-08,2021-08,27.4265625
2,TFM,2021-06-08,2021-09,27.405711035267352
2,TFM,2021-06-08,2021-10,27.52503047954484
2,TFM,2021-06-08,2021-11,28.000040083373417
2,TFM,2021-06-08,2021-12,28.398285126329025
2,TFM,2021-06-08,2022-01,28.674396499698247
2,TFM,2021-06-08,2022-02,28.695
2,TFM,2021-06-08,2022-03,27.32000322580645
1,TFM,2021-06-08,2022-04,20.9
2,TFM,2021-06-09,2021-07,27.996942696991695
2,TFM,2021-06-09,2021-08,27.691102072946734
2,TFM,2021-06-09,2021-09,27.69709620786517
1,TFM,2021-06-09,2021-10,27.915
2,TFM,2021-06-09,2021-11,28.428919169760377
1,TFM,2021-06-09,2021-12,28.665
2,TFM,2021-06-09,2022-01,28.90291273225708
1,TFM,2021-06-09,2022-02,29.15
1,TFM,2021-06-09,2022-03,27.949999999999996
2,TFM,2021-06-09,2022-04,21.175238922675934
1,TFM,2021-06-09,2022-06,18.725
1,TFM,2021-06-09,2022-10,19.65
2,TFM,2021-06-10,2021-07,27.79895394096659
2,TFM,2021-06-10,2021-08,27.47671660218948
2,TFM,2021-06-10,2021-09,27.217713237542036
2,TFM,2021-06-10,2021-10,27.369403939184522
1,TFM,2021-06-10,2021-11,27.95
2,TFM,2021-06-10,2021-12,27.79
2,TFM,2021-06-10,2022-01,28.039811608961305
1,TFM,2021-06-10,2022-02,28.08
2,TFM,2021-06-10,2022-03,26.875020193861065
2,TFM,2021-06-10,2022-04,21.300475608098928
1,TFM,2021-06-10,2022-05,19.75
1,TFM,2021-06-10,2022-06,19.31
2,TFM,2021-06-11,2021-07,28.2
2,TFM,2021-06-11,2021-08,27.98826739703794
2,TFM,2021-06-11,2021-09,27.902136414881625
2,TFM,2021-06-11,2021-10,27.950371017023134
2,TFM,2021-06-11,2021-11,28.43427294778501
2,TFM,2021-06-11,2021-12,28.67300654853621
1,TFM,2021-06-11,2022-01,28.675
1,TFM,2021-06-11,2022-02,28.725
1,TFM,2021-06-11,2022-03,27.575
1,TFM,2021-06-11,2022-04,21.3
1,TFM,2021-06-11,2022-06,19.15
2,TFM,2021-06-14,2021-07,28.69429900023251
2,TFM,2021-06-14,2021-08,28.48215224641946
2,TFM,2021-06-14,2021-09,28.335788140364045
1,TFM,2021-06-14,2021-10,28.474999999999998
1,TFM,2021-06-14,2021-11,28.95
2,TFM,2021-06-14,2021-12,29.800000000000004
2,TFM,2021-06-14,2022-01,29.578489109748357
1,TFM,2021-06-14,2022-02,29.974999999999998
1,TFM,2021-06-14,2022-03,28.399999999999995
1,TFM,2021-06-14,2022-04,21.5
1,TFM,2021-06-14,2022-05,19.725
2,TFM,2021-06-15,2021-07,27.902520061945655
2,TFM,2021-06-15,2021-08,27.733630952380953
2,TFM,2021-06-15,2021-09,27.579923339011923
2,TFM,2021-06-15,2021-10,27.65117279124316
2,TFM,2021-06-15,2021-11,28.100208172706246
2,TFM,2021-06-15,2021-12,28.529992132179387
2,TFM,2021-06-15,2022-01,28.72
1,TFM,2021-06-15,2022-02,28.74
1,TFM,2021-06-15,2022-03,27.55
1,TFM,2021-06-15,2022-04,21.04
1,TFM,2021-06-15,2022-06,18.8
2,TFM,2021-06-16,2021-07,27.953681325023084
2,TFM,2021-06-16,2021-08,27.84104319717896
2,TFM,2021-06-16,2021-09,27.65015664160401
2,TFM,2021-06-16,2021-10,27.851931567328922
1,TFM,2021-06-16,2021-11,28.275
1,TFM,2021-06-16,2021-12,28.520000000000003
2,TFM,2021-06-16,2022-01,29.1
1,TFM,2021-06-16,2022-02,29.25
2,TFM,2021-06-16,2022-03,27.975
1,TFM,2021-06-16,2022-04,21.45
2,TFM,2021-06-17,2021-07,28.673763228082255
2,TFM,2021-06-17,2021-08,28.534697674418606
2,TFM,2021-06-17,2021-09,28.387894393741853
2,TFM,2021-06-17,2021-10,28.495665557404326
2,TFM,2021-06-17,2021-12,29.014165701042877
1,TFM,2021-06-17,2022-03,27.6
2,TFM,2021-06-18,2021-07,29.59119686018497
2,TFM,2021-06-18,2021-08,29.449999999999996
2,TFM,2021-06-18,2021-09,29.31992950430395
2,TFM,2021-06-18,2021-10,29.4248199377967
1,TFM,2021-06-18,2021-11,29.724999999999998
1,TFM,2021-06-18,2021-12,30.0
1,TFM,2021-06-18,2022-01,29.92
1,TFM,2021-06-18,2022-02,29.97
1,TFM,2021-06-18,2022-03,28.989999999999995
1,TFM,2021-06-18,2022-04,21.8
1,TFM,2021-06-18,2022-06,19.45
2,TFM,2021-06-21,2021-07,29.62207591089223
2,TFM,2021-06-21,2021-08,29.515770430156838
2,TFM,2021-06-21,2021-09,29.167985856469354
1,TFM,2021-06-21,2021-10,29.25
2,TFM,2021-06-21,2021-11,29.851821493624772
2,TFM,2021-06-21,2021-12,29.908823529411766
2,TFM,2021-06-21,2022-01,30.349999999999998
1,TFM,2021-06-21,2022-02,30.525
1,TFM,2021-06-21,2022-03,29.25
1,TFM,2021-06-21,2022-04,22.05
1,TFM,2021-06-21,2022-05,20.025
1,TFM,2021-06-21,2022-06,19.61
2,TFM,2021-06-22,2021-07,30.851525350233487
2,TFM,2021-06-22,2021-08,30.728532673605184
2,TFM,2021-06-22,2021-09,30.650037522071806
2,TFM,2021-06-22,2021-10,30.604056928370348
1,TFM,2021-06-22,2021-11,31.05
1,TFM,2021-06-22,2021-12,31.14
1,TFM,2021-06-22,2022-01,31.25
1,TFM,2021-06-22,2022-02,31.075
1,TFM,2021-06-22,2022-03,30.2
2,TFM,2021-06-22,2022-04,22.424803321678322
1,TFM,2021-06-22,2022-05,20.42
1,TFM,2021-06-22,2022-06,20.045
2,TFM,2021-06-23,2021-07,31.296543432718565
2,TFM,2021-06-23,2021-08,31.15
2,TFM,2021-06-23,2021-09,30.99246276067527
2,TFM,2021-06-23,2021-10,31.076638550096888
2,TFM,2021-06-23,2021-11,31.42007242378259
1,TFM,2021-06-23,2021-12,31.5
2,TFM,2021-06-23,2022-01,31.762881036320405
1,TFM,2021-06-23,2022-02,31.525
1,TFM,2021-06-23,2022-03,30.550000000000004
1,TFM,2021-06-23,2022-04,22.85
1,TFM,2021-06-23,2022-10,21.475
1,TFM,2021-06-23,2022-12,22.725
2,TFM,2021-06-24,2021-07,31.830376545965393
2,TFM,2021-06-24,2021-08,31.61
2,TFM,2021-06-24,2021-09,31.45119702497895
2,TFM,2021-06-24,2021-10,31.467025344597598
2,TFM,2021-06-24,2021-11,31.749749969358987
2,TFM,2021-06-24,2021-12,32.243316582914574
1,TFM,2021-06-24,2022-01,32.4
1,TFM,2021-06-24,2022-02,32.115
1,TFM,2021-06-24,2022-03,31.15
2,TFM,2021-06-24,2022-04,22.950000000000003
2,TFM,2021-06-25,2021-07,32.341965156341416
2,TFM,2021-06-25,2021-08,32.138926264800865
2,TFM,2021-06-25,2021-09,31.881332633788034
2,TFM,2021-06-25,2021-10,32.09528847202531
2,TFM,2021-06-25,2021-11,32.333589931063294
2,TFM,2021-06-25,2021-12,32.59796505317994
1,TFM,2021-06-25,2022-01,32.27
1,TFM,2021-06-25,2022-02,32.33
1,TFM,2021-06-25,2022-03,31.299999999999997
2,TFM,2021-06-28,2021-07,32.45268891979602
2,TFM,2021-06-28,2021-08,32.24884715677753
2,TFM,2021-06-28,2021-09,32.09726797910808
2,TFM,2021-06-28,2021-10,32.13430077301476
2,TFM,2021-06-28,2021-11,32.39093787335723
2,TFM,2021-06-28,2021-12,32.567928612661156
2,TFM,2021-06-28,2022-01,32.5026518804243
1,TFM,2021-06-28,2022-02,32.7
2,TFM,2021-06-28,2022-03,31.447358309317963
2,TFM,2021-06-29,2021-07,33.51520370290912
2,TFM,2021-06-29,2021-08,33.35
2,TFM,2021-06-29,2021-09,33.143141461342395
2,TFM,2021-06-29,2021-10,33.225
2,TFM,2021-06-29,2021-11,33.78695945945945
2,TFM,2021-06-29,2021-12,33.57381409803644
2,TFM,2021-06-29,2022-01,33.996613995485326
2,TFM,2021-06-29,2022-02,33.20950226244344
1,TFM,2021-06-29,2022-03,32.55
2,TFM,2021-06-30,2021-08,34.84435187944319
2,TFM,2021-06-30,2021-09,34.62358891533492
2,TFM,2021-06-30,2021-10,34.69831953239162
2,TFM,2021-06-30,2021-11,34.8998055015282
2,TFM,2021-06-30,2021-12,35.14874614197531
1,TFM,2021-06-30,2022-01,35.29
1,TFM,2021-06-30,2022-02,35.39
1,TFM,2021-06-30,2022-03,33.445
1,TFM,2021-06-30,2022-10,22.7
1,TFM,2021-06-30,2022-12,24.1
2,TFM,2021-07-01,2021-08,35.749499794206926
2,TFM,2021-07-01,2021-09,35.55314692307692
2,TFM,2021-07-01,2021-10,35.50214052731721
2,TFM,2021-07-01,2021-11,35.803306451612904
1,TFM,2021-07-01,2021-12,36.05
1,TFM,2021-07-01,2022-01,37.25
1,TFM,2021-07-01,2022-02,36.7
2,TFM,2021-07-01,2022-03,34.25
2,TFM,2021-07-01,2022-04,25.398123240538002
1,TFM,2021-07-01,2022-05,22.649999999999995
1,TFM,2021-07-01,2022-10,22.8
1,TFM,2021-07-01,2022-12,24.16
2,TFM,2021-07-02,2021-08,35.78543420323508
2,TFM,2021-07-02,2021-09,35.59855592413644
2,TFM,2021-07-02,2021-10,35.699394515018405
2,TFM,2021-07-02,2021-11,35.89854717671822
2,TFM,2021-07-02,2021-12,36.040112183981726
1,TFM,2021-07-02,2022-01,36.04
2,TFM,2021-07-02,2022-02,36.04098748261474
2,TFM,2021-07-02,2022-03,33.0
1,TFM,2021-07-02,2022-04,24.7
2,TFM,2021-07-05,2021-08,37.97777471904654
2,TFM,2021-07-05,2021-09,37.83306611570248
2,TFM,2021-07-05,2021-10,37.92008922395905
2,TFM,2021-07-05,2021-11,38.12925231676495
2,TFM,2021-07-05,2021-12,38.100067258541834
2,TFM,2021-07-05,2022-01,38.19178961812177
2,TFM,2021-07-05,2022-02,38.16728887361064
2,TFM,2021-07-05,2022-03,33.76894533291523
1,TFM,2021-07-05,2022-04,25.12
2,TFM,2021-07-06,2021-08,33.36744694337883
2,TFM,2021-07-06,2021-09,33.14913539367182
2,TFM,2021-07-06,2021-10,33.110690703735884
2,TFM,2021-07-06,2021-11,33.14194257425743
2,TFM,2021-07-06,2021-12,34.765577889447236
1,TFM,2021-07-06,2022-01,34.925
2,TFM,2021-07-06,2022-03,30.217176957352006
1,TFM,2021-07-06,2022-04,24.9
2,TFM,2021-07-07,2021-08,33.164626090608834
2,TFM,2021-07-07,2021-09,32.99630533199195
2,TFM,2021-07-07,2021-10,32.6918108467809
2,TFM,2021-07-07,2021-11,30.265085099798856
2,TFM,2021-07-07,2021-12,31.365061313291143
2,TFM,2021-07-07,2022-01,32.573488480606585
2,TFM,2021-07-07,2022-02,32.40009055090896
2,TFM,2021-07-07,2022-03,27.920937102395307
2,TFM,2021-07-07,2022-04,23.256004757906517
1,TFM,2021-07-07,2022-05,13.5
1,TFM,2021-07-07,2022-06,13.365000000000002
1,TFM,2021-07-07,2022-07,13.36
1,TFM,2021-07-07,2022-08,13.47
1,TFM,2021-07-07,2022-09,13.485
1,TFM,2021-07-07,2022-10,14.754999999999999
1,TFM,2021-07-07,2022-11,15.19
1,TFM,2021-07-07,2022-12,15.845
1,TFM,2021-07-07,2023-01,15.46
1,TFM,2021-07-07,2023-02,15.48
1,TFM,2021-07-07,2023-03,15.475
1,TFM,2021-07-07,2023-04,15.03
1,TFM,2021-07-07,2023-05,14.324999999999998
1,TFM,2021-07-07,2023-06,13.685
1,TFM,2021-07-07,2023-07,13.34
1,TFM,2021-07-07,2023-08,13.88
1,TFM,2021-07-07,2023-09,14.64
1,TFM,2021-07-07,2023-10,15.195
1,TFM,2021-07-07,2023-11,15.52
1,TFM,2021-07-07,2023-12,15.515
1,TFM,2021-07-07,2024-01,16.485
1,TFM,2021-07-07,2024-02,16.485
2,TFM,2021-07-08,2021-08,33.85781346088145
2,TFM,2021-07-08,2021-09,33.70783010465375
2,TFM,2021-07-08,2021-10,33.67975817346664
2,TFM,2021-07-08,2021-11,33.99983092114162
2,TFM,2021-07-08,2021-12,34.16886161629974
1,TFM,2021-07-08,2022-01,34.26
2,TFM,2021-07-08,2022-02,33.913331346841474
1,TFM,2021-07-08,2022-03,30.96
2,TFM,2021-07-08,2022-04,23.65
1,TFM,2021-07-08,2022-06,21.35
2,TFM,2021-07-09,2021-08,36.749047284761566
2,TFM,2021-07-09,2021-09,36.64855128828391
2,TFM,2021-07-09,2021-10,36.70093714927048
2,TFM,2021-07-09,2021-11,36.95239669421488
2,TFM,2021-07-09,2021-12,37.192776675922254
1,TFM,2021-07-09,2022-01,37.32
1,TFM,2021-07-09,2022-02,37.15
2,TFM,2021-07-09,2022-03,33.54453686809059
1,TFM,2021-07-09,2022-04,25.375
2,TFM,2021-07-12,2021-08,34.40508832565284
2,TFM,2021-07-12,2021-09,34.37959841129744
2,TFM,2021-07-12,2021-10,34.49504347826087
2,TFM,2021-07-12,2021-11,34.760637898686674
2,TFM,2021-07-12,2021-12,34.755158633313
2,TFM,2021-07-12,2022-01,34.95273473108478
1,TFM,2021-07-12,2022-03,32.15
2,TFM,2021-07-13,2021-08,35.19868294404518
2,TFM,2021-07-13,2021-09,35.116523445569094
2,TFM,2021-07-13,2021-10,35.247010050251255
2,TFM,2021-07-13,2021-11,35.42849589790337
2,TFM,2021-07-13,2021-12,35.41531246244442
1,TFM,2021-07-13,2022-01,35.775
2,TFM,2021-07-13,2022-02,35.75879712746858
1,TFM,2021-07-13,2022-03,32.555
1,TFM,2021-07-13,2022-12,23.8
2,TFM,2021-07-14,2021-08,33.39411778823077
2,TFM,2021-07-14,2021-09,33.32396136477672
2,TFM,2021-07-14,2021-10,33.36645277515656
1,TFM,2021-07-14,2021-11,33.42
2,TFM,2021-07-14,2021-12,33.96436940775458
2,TFM,2021-07-14,2022-01,33.948716302952505
1,TFM,2021-07-14,2022-02,33.6
2,TFM,2021-07-14,2022-03,30.72193913658882
1,TFM,2021-07-14,2022-04,24.325
2,TFM,2021-07-15,2021-08,34.05001151958329
2,TFM,2021-07-15,2021-09,33.97463201235204
2,TFM,2021-07-15,2021-10,33.97767272727273
1,TFM,2021-07-15,2021-11,34.12
2,TFM,2021-07-15,2021-12,34.23828101418654
1,TFM,2021-07-15,2022-01,34.09
1,TFM,2021-07-15,2022-02,34.095
2,TFM,2021-07-15,2022-03,30.951709796672827
2,TFM,2021-07-16,2021-08,35.36184927719409
2,TFM,2021-07-16,2021-09,35.311305536568696
2,TFM,2021-07-16,2021-10,35.444913043478266
2,TFM,2021-07-16,2021-11,35.1255905511811
2,TFM,2021-07-16,2021-12,35.23396279594137
1,TFM,2021-07-16,2022-01,35.295
1,TFM,2021-07-16,2022-02,34.75
1,TFM,2021-07-16,2022-03,31.55
2,TFM,2021-07-19,2021-08,36.13323004604758
2,TFM,2021-07-19,2021-09,36.134424778761066
2,TFM,2021-07-19,2021-10,36.246896651270205
2,TFM,2021-07-19,2021-11,36.23025329280648
2,TFM,2021-07-19,2021-12,36.02185521688159
1,TFM,2021-07-19,2022-01,36.01
1,TFM,2021-07-19,2022-02,35.75
2,TFM,2021-07-19,2022-03,32.237799401197606
2,TFM,2021-07-20,2021-08,35.26238379022646
2,TFM,2021-07-20,2021-09,35.252657125700566
2,TFM,2021-07-20,2021-10,35.245714285714286
2,TFM,2021-07-20,2021-11,35.43769833948339
1,TFM,2021-07-20,2021-12,35.575
2,TFM,2021-07-20,2022-01,35.07978866235704
2,TFM,2021-07-20,2022-02,35.05154557463673
2,TFM,2021-07-20,2022-03,31.730461200585648
2,TFM,2021-07-21,2021-08,35.8
2,TFM,2021-07-21,2021-09,35.799438502673794
2,TFM,2021-07-21,2021-10,35.800530875732605
2,TFM,2021-07-21,2021-11,35.78018183884532
2,TFM,2021-07-21,2021-12,36.050000000000004
1,TFM,2021-07-21,2022-01,36.03
2,TFM,2021-07-21,2022-02,35.80079946702198
2,TFM,2021-07-21,2022-03,31.930638783269963
2,TFM,2021-07-22,2021-08,35.5901463895631
2,TFM,2021-07-22,2021-09,35.580844086404795
2,TFM,2021-07-22,2021-10,35.63474658869396
2,TFM,2021-07-22,2021-11,35.9
2,TFM,2021-07-22,2021-12,35.90697928026172
2,TFM,2021-07-22,2022-01,35.95831649001725
1,TFM,2021-07-22,2022-02,36.35
2,TFM,2021-07-22,2022-03,32.14038103126941
2,TFM,2021-07-23,2021-08,35.46872569812655
2,TFM,2021-07-23,2021-09,35.468483613516725
2,TFM,2021-07-23,2021-10,35.54051355792934
2,TFM,2021-07-23,2021-11,35.477467105263166
2,TFM,2021-07-23,2021-12,35.545743392070484
2,TFM,2021-07-23,2022-01,35.59759956942949
2,TFM,2021-07-23,2022-02,35.55165803108808
1,TFM,2021-07-23,2022-03,31.65
1,TFM,2021-07-23,2022-04,24.175
2,TFM,2021-07-26,2021-08,37.01892928228545
2,TFM,2021-07-26,2021-09,37.108808457124894
2,TFM,2021-07-26,2021-10,37.03978785735933
2,TFM,2021-07-26,2021-11,37.09987518721917
2,TFM,2021-07-26,2021-12,37.147600081699345
2,TFM,2021-07-26,2022-01,36.79996187280768
1,TFM,2021-07-26,2022-02,36.815
2,TFM,2021-07-26,2022-03,32.43390417940877
1,TFM,2021-07-26,2022-04,24.75
1,TFM,2021-07-26,2022-05,22.35
1,TFM,2021-07-26,2022-06,21.95
2,TFM,2021-07-27,2021-08,37.60850694444444
2,TFM,2021-07-27,2021-09,37.60214702174597
2,TFM,2021-07-27,2021-10,37.62357502651113
1,TFM,2021-07-27,2021-11,37.705
2,TFM,2021-07-27,2021-12,37.6715781956677
1,TFM,2021-07-27,2022-01,37.385
2,TFM,2021-07-27,2022-02,37.15410631626101
1,TFM,2021-07-27,2022-03,32.495
1,TFM,2021-07-27,2022-04,24.819999999999997
1,TFM,2021-07-27,2022-10,22.425
1,TFM,2021-07-27,2022-12,23.65
2,TFM,2021-07-28,2021-08,39.743004634965786
2,TFM,2021-07-28,2021-09,39.72831615567792
2,TFM,2021-07-28,2021-10,39.7748017759206
2,TFM,2021-07-28,2021-11,39.773492334520085
2,TFM,2021-07-28,2021-12,39.479431480695794
2,TFM,2021-07-28,2022-01,39.10429749981987
1,TFM,2021-07-28,2022-02,38.655
2,TFM,2021-07-28,2022-03,33.65328840747478
1,TFM,2021-07-28,2022-04,25.62
1,TFM,2021-07-28,2022-06,23.1
2,TFM,2021-07-29,2021-08,41.41828366621383
2,TFM,2021-07-29,2021-09,41.45
2,TFM,2021-07-29,2021-10,41.301546834895014
2,TFM,2021-07-29,2021-11,40.9928129717096
1,TFM,2021-07-29,2021-12,40.95
1,TFM,2021-07-29,2022-01,40.475
2,TFM,2021-07-29,2022-02,39.8886023916293
2,TFM,2021-07-29,2022-03,34.062282958199354
2,TFM,2021-07-30,2021-09,40.88112666324916
2,TFM,2021-07-30,2021-10,40.82932046904484
2,TFM,2021-07-30,2021-11,40.20506468770214
2,TFM,2021-07-30,2021-12,40.30345529858474
2,TFM,2021-07-30,2022-01,39.65010704091341
1,TFM,2021-07-30,2022-02,39.665
1,TFM,2021-07-30,2022-03,32.7
1,TFM,2021-07-30,2022-04,25.535
2,TFM,2021-08-02,2021-09,42.175
2,TFM,2021-08-02,2021-10,42.035
2,TFM,2021-08-02,2021-11,41.889786470789204
1,TFM,2021-08-02,2021-12,41.69
2,TFM,2021-08-02,2022-01,41.200229555236724
2,TFM,2021-08-02,2022-02,40.45472292191435
2,TFM,2021-08-02,2022-03,34.550485122897804
2,TFM,2021-08-03,2021-09,41.55139259078127
2,TFM,2021-08-03,2021-10,41.48839572192513
2,TFM,2021-08-03,2021-11,41.35
2,TFM,2021-08-03,2021-12,41.12246936600959
1,TFM,2021-08-03,2022-01,40.55
2,TFM,2021-08-03,2022-02,40.11967872570194
2,TFM,2021-08-03,2022-03,34.154036598493
1,TFM,2021-08-03,2022-04,26.074999999999996
2,TFM,2021-08-04,2021-09,42.09437135928727
2,TFM,2021-08-04,2021-10,42.032868490205445
2,TFM,2021-08-04,2021-11,41.77660626374777
2,TFM,2021-08-04,2021-12,41.60002126076326
1,TFM,2021-08-04,2022-01,41.12
1,TFM,2021-08-04,2022-02,40.5
1,TFM,2021-08-04,2022-03,34.7
1,TFM,2021-08-04,2022-04,26.575
2,TFM,2021-08-05,2021-09,43.09804062699936
2,TFM,2021-08-05,2021-10,43.04855340019839
2,TFM,2021-08-05,2021-11,42.9599405469679
2,TFM,2021-08-05,2021-12,42.8
2,TFM,2021-08-05,2022-01,42.29391008886566
1,TFM,2021-08-05,2022-02,41.6
2,TFM,2021-08-05,2022-03,36.49918456375839
1,TFM,2021-08-05,2022-04,27.95
1,TFM,2021-08-05,2022-06,24.8
1,TFM,2021-08-05,2022-07,24.76
2,TFM,2021-08-06,2021-09,43.16961224882839
2,TFM,2021-08-06,2021-10,43.09721797735199
2,TFM,2021-08-06,2021-11,43.150315323455004
2,TFM,2021-08-06,2021-12,43.053482164973985
2,TFM,2021-08-06,2022-01,42.7248
1,TFM,2021-08-06,2022-02,42.45
2,TFM,2021-08-06,2022-03,37.18493723849372
2,TFM,2021-08-09,2021-09,43.37841301184785
2,TFM,2021-08-09,2021-10,43.41610102109139
2,TFM,2021-08-09,2021-11,43.544725635895965
2,TFM,2021-08-09,2021-12,43.58165684885541
2,TFM,2021-08-09,2022-01,43.17410296411856
2,TFM,2021-08-09,2022-02,42.815491837588944
1,TFM,2021-08-09,2022-03,38.465
1,TFM,2021-08-09,2022-04,29.0
2,TFM,2021-08-10,2021-09,44.29057742782152
2,TFM,2021-08-10,2021-10,44.360355162397674
2,TFM,2021-08-10,2021-11,44.351389755011134
2,TFM,2021-08-10,2021-12,44.26712059482583
2,TFM,2021-08-10,2022-01,44.149823220258
2,TFM,2021-08-10,2022-02,43.674987202457125
1,TFM,2021-08-10,2022-03,39.6
2,TFM,2021-08-10,2022-04,29.350000000000005
2,TFM,2021-08-11,2021-09,46.6
2,TFM,2021-08-11,2021-10,46.6579420383431
2,TFM,2021-08-11,2021-11,46.645
2,TFM,2021-08-11,2021-12,46.52908257705094
2,TFM,2021-08-11,2022-01,45.831766365688495
2,TFM,2021-08-11,2022-02,44.98578302712161
2,TFM,2021-08-11,2022-03,41.25
2,TFM,2021-08-12,2021-09,45.599323602884894
2,TFM,2021-08-12,2021-10,45.64462832274759
2,TFM,2021-08-12,2021-11,45.81581308626787
2,TFM,2021-08-12,2021-12,45.899772479068076
2,TFM,2021-08-12,2022-01,45.20844258255299
2,TFM,2021-08-12,2022-02,45.27621523089386
2,TFM,2021-08-12,2022-03,40.66414695721498
2,TFM,2021-08-13,2021-09,44.85129056442112
2,TFM,2021-08-13,2021-10,44.9273354953447
2,TFM,2021-08-13,2021-11,45.090295487106026
2,TFM,2021-08-13,2021-12,44.99977175897748
1,TFM,2021-08-13,2022-01,44.57
2,TFM,2021-08-13,2022-02,44.140225612376454
2,TFM,2021-08-13,2022-03,40.350267580006424
2,TFM,2021-08-13,2022-04,30.90943820224719
1,TFM,2021-08-13,2022-10,28.31
2,TFM,2021-08-16,2021-09,47.837147403196816
2,TFM,2021-08-16,2021-10,47.90455422443577
2,TFM,2021-08-16,2021-11,48.00411426580736
2,TFM,2021-08-16,2021-12,47.977779008789426
2,TFM,2021-08-16,2022-01,47.5
2,TFM,2021-08-16,2022-02,46.867839777726324
1,TFM,2021-08-16,2022-03,42.95
2,TFM,2021-08-17,2021-09,46.51768752047167
2,TFM,2021-08-17,2021-10,46.65
2,TFM,2021-08-17,2021-11,46.76735253114925
2,TFM,2021-08-17,2021-12,46.64921055420155
2,TFM,2021-08-17,2022-01,46.544903161492456
1,TFM,2021-08-17,2022-02,46.075
2,TFM,2021-08-17,2022-03,41.95530674846626
1,TFM,2021-08-17,2022-04,32.34
2,TFM,2021-08-18,2021-09,44.650000000000006
2,TFM,2021-08-18,2021-10,44.78338769284919
2,TFM,2021-08-18,2021-11,44.86357612430898
2,TFM,2021-08-18,2021-12,44.89556736517906
2,TFM,2021-08-18,2022-01,44.412949352931776
2,TFM,2021-08-18,2022-02,44.41609375
1,TFM,2021-08-18,2022-03,40.97
1,TFM,2021-08-18,2022-04,32.025
2,TFM,2021-08-19,2021-09,40.957024790756336
2,TFM,2021-08-19,2021-10,41.05084028324154
2,TFM,2021-08-19,2021-11,41.12115984202868
2,TFM,2021-08-19,2021-12,41.08863881717907
2,TFM,2021-08-19,2022-01,40.7
2,TFM,2021-08-19,2022-02,40.41083333333333
1,TFM,2021-08-19,2022-03,36.45
1,TFM,2021-08-19,2022-04,28.5
1,TFM,2021-08-19,2022-05,26.32
1,TFM,2021-08-19,2022-06,25.599999999999998
1,TFM,2021-08-19,2022-07,25.97
1,TFM,2021-08-19,2022-08,26.37
2,TFM,2021-08-20,2021-09,41.57059773377196
2,TFM,2021-08-20,2021-10,41.758036761830276
2,TFM,2021-08-20,2021-11,41.876621774079815
2,TFM,2021-08-20,2021-12,41.899921944914
2,TFM,2021-08-20,2022-01,41.554458368734075
1,TFM,2021-08-20,2022-02,41.45
2,TFM,2021-08-20,2022-03,38.4965244694673
1,TFM,2021-08-20,2022-04,29.0
1,TFM,2021-08-20,2022-05,26.41
1,TFM,2021-08-20,2022-06,26.405
1,TFM,2021-08-20,2022-07,26.04
1,TFM,2021-08-20,2022-08,26.4
1,TFM,2021-08-20,2022-09,26.27
2,TFM,2021-08-23,2021-09,42.60754487658937
2,TFM,2021-08-23,2021-10,42.96935776005317
2,TFM,2021-08-23,2021-11,43.169385102918945
2,TFM,2021-08-23,2021-12,43.223552458889834
2,TFM,2021-08-23,2022-01,43.07971759665011
2,TFM,2021-08-23,2022-02,41.529688133063225
2,TFM,2021-08-23,2022-03,39.43430798600064
1,TFM,2021-08-23,2022-04,29.0
1,TFM,2021-08-23,2022-05,26.25
1,TFM,2021-08-23,2022-06,25.755
2,TFM,2021-08-24,2021-09,45.67316194798476
2,TFM,2021-08-24,2021-10,46.00823842957444
2,TFM,2021-08-24,2021-11,46.215
2,TFM,2021-08-24,2021-12,45.945841995841995
2,TFM,2021-08-24,2022-01,45.75
1,TFM,2021-08-24,2022-02,45.45
2,TFM,2021-08-24,2022-03,41.57409867629362
1,TFM,2021-08-24,2022-04,31.0
1,TFM,2021-08-24,2023-04,22.95
2,TFM,2021-08-25,2021-09,45.02090469146238
2,TFM,2021-08-25,2021-10,45.30927752258693
2,TFM,2021-08-25,2021-11,45.52520490233626
2,TFM,2021-08-25,2021-12,45.50554996127033
2,TFM,2021-08-25,2022-01,45.59349630867809
2,TFM,2021-08-25,2022-02,44.89582866113478
2,TFM,2021-08-25,2022-03,41.274365545601405
2,TFM,2021-08-25,2022-04,30.44596412556054
1,TFM,2021-08-25,2022-05,27.48
1,TFM,2021-08-25,2022-06,26.845
1,TFM,2021-08-25,2022-07,27.165
1,TFM,2021-08-25,2022-08,27.45
2,TFM,2021-08-26,2021-09,45.84247570230329
2,TFM,2021-08-26,2021-10,46.1995205361746
2,TFM,2021-08-26,2021-11,46.30016944593867
2,TFM,2021-08-26,2021-12,46.34012373320764
2,TFM,2021-08-26,2022-01,45.748884274250315
1,TFM,2021-08-26,2022-02,45.37
2,TFM,2021-08-26,2022-03,41.83842064714946
2,TFM,2021-08-26,2022-04,30.655
1,TFM,2021-08-26,2022-05,27.45
1,TFM,2021-08-26,2022-08,27.2
2,TFM,2021-08-27,2021-09,47.81571333309936
2,TFM,2021-08-27,2021-10,48.11972596781209
2,TFM,2021-08-27,2021-11,48.34439246658566
2,TFM,2021-08-27,2021-12,48.41449796636921
1,TFM,2021-08-27,2022-01,47.85
2,TFM,2021-08-27,2022-02,47.3332540570789
2,TFM,2021-08-27,2022-03,43.63306213796735
1,TFM,2021-08-27,2022-04,31.23
2,TFM,2021-08-30,2021-10,49.44137424698795
2,TFM,2021-08-30,2021-11,49.61766968325793
2,TFM,2021-08-30,2021-12,49.939857819905214
2,TFM,2021-08-31,2021-10,50.39085444916221
2,TFM,2021-08-31,2021-11,50.621775410563686
2,TFM,2021-08-31,2021-12,50.505730403102596
1,TFM,2021-08-31,2022-01,50.32
1,TFM,2021-08-31,2022-02,49.99
2,TFM,2021-08-31,2022-03,46.22059223961879
2,TFM,2021-08-31,2022-04,32.25
2,TFM,2021-09-01,2021-10,49.65519339614991
2,TFM,2021-09-01,2021-11,49.852606802996554
2,TFM,2021-09-01,2021-12,50.00298784941239
2,TFM,2021-09-01,2022-01,49.55047593146586
2,TFM,2021-09-01,2022-02,49.19704845123483
2,TFM,2021-09-01,2022-03,45.250073361591134
1,TFM,2021-09-01,2022-04,32.485
2,TFM,2021-09-02,2021-10,51.34980163716655
2,TFM,2021-09-02,2021-11,51.5037094214399
2,TFM,2021-09-02,2021-12,51.47983897402278
2,TFM,2021-09-02,2022-01,50.94505611270296
1,TFM,2021-09-02,2022-02,50.565
1,TFM,2021-09-02,2022-03,46.445
2,TFM,2021-09-02,2022-04,32.73931034482759
1,TFM,2021-09-02,2022-05,28.475
1,TFM,2021-09-02,2022-06,28.0
2,TFM,2021-09-03,2021-10,51.7285630757582
2,TFM,2021-09-03,2021-11,51.90202367315769
2,TFM,2021-09-03,2021-12,51.92139074321318
2,TFM,2021-09-03,2022-01,51.45986429467443
2,TFM,2021-09-03,2022-02,51.24796911948812
2,TFM,2021-09-03,2022-03,47.27337561881188
2,TFM,2021-09-06,2021-10,52.55200342955129
2,TFM,2021-09-06,2021-11,52.828268265191106
2,TFM,2021-09-06,2021-12,52.84297723455869
1,TFM,2021-09-06,2022-01,52.62
2,TFM,2021-09-06,2022-02,52.226869741352445
1,TFM,2021-09-06,2022-03,48.3
1,TFM,2021-09-06,2022-04,33.5
2,TFM,2021-09-07,2021-10,54.00478656462586
2,TFM,2021-09-07,2021-11,54.29278355947834
2,TFM,2021-09-07,2021-12,54.40738184958393
2,TFM,2021-09-07,2022-01,53.96788732394366
2,TFM,2021-09-07,2022-02,53.646948281400576
2,TFM,2021-09-07,2022-03,49.64691749773345
1,TFM,2021-09-07,2022-04,33.55
1,TFM,2021-09-07,2022-06,28.739999999999995
2,TFM,2021-09-08,2021-10,55.35
2,TFM,2021-09-08,2021-11,55.651096271563716
2,TFM,2021-09-08,2021-12,55.76202587567057
2,TFM,2021-09-08,2022-01,55.475
1,TFM,2021-09-08,2022-02,55.16
1,TFM,2021-09-08,2022-03,51.475
2,TFM,2021-09-08,2022-04,34.24398734177215
1,TFM,2021-09-08,2022-06,29.25
1,TFM,2021-09-08,2022-07,29.05
1,TFM,2021-09-08,2022-08,29.15
2,TFM,2021-09-08,2022-09,29.987328767123287
2,TFM,2021-09-09,2021-10,56.30776542127752
2,TFM,2021-09-09,2021-11,56.727629247504765
2,TFM,2021-09-09,2021-12,56.78023396938844
2,TFM,2021-09-09,2022-01,56.375
1,TFM,2021-09-09,2022-02,56.8
2,TFM,2021-09-09,2022-03,52.434401056404454
1,TFM,2021-09-09,2022-04,35.425
1,TFM,2021-09-09,2022-05,31.725000000000005
1,TFM,2021-09-09,2022-06,31.04
1,TFM,2021-09-09,2022-08,31.144999999999996
1,TFM,2021-09-09,2022-10,31.75
1,TFM,2021-09-09,2022-12,32.975
2,TFM,2021-09-10,2021-10,57.82931733440561
2,TFM,2021-09-10,2021-11,58.057151217969
2,TFM,2021-09-10,2021-12,58.18519984126085
2,TFM,2021-09-10,2022-01,57.78074112197633
2,TFM,2021-09-10,2022-02,57.375124378109454
2,TFM,2021-09-10,2022-03,53.28613989637306
2,TFM,2021-09-10,2022-04,34.751249114354536
1,TFM,2021-09-10,2022-05,30.695
1,TFM,2021-09-10,2022-06,30.25
1,TFM,2021-09-10,2022-07,30.21
1,TFM,2021-09-10,2022-08,30.5
1,TFM,2021-09-10,2022-09,30.6
1,TFM,2021-09-10,2022-12,32.1
1,TFM,2021-09-10,2023-01,32.2
1,TFM,2021-09-10,2023-02,31.975
1,TFM,2021-09-10,2023-03,30.3
2,TFM,2021-09-13,2021-10,62.045341107871714
2,TFM,2021-09-13,2021-11,62.295
2,TFM,2021-09-13,2021-12,62.36368888888888
2,TFM,2021-09-13,2022-01,61.77234206832007
2,TFM,2021-09-13,2022-02,61.207944174376664
2,TFM,2021-09-13,2022-03,57.094006271464835
2,TFM,2021-09-13,2022-04,35.96356080489939
2,TFM,2021-09-13,2022-05,31.569399249061327
1,TFM,2021-09-13,2022-07,31.050000000000004
1,TFM,2021-09-13,2022-08,31.25
2,TFM,2021-09-13,2022-12,32.910659086871554
1,TFM,2021-09-13,2023-02,32.65
1,TFM,2021-09-13,2023-03,30.8
2,TFM,2021-09-14,2021-10,66.75666777892374
2,TFM,2021-09-14,2021-11,66.705
2,TFM,2021-09-14,2021-12,66.79798875432525
2,TFM,2021-09-14,2022-01,66.0794836411427
2,TFM,2021-09-14,2022-02,65.59969919786096
2,TFM,2021-09-14,2022-03,60.64013371589433
2,TFM,2021-09-14,2022-04,37.25434593023256
1,TFM,2021-09-14,2022-05,32.0
1,TFM,2021-09-14,2022-06,31.530000000000005
1,TFM,2021-09-14,2022-07,31.7
1,TFM,2021-09-14,2022-08,31.875
1,TFM,2021-09-14,2022-09,32.075
2,TFM,2021-09-15,2021-10,65.32967820416847
2,TFM,2021-09-15,2021-11,65.44914266211605
2,TFM,2021-09-15,2021-12,65.43068784789995
2,TFM,2021-09-15,2022-01,65.31559245960503
1,TFM,2021-09-15,2022-02,64.93
2,TFM,2021-09-15,2022-03,60.53971644120708
2,TFM,2021-09-15,2022-04,37.0005179558011
2,TFM,2021-09-15,2022-05,32.99000380807311
1,TFM,2021-09-15,2022-06,31.79
2,TFM,2021-09-16,2021-10,62.75261653474055
2,TFM,2021-09-16,2021-11,62.990108859487535
2,TFM,2021-09-16,2021-12,62.3462729429392
2,TFM,2021-09-16,2022-01,62.4095176373513
2,TFM,2021-09-16,2022-02,61.60296297840407
2,TFM,2021-09-16,2022-03,57.75197167670761
2,TFM,2021-09-16,2022-04,35.974310759225226
2,TFM,2021-09-16,2022-05,31.006767751479288
1,TFM,2021-09-16,2022-06,30.640000000000004
2,TFM,2021-09-17,2021-10,66.15
2,TFM,2021-09-17,2021-11,66.38195807685909
2,TFM,2021-09-17,2021-12,66.3974082208974
2,TFM,2021-09-17,2022-01,65.92097618117923
2,TFM,2021-09-17,2022-02,65.37811653672549
2,TFM,2021-09-17,2022-03,61.0917434574272
2,TFM,2021-09-17,2022-04,37.015431341159726
1,TFM,2021-09-17,2022-05,31.7
1,TFM,2021-09-17,2022-06,31.2
1,TFM,2021-09-17,2022-09,31.525000000000002
2,TFM,2021-09-20,2021-10,72.74614249505225
2,TFM,2021-09-20,2021-11,73.06274684426548
2,TFM,2021-09-20,2021-12,72.95265349532424
2,TFM,2021-09-20,2022-01,72.35357019064125
2,TFM,2021-09-20,2022-02,71.8
2,TFM,2021-09-20,2022-03,68.11774809160305
1,TFM,2021-09-20,2022-04,38.0
1,TFM,2021-09-20,2023-02,32.75
1,TFM,2021-09-20,2024-02,24.6
2,TFM,2021-09-21,2021-10,72.43064048017021
2,TFM,2021-09-21,2021-11,72.67867003646008
2,TFM,2021-09-21,2021-12,72.60602855991537
2,TFM,2021-09-21,2022-01,72.14594322673373
2,TFM,2021-09-21,2022-02,71.5973870323082
2,TFM,2021-09-21,2022-03,67.2612595892106
1,TFM,2021-09-21,2022-04,38.0
1,TFM,2021-09-21,2022-05,31.65
1,TFM,2021-09-21,2022-06,31.425
1,TFM,2021-09-21,2022-07,31.425
1,TFM,2021-09-21,2022-12,34.0
2,TFM,2021-09-22,2021-10,69.28023303658263
2,TFM,2021-09-22,2021-11,69.66247634966925
2,TFM,2021-09-22,2021-12,69.5402391696751
2,TFM,2021-09-22,2022-01,69.90011720831114
2,TFM,2021-09-22,2022-02,69.27485525487728
2,TFM,2021-09-22,2022-03,65.00947508781059
1,TFM,2021-09-22,2022-04,38.85
2,TFM,2021-09-23,2021-10,69.75630963174028
2,TFM,2021-09-23,2021-11,70.36027828583335
2,TFM,2021-09-23,2021-12,70.3285869283306
2,TFM,2021-09-23,2022-01,70.09247702368327
1,TFM,2021-09-23,2022-02,68.65
2,TFM,2021-09-23,2022-03,64.63394649052574
1,TFM,2021-09-23,2022-04,39.25
1,TFM,2021-09-23,2022-06,32.9
1,TFM,2021-09-23,2022-07,32.9
2,TFM,2021-09-24,2021-10,71.49309888264548
2,TFM,2021-09-24,2021-11,72.1542488011359
2,TFM,2021-09-24,2021-12,72.15943479109721
2,TFM,2021-09-24,2022-01,71.63498579833637
2,TFM,2021-09-24,2022-02,71.24256802834793
2,TFM,2021-09-24,2022-03,67.1159857199524
2,TFM,2021-09-24,2022-04,40.667783046828696
1,TFM,2021-09-24,2022-09,34.9
1,TFM,2021-09-24,2022-11,36.6
2,TFM,2021-09-27,2021-10,74.63712519319938
2,TFM,2021-09-27,2021-11,75.54936589184632
2,TFM,2021-09-27,2021-12,78.77595502807272
2,TFM,2021-09-27,2022-01,77.94842219184325
2,TFM,2021-09-27,2022-02,77.80185276375724
2,TFM,2021-09-27,2022-03,73.01138234907273
1,TFM,2021-09-27,2022-04,44.760000000000005
2,TFM,2021-09-28,2021-10,77.87373752937097
2,TFM,2021-09-28,2021-11,78.5110872086281
2,TFM,2021-09-28,2021-12,78.48386925253077
2,TFM,2021-09-28,2022-01,78.13073418104754
2,TFM,2021-09-28,2022-02,78.30380938264285
1,TFM,2021-09-28,2022-03,73.6
2,TFM,2021-09-28,2022-04,44.5
1,TFM,2021-09-28,2022-05,40.20000000000001
2,TFM,2021-09-29,2021-10,86.28385779122542
2,TFM,2021-09-29,2021-11,87.39569107821303
2,TFM,2021-09-29,2021-12,87.60063074901446
2,TFM,2021-09-29,2022-01,87.0292801327709
2,TFM,2021-09-29,2022-02,86.84616542083292
2,TFM,2021-09-29,2022-03,82.35368099787686
2,TFM,2021-09-29,2022-04,47.99942011104257
1,TFM,2021-09-29,2022-06,39.495
1,TFM,2021-09-29,2022-08,39.37
1,TFM,2021-09-29,2022-09,39.6
2,TFM,2021-09-30,2021-11,93.27885809650657
2,TFM,2021-09-30,2021-12,93.55013629128533
2,TFM,2021-09-30,2022-01,93.07108497343536
2,TFM,2021-09-30,2022-02,93.10600850259802
1,TFM,2021-09-30,2022-03,87.74
2,TFM,2021-09-30,2022-04,51.04325323475046
1,TFM,2021-09-30,2022-05,43.7
1,TFM,2021-09-30,2022-06,43.2
1,TFM,2021-09-30,2022-08,42.0
2,TFM,2021-10-01,2021-11,91.65106035247452
2,TFM,2021-10-01,2021-12,91.90163654216825
2,TFM,2021-10-01,2022-01,92.00511743313886
2,TFM,2021-10-01,2022-02,91.77238683965558
2,TFM,2021-10-01,2022-03,87.41631407648494
1,TFM,2021-10-01,2022-04,52.0
1,TFM,2021-10-01,2022-05,43.95
2,TFM,2021-10-04,2021-11,96.51170261517781
2,TFM,2021-10-04,2021-12,96.62406514270613
2,TFM,2021-10-04,2022-01,96.38091757170704
2,TFM,2021-10-04,2022-02,96.16922373315447
2,TFM,2021-10-04,2022-03,91.40051004987156
2,TFM,2021-10-04,2022-04,55.0150564617315
1,TFM,2021-10-04,2022-06,47.35
2,TFM,2021-10-05,2021-11,117.9346693328131
2,TFM,2021-10-05,2021-12,118.17571547016611
2,TFM,2021-10-05,2022-01,117.8965744924065
2,TFM,2021-10-05,2022-02,117.62327985339766
2,TFM,2021-10-05,2022-03,112.5234143715798
2,TFM,2021-10-05,2022-04,59.03715960013788
2,TFM,2021-10-05,2022-05,49.37167101208817
2,TFM,2021-10-05,2022-06,48.526690161022294
1,TFM,2021-10-05,2022-07,45.875
1,TFM,2021-10-05,2022-08,45.83
2,TFM,2021-10-06,2021-11,104.90641797792135
2,TFM,2021-10-06,2021-12,104.54673159144892
2,TFM,2021-10-06,2022-01,104.57482180596972
2,TFM,2021-10-06,2022-02,104.40279808184738
2,TFM,2021-10-06,2022-03,99.90550729882978
2,TFM,2021-10-06,2022-04,50.07879292856108
2,TFM,2021-10-06,2022-05,43.01105394324303
1,TFM,2021-10-06,2022-06,40.0
1,TFM,2021-10-06,2022-10,42.0
1,TFM,2021-10-06,2022-11,42.0
1,TFM,2021-10-06,2022-12,42.0
1,TFM,2021-10-06,2023-01,45.0
1,TFM,2021-10-06,2023-02,45.0
1,TFM,2021-10-06,2023-03,44.0
2,TFM,2021-10-07,2021-11,101.20947245375076
2,TFM,2021-10-07,2021-12,101.55516097842738
2,TFM,2021-10-07,2022-01,101.32229890222764
2,TFM,2021-10-07,2022-02,99.30480643434824
2,TFM,2021-10-07,2022-03,94.137921872756
2,TFM,2021-10-07,2022-04,47.50649519355677
1,TFM,2021-10-07,2022-05,40.4
2,TFM,2021-10-07,2022-10,36.00955109837631
1,TFM,2021-10-07,2022-11,36.95
1,TFM,2021-10-07,2022-12,40.5
1,TFM,2021-10-07,2023-01,36.85
1,TFM,2021-10-07,2023-02,36.85
1,TFM,2021-10-07,2023-03,35.15
2,TFM,2021-10-08,2021-11,83.83172044427462
2,TFM,2021-10-08,2021-12,84.56738640966383
2,TFM,2021-10-08,2022-01,84.06094713656387
2,TFM,2021-10-08,2022-02,83.74051680244399
2,TFM,2021-10-08,2022-03,78.73640048272209
1,TFM,2021-10-08,2022-04,43.555
2,TFM,2021-10-11,2021-11,84.63546832472252
2,TFM,2021-10-11,2021-12,85.11947981316781
2,TFM,2021-10-11,2022-01,85.22352573051558
2,TFM,2021-10-11,2022-02,83.38386129790165
2,TFM,2021-10-11,2022-03,77.90191861052207
1,TFM,2021-10-11,2022-04,45.5
1,TFM,2021-10-11,2022-05,38.55
1,TFM,2021-10-11,2022-06,37.6
1,TFM,2021-10-11,2022-08,37.4
2,TFM,2021-10-12,2021-11,87.35764473033151
2,TFM,2021-10-12,2021-12,88.01753763038974
2,TFM,2021-10-12,2022-01,88.26187979424239
2,TFM,2021-10-12,2022-02,86.86926769911504
2,TFM,2021-10-12,2022-03,81.42217536956291
1,TFM,2021-10-12,2022-04,47.7
2,TFM,2021-10-12,2022-05,39.75
2,TFM,2021-10-13,2021-11,94.38915265200518
2,TFM,2021-10-13,2021-12,94.73057000622276
2,TFM,2021-10-13,2022-01,94.59667014613778
2,TFM,2021-10-13,2022-02,94.186709966241
2,TFM,2021-10-13,2022-03,88.71045694200352
1,TFM,2021-10-13,2022-04,47.525
1,TFM,2021-10-13,2022-05,39.0
1,TFM,2021-10-13,2022-06,38.525
1,TFM,2021-10-13,2022-08,38.27
1,TFM,2021-10-13,2023-02,39.65
2,TFM,2021-10-14,2021-11,101.19321924703041
2,TFM,2021-10-14,2021-12,101.51666381141645
2,TFM,2021-10-14,2022-01,101.48018936305155
2,TFM,2021-10-14,2022-02,101.89984499765147
2,TFM,2021-10-14,2022-03,96.24126027009162
1,TFM,2021-10-14,2022-04,49.89999999999999
2,TFM,2021-10-14,2022-05,43.496992782678426
2,TFM,2021-10-14,2022-06,42.844221045027695
1,TFM,2021-10-14,2022-09,39.9
1,TFM,2021-10-14,2023-03,40.75
2,TFM,2021-10-14,2023-04,32.286730310262534
2,TFM,2021-10-15,2021-11,88.70711638888021
2,TFM,2021-10-15,2021-12,88.80475285171102
2,TFM,2021-10-15,2022-01,88.68454654799135
2,TFM,2021-10-15,2022-02,88.14672220732199
2,TFM,2021-10-15,2022-03,82.79588605044725
1,TFM,2021-10-15,2022-04,52.300000000000004
1,TFM,2021-10-15,2022-06,42.9
1,TFM,2021-10-15,2022-08,41.825
2,TFM,2021-10-15,2022-09,42.2
2,TFM,2021-10-18,2021-11,89.054605105465
2,TFM,2021-10-18,2021-12,90.02716750112711
2,TFM,2021-10-18,2022-01,89.66237456747405
2,TFM,2021-10-18,2022-02,89.71020425964963
2,TFM,2021-10-18,2022-03,83.82774973432518
1,TFM,2021-10-18,2022-04,52.5
2,TFM,2021-10-19,2021-11,91.3004571393508
2,TFM,2021-10-19,2021-12,91.90708205835452
2,TFM,2021-10-19,2022-01,91.9850947112193
2,TFM,2021-10-19,2022-02,94.80288684691052
2,TFM,2021-10-19,2022-03,89.43169563978341
2,TFM,2021-10-19,2022-04,53.2990995047276
1,TFM,2021-10-19,2022-05,44.45
1,TFM,2021-10-19,2022-06,42.760000000000005
1,TFM,2021-10-19,2022-07,42.845
1,TFM,2021-10-19,2022-08,42.645
1,TFM,2021-10-19,2022-10,44.4
1,TFM,2021-10-19,2022-12,45.1
2,TFM,2021-10-20,2021-11,93.28409182440596
2,TFM,2021-10-20,2021-12,93.74910179640717
2,TFM,2021-10-20,2022-01,93.52816693057756
2,TFM,2021-10-20,2022-02,92.94407093700372
2,TFM,2021-10-20,2022-03,89.22298850574713
2,TFM,2021-10-20,2022-04,53.29059320199177
1,TFM,2021-10-20,2023-04,32.4
2,TFM,2021-10-21,2021-11,87.79150586280122
2,TFM,2021-10-21,2021-12,87.8459665147778
2,TFM,2021-10-21,2022-01,87.98035208836728
2,TFM,2021-10-21,2022-02,88.01294804837823
2,TFM,2021-10-21,2022-03,82.99748427672957
2,TFM,2021-10-21,2022-04,51.99990671641791
1,TFM,2021-10-21,2022-06,42.15
2,TFM,2021-10-22,2021-11,87.65591482112437
2,TFM,2021-10-22,2021-12,88.31845303867404
2,TFM,2021-10-22,2022-01,88.3
2,TFM,2021-10-22,2022-02,87.94242478670857
2,TFM,2021-10-22,2022-03,82.20010299625469
1,TFM,2021-10-22,2022-04,52.3
2,TFM,2021-10-25,2021-11,88.43264400078104
2,TFM,2021-10-25,2021-12,88.68579104580101
2,TFM,2021-10-25,2022-01,88.5870821661998
2,TFM,2021-10-25,2022-02,88.21219512195123
2,TFM,2021-10-25,2022-03,82.10000000000001
1,TFM,2021-10-25,2022-04,53.1
2,TFM,2021-10-26,2021-11,89.29844162599024
2,TFM,2021-10-26,2021-12,89.84
2,TFM,2021-10-26,2022-01,89.46851485148514
2,TFM,2021-10-26,2022-02,89.39129436325678
2,TFM,2021-10-26,2022-03,82.67564789991063
1,TFM,2021-10-26,2022-04,55.07
1,TFM,2021-10-26,2022-05,44.45
2,TFM,2021-10-27,2021-11,84.6695842100363
2,TFM,2021-10-27,2021-12,85.01075681691708
2,TFM,2021-10-27,2022-01,85.10079865327299
2,TFM,2021-10-27,2022-02,84.71242297263987
2,TFM,2021-10-27,2022-03,77.1594734367654
1,TFM,2021-10-27,2022-04,54.15
2,TFM,2021-10-28,2021-11,75.20093045919668
2,TFM,2021-10-28,2021-12,75.55895210969067
2,TFM,2021-10-28,2022-01,75.56069222383721
2,TFM,2021-10-28,2022-02,74.69884899554255
2,TFM,2021-10-28,2022-03,65.75092008412197
2,TFM,2021-10-28,2022-04,49.503171075455334
1,TFM,2021-10-28,2022-05,42.61
1,TFM,2021-10-28,2022-06,42.345
2,TFM,2021-10-29,2021-12,66.01056715697263
2,TFM,2021-10-29,2022-01,66.00770970501804
2,TFM,2021-10-29,2022-02,65.3737976916486
2,TFM,2021-10-29,2022-03,58.483687468629746
2,TFM,2021-10-29,2022-04,45.5
1,TFM,2021-10-29,2022-05,41.605
1,TFM,2021-10-29,2022-06,41.0
1,TFM,2021-10-29,2022-08,41.0
1,TFM,2021-10-29,2022-09,41.3
2,TFM,2021-11-01,2021-12,68.09999999999998
2,TFM,2021-11-01,2022-01,67.80341297643072
2,TFM,2021-11-01,2022-02,67.25418005229734
2,TFM,2021-11-01,2022-03,61.45167249417249
2,TFM,2021-11-01,2022-04,44.18437592867757
1,TFM,2021-11-01,2022-05,37.085
1,TFM,2021-11-01,2022-06,37.0
2,TFM,2021-11-02,2021-12,71.17579245212657
2,TFM,2021-11-02,2022-01,71.06120236167608
2,TFM,2021-11-02,2022-02,71.02449705848426
2,TFM,2021-11-02,2022-03,64.00271254746959
2,TFM,2021-11-02,2022-04,46.09608449591998
1,TFM,2021-11-02,2022-05,39.6
1,TFM,2021-11-02,2022-06,39.025
1,TFM,2021-11-02,2022-10,33.1
1,TFM,2021-11-02,2022-11,33.1
1,TFM,2021-11-02,2022-12,33.1
1,TFM,2021-11-02,2023-01,33.1
1,TFM,2021-11-02,2023-02,33.1
1,TFM,2021-11-02,2023-03,33.1
1,TFM,2021-11-02,2023-04,33.1
1,TFM,2021-11-02,2023-05,33.1
1,TFM,2021-11-02,2023-06,33.1
1,TFM,2021-11-02,2023-07,33.1
1,TFM,2021-11-02,2023-08,33.1
1,TFM,2021-11-02,2023-09,33.1
2,TFM,2021-11-03,2021-12,79.41507056935322
2,TFM,2021-11-03,2022-01,79.23994926652186
2,TFM,2021-11-03,2022-02,78.9584840028127
2,TFM,2021-11-03,2022-03,71.99320083682008
2,TFM,2021-11-03,2022-04,49.75141509433963
2,TFM,2021-11-03,2022-05,42.32961956521739
1,TFM,2021-11-03,2022-06,41.625
1,TFM,2021-11-03,2022-07,41.45
1,TFM,2021-11-03,2022-08,41.25
1,TFM,2021-11-03,2022-09,41.4
2,TFM,2021-11-04,2021-12,72.7767234563253
2,TFM,2021-11-04,2022-01,72.8570812727746
2,TFM,2021-11-04,2022-02,72.9427985293334
2,TFM,2021-11-04,2022-03,66.1433675007537
1,TFM,2021-11-04,2022-04,47.75
1,TFM,2021-11-04,2022-05,40.1
1,TFM,2021-11-04,2022-10,40.5
1,TFM,2021-11-04,2022-11,41.2
1,TFM,2021-11-04,2022-12,42.3
2,TFM,2021-11-05,2021-12,73.59540778839089
2,TFM,2021-11-05,2022-01,73.57794561040498
2,TFM,2021-11-05,2022-02,73.18686405767251
2,TFM,2021-11-05,2022-03,65.9458407669435
1,TFM,2021-11-05,2022-04,46.85
1,TFM,2021-11-05,2022-05,39.95
1,TFM,2021-11-05,2022-06,39.5
1,TFM,2021-11-05,2022-07,39.125
2,TFM,2021-11-08,2021-12,78.61694944078751
2,TFM,2021-11-08,2022-01,78.38825560683345
2,TFM,2021-11-08,2022-02,77.78805822136917
2,TFM,2021-11-08,2022-03,70.49175678785089
1,TFM,2021-11-08,2022-04,48.45
2,TFM,2021-11-08,2022-05,41.25398353472315
1,TFM,2021-11-08,2022-06,40.6
2,TFM,2021-11-09,2021-12,69.90692285127604
2,TFM,2021-11-09,2022-01,70.09
2,TFM,2021-11-09,2022-02,69.6562359315134
2,TFM,2021-11-09,2022-03,63.4566161998486
1,TFM,2021-11-09,2022-04,44.5
1,TFM,2021-11-09,2022-05,40.15
2,TFM,2021-11-09,2023-10,28.53125
1,TFM,2021-11-09,2023-11,29.425
2,TFM,2021-11-09,2023-12,30.340196078431372
2,TFM,2021-11-10,2021-12,71.33471287995583
2,TFM,2021-11-10,2022-01,71.49795321637427
2,TFM,2021-11-10,2022-02,70.60976129280986
2,TFM,2021-11-10,2022-03,62.98844016302334
2,TFM,2021-11-10,2022-04,46.24428496868475
1,TFM,2021-11-10,2022-05,37.6
1,TFM,2021-11-10,2022-06,38.75
1,TFM,2021-11-10,2022-08,38.25
1,TFM,2021-11-10,2022-09,37.75
1,TFM,2021-11-10,2022-12,38.35
1,TFM,2021-11-10,2023-01,38.375
2,TFM,2021-11-11,2021-12,75.2041830425889
2,TFM,2021-11-11,2022-01,75.55287612311221
2,TFM,2021-11-11,2022-02,75.07760825149937
1,TFM,2021-11-11,2022-03,68.73
1,TFM,2021-11-11,2022-04,46.25
1,TFM,2021-11-11,2022-05,39.675
1,TFM,2021-11-11,2022-07,38.6
2,TFM,2021-11-12,2021-12,75.04854195266026
2,TFM,2021-11-12,2022-01,75.55070431573881
2,TFM,2021-11-12,2022-02,74.95013885740194
2,TFM,2021-11-12,2022-03,68.43808388941851
2,TFM,2021-11-12,2022-04,45.90036609921288
1,TFM,2021-11-12,2022-05,39.55
1,TFM,2021-11-12,2022-06,38.94
2,TFM,2021-11-15,2021-12,81.5752769191607
2,TFM,2021-11-15,2022-01,81.72160356347439
2,TFM,2021-11-15,2022-02,81.38922411379292
2,TFM,2021-11-15,2022-03,73.88324015247777
2,TFM,2021-11-15,2022-04,47.043312953507126
1,TFM,2021-11-15,2022-05,40.0
1,TFM,2021-11-15,2022-06,39.7
1,TFM,2021-11-15,2022-11,40.035
2,TFM,2021-11-16,2021-12,94.5762884066423
2,TFM,2021-11-16,2022-01,94.84093138388933
2,TFM,2021-11-16,2022-02,94.72146755266508
2,TFM,2021-11-16,2022-03,86.56304639492012
2,TFM,2021-11-16,2022-04,50.348992064507875
2,TFM,2021-11-16,2022-05,41.928715428892325
1,TFM,2021-11-16,2022-06,41.4
1,TFM,2021-11-16,2022-07,41.35
1,TFM,2021-11-16,2022-08,41.21
1,TFM,2021-11-16,2022-09,41.46
2,TFM,2021-11-16,2022-10,41.28166789125643
1,TFM,2021-11-16,2022-11,42.1
2,TFM,2021-11-17,2021-12,95.48553257900898
2,TFM,2021-11-17,2022-01,95.76044722590309
2,TFM,2021-11-17,2022-02,95.8168972182723
2,TFM,2021-11-17,2022-03,84.33043100325969
1,TFM,2021-11-17,2022-04,51.16
1,TFM,2021-11-17,2022-05,43.92
1,TFM,2021-11-17,2022-06,43.245
2,TFM,2021-11-17,2022-07,43.070262455516016
1,TFM,2021-11-17,2022-10,43.4
1,TFM,2021-11-17,2022-11,43.7
2,TFM,2021-11-17,2022-12,44.10875765529309
2,TFM,2021-11-18,2021-12,92.88125126293811
2,TFM,2021-11-18,2022-01,93.24874950612407
2,TFM,2021-11-18,2022-02,92.73368867331983
2,TFM,2021-11-18,2022-03,82.79669023136248
2,TFM,2021-11-18,2022-04,50.732180563887226
1,TFM,2021-11-18,2022-05,42.8
1,TFM,2021-11-18,2022-06,42.24
1,TFM,2021-11-18,2023-03,39.75
2,TFM,2021-11-19,2021-12,86.26195453593925
2,TFM,2021-11-19,2022-01,86.78891624321011
2,TFM,2021-11-19,2022-02,86.98733495145632
2,TFM,2021-11-19,2022-03,78.35077969061875
2,TFM,2021-11-19,2022-04,48.21184600197433
2,TFM,2021-11-19,2022-05,42.29363732767762
1,TFM,2021-11-19,2022-06,41.7
1,TFM,2021-11-19,2022-10,41.4
1,TFM,2021-11-19,2022-12,42.5
2,TFM,2021-11-22,2021-12,85.09730262745997
2,TFM,2021-11-22,2022-01,85.64934285066848
2,TFM,2021-11-22,2022-02,85.79833785617367
2,TFM,2021-11-22,2022-03,77.21602156057494
2,TFM,2021-11-22,2022-04,48.19991076527699
1,TFM,2021-11-22,2022-05,41.70000000000001
1,TFM,2021-11-22,2022-06,41.05
1,TFM,2021-11-22,2022-07,40.85
1,TFM,2021-11-22,2022-08,40.65
1,TFM,2021-11-22,2022-09,40.8
1,TFM,2021-11-22,2022-10,41.45
1,TFM,2021-11-22,2022-12,42.55
2,TFM,2021-11-23,2021-12,91.34314400697008
2,TFM,2021-11-23,2022-01,92.01666464659351
2,TFM,2021-11-23,2022-02,91.88998424827402
2,TFM,2021-11-23,2022-03,82.99538562953197
1,TFM,2021-11-23,2022-04,50.19
1,TFM,2021-11-23,2022-05,43.03
2,TFM,2021-11-23,2022-06,41.9747191011236
1,TFM,2021-11-23,2022-07,42.3
1,TFM,2021-11-23,2022-08,42.1
1,TFM,2021-11-23,2022-09,41.885
1,TFM,2021-11-23,2022-10,42.0
2,TFM,2021-11-24,2021-12,93.35648076845135
2,TFM,2021-11-24,2022-01,93.98326006438437
2,TFM,2021-11-24,2022-02,93.81918998680646
2,TFM,2021-11-24,2022-03,85.99838313284181
2,TFM,2021-11-24,2022-04,50.81598657024794
1,TFM,2021-11-24,2022-05,42.95
1,TFM,2021-11-24,2022-06,42.3
1,TFM,2021-11-24,2022-07,42.0
1,TFM,2021-11-24,2022-08,42.125
1,TFM,2021-11-24,2022-09,42.17
2,TFM,2021-11-25,2021-12,92.52010835410121
2,TFM,2021-11-25,2022-01,93.09521001248721
2,TFM,2021-11-25,2022-02,93.00463638705246
2,TFM,2021-11-25,2022-03,85.5
2,TFM,2021-11-25,2022-04,51.417019027484145
1,TFM,2021-11-25,2022-06,44.0
2,TFM,2021-11-26,2021-12,88.54586484018265
2,TFM,2021-11-26,2022-01,89.1699149935686
2,TFM,2021-11-26,2022-02,89.08273102026794
2,TFM,2021-11-26,2022-03,80.22672941176471
1,TFM,2021-11-26,2022-04,48.9
1,TFM,2021-11-26,2022-05,43.8
1,TFM,2021-11-26,2022-12,44.5
1,TFM,2021-11-26,2023-01,44.45
2,TFM,2021-11-29,2021-12,94.14613215566752
2,TFM,2021-11-29,2022-01,94.85918814732662
2,TFM,2021-11-29,2022-02,94.81919619356145
2,TFM,2021-11-29,2022-03,87.48493163008277
2,TFM,2021-11-29,2022-04,50.557916666666664
2,TFM,2021-11-29,2022-05,44.60098911968348
1,TFM,2021-11-29,2022-06,44.2
2,TFM,2021-11-30,2022-01,92.009150058014
2,TFM,2021-11-30,2022-02,91.88224029260965
2,TFM,2021-11-30,2022-03,83.9934631147541
2,TFM,2021-11-30,2022-04,50.00221966812729
1,TFM,2021-11-30,2022-05,43.45
1,TFM,2021-11-30,2022-06,42.775
2,TFM,2021-12-01,2022-01,93.82927679533498
2,TFM,2021-12-01,2022-02,93.63077970089061
2,TFM,2021-12-01,2022-03,86.63008871777703
2,TFM,2021-12-01,2022-04,51.41867182846933
1,TFM,2021-12-01,2022-05,44.0
1,TFM,2021-12-01,2022-06,43.4
1,TFM,2021-12-01,2022-07,43.3
1,TFM,2021-12-01,2022-10,43.6
1,TFM,2021-12-01,2022-12,44.8
2,TFM,2021-12-02,2022-01,90.85189997578107
2,TFM,2021-12-02,2022-02,91.14741534120061
2,TFM,2021-12-02,2022-03,84.25638714733542
2,TFM,2021-12-02,2022-04,51.400000000000006
2,TFM,2021-12-02,2022-05,45.000319148936164
1,TFM,2021-12-02,2022-06,44.45
1,TFM,2021-12-02,2022-07,44.46
1,TFM,2021-12-02,2022-09,44.56
1,TFM,2021-12-02,2022-11,44.4
1,TFM,2021-12-02,2023-02,45.5
1,TFM,2021-12-02,2023-03,43.0
2,TFM,2021-12-03,2022-01,89.44082978321548
2,TFM,2021-12-03,2022-02,89.22655085573317
2,TFM,2021-12-03,2022-03,83.13657276995306
2,TFM,2021-12-03,2022-04,52.70430932971014
2,TFM,2021-12-03,2022-05,46.699312500000005
1,TFM,2021-12-03,2022-09,46.05
1,TFM,2021-12-03,2022-10,46.3
1,TFM,2021-12-03,2022-11,45.55
1,TFM,2021-12-03,2022-12,47.4
2,TFM,2021-12-06,2022-01,90.7265598001988
2,TFM,2021-12-06,2022-02,90.66009162848813
2,TFM,2021-12-06,2022-03,83.88503615019825
2,TFM,2021-12-06,2022-04,55.78574411134903
1,TFM,2021-12-06,2022-05,48.75
1,TFM,2021-12-06,2022-07,48.0
1,TFM,2021-12-06,2022-10,49.0
2,TFM,2021-12-07,2022-01,95.79291900032945
2,TFM,2021-12-07,2022-02,95.65847372634951
2,TFM,2021-12-07,2022-03,89.45090820018089
2,TFM,2021-12-07,2022-04,62.77365701161159
1,TFM,2021-12-07,2022-05,53.4
1,TFM,2021-12-07,2022-09,52.0
1,TFM,2021-12-07,2022-10,53.14999999999999
1,TFM,2021-12-07,2022-12,54.14999999999999
2,TFM,2021-12-08,2022-01,102.99932436143916
2,TFM,2021-12-08,2022-02,102.89549538283954
2,TFM,2021-12-08,2022-03,95.53
2,TFM,2021-12-08,2022-04,72.2366752531001
1,TFM,2021-12-08,2022-05,65.8
1,TFM,2021-12-08,2022-06,64.5
1,TFM,2021-12-08,2022-07,64.86
1,TFM,2021-12-08,2022-10,65.35
1,TFM,2021-12-08,2023-01,67.0
2,TFM,2021-12-09,2022-01,101.69089448363727
2,TFM,2021-12-09,2022-02,101.67669423127812
2,TFM,2021-12-09,2022-03,94.54108721784426
1,TFM,2021-12-09,2022-04,68.145
2,TFM,2021-12-09,2022-05,61.54968044796228
1,TFM,2021-12-09,2022-06,62.39
1,TFM,2021-12-09,2022-09,60.7
2,TFM,2021-12-10,2022-01,105.53655127367735
2,TFM,2021-12-10,2022-02,105.6825712328767
2,TFM,2021-12-10,2022-03,98.36693455606503
2,TFM,2021-12-10,2022-04,74.96706010815308
2,TFM,2021-12-10,2022-05,68.46031521739131
2,TFM,2021-12-10,2022-06,67.72663755458515
1,TFM,2021-12-10,2022-07,67.775
1,TFM,2021-12-10,2023-01,69.0
1,TFM,2021-12-10,2023-02,69.0
1,TFM,2021-12-10,2023-03,66.0
2,TFM,2021-12-13,2022-01,117.1351719995053
2,TFM,2021-12-13,2022-02,117.25617763517202
2,TFM,2021-12-13,2022-03,109.06475705580502
2,TFM,2021-12-13,2022-04,78.08797507055503
1,TFM,2021-12-13,2022-05,73.0
1,TFM,2021-12-13,2022-06,72.88
1,TFM,2021-12-13,2022-07,73.5
1,TFM,2021-12-13,2022-08,73.75
1,TFM,2021-12-13,2023-02,74.4
2,TFM,2021-12-14,2022-01,130.70935961475678
2,TFM,2021-12-14,2022-02,130.49341480293165
2,TFM,2021-12-14,2022-03,118.82121171573
2,TFM,2021-12-14,2022-04,76.77360417119269
2,TFM,2021-12-14,2022-05,71.78637114088991
2,TFM,2021-12-14,2022-06,71.23372453171213
2,TFM,2021-12-14,2022-07,70.09514469453377
2,TFM,2021-12-14,2022-08,70.99889298892988
2,TFM,2021-12-14,2022-09,70.52426744186047
1,TFM,2021-12-14,2022-10,70.825
1,TFM,2021-12-14,2022-11,71.6
1,TFM,2021-12-14,2022-12,71.8
2,TFM,2021-12-15,2022-01,124.53046609577885
2,TFM,2021-12-15,2022-02,123.59643484965304
2,TFM,2021-12-15,2022-03,111.13266940896298
2,TFM,2021-12-15,2022-04,73.17559816046237
1,TFM,2021-12-15,2022-05,67.65
2,TFM,2021-12-15,2022-06,66.76556970983722
1,TFM,2021-12-15,2022-07,70.6
2,TFM,2021-12-15,2022-08,68.01301464147166
1,TFM,2021-12-15,2022-09,65.29
1,TFM,2021-12-15,2022-10,65.34
1,TFM,2021-12-15,2022-12,68.15
1,TFM,2021-12-15,2023-01,66.0
1,TFM,2021-12-15,2023-02,66.0
1,TFM,2021-12-15,2023-03,62.0
2,TFM,2021-12-16,2022-01,136.4312578798067
2,TFM,2021-12-16,2022-02,136.60786873046587
2,TFM,2021-12-16,2022-03,120.02192735019688
2,TFM,2021-12-16,2022-04,80.98990677439404
2,TFM,2021-12-16,2022-05,75.32862034739455
2,TFM,2021-12-16,2022-06,74.79500944759364
1,TFM,2021-12-16,2022-07,74.76
1,TFM,2021-12-16,2022-08,70.0
2,TFM,2021-12-16,2022-09,70.14999999999999
1,TFM,2021-12-16,2022-10,70.15
1,TFM,2021-12-16,2024-02,35.9
2,TFM,2021-12-17,2022-01,134.24056874918594
2,TFM,2021-12-17,2022-02,133.954759959142
2,TFM,2021-12-17,2022-03,119.98515671592341
2,TFM,2021-12-17,2022-04,85.07831639787452
1,TFM,2021-12-17,2022-05,81.0
1,TFM,2021-12-17,2022-06,79.0
1,TFM,2021-12-17,2022-08,78.0
1,TFM,2021-12-17,2022-09,79.5
1,TFM,2021-12-17,2022-10,79.7
1,TFM,2021-12-17,2022-12,71.75
2,TFM,2021-12-20,2022-01,147.41330569495963
2,TFM,2021-12-20,2022-02,147.0
2,TFM,2021-12-20,2022-03,134.3699555061179
2,TFM,2021-12-20,2022-04,95.1482262781083
1,TFM,2021-12-20,2022-05,90.355
1,TFM,2021-12-20,2022-06,90.24
1,TFM,2021-12-20,2022-07,89.85999999999999
2,TFM,2021-12-21,2022-01,180.35180313898164
2,TFM,2021-12-21,2022-02,180.0
2,TFM,2021-12-21,2022-03,168.51927949499347
2,TFM,2021-12-21,2022-04,126.55512463287899
2,TFM,2021-12-21,2022-05,116.32793449550977
1,TFM,2021-12-21,2022-06,119.725
2,TFM,2021-12-21,2022-07,121.7919914705247
1,TFM,2021-12-21,2022-11,96.5
1,TFM,2021-12-21,2022-12,96.5
2,TFM,2021-12-21,2023-01,109.08869987849332
2,TFM,2021-12-21,2023-02,109.127568825126
1,TFM,2021-12-21,2023-03,105.0
1,TFM,2021-12-21,2024-01,29.975
1,TFM,2021-12-21,2024-02,29.975
1,TFM,2021-12-21,2024-03,29.975
1,TFM,2021-12-21,2024-04,29.975
1,TFM,2021-12-21,2024-05,29.975
1,TFM,2021-12-21,2024-06,29.975
1,TFM,2021-12-21,2024-07,29.975
1,TFM,2021-12-21,2024-08,29.975
1,TFM,2021-12-21,2024-09,29.975
1,TFM,2021-12-21,2024-10,29.975
1,TFM,2021-12-21,2024-11,29.975
1,TFM,2021-12-21,2024-12,29.975
2,TFM,2021-12-22,2022-01,165.5434069772519
2,TFM,2021-12-22,2022-02,164.52538785589775
2,TFM,2021-12-22,2022-03,157.3119305649683
2,TFM,2021-12-22,2022-04,132.99871514089648
1,TFM,2021-12-22,2022-05,129.4
1,TFM,2021-12-22,2022-06,128.5
2,TFM,2021-12-22,2022-08,125.9
2,TFM,2021-12-22,2022-09,125.47501401345292
1,TFM,2021-12-22,2022-10,125.6
2,TFM,2021-12-23,2022-01,126.02150814454221
2,TFM,2021-12-23,2022-02,127.76014520938675
2,TFM,2021-12-23,2022-03,120.6165845555081
2,TFM,2021-12-23,2022-04,104.905
1,TFM,2021-12-23,2022-05,103.465
2,TFM,2021-12-23,2022-06,103.13926754724935
2,TFM,2021-12-23,2022-07,103.19786875725902
2,TFM,2021-12-23,2022-08,109.75739850180338
2,TFM,2021-12-23,2022-09,104.96018109946682
1,TFM,2021-12-23,2022-10,105.35
1,TFM,2021-12-23,2022-11,106.25
2,TFM,2021-12-23,2022-12,106.83102044208077
1,TFM,2021-12-23,2023-01,115.0
1,TFM,2021-12-23,2023-02,115.0
2,TFM,2021-12-23,2023-03,105.0420168067227
2,TFM,2021-12-24,2022-01,108.07296221880786
2,TFM,2021-12-24,2022-02,108.71695652173912
2,TFM,2021-12-24,2022-03,105.89643988976921
2,TFM,2021-12-24,2022-04,95.62442759504485
2,TFM,2021-12-24,2022-05,90.50072463768116
1,TFM,2021-12-24,2022-06,88.57
1,TFM,2021-12-24,2022-07,88.6
1,TFM,2021-12-24,2022-08,88.72
1,TFM,2021-12-24,2022-09,89.0
2,TFM,2021-12-27,2022-01,104.99435273675064
2,TFM,2021-12-27,2022-02,105.62977433004232
2,TFM,2021-12-27,2022-03,103.00760456273764
1,TFM,2021-12-27,2022-04,92.0
1,TFM,2021-12-27,2022-05,89.0
1,TFM,2021-12-27,2022-06,88.445
1,TFM,2021-12-27,2022-07,88.195
2,TFM,2021-12-28,2022-01,104.56942813321648
2,TFM,2021-12-28,2022-02,104.97570521861778
2,TFM,2021-12-28,2022-03,101.506064453125
1,TFM,2021-12-28,2022-04,94.35
1,TFM,2021-12-28,2022-05,90.25
1,TFM,2021-12-28,2022-06,90.0
1,TFM,2021-12-28,2022-08,91.0
2,TFM,2021-12-29,2022-01,96.53146722978256
2,TFM,2021-12-29,2022-02,97.12585080501873
2,TFM,2021-12-29,2022-03,94.0
2,TFM,2021-12-29,2022-04,87.72857922680026
1,TFM,2021-12-29,2022-06,87.2
1,TFM,2021-12-29,2022-07,86.9
1,TFM,2021-12-29,2022-08,86.9
1,TFM,2021-12-29,2023-02,89.65
1,TFM,2021-12-29,2023-03,82.65
2,TFM,2021-12-30,2022-01,86.70631949592291
2,TFM,2021-12-30,2022-02,87.19865720573046
2,TFM,2021-12-30,2022-03,85.19704301075268
2,TFM,2021-12-30,2022-04,77.24459278042958
1,TFM,2021-12-30,2022-05,75.835
1,TFM,2021-12-30,2022-06,75.44
1,TFM,2021-12-30,2022-07,75.255
1,TFM,2021-12-30,2022-08,77.0
1,TFM,2021-12-30,2023-03,69.0
2,TFM,2021-12-31,2022-02,66.78184210526317
2,TFM,2021-12-31,2022-03,65.0074321667322
2,TFM,2021-12-31,2022-04,61.99608829281922
1,TFM,2021-12-31,2022-05,60.43000000000001
1,TFM,2021-12-31,2022-06,64.7
1,TFM,2021-12-31,2022-07,60.195
1,TFM,2021-12-31,2022-08,60.25
1,TFM,2021-12-31,2022-09,60.58
1,TFM,2021-12-31,2022-10,61.13
1,TFM,2021-12-31,2023-02,69.0
2,TFM,2021-12-31,2023-03,63.99080459770114
2,TFM,2022-01-03,2022-02,84.04099507644467
2,TFM,2022-01-03,2022-03,81.22623698959168
2,TFM,2022-01-03,2022-04,75.93611987381703
1,TFM,2022-01-03,2022-05,66.035
1,TFM,2022-01-03,2022-06,65.645
1,TFM,2022-01-03,2022-07,65.445
1,TFM,2022-01-03,2022-08,74.0
1,TFM,2022-01-03,2023-03,70.0
2,TFM,2022-01-04,2022-02,89.72788025825079
2,TFM,2022-01-04,2022-03,87.5005166846071
2,TFM,2022-01-04,2022-04,82.0898578145486
2,TFM,2022-01-04,2022-05,77.90309368191723
2,TFM,2022-01-04,2022-06,77.89714285714285
1,TFM,2022-01-04,2022-07,78.59
1,TFM,2022-01-04,2022-08,78.55
1,TFM,2022-01-04,2022-09,78.735
1,TFM,2022-01-04,2022-10,78.985
2,TFM,2022-01-04,2022-11,85.24086021505376
1,TFM,2022-01-04,2022-12,89.78
1,TFM,2022-01-04,2023-01,89.56
1,TFM,2022-01-04,2023-02,89.32
1,TFM,2022-01-04,2023-03,80.0
1,TFM,2022-01-04,2023-04,43.23
1,TFM,2022-01-04,2023-05,37.81
1,TFM,2022-01-04,2023-06,35.83
1,TFM,2022-01-04,2023-07,37.56
1,TFM,2022-01-04,2023-08,37.59
1,TFM,2022-01-04,2023-09,38.7
1,TFM,2022-01-04,2023-10,38.26
1,TFM,2022-01-04,2023-11,38.84
1,TFM,2022-01-04,2023-12,39.43
1,TFM,2022-01-04,2024-01,39.58
1,TFM,2022-01-04,2024-02,39.93
1,TFM,2022-01-04,2024-03,38.56
1,TFM,2022-01-04,2024-04,27.53
1,TFM,2022-01-04,2024-05,26.46
1,TFM,2022-01-04,2024-06,25.8
1,TFM,2022-01-04,2024-07,25.44
1,TFM,2022-01-04,2024-08,25.65
1,TFM,2022-01-04,2024-09,26.0
1,TFM,2022-01-04,2024-10,25.88
1,TFM,2022-01-04,2024-11,27.46
1,TFM,2022-01-04,2024-12,27.95
1,TFM,2022-01-04,2025-01,27.67
1,TFM,2022-01-04,2025-02,27.59
1,TFM,2022-01-04,2025-03,27.23
1,TFM,2022-01-04,2025-04,24.03
1,TFM,2022-01-04,2025-05,23.15
1,TFM,2022-01-04,2025-06,22.55
1,TFM,2022-01-04,2025-07,22.62
1,TFM,2022-01-04,2025-08,22.8
1,TFM,2022-01-04,2025-09,23.13
2,TFM,2022-01-05,2022-02,96.0821424209112
2,TFM,2022-01-05,2022-03,94.49913760627194
2,TFM,2022-01-05,2022-04,87.83497613997879
2,TFM,2022-01-05,2022-05,83.88963034394087
2,TFM,2022-01-05,2022-06,83.49414050822122
2,TFM,2022-01-05,2022-07,83.15
1,TFM,2022-01-05,2022-08,83.245
1,TFM,2022-01-05,2022-10,83.97
1,TFM,2022-01-05,2022-11,84.945
1,TFM,2022-01-05,2022-12,85.52
1,TFM,2022-01-05,2023-02,85.0
2,TFM,2022-01-06,2022-02,98.08887918242306
2,TFM,2022-01-06,2022-03,96.73873187058386
2,TFM,2022-01-06,2022-04,88.1077586087678
2,TFM,2022-01-06,2022-05,84.5
1,TFM,2022-01-06,2022-06,84.4
2,TFM,2022-01-06,2022-07,84.13031545179112
2,TFM,2022-01-06,2022-08,84.15845834835918
2,TFM,2022-01-06,2022-09,80.86803471343336
1,TFM,2022-01-06,2022-10,81.88
2,TFM,2022-01-06,2022-11,83.06026315789472
1,TFM,2022-01-06,2022-12,83.0
2,TFM,2022-01-07,2022-02,84.70347975093739
2,TFM,2022-01-07,2022-03,82.86627568944319
2,TFM,2022-01-07,2022-04,75.4331106112095
2,TFM,2022-01-07,2022-05,74.44138337315647
1,TFM,2022-01-07,2022-06,74.2
1,TFM,2022-01-07,2022-07,77.215
1,TFM,2022-01-07,2022-08,77.095
1,TFM,2022-01-07,2022-09,77.615
1,TFM,2022-01-07,2022-10,78.3
1,TFM,2022-01-07,2022-11,79.6
1,TFM,2022-01-07,2022-12,76.99
2,TFM,2022-01-07,2023-01,77.00516322451699
1,TFM,2022-01-07,2023-02,79.85
1,TFM,2022-01-07,2023-03,67.0
2,TFM,2022-01-10,2022-02,86.28069134003385
2,TFM,2022-01-10,2022-03,84.39623425038931
2,TFM,2022-01-10,2022-04,79.45929142939524
1,TFM,2022-01-10,2022-05,77.275
2,TFM,2022-01-10,2022-06,77.26170610211706
2,TFM,2022-01-11,2022-02,81.66834381551364
2,TFM,2022-01-11,2022-03,80.52049648864936
2,TFM,2022-01-11,2022-04,73.12380023035577
2,TFM,2022-01-11,2022-05,70.25784107228338
2,TFM,2022-01-11,2022-06,73.11604095563139
1,TFM,2022-01-11,2022-07,73.0
1,TFM,2022-01-11,2022-08,73.0
1,TFM,2022-01-11,2023-02,74.0
1,TFM,2022-01-11,2023-03,72.4
2,TFM,2022-01-12,2022-02,75.83928356670388
2,TFM,2022-01-12,2022-03,74.51302273650019
2,TFM,2022-01-12,2022-04,65.95877776953603
2,TFM,2022-01-12,2022-05,62.77478125191213
1,TFM,2022-01-12,2022-06,63.315
1,TFM,2022-01-12,2022-08,70.395
2,TFM,2022-01-12,2022-09,70.57133810306487
2,TFM,2022-01-12,2022-10,70.71969085211524
1,TFM,2022-01-12,2022-12,72.475
1,TFM,2022-01-12,2023-01,67.25
2,TFM,2022-01-13,2022-02,84.27276432574479
2,TFM,2022-01-13,2022-03,83.44513855820917
2,TFM,2022-01-13,2022-04,66.51056441214395
2,TFM,2022-01-13,2022-05,62.299326372516
2,TFM,2022-01-13,2022-06,64.00620391378332
1,TFM,2022-01-13,2022-07,62.65
1,TFM,2022-01-13,2022-08,62.525
1,TFM,2022-01-13,2022-09,63.5
2,TFM,2022-01-13,2022-10,62.985334376222134
1,TFM,2022-01-13,2023-03,59.2
1,TFM,2022-01-13,2023-09,35.5
2,TFM,2022-01-14,2022-02,83.54462414826082
2,TFM,2022-01-14,2022-03,82.41690237674328
2,TFM,2022-01-14,2022-04,67.23863447703376
1,TFM,2022-01-14,2022-05,66.105
2,TFM,2022-01-14,2022-06,65.72339358036632
1,TFM,2022-01-14,2022-07,66.925
1,TFM,2022-01-14,2022-08,65.55
2,TFM,2022-01-14,2022-09,65.55467857142858
1,TFM,2022-01-14,2022-10,65.88
1,TFM,2022-01-14,2022-11,70.25
1,TFM,2022-01-14,2022-12,66.5
1,TFM,2022-01-14,2023-01,67.1
2,TFM,2022-01-17,2022-02,77.96279110150688
2,TFM,2022-01-17,2022-03,76.882042446701
2,TFM,2022-01-17,2022-04,64.66673216444983
1,TFM,2022-01-17,2022-05,63.31
1,TFM,2022-01-17,2022-06,63.0
2,TFM,2022-01-17,2022-07,63.10010734220696
2,TFM,2022-01-17,2022-08,63.114476477337924
1,TFM,2022-01-17,2022-09,63.275
1,TFM,2022-01-17,2022-10,63.57500000000001
1,TFM,2022-01-17,2022-11,64.0
1,TFM,2022-01-17,2022-12,64.0
1,TFM,2022-01-17,2023-01,65.0
1,TFM,2022-01-17,2023-02,64.3
1,TFM,2022-01-17,2023-03,58.0
2,TFM,2022-01-18,2022-02,79.88726881046571
2,TFM,2022-01-18,2022-03,78.54386231683715
2,TFM,2022-01-18,2022-04,65.29485119689456
2,TFM,2022-01-18,2022-05,63.91734348876091
2,TFM,2022-01-18,2022-06,63.61188657407406
2,TFM,2022-01-18,2022-07,63.47777172468775
2,TFM,2022-01-18,2022-08,63.15701410883962
1,TFM,2022-01-18,2022-09,63.325
1,TFM,2022-01-18,2022-10,63.6
1,TFM,2022-01-18,2022-12,65.2
1,TFM,2022-01-18,2023-01,65.0
1,TFM,2022-01-18,2023-09,35.2
1,TFM,2022-01-18,2023-11,36.7
2,TFM,2022-01-19,2022-02,73.42206083359153
2,TFM,2022-01-19,2022-03,72.1531350218659
2,TFM,2022-01-19,2022-04,61.78056846132823
2,TFM,2022-01-19,2022-05,59.452600202942676
2,TFM,2022-01-19,2022-06,59.64992485722874
2,TFM,2022-01-19,2022-07,59.14545109931767
1,TFM,2022-01-19,2022-08,59.0
2,TFM,2022-01-19,2022-09,59.43698315467075
1,TFM,2022-01-19,2022-10,60.05
1,TFM,2022-01-19,2022-11,61.160000000000004
2,TFM,2022-01-19,2022-12,61.52306777645659
1,TFM,2022-01-19,2023-04,38.825
1,TFM,2022-01-19,2023-05,36.125
2,TFM,2022-01-20,2022-02,78.0
2,TFM,2022-01-20,2022-03,76.51543849191566
2,TFM,2022-01-20,2022-04,67.77634811781539
2,TFM,2022-01-20,2022-05,64.54962067330489
1,TFM,2022-01-20,2022-06,63.4
1,TFM,2022-01-20,2022-07,62.725
1,TFM,2022-01-20,2022-08,61.35
1,TFM,2022-01-20,2022-09,61.6
1,TFM,2022-01-20,2022-10,66.4
2,TFM,2022-01-21,2022-02,79.9549913159219
2,TFM,2022-01-21,2022-03,79.09558947919604
2,TFM,2022-01-21,2022-04,69.69051597997691
2,TFM,2022-01-21,2022-05,68.32499414730775
2,TFM,2022-01-21,2022-06,68.14312005503957
2,TFM,2022-01-21,2022-07,68.05640952921158
1,TFM,2022-01-21,2022-08,68.0
1,TFM,2022-01-21,2022-09,67.825
1,TFM,2022-01-21,2022-10,68.15
2,TFM,2022-01-21,2022-11,68.77
1,TFM,2022-01-21,2022-12,68.45
1,TFM,2022-01-21,2023-01,69.0
1,TFM,2022-01-21,2023-02,67.865
2,TFM,2022-01-24,2022-02,92.11293470546487
2,TFM,2022-01-24,2022-03,91.38472251172486
2,TFM,2022-01-24,2022-04,82.89510755828101
1,TFM,2022-01-24,2022-05,80.71000000000001
2,TFM,2022-01-24,2022-06,80.31866451131559
2,TFM,2022-01-24,2022-07,78.28912852805577
1,TFM,2022-01-24,2022-08,80.0
1,TFM,2022-01-24,2022-09,77.52
1,TFM,2022-01-24,2022-10,77.83
1,TFM,2022-01-24,2022-11,79.7
1,TFM,2022-01-24,2022-12,81.0
1,TFM,2022-01-24,2023-01,81.3
1,TFM,2022-01-24,2023-02,81.0
2,TFM,2022-01-25,2022-02,93.08177859022518
2,TFM,2022-01-25,2022-03,92.45239638447971
2,TFM,2022-01-25,2022-04,83.98807354646348
2,TFM,2022-01-25,2022-05,81.63132672039679
2,TFM,2022-01-25,2022-06,81.47932839698623
1,TFM,2022-01-25,2022-07,81.015
1,TFM,2022-01-25,2022-08,81.26
2,TFM,2022-01-25,2022-09,82.21826339403538
1,TFM,2022-01-25,2022-10,82.5
1,TFM,2022-01-25,2022-12,83.5
1,TFM,2022-01-25,2023-01,82.85
1,TFM,2022-01-25,2023-02,81.0
1,TFM,2022-01-25,2023-03,76.45
2,TFM,2022-01-26,2022-02,91.95874711623779
2,TFM,2022-01-26,2022-03,91.44195338265442
2,TFM,2022-01-26,2022-04,85.39924262295082
2,TFM,2022-01-26,2022-05,84.32341702682307
2,TFM,2022-01-26,2022-06,84.04731182795697
2,TFM,2022-01-26,2022-07,83.93692073592476
2,TFM,2022-01-26,2022-08,82.83333286477368
2,TFM,2022-01-26,2022-09,83.59889142146706
2,TFM,2022-01-26,2022-10,83.78987311467561
2,TFM,2022-01-26,2022-11,84.44154547695341
2,TFM,2022-01-26,2022-12,84.89544436146377
1,TFM,2022-01-26,2023-01,83.8
1,TFM,2022-01-26,2023-03,75.0
2,TFM,2022-01-27,2022-02,90.85
2,TFM,2022-01-27,2022-03,90.31927282819872
2,TFM,2022-01-27,2022-04,86.68324839225869
2,TFM,2022-01-27,2022-05,85.39389118182221
2,TFM,2022-01-27,2022-06,85.70447700827579
2,TFM,2022-01-27,2022-07,86.29947482297405
2,TFM,2022-01-27,2022-08,84.67527851189266
1,TFM,2022-01-27,2022-09,86.365
1,TFM,2022-01-27,2022-10,86.81
2,TFM,2022-01-27,2022-11,86.95021809216765
2,TFM,2022-01-27,2022-12,88.05762718796008
2,TFM,2022-01-27,2023-01,88.4411231884058
1,TFM,2022-01-27,2023-02,87.7
1,TFM,2022-01-27,2023-03,83.64
1,TFM,2022-01-27,2023-04,47.64000000000001
1,TFM,2022-01-27,2023-05,42.55
2,TFM,2022-01-28,2022-02,92.18073110510879
2,TFM,2022-01-28,2022-03,91.93069818697033
2,TFM,2022-01-28,2022-04,88.42100227358847
2,TFM,2022-01-28,2022-05,87.55523237080183
2,TFM,2022-01-28,2022-06,87.82609295327258
2,TFM,2022-01-28,2022-07,87.21954246804444
1,TFM,2022-01-28,2022-08,87.04500000000002
2,TFM,2022-01-28,2022-09,87.04524632250903
2,TFM,2022-01-28,2022-10,87.34582665695557
1,TFM,2022-01-28,2022-11,88.505
1,TFM,2022-01-28,2022-12,89.0
1,TFM,2022-01-28,2023-01,89.9
1,TFM,2022-01-28,2023-04,50.0
1,TFM,2022-01-28,2023-05,46.1
1,TFM,2022-01-28,2023-06,46.1
2,TFM,2022-01-31,2022-03,84.97360306453416
2,TFM,2022-01-31,2022-04,81.99504823995797
1,TFM,2022-01-31,2022-05,81.03
2,TFM,2022-01-31,2022-06,80.23088852988691
1,TFM,2022-01-31,2022-07,82.8
1,TFM,2022-01-31,2022-08,82.05
2,TFM,2022-01-31,2022-09,82.24097386172006
1,TFM,2022-01-31,2022-10,82.69
1,TFM,2022-01-31,2022-12,84.02
1,TFM,2022-01-31,2023-01,84.27
1,TFM,2022-01-31,2023-06,46.85
2,TFM,2022-02-01,2022-03,76.1423878496186
2,TFM,2022-02-01,2022-04,73.28071866783523
2,TFM,2022-02-01,2022-05,71.92454069915794
1,TFM,2022-02-01,2022-06,71.0
1,TFM,2022-02-01,2022-07,70.78
2,TFM,2022-02-01,2022-08,70.85031328320801
1,TFM,2022-02-01,2022-09,70.995
2,TFM,2022-02-01,2022-10,71.1700506642648
2,TFM,2022-02-01,2022-11,72.98352259424023
2,TFM,2022-02-01,2022-12,72.97708391123439
2,TFM,2022-02-01,2023-01,75.59988839285714
1,TFM,2022-02-01,2023-02,58.075
2,TFM,2022-02-01,2023-03,68.83352803738318
1,TFM,2022-02-01,2023-04,58.075
1,TFM,2022-02-01,2023-05,58.075
1,TFM,2022-02-01,2023-06,58.075
1,TFM,2022-02-01,2023-07,58.075
1,TFM,2022-02-01,2023-08,58.075
2,TFM,2022-02-01,2023-09,40.4517244251916
1,TFM,2022-02-01,2023-10,37.375
1,TFM,2022-02-01,2023-11,37.375
1,TFM,2022-02-01,2023-12,37.375
1,TFM,2022-02-01,2024-01,37.375
1,TFM,2022-02-01,2024-02,37.375
1,TFM,2022-02-01,2024-03,37.375
1,TFM,2022-02-01,2024-04,37.375
1,TFM,2022-02-01,2024-05,37.375
1,TFM,2022-02-01,2024-06,37.375
1,TFM,2022-02-01,2024-07,37.375
1,TFM,2022-02-01,2024-08,37.375
1,TFM,2022-02-01,2024-09,37.375
2,TFM,2022-02-02,2022-03,77.5838994561682
2,TFM,2022-02-02,2022-04,75.49271642619313
2,TFM,2022-02-02,2022-05,74.29937915102512
2,TFM,2022-02-02,2022-06,73.95027767493521
1,TFM,2022-02-02,2022-07,73.26
1,TFM,2022-02-02,2022-08,73.15
1,TFM,2022-02-02,2022-09,73.25
2,TFM,2022-02-02,2022-10,74.40037177935328
1,TFM,2022-02-02,2022-11,60.1
1,TFM,2022-02-02,2022-12,60.1
1,TFM,2022-02-02,2023-01,60.1
1,TFM,2022-02-02,2023-02,60.1
1,TFM,2022-02-02,2023-03,60.1
1,TFM,2022-02-02,2023-04,60.1
1,TFM,2022-02-02,2023-05,60.1
2,TFM,2022-02-02,2023-06,46.107224334600765
1,TFM,2022-02-02,2023-07,60.1
1,TFM,2022-02-02,2023-08,60.1
1,TFM,2022-02-02,2023-09,60.1
2,TFM,2022-02-03,2022-03,80.6038554742932
2,TFM,2022-02-03,2022-04,78.04910582141095
2,TFM,2022-02-03,2022-05,77.46392479879276
2,TFM,2022-02-03,2022-06,76.99831940843177
2,TFM,2022-02-03,2022-07,76.9889036278381
2,TFM,2022-02-03,2022-08,76.8751135241856
1,TFM,2022-02-03,2022-09,77.25
1,TFM,2022-02-03,2022-10,77.195
1,TFM,2022-02-03,2022-11,78.0
1,TFM,2022-02-03,2022-12,75.845
1,TFM,2022-02-03,2023-02,74.35
1,TFM,2022-02-03,2023-03,70.475
1,TFM,2022-02-03,2023-04,49.0
2,TFM,2022-02-04,2022-03,80.74677790563867
2,TFM,2022-02-04,2022-04,79.33917224664175
1,TFM,2022-02-04,2022-05,78.4
2,TFM,2022-02-04,2022-06,78.0004317789292
1,TFM,2022-02-04,2022-07,78.665
1,TFM,2022-02-04,2022-08,78.55
1,TFM,2022-02-04,2022-09,79.35
1,TFM,2022-02-04,2022-10,79.955
1,TFM,2022-02-04,2022-11,79.8
1,TFM,2022-02-04,2023-03,76.3
1,TFM,2022-02-04,2023-04,50.3
2,TFM,2022-02-07,2022-03,77.80273280395998
2,TFM,2022-02-07,2022-04,76.60913640870673
2,TFM,2022-02-07,2022-05,75.77956354916068
2,TFM,2022-02-07,2022-06,76.23295403671094
2,TFM,2022-02-07,2022-07,76.36326698922366
2,TFM,2022-02-07,2022-08,76.22959840248501
2,TFM,2022-02-07,2022-09,76.37433847850055
1,TFM,2022-02-07,2022-10,76.7
1,TFM,2022-02-07,2022-11,77.55
1,TFM,2022-02-07,2022-12,77.985
1,TFM,2022-02-07,2023-03,73.125
1,TFM,2022-02-07,2023-04,49.225
2,TFM,2022-02-08,2022-03,74.6144397877576
2,TFM,2022-02-08,2022-04,73.80000000000001
2,TFM,2022-02-08,2022-05,73.58767229002154
2,TFM,2022-02-08,2022-06,74.00704923449719
1,TFM,2022-02-08,2022-07,76.8
1,TFM,2022-02-08,2022-08,78.045
1,TFM,2022-02-08,2022-09,76.4
1,TFM,2022-02-08,2022-10,78.4
1,TFM,2022-02-08,2022-11,79.2
2,TFM,2022-02-08,2022-12,79.5
1,TFM,2022-02-08,2023-01,78.01
2,TFM,2022-02-09,2022-03,75.6437521837474
2,TFM,2022-02-09,2022-04,74.76026587086272
2,TFM,2022-02-09,2022-05,73.66040234702432
2,TFM,2022-02-09,2022-06,72.57758020730503
1,TFM,2022-02-09,2022-07,72.46
1,TFM,2022-02-09,2022-08,72.55
2,TFM,2022-02-09,2022-09,72.6305408271474
1,TFM,2022-02-09,2022-10,72.85
1,TFM,2022-02-09,2022-11,73.285
2,TFM,2022-02-09,2022-12,73.60413361960089
1,TFM,2022-02-09,2023-01,75.0
1,TFM,2022-02-09,2023-02,75.25
1,TFM,2022-02-09,2023-03,71.0
1,TFM,2022-02-09,2023-04,47.5
2,TFM,2022-02-10,2022-03,74.64860510679985
2,TFM,2022-02-10,2022-04,73.3337747554283
2,TFM,2022-02-10,2022-05,72.54363714531384
2,TFM,2022-02-10,2022-06,72.10000000000001
2,TFM,2022-02-10,2022-07,72.14630655586335
1,TFM,2022-02-10,2022-08,71.405
1,TFM,2022-02-10,2022-09,71.8
1,TFM,2022-02-10,2022-10,71.575
1,TFM,2022-02-10,2022-11,72.85
1,TFM,2022-02-10,2022-12,72.55
1,TFM,2022-02-10,2023-01,75.2
2,TFM,2022-02-11,2022-03,77.51211310074365
2,TFM,2022-02-11,2022-04,76.7139798626288
2,TFM,2022-02-11,2022-05,75.59805178991802
2,TFM,2022-02-11,2022-06,75.0522226948846
1,TFM,2022-02-11,2022-07,75.26
1,TFM,2022-02-11,2022-08,75.085
1,TFM,2022-02-11,2022-09,72.875
1,TFM,2022-02-11,2023-02,76.2
1,TFM,2022-02-11,2023-03,72.6
2,TFM,2022-02-14,2022-03,80.72074719632482
2,TFM,2022-02-14,2022-04,79.2086426648336
2,TFM,2022-02-14,2022-05,78.43591466648985
2,TFM,2022-02-14,2022-06,77.81424162090514
2,TFM,2022-02-14,2022-07,77.6982820140082
2,TFM,2022-02-14,2022-08,78.3975306794373
2,TFM,2022-02-14,2022-09,78.21668092008258
2,TFM,2022-02-14,2022-10,78.6
1,TFM,2022-02-14,2022-11,79.5
2,TFM,2022-02-14,2022-12,79.5
2,TFM,2022-02-14,2023-01,80.02896625475286
2,TFM,2022-02-14,2023-02,79.9515631737818
2,TFM,2022-02-14,2023-03,77.074478911231
2,TFM,2022-02-15,2022-03,68.42252833753149
2,TFM,2022-02-15,2022-04,67.3941037454008
2,TFM,2022-02-15,2022-05,66.48732063058591
2,TFM,2022-02-15,2022-06,67.02579632975183
1,TFM,2022-02-15,2022-07,66.79
1,TFM,2022-02-15,2022-08,66.07
1,TFM,2022-02-15,2022-09,66.69
1,TFM,2022-02-15,2022-10,70.2
1,TFM,2022-02-15,2022-11,69.75
1,TFM,2022-02-15,2022-12,71.1
1,TFM,2022-02-15,2023-01,72.7
1,TFM,2022-02-15,2023-03,68.0
1,TFM,2022-02-15,2023-10,46.0
1,TFM,2022-02-15,2023-11,47.275
2,TFM,2022-02-16,2022-03,70.02291327194305
2,TFM,2022-02-16,2022-04,69.01999999999998
2,TFM,2022-02-16,2022-05,68.78952120924343
2,TFM,2022-02-16,2022-06,68.5822092708051
2,TFM,2022-02-16,2022-07,68.41762162162162
1,TFM,2022-02-16,2022-08,68.575
2,TFM,2022-02-16,2022-09,68.37877643504532
1,TFM,2022-02-16,2022-10,68.795
1,TFM,2022-02-16,2022-11,68.52
1,TFM,2022-02-16,2022-12,69.695
2,TFM,2022-02-17,2022-03,73.98117021891065
2,TFM,2022-02-17,2022-04,73.02757217701483
2,TFM,2022-02-17,2022-05,72.83232438568376
2,TFM,2022-02-17,2022-06,72.46040286725342
1,TFM,2022-02-17,2022-07,69.84
1,TFM,2022-02-17,2022-08,69.66
2,TFM,2022-02-17,2022-09,69.71002186987423
2,TFM,2022-02-17,2022-10,72.16836945304436
2,TFM,2022-02-17,2022-11,73.0221686746988
2,TFM,2022-02-17,2022-12,72.27772420443587
1,TFM,2022-02-17,2023-01,71.4
1,TFM,2022-02-17,2023-03,68.0
2,TFM,2022-02-18,2022-03,71.67592188580853
2,TFM,2022-02-18,2022-04,70.88240912533132
2,TFM,2022-02-18,2022-05,70.51364802116517
2,TFM,2022-02-18,2022-06,70.23767732088346
1,TFM,2022-02-18,2022-07,70.035
1,TFM,2022-02-18,2022-08,69.96
1,TFM,2022-02-18,2022-09,70.025
2,TFM,2022-02-18,2022-10,69.84411947728687
1,TFM,2022-02-18,2022-11,72.4
1,TFM,2022-02-18,2023-01,72.0
2,TFM,2022-02-21,2022-03,72.04556355157278
2,TFM,2022-02-21,2022-04,71.29446494464945
2,TFM,2022-02-21,2022-05,70.62896191646192
2,TFM,2022-02-21,2022-06,70.68928931061194
1,TFM,2022-02-21,2022-07,70.85
1,TFM,2022-02-21,2022-08,71.815
1,TFM,2022-02-21,2022-09,71.84
1,TFM,2022-02-21,2022-10,72.13
2,TFM,2022-02-21,2022-11,74.29736286919831
1,TFM,2022-02-21,2022-12,73.0
1,TFM,2022-02-21,2023-01,73.9
1,TFM,2022-02-21,2023-03,70.5
2,TFM,2022-02-22,2022-03,80.03595610939567
2,TFM,2022-02-22,2022-04,79.68442290806205
2,TFM,2022-02-22,2022-05,79.25
2,TFM,2022-02-22,2022-06,79.23733924611972
2,TFM,2022-02-22,2022-07,78.77088640054706
1,TFM,2022-02-22,2022-08,78.75
2,TFM,2022-02-22,2022-09,78.74482136866823
1,TFM,2022-02-22,2022-10,78.65
2,TFM,2022-02-22,2022-11,79.15
2,TFM,2022-02-22,2022-12,79.80011937922801
2,TFM,2022-02-23,2022-03,87.49602345239703
2,TFM,2022-02-23,2022-04,87.26572716782768
2,TFM,2022-02-23,2022-05,87.01418924922257
2,TFM,2022-02-23,2022-06,86.9
2,TFM,2022-02-23,2022-07,87.6670289238622
2,TFM,2022-02-23,2022-08,87.61086353944562
2,TFM,2022-02-23,2022-09,87.68936935204768
2,TFM,2022-02-23,2022-10,87.49864977844662
1,TFM,2022-02-23,2022-11,86.94
1,TFM,2022-02-23,2022-12,87.6
1,TFM,2022-02-23,2023-01,87.56
2,TFM,2022-02-23,2023-02,83.68326252377933
2,TFM,2022-02-23,2023-03,79.49599662873999
1,TFM,2022-02-23,2023-08,51.55
1,TFM,2022-02-23,2023-09,51.85
2,TFM,2022-02-24,2022-03,119.17265352723415
2,TFM,2022-02-24,2022-04,118.03379387549774
2,TFM,2022-02-24,2022-05,117.17821183857045
2,TFM,2022-02-24,2022-06,113.59461483594865
2,TFM,2022-02-24,2022-07,113.27882591271415
1,TFM,2022-02-24,2022-08,116.525
1,TFM,2022-02-24,2022-09,116.2
2,TFM,2022-02-24,2022-10,118.00275814162546
2,TFM,2022-02-24,2022-11,131.10262222325494
2,TFM,2022-02-24,2022-12,123.11457327088021
2,TFM,2022-02-24,2023-01,129.97483221476512
2,TFM,2022-02-24,2023-02,129.26020710919775
2,TFM,2022-02-25,2022-03,92.0662611516626
2,TFM,2022-02-25,2022-04,92.06012705015598
2,TFM,2022-02-25,2022-05,90.55539723661485
2,TFM,2022-02-25,2022-06,87.58706032455989
1,TFM,2022-02-25,2022-07,87.98
2,TFM,2022-02-25,2022-08,87.15563035495715
2,TFM,2022-02-25,2022-09,89.10683101242002
2,TFM,2022-02-25,2022-10,90.54445002511301
1,TFM,2022-02-25,2022-11,91.425
2,TFM,2022-02-25,2022-12,91.96285622798591
2,TFM,2022-02-25,2023-01,91.75699067028386
1,TFM,2022-02-25,2023-02,91.9
2,TFM,2022-02-25,2023-03,91.74587643276489
2,TFM,2022-02-28,2022-04,97.65040690884045
2,TFM,2022-02-28,2022-05,95.86862686778557
2,TFM,2022-02-28,2022-06,95.48031085535828
2,TFM,2022-02-28,2022-07,94.78567470615174
2,TFM,2022-02-28,2022-08,100.00456151128859
1,TFM,2022-02-28,2022-09,94.1
1,TFM,2022-02-28,2022-10,94.0
1,TFM,2022-02-28,2022-11,95.135
1,TFM,2022-02-28,2022-12,92.5
2,TFM,2022-03-01,2022-04,128.36769849156792
2,TFM,2022-03-01,2022-05,125.81839303000969
2,TFM,2022-03-01,2022-06,121.7490261184659
2,TFM,2022-03-01,2022-07,120.32333776595745
1,TFM,2022-03-01,2022-08,119.99
2,TFM,2022-03-01,2022-09,112.72948233215548
2,TFM,2022-03-01,2022-10,115.12457721317982
2,TFM,2022-03-01,2022-11,120.3877233136245
2,TFM,2022-03-01,2022-12,120.04525402278068
2,TFM,2022-03-01,2023-01,109.71030972492962
1,TFM,2022-03-01,2023-02,107.95
1,TFM,2022-03-01,2023-03,98.95
2,TFM,2022-03-02,2022-04,173.40976206951615
2,TFM,2022-03-02,2022-05,170.98155998809167
2,TFM,2022-03-02,2022-06,169.64892175909574
2,TFM,2022-03-02,2022-07,167.24439010732618
2,TFM,2022-03-02,2022-08,145.43540711623868
1,TFM,2022-03-02,2022-09,164.64
2,TFM,2022-03-02,2022-10,162.14160673915381
1,TFM,2022-03-02,2022-11,161.2
1,TFM,2022-03-02,2022-12,159.75
1,TFM,2022-03-02,2023-01,144.0
1,TFM,2022-03-02,2023-03,137.3
1,TFM,2022-03-02,2023-04,81.9
2,TFM,2022-03-03,2022-04,147.461670825678
2,TFM,2022-03-03,2022-05,140.84853091657828
2,TFM,2022-03-03,2022-06,139.71057593856656
2,TFM,2022-03-03,2022-07,140.7489582781106
1,TFM,2022-03-03,2022-08,134.72
2,TFM,2022-03-03,2022-09,148.38244253921928
1,TFM,2022-03-03,2022-10,134.0
2,TFM,2022-03-03,2022-11,139.67962453193
1,TFM,2022-03-03,2022-12,136.27
2,TFM,2022-03-03,2023-01,128.1404427854293
1,TFM,2022-03-03,2023-02,120.0
1,TFM,2022-03-03,2023-03,119.75
1,TFM,2022-03-03,2023-05,61.0
2,TFM,2022-03-04,2022-04,204.10656570524262
2,TFM,2022-03-04,2022-05,196.87709559267947
2,TFM,2022-03-04,2022-06,194.0
2,TFM,2022-03-04,2022-07,180.28514220705347
1,TFM,2022-03-04,2022-08,180.26
2,TFM,2022-03-04,2022-09,184.24783695594968
1,TFM,2022-03-04,2022-10,163.185
1,TFM,2022-03-04,2022-11,154.685
1,TFM,2022-03-04,2022-12,140.185
1,TFM,2022-03-04,2023-01,127.65000000000002
1,TFM,2022-03-04,2023-02,115.25
1,TFM,2022-03-04,2023-03,93.335
2,TFM,2022-03-04,2023-04,77.08550079034345
1,TFM,2022-03-04,2023-06,75.0
2,TFM,2022-03-07,2022-04,214.99937732287754
2,TFM,2022-03-07,2022-05,211.17792065995388
2,TFM,2022-03-07,2022-06,201.7817109897402
2,TFM,2022-03-07,2022-07,196.99763456756938
2,TFM,2022-03-07,2022-08,190.7781240229286
2,TFM,2022-03-07,2022-09,188.0065363989811
2,TFM,2022-03-07,2022-10,166.1258466119427
2,TFM,2022-03-07,2022-11,162.63067268158974
2,TFM,2022-03-07,2022-12,143.28026825633384
2,TFM,2022-03-07,2023-01,125.3458839806305
1,TFM,2022-03-07,2023-03,100.0
1,TFM,2022-03-07,2023-04,88.0
2,TFM,2022-03-08,2022-04,206.5907652533609
2,TFM,2022-03-08,2022-05,202.18018269346976
2,TFM,2022-03-08,2022-06,194.42508614748448
2,TFM,2022-03-08,2022-07,191.99337264813255
1,TFM,2022-03-08,2022-08,186.0
1,TFM,2022-03-08,2022-09,182.0
2,TFM,2022-03-08,2022-10,165.02335776915336
1,TFM,2022-03-08,2022-11,153.5
1,TFM,2022-03-08,2022-12,147.0
1,TFM,2022-03-08,2023-02,121.0
2,TFM,2022-03-08,2023-03,100.27403516784655
2,TFM,2022-03-08,2023-04,70.20483641536272
1,TFM,2022-03-08,2023-05,77.0
2,TFM,2022-03-09,2022-04,149.4326107019417
2,TFM,2022-03-09,2022-05,145.00304027469775
2,TFM,2022-03-09,2022-06,142.03348321056157
2,TFM,2022-03-09,2022-07,139.022626309508
1,TFM,2022-03-09,2022-08,133.0
1,TFM,2022-03-09,2022-09,130.2
2,TFM,2022-03-09,2022-10,129.87363744744934
2,TFM,2022-03-09,2022-11,126.28733049330566
2,TFM,2022-03-09,2022-12,120.03010870415267
1,TFM,2022-03-09,2023-01,116.0
2,TFM,2022-03-09,2023-02,104.0111280865472
2,TFM,2022-03-09,2023-03,94.01075127259962
1,TFM,2022-03-09,2023-05,62.0
1,TFM,2022-03-09,2023-06,61.5
1,TFM,2022-03-09,2023-07,61.5
1,TFM,2022-03-09,2023-08,61.5
1,TFM,2022-03-09,2023-09,61.5
2,TFM,2022-03-10,2022-04,132.38585057163613
2,TFM,2022-03-10,2022-05,131.39199974460476
2,TFM,2022-03-10,2022-06,126.25656486896254
2,TFM,2022-03-10,2022-07,125.91888054705431
2,TFM,2022-03-10,2022-08,125.0
2,TFM,2022-03-10,2022-09,110.90780370624572
2,TFM,2022-03-10,2022-10,111.0022666236975
2,TFM,2022-03-10,2022-11,111.10355238181326
2,TFM,2022-03-10,2022-12,111.62546388809592
1,TFM,2022-03-10,2023-01,96.6
1,TFM,2022-03-10,2023-02,90.25
1,TFM,2022-03-10,2023-03,83.0
2,TFM,2022-03-11,2022-04,134.4176186461691
2,TFM,2022-03-11,2022-05,133.46900381785153
2,TFM,2022-03-11,2022-06,131.200953198061
2,TFM,2022-03-11,2022-07,130.25656473523705
2,TFM,2022-03-11,2022-08,128.83726718403548
2,TFM,2022-03-11,2022-09,127.9168220796354
1,TFM,2022-03-11,2022-10,121.18500000000002
1,TFM,2022-03-11,2022-11,119.935
2,TFM,2022-03-11,2022-12,115.99773733255678
1,TFM,2022-03-11,2023-01,109.96
1,TFM,2022-03-11,2023-02,100.58
1,TFM,2022-03-11,2023-04,74.0
1,TFM,2022-03-11,2023-06,58.0
2,TFM,2022-03-14,2022-04,111.02743801055448
2,TFM,2022-03-14,2022-05,110.74048113207547
2,TFM,2022-03-14,2022-06,110.1321008984105
2,TFM,2022-03-14,2022-07,109.88492155303302
1,TFM,2022-03-14,2022-08,109.29999999999998
1,TFM,2022-03-14,2022-09,108.0
2,TFM,2022-03-14,2022-10,102.48254771091875
2,TFM,2022-03-14,2022-11,101.62965467027252
1,TFM,2022-03-14,2022-12,96.35
1,TFM,2022-03-14,2023-01,91.35
1,TFM,2022-03-14,2023-02,83.6
1,TFM,2022-03-14,2023-03,77.0
2,TFM,2022-03-15,2022-04,112.94591032956795
2,TFM,2022-03-15,2022-05,112.15797126410733
2,TFM,2022-03-15,2022-06,111.48593341600687
1,TFM,2022-03-15,2022-07,112.085
1,TFM,2022-03-15,2022-08,113.555
1,TFM,2022-03-15,2022-09,110.1
1,TFM,2022-03-15,2022-10,106.4
1,TFM,2022-03-15,2022-11,104.5
1,TFM,2022-03-15,2022-12,100.87999999999998
1,TFM,2022-03-15,2023-02,92.0
2,TFM,2022-03-16,2022-04,104.36492634910698
2,TFM,2022-03-16,2022-05,95.37285856213873
2,TFM,2022-03-16,2022-06,101.7728501510574
2,TFM,2022-03-16,2022-07,85.32197409370006
2,TFM,2022-03-16,2022-08,101.24326399062409
2,TFM,2022-03-16,2022-09,100.83098478404688
2,TFM,2022-03-16,2022-10,86.93310704960835
2,TFM,2022-03-16,2022-11,85.5319098417068
2,TFM,2022-03-16,2022-12,81.06487294469358
1,TFM,2022-03-16,2023-01,87.8
1,TFM,2022-03-16,2023-02,83.05
1,TFM,2022-03-16,2023-03,77.0
1,TFM,2022-03-16,2024-07,42.5
2,TFM,2022-03-17,2022-04,105.48083460372854
2,TFM,2022-03-17,2022-05,105.22045159857902
2,TFM,2022-03-17,2022-06,104.8560651780326
2,TFM,2022-03-17,2022-07,104.59553483665799
2,TFM,2022-03-17,2022-08,103.53200665859565
2,TFM,2022-03-17,2022-09,103.79656677128683
2,TFM,2022-03-17,2022-10,99.70420823917956
2,TFM,2022-03-17,2022-11,98.68412568824758
2,TFM,2022-03-17,2022-12,98.79074425969912
2,TFM,2022-03-17,2023-01,95.0546551346617
1,TFM,2022-03-17,2023-02,87.37
1,TFM,2022-03-17,2023-03,81.37
1,TFM,2022-03-17,2023-04,63.370000000000005
1,TFM,2022-03-17,2023-05,56.620000000000005
1,TFM,2022-03-17,2023-06,54.120000000000005
1,TFM,2022-03-17,2023-07,53.8
1,TFM,2022-03-17,2023-08,54.11
1,TFM,2022-03-17,2023-09,55.11
1,TFM,2022-03-17,2023-10,53.53000000000001
1,TFM,2022-03-17,2023-11,54.15
1,TFM,2022-03-17,2023-12,54.18
1,TFM,2022-03-17,2024-01,51.65999999999999
1,TFM,2022-03-17,2024-02,52.17
1,TFM,2022-03-17,2024-03,50.14
1,TFM,2022-03-17,2024-04,45.25
1,TFM,2022-03-17,2024-05,40.63
1,TFM,2022-03-17,2024-06,39.88
1,TFM,2022-03-17,2024-07,39.16
1,TFM,2022-03-17,2024-08,38.81
1,TFM,2022-03-17,2024-09,38.91
1,TFM,2022-03-17,2024-10,39.6
1,TFM,2022-03-17,2024-11,40.32
1,TFM,2022-03-17,2024-12,40.32
2,TFM,2022-03-18,2022-04,100.95590630330598
2,TFM,2022-03-18,2022-05,102.22250989184911
2,TFM,2022-03-18,2022-06,100.26132896738771
2,TFM,2022-03-18,2022-07,102.07324785396067
1,TFM,2022-03-18,2022-08,100.98
2,TFM,2022-03-18,2022-09,102.54101147471313
1,TFM,2022-03-18,2022-10,100.82
1,TFM,2022-03-18,2022-11,100.22
1,TFM,2022-03-18,2022-12,98.385
1,TFM,2022-03-18,2023-01,92.7
1,TFM,2022-03-18,2023-02,90.0
1,TFM,2022-03-18,2023-03,84.9
2,TFM,2022-03-21,2022-04,96.45010695387849
2,TFM,2022-03-21,2022-05,96.82083232672782
2,TFM,2022-03-21,2022-06,96.51234295227526
2,TFM,2022-03-21,2022-07,95.79784341268669
2,TFM,2022-03-21,2022-08,95.50317777374251
1,TFM,2022-03-21,2022-09,94.9
2,TFM,2022-03-21,2022-10,90.70299578059073
1,TFM,2022-03-21,2022-11,90.7
1,TFM,2022-03-21,2022-12,89.45
1,TFM,2022-03-21,2023-01,87.45
2,TFM,2022-03-22,2022-04,98.9241266375546
2,TFM,2022-03-22,2022-05,99.19999999999999
2,TFM,2022-03-22,2022-06,99.18438099454035
2,TFM,2022-03-22,2022-07,98.72948879276444
1,TFM,2022-03-22,2022-08,99.75
1,TFM,2022-03-22,2022-09,98.48
1,TFM,2022-03-22,2022-10,96.0
1,TFM,2022-03-22,2022-11,93.0
1,TFM,2022-03-22,2022-12,94.1
1,TFM,2022-03-22,2023-01,92.5
1,TFM,2022-03-22,2023-10,54.0
1,TFM,2022-03-22,2023-11,54.20000000000001
2,TFM,2022-03-23,2022-04,107.54575380547175
2,TFM,2022-03-23,2022-05,109.16544004682126
2,TFM,2022-03-23,2022-06,109.09428642036329
2,TFM,2022-03-23,2022-07,111.52242190589168
1,TFM,2022-03-23,2022-08,117.0
1,TFM,2022-03-23,2022-09,117.8
2,TFM,2022-03-23,2022-10,112.19339463800026
1,TFM,2022-03-23,2022-11,104.0
1,TFM,2022-03-23,2022-12,105.29999999999998
1,TFM,2022-03-23,2023-01,98.5
1,TFM,2022-03-23,2023-02,96.0
2,TFM,2022-03-24,2022-04,110.2756462585034
2,TFM,2022-03-24,2022-05,111.08717523883385
2,TFM,2022-03-24,2022-06,111.12793276563293
2,TFM,2022-03-24,2022-07,110.6488479026941
2,TFM,2022-03-24,2022-08,109.14930944382233
1,TFM,2022-03-24,2022-09,109.0
2,TFM,2022-03-24,2022-10,103.64840546697039
2,TFM,2022-03-24,2022-11,100.00935192780967
1,TFM,2022-03-24,2022-12,104.8
1,TFM,2022-03-24,2023-01,101.8
1,TFM,2022-03-24,2023-02,97.95
1,TFM,2022-03-24,2023-03,90.0
2,TFM,2022-03-25,2022-04,98.78339010649037
2,TFM,2022-03-25,2022-05,99.9679414715719
2,TFM,2022-03-25,2022-06,99.315959161741
2,TFM,2022-03-25,2022-07,98.41076065701995
2,TFM,2022-03-25,2022-08,99.3462498016188
2,TFM,2022-03-25,2022-09,98.68480254975125
2,TFM,2022-03-25,2022-10,95.0
1,TFM,2022-03-25,2022-11,91.0
1,TFM,2022-03-25,2022-12,96.8
2,TFM,2022-03-28,2022-04,108.83006837466019
2,TFM,2022-03-28,2022-05,109.96188643533122
2,TFM,2022-03-28,2022-06,109.75815553473431
2,TFM,2022-03-28,2022-07,108.42332606973059
2,TFM,2022-03-28,2022-08,104.43095580444982
2,TFM,2022-03-28,2022-09,108.50556599681943
2,TFM,2022-03-28,2022-10,100.3820776119403
2,TFM,2022-03-28,2022-11,98.42408266554197
1,TFM,2022-03-28,2023-01,94.5
2,TFM,2022-03-28,2023-02,93.14672364672366
1,TFM,2022-03-28,2023-03,80.5
2,TFM,2022-03-29,2022-04,106.39830726193195
2,TFM,2022-03-29,2022-05,107.41271128803507
2,TFM,2022-03-29,2022-06,106.44091950261779
1,TFM,2022-03-29,2022-07,106.11
1,TFM,2022-03-29,2022-08,105.95000000000002
1,TFM,2022-03-29,2022-09,105.75
2,TFM,2022-03-29,2022-10,106.31776270702456
1,TFM,2022-03-29,2022-11,103.8
1,TFM,2022-03-29,2022-12,100.0
2,TFM,2022-03-29,2023-01,102.41236157562244
1,TFM,2022-03-29,2023-02,100.25
1,TFM,2022-03-29,2023-03,88.685
2,TFM,2022-03-30,2022-04,117.78389390794774
2,TFM,2022-03-30,2022-05,118.74398851655694
2,TFM,2022-03-30,2022-06,117.90108627142016
2,TFM,2022-03-30,2022-07,118.26394801641587
2,TFM,2022-03-30,2022-08,116.89843700663087
2,TFM,2022-03-30,2022-09,116.6890524813351
2,TFM,2022-03-30,2022-10,111.42160741885627
1,TFM,2022-03-30,2022-11,110.43
2,TFM,2022-03-30,2022-12,109.89819625838334
2,TFM,2022-03-30,2023-01,110.01989966555183
2,TFM,2022-03-30,2023-02,104.14400785854617
2,TFM,2022-03-30,2023-04,67.93624856156502
2,TFM,2022-03-31,2022-05,120.99949147014551
2,TFM,2022-03-31,2022-06,120.38274359335398
2,TFM,2022-03-31,2022-07,121.56641287284145
2,TFM,2022-03-31,2022-08,121.46068960987783
2,TFM,2022-03-31,2022-09,121.0
2,TFM,2022-03-31,2022-10,115.52587307875139
2,TFM,2022-03-31,2022-11,114.16380347337504
2,TFM,2022-03-31,2022-12,115.04919526267841
2,TFM,2022-03-31,2023-01,111.15115909812639
2,TFM,2022-03-31,2023-02,107.96983779843265
1,TFM,2022-03-31,2023-03,108.0
2,TFM,2022-04-01,2022-05,112.86294061051342
2,TFM,2022-04-01,2022-06,111.70051050207795
2,TFM,2022-04-01,2022-07,110.34988396486166
2,TFM,2022-04-01,2022-08,109.95697979623553
2,TFM,2022-04-01,2022-09,110.60721737279114
1,TFM,2022-04-01,2022-10,110.0
1,TFM,2022-04-01,2022-11,115.0
1,TFM,2022-04-01,2022-12,115.20000000000002
1,TFM,2022-04-01,2023-01,107.0
1,TFM,2022-04-01,2023-02,104.0
2,TFM,2022-04-04,2022-05,109.38263951473138
2,TFM,2022-04-04,2022-06,109.08105251641139
2,TFM,2022-04-04,2022-07,108.80279777017331
1,TFM,2022-04-04,2022-08,109.12
2,TFM,2022-04-04,2022-09,109.08715790375064
2,TFM,2022-04-04,2022-10,103.0
1,TFM,2022-04-04,2022-11,99.9
1,TFM,2022-04-04,2022-12,100.29999999999998
1,TFM,2022-04-04,2023-02,99.8
1,TFM,2022-04-04,2023-04,67.5
2,TFM,2022-04-05,2022-05,106.06940932503846
2,TFM,2022-04-05,2022-06,106.0
2,TFM,2022-04-05,2022-07,106.13895481375943
2,TFM,2022-04-05,2022-08,106.24042253521125
1,TFM,2022-04-05,2022-09,107.34
2,TFM,2022-04-05,2022-10,105.79297252664765
2,TFM,2022-04-05,2022-11,105.28704052780395
2,TFM,2022-04-05,2022-12,104.76689935865812
2,TFM,2022-04-05,2023-01,104.99304553884195
1,TFM,2022-04-05,2023-02,104.0
1,TFM,2022-04-05,2023-03,99.5
2,TFM,2022-04-06,2022-05,107.11621542371223
2,TFM,2022-04-06,2022-06,107.85519017432647
2,TFM,2022-04-06,2022-07,107.99443844492441
2,TFM,2022-04-06,2022-08,107.95602575792114
2,TFM,2022-04-06,2022-09,107.46166378030678
2,TFM,2022-04-06,2022-10,105.67348964374483
1,TFM,2022-04-06,2022-11,106.75
2,TFM,2022-04-06,2022-12,105.16778887303853
2,TFM,2022-04-06,2023-01,104.3494197031039
2,TFM,2022-04-06,2023-02,104.88438278192814
2,TFM,2022-04-07,2022-05,104.36962600946083
2,TFM,2022-04-07,2022-06,104.50511349463707
2,TFM,2022-04-07,2022-07,104.51657564172582
2,TFM,2022-04-07,2022-08,104.57894695044472
2,TFM,2022-04-07,2022-09,104.59990149724193
1,TFM,2022-04-07,2022-10,104.25
1,TFM,2022-04-07,2022-11,103.71500000000002
1,TFM,2022-04-07,2022-12,103.395
2,TFM,2022-04-07,2023-01,102.98623151571165
1,TFM,2022-04-07,2023-02,101.25
1,TFM,2022-04-07,2023-03,96.75
2,TFM,2022-04-08,2022-05,102.96074485658508
2,TFM,2022-04-08,2022-06,103.70920777279522
2,TFM,2022-04-08,2022-07,103.69921926133706
1,TFM,2022-04-08,2022-08,103.74499999999999
2,TFM,2022-04-08,2022-09,102.50488960289998
1,TFM,2022-04-08,2022-10,101.6
1,TFM,2022-04-08,2022-11,100.9
1,TFM,2022-04-08,2022-12,100.6
2,TFM,2022-04-08,2023-01,104.75540300025426
1,TFM,2022-04-08,2023-02,102.75
2,TFM,2022-04-11,2022-05,101.35000000000001
2,TFM,2022-04-11,2022-06,101.3798646879092
2,TFM,2022-04-11,2022-07,102.09665337934315
1,TFM,2022-04-11,2022-08,102.145
2,TFM,2022-04-11,2022-09,101.93502647183398
1,TFM,2022-04-11,2022-10,102.31499999999998
1,TFM,2022-04-11,2022-11,101.615
1,TFM,2022-04-11,2022-12,101.1
2,TFM,2022-04-11,2023-01,100.54051282051282
1,TFM,2022-04-11,2023-02,99.0
2,TFM,2022-04-11,2023-03,95.24228187919464
2,TFM,2022-04-12,2022-05,103.19441993355481
2,TFM,2022-04-12,2022-06,103.67499999999998
2,TFM,2022-04-12,2022-07,103.78684234889565
2,TFM,2022-04-12,2022-08,103.76392202859697
2,TFM,2022-04-12,2022-09,103.98330857779428
2,TFM,2022-04-12,2022-10,102.02396090945352
1,TFM,2022-04-12,2022-11,101.25
1,TFM,2022-04-12,2022-12,102.5
1,TFM,2022-04-12,2023-01,102.14
2,TFM,2022-04-13,2022-05,104.41325742288845
2,TFM,2022-04-13,2022-06,104.28798444588465
2,TFM,2022-04-13,2022-07,104.54461167648634
2,TFM,2022-04-13,2022-08,104.50245453028535
2,TFM,2022-04-13,2022-09,104.43354022324866
2,TFM,2022-04-13,2022-10,103.78898388540733
1,TFM,2022-04-13,2022-11,102.685
1,TFM,2022-04-13,2022-12,103.19
2,TFM,2022-04-13,2023-01,102.2450341827222
2,TFM,2022-04-13,2023-02,100.93380732314255
1,TFM,2022-04-13,2023-03,97.4
1,TFM,2022-04-13,2023-04,81.5
2,TFM,2022-04-14,2022-05,89.98566037735849
2,TFM,2022-04-14,2022-06,89.9920393010939
2,TFM,2022-04-14,2022-07,90.27964649059707
2,TFM,2022-04-14,2022-08,90.58949469312412
2,TFM,2022-04-14,2022-09,90.56398553220806
1,TFM,2022-04-14,2022-10,90.0
2,TFM,2022-04-14,2022-11,98.36297509829619
2,TFM,2022-04-14,2022-12,89.10731020942407
2,TFM,2022-04-14,2023-01,90.65787578757875
2,TFM,2022-04-14,2023-02,90.64282417746017
1,TFM,2022-04-14,2023-03,93.45000000000002
1,TFM,2022-04-14,2023-04,76.0
1,TFM,2022-04-14,2023-05,76.0
1,TFM,2022-04-14,2023-06,76.0
1,TFM,2022-04-14,2023-07,76.0
1,TFM,2022-04-14,2023-08,76.0
1,TFM,2022-04-14,2023-09,76.0
2,TFM,2022-04-19,2022-05,92.62711117658085
2,TFM,2022-04-19,2022-06,92.9458464345873
2,TFM,2022-04-19,2022-07,93.54143660405339
2,TFM,2022-04-19,2022-08,93.89837938005391
2,TFM,2022-04-19,2022-09,93.22676620538965
2,TFM,2022-04-19,2022-10,94.23644127487233
2,TFM,2022-04-19,2022-11,93.5372001957905
2,TFM,2022-04-19,2022-12,93.00335579514825
1,TFM,2022-04-19,2023-01,91.0
1,TFM,2022-04-19,2023-03,89.27
1,TFM,2022-04-19,2023-04,77.25
1,TFM,2022-04-19,2023-05,73.0
2,TFM,2022-04-20,2022-05,92.65986701335284
2,TFM,2022-04-20,2022-06,92.68857491802181
2,TFM,2022-04-20,2022-07,92.9004628697927
2,TFM,2022-04-20,2022-08,93.13913184847992
2,TFM,2022-04-20,2022-09,93.22976483762598
2,TFM,2022-04-20,2022-10,92.93724137931035
2,TFM,2022-04-20,2022-11,95.24224880382775
1,TFM,2022-04-20,2022-12,92.385
2,TFM,2022-04-20,2023-01,95.30934266585514
2,TFM,2022-04-20,2023-02,94.23983467381592
2,TFM,2022-04-20,2023-03,87.99436222692036
1,TFM,2022-04-20,2023-05,74.5
2,TFM,2022-04-21,2022-05,103.11149088008278
2,TFM,2022-04-21,2022-06,103.0038935637935
2,TFM,2022-04-21,2022-07,102.31530544802192
2,TFM,2022-04-21,2022-08,102.80980857580397
2,TFM,2022-04-21,2022-09,98.82486844028652
1,TFM,2022-04-21,2022-10,100.0
1,TFM,2022-04-21,2022-11,96.93
1,TFM,2022-04-21,2022-12,97.8
1,TFM,2022-04-21,2023-01,100.0
1,TFM,2022-04-21,2023-02,98.55
1,TFM,2022-04-21,2023-03,92.51
2,TFM,2022-04-22,2022-05,95.16934297671774
2,TFM,2022-04-22,2022-06,95.35153699673559
2,TFM,2022-04-22,2022-07,95.25
1,TFM,2022-04-22,2022-08,95.115
1,TFM,2022-04-22,2022-09,95.06
1,TFM,2022-04-22,2022-10,95.35
1,TFM,2022-04-22,2022-11,94.0
1,TFM,2022-04-22,2022-12,94.1
1,TFM,2022-04-22,2023-01,95.85
2,TFM,2022-04-22,2023-02,94.46823257604929
2,TFM,2022-04-22,2023-03,91.47037914691943
1,TFM,2022-04-22,2023-05,78.5
1,TFM,2022-04-22,2023-06,77.5
2,TFM,2022-04-25,2022-05,93.49379899898126
2,TFM,2022-04-25,2022-06,92.70661069692059
2,TFM,2022-04-25,2022-07,93.52128899835796
2,TFM,2022-04-25,2022-08,93.14872836076084
2,TFM,2022-04-25,2022-09,92.5
2,TFM,2022-04-25,2022-10,91.56858161648178
2,TFM,2022-04-25,2022-11,91.10973471450227
2,TFM,2022-04-25,2022-12,91.31441778560422
1,TFM,2022-04-25,2023-01,91.285
1,TFM,2022-04-25,2023-02,91.4
2,TFM,2022-04-26,2022-05,99.03037083822069
2,TFM,2022-04-26,2022-06,98.82054681851046
2,TFM,2022-04-26,2022-07,98.15682296975875
2,TFM,2022-04-26,2022-08,98.4683578547698
2,TFM,2022-04-26,2022-09,95.97792786161207
2,TFM,2022-04-26,2022-10,96.49656992084434
1,TFM,2022-04-26,2022-11,96.4
1,TFM,2022-04-26,2022-12,96.55
2,TFM,2022-04-26,2023-01,93.9753717472119
2,TFM,2022-04-26,2023-02,89.39433416167226
2,TFM,2022-04-26,2023-03,86.35030593881223
2,TFM,2022-04-27,2022-05,107.82276269404414
2,TFM,2022-04-27,2022-06,108.590415232358
2,TFM,2022-04-27,2022-07,108.38602150537633
2,TFM,2022-04-27,2022-08,108.2174269544617
2,TFM,2022-04-27,2022-09,107.41780213270141
2,TFM,2022-04-27,2022-10,106.07287671232878
2,TFM,2022-04-27,2022-11,105.49580747945664
2,TFM,2022-04-27,2022-12,103.25186203227523
2,TFM,2022-04-27,2023-01,102.86612903225807
1,TFM,2022-04-27,2023-03,97.0
1,TFM,2022-04-27,2024-02,73.0
2,TFM,2022-04-28,2022-05,98.46554169030063
2,TFM,2022-04-28,2022-06,98.5261486376623
2,TFM,2022-04-28,2022-07,98.1086265599566
2,TFM,2022-04-28,2022-08,98.35046009877826
2,TFM,2022-04-28,2022-09,98.20442228076779
2,TFM,2022-04-28,2022-10,96.31654935210366
1,TFM,2022-04-28,2022-11,95.85
1,TFM,2022-04-28,2022-12,96.9
1,TFM,2022-04-28,2023-01,96.0
1,TFM,2022-04-28,2023-02,96.1
2,TFM,2022-04-29,2022-06,99.97708628663058
2,TFM,2022-04-29,2022-07,97.78873668188736
2,TFM,2022-04-29,2022-08,98.14915002812148
2,TFM,2022-04-29,2022-09,97.60124427480915
2,TFM,2022-04-29,2022-10,96.08958717087441
2,TFM,2022-04-29,2022-11,93.76614166100929
2,TFM,2022-04-29,2022-12,93.67395795903701
1,TFM,2022-04-29,2023-01,94.0
1,TFM,2022-04-29,2023-02,93.0
1,TFM,2022-04-29,2023-03,87.525
1,TFM,2022-04-29,2023-04,77.15
2,TFM,2022-05-02,2022-06,96.24889518886016
2,TFM,2022-05-02,2022-07,97.20440072543762
1,TFM,2022-05-02,2022-08,96.98
1,TFM,2022-05-02,2022-09,96.36
1,TFM,2022-05-02,2022-10,94.0
1,TFM,2022-05-02,2022-12,92.31
1,TFM,2022-05-02,2023-01,91.71
1,TFM,2022-05-02,2023-02,89.5
1,TFM,2022-05-02,2023-03,86.97
2,TFM,2022-05-03,2022-06,98.67614798596324
2,TFM,2022-05-03,2022-07,98.88536750626012
2,TFM,2022-05-03,2022-08,98.82947328341162
2,TFM,2022-05-03,2022-09,98.51684446939922
2,TFM,2022-05-03,2022-10,96.4308673469388
2,TFM,2022-05-03,2022-11,92.56052987598646
2,TFM,2022-05-03,2022-12,93.22385064177364
1,TFM,2022-05-03,2023-01,95.3
1,TFM,2022-05-03,2023-02,93.35
1,TFM,2022-05-03,2023-04,73.0
1,TFM,2022-05-03,2023-05,73.0
1,TFM,2022-05-03,2023-07,71.0
2,TFM,2022-05-04,2022-06,106.91253369272238
2,TFM,2022-05-04,2022-07,106.73698251335784
2,TFM,2022-05-04,2022-08,106.99406042741342
2,TFM,2022-05-04,2022-09,104.75808467741936
1,TFM,2022-05-04,2022-10,102.405
1,TFM,2022-05-04,2022-11,100.525
1,TFM,2022-05-04,2022-12,100.955
1,TFM,2022-05-04,2023-01,100.4
1,TFM,2022-05-04,2023-03,96.5
1,TFM,2022-05-04,2024-02,74.0
2,TFM,2022-05-05,2022-06,110.91306222940423
2,TFM,2022-05-05,2022-07,111.4
2,TFM,2022-05-05,2022-08,111.21671305892805
2,TFM,2022-05-05,2022-09,111.31052345786273
2,TFM,2022-05-05,2022-10,106.19465881134275
2,TFM,2022-05-05,2022-11,104.37565831727682
2,TFM,2022-05-05,2022-12,100.85411917969407
1,TFM,2022-05-05,2023-01,100.405
1,TFM,2022-05-05,2023-02,99.5
2,TFM,2022-05-06,2022-06,100.22818261115563
2,TFM,2022-05-06,2022-07,100.2820843716625
2,TFM,2022-05-06,2022-08,100.6097014925373
2,TFM,2022-05-06,2022-09,100.3965355053344
2,TFM,2022-05-06,2022-10,98.81269841269841
1,TFM,2022-05-06,2022-11,96.25
1,TFM,2022-05-06,2022-12,96.225
1,TFM,2022-05-06,2023-01,98.5
2,TFM,2022-05-06,2023-02,99.37222331433065
2,TFM,2022-05-06,2023-03,91.11045169131052
1,TFM,2022-05-06,2023-04,81.56
1,TFM,2022-05-06,2024-02,75.1
2,TFM,2022-05-09,2022-06,94.03308574015126
2,TFM,2022-05-09,2022-07,95.35085520532462
1,TFM,2022-05-09,2022-08,95.5
2,TFM,2022-05-09,2022-09,95.47500226193168
2,TFM,2022-05-09,2022-10,94.6686993482573
1,TFM,2022-05-09,2022-11,93.58
1,TFM,2022-05-09,2022-12,94.11
2,TFM,2022-05-09,2023-01,93.85910154617635
1,TFM,2022-05-09,2023-02,91.26
1,TFM,2022-05-09,2023-03,87.26
1,TFM,2022-05-09,2023-04,78.11
2,TFM,2022-05-10,2022-06,96.84421458788526
2,TFM,2022-05-10,2022-07,97.99582362773644
2,TFM,2022-05-10,2022-08,97.62718099264131
2,TFM,2022-05-10,2022-09,98.51036244457296
2,TFM,2022-05-10,2022-10,94.74613534270395
2,TFM,2022-05-10,2022-11,96.0
2,TFM,2022-05-10,2022-12,91.79495640608836
1,TFM,2022-05-10,2023-01,90.7
1,TFM,2022-05-10,2023-03,90.7
1,TFM,2022-05-10,2023-06,73.0
1,TFM,2022-05-10,2023-08,71.0
2,TFM,2022-05-11,2022-06,93.78857405504786
2,TFM,2022-05-11,2022-07,95.92637705157551
2,TFM,2022-05-11,2022-08,96.79075892400533
2,TFM,2022-05-11,2022-09,96.96089735436276
2,TFM,2022-05-11,2022-10,96.00181315834917
1,TFM,2022-05-11,2022-11,95.4
2,TFM,2022-05-11,2022-12,95.71160453530321
1,TFM,2022-05-11,2023-01,95.0
2,TFM,2022-05-11,2023-02,92.79955104222343
1,TFM,2022-05-11,2023-03,90.34999999999998
1,TFM,2022-05-11,2023-05,72.0
1,TFM,2022-05-11,2023-06,72.6
2,TFM,2022-05-12,2022-06,104.8414704781418
2,TFM,2022-05-12,2022-07,107.17370030308433
2,TFM,2022-05-12,2022-08,106.757843875502
2,TFM,2022-05-12,2022-09,107.3144521953221
2,TFM,2022-05-12,2022-10,105.03669255825608
1,TFM,2022-05-12,2022-11,105.3
1,TFM,2022-05-12,2022-12,104.5
2,TFM,2022-05-12,2023-01,111.27414173860672
1,TFM,2022-05-12,2023-02,106.0
1,TFM,2022-05-12,2023-03,98.0
2,TFM,2022-05-13,2022-06,96.96867446859326
2,TFM,2022-05-13,2022-07,99.5
2,TFM,2022-05-13,2022-08,99.8153003284843
2,TFM,2022-05-13,2022-09,99.52591483699268
2,TFM,2022-05-13,2022-10,99.55935895891072
1,TFM,2022-05-13,2022-11,98.245
1,TFM,2022-05-13,2022-12,98.59999999999998
1,TFM,2022-05-13,2023-01,99.0
1,TFM,2022-05-13,2023-02,98.0
1,TFM,2022-05-13,2023-03,95.0
2,TFM,2022-05-16,2022-06,92.53465361238689
2,TFM,2022-05-16,2022-07,95.47343119083868
2,TFM,2022-05-16,2022-08,95.49977863046045
2,TFM,2022-05-16,2022-09,95.89164634146341
1,TFM,2022-05-16,2022-10,95.5
1,TFM,2022-05-16,2022-11,94.65
1,TFM,2022-05-16,2022-12,95.15500000000002
1,TFM,2022-05-16,2023-01,95.405
2,TFM,2022-05-16,2023-02,94.25346610169491
1,TFM,2022-05-16,2023-03,89.90499999999999
2,TFM,2022-05-17,2022-06,95.43116465690187
2,TFM,2022-05-17,2022-07,100.0
2,TFM,2022-05-17,2022-08,100.75853735067292
2,TFM,2022-05-17,2022-09,100.79581048141375
2,TFM,2022-05-17,2022-10,99.87951340294974
1,TFM,2022-05-17,2022-11,98.25
2,TFM,2022-05-17,2022-12,99.98446343622082
1,TFM,2022-05-17,2023-01,101.15
2,TFM,2022-05-17,2023-02,98.59983102399458
1,TFM,2022-05-17,2023-03,95.1
2,TFM,2022-05-18,2022-06,92.9469903828022
2,TFM,2022-05-18,2022-07,96.49624509329462
2,TFM,2022-05-18,2022-08,97.0493389990557
2,TFM,2022-05-18,2022-09,97.85756729014598
1,TFM,2022-05-18,2022-10,96.8
1,TFM,2022-05-18,2022-11,98.495
1,TFM,2022-05-18,2022-12,99.1
2,TFM,2022-05-18,2023-01,99.63426741393114
1,TFM,2022-05-18,2023-02,100.8
1,TFM,2022-05-18,2023-03,95.675
1,TFM,2022-05-18,2023-04,76.0
1,TFM,2022-05-18,2023-05,72.0
2,TFM,2022-05-19,2022-06,89.9871710076799
2,TFM,2022-05-19,2022-07,92.7400478854781
2,TFM,2022-05-19,2022-08,93.59999999999998
1,TFM,2022-05-19,2022-09,94.31
2,TFM,2022-05-19,2022-10,94.29026903262738
1,TFM,2022-05-19,2022-11,94.15
2,TFM,2022-05-19,2022-12,94.82528648350132
2,TFM,2022-05-19,2023-01,94.7462608695652
2,TFM,2022-05-19,2023-02,94.37502716126028
2,TFM,2022-05-19,2023-03,91.24792387543252
2,TFM,2022-05-20,2022-06,87.20766902369434
2,TFM,2022-05-20,2022-07,89.95329186715173
2,TFM,2022-05-20,2022-08,90.39846148464284
2,TFM,2022-05-20,2022-09,90.85364779432426
2,TFM,2022-05-20,2022-10,91.16820159313725
2,TFM,2022-05-20,2022-11,91.10630945447485
2,TFM,2022-05-20,2022-12,91.67793873312566
2,TFM,2022-05-20,2023-01,91.87377952755905
2,TFM,2022-05-20,2023-02,91.6037604082729
1,TFM,2022-05-20,2023-03,90.7
2,TFM,2022-05-23,2022-06,83.48922057836529
2,TFM,2022-05-23,2022-07,87.218905236254
2,TFM,2022-05-23,2022-08,87.99891808712121
2,TFM,2022-05-23,2022-09,88.32887058823529
2,TFM,2022-05-23,2022-10,89.29954853273138
1,TFM,2022-05-23,2022-11,88.3
1,TFM,2022-05-23,2022-12,88.8
1,TFM,2022-05-23,2023-01,88.95
1,TFM,2022-05-23,2023-02,87.98500000000001
1,TFM,2022-05-23,2023-04,73.62
2,TFM,2022-05-24,2022-06,85.75
2,TFM,2022-05-24,2022-07,89.88843999782502
2,TFM,2022-05-24,2022-08,90.36879140034863
2,TFM,2022-05-24,2022-09,90.69553152039556
2,TFM,2022-05-24,2022-10,90.72540743155149
1,TFM,2022-05-24,2022-11,90.0
2,TFM,2022-05-24,2022-12,91.91213755900202
2,TFM,2022-05-24,2023-01,90.3634434326285
2,TFM,2022-05-24,2023-02,92.22714808043875
2,TFM,2022-05-24,2023-03,87.79253975678205
1,TFM,2022-05-24,2023-10,70.0
1,TFM,2022-05-24,2023-11,71.4
2,TFM,2022-05-25,2022-06,87.32625243378557
2,TFM,2022-05-25,2022-07,92.49887366926899
2,TFM,2022-05-25,2022-08,92.74536537077033
2,TFM,2022-05-25,2022-09,93.28585523517906
2,TFM,2022-05-25,2022-10,92.9949825645113
2,TFM,2022-05-25,2022-11,95.06766730594529
2,TFM,2022-05-25,2022-12,94.98404432132963
1,TFM,2022-05-25,2023-01,93.4
1,TFM,2022-05-25,2023-02,94.75
1,TFM,2022-05-25,2023-03,88.37
2,TFM,2022-05-26,2022-06,85.00951819655224
2,TFM,2022-05-26,2022-07,90.17095995182174
2,TFM,2022-05-26,2022-08,90.40378162691574
2,TFM,2022-05-26,2022-09,91.43699090272918
2,TFM,2022-05-26,2022-10,93.0610566173819
2,TFM,2022-05-26,2022-11,93.0
2,TFM,2022-05-26,2022-12,93.45574702739962
2,TFM,2022-05-26,2023-01,93.49078850405306
2,TFM,2022-05-26,2023-02,93.13466609953213
2,TFM,2022-05-26,2023-03,89.71323215556082
1,TFM,2022-05-26,2023-07,72.0
2,TFM,2022-05-27,2022-06,87.24749475699828
2,TFM,2022-05-27,2022-07,91.91413173652694
2,TFM,2022-05-27,2022-08,92.38584875191592
2,TFM,2022-05-27,2022-09,93.78934699714014
2,TFM,2022-05-27,2022-10,96.594341034515
1,TFM,2022-05-27,2022-11,98.0
2,TFM,2022-05-27,2022-12,97.65637847885058
1,TFM,2022-05-27,2023-01,99.2
2,TFM,2022-05-27,2023-02,98.57740989103101
1,TFM,2022-05-27,2023-03,92.155
2,TFM,2022-05-30,2022-06,87.27295473713804
2,TFM,2022-05-30,2022-07,91.47295403049272
2,TFM,2022-05-30,2022-08,91.44332857142857
2,TFM,2022-05-30,2022-09,93.34976279650438
2,TFM,2022-05-30,2022-10,95.4021718441372
1,TFM,2022-05-30,2022-11,97.71
1,TFM,2022-05-30,2022-12,99.0
1,TFM,2022-05-30,2023-01,96.95
1,TFM,2022-05-30,2023-02,96.5
1,TFM,2022-05-30,2023-03,94.985
2,TFM,2022-05-31,2022-07,90.26114857960351
2,TFM,2022-05-31,2022-08,91.16522450587223
2,TFM,2022-05-31,2022-09,92.82839050658158
2,TFM,2022-05-31,2022-10,97.61202096680256
2,TFM,2022-05-31,2022-11,98.80116033755274
1,TFM,2022-05-31,2022-12,101.0
1,TFM,2022-05-31,2023-01,99.75
2,TFM,2022-05-31,2023-02,99.0
1,TFM,2022-05-31,2023-03,96.0
2,TFM,2022-06-01,2022-07,84.42877923435391
2,TFM,2022-06-01,2022-08,86.24731847292689
2,TFM,2022-06-01,2022-09,89.94570204023803
2,TFM,2022-06-01,2022-10,92.7234470032477
2,TFM,2022-06-01,2022-11,95.32411643364658
2,TFM,2022-06-01,2022-12,95.42202577165119
1,TFM,2022-06-01,2023-01,95.55
1,TFM,2022-06-01,2023-02,95.88
2,TFM,2022-06-01,2023-03,91.09622782814348
1,TFM,2022-06-01,2023-04,79.0
1,TFM,2022-06-01,2023-09,76.0
2,TFM,2022-06-02,2022-07,85.24830429189568
2,TFM,2022-06-02,2022-08,87.0429718875502
2,TFM,2022-06-02,2022-09,89.49752837116156
1,TFM,2022-06-02,2022-10,92.25
1,TFM,2022-06-02,2022-12,96.76
1,TFM,2022-06-02,2023-01,96.5
2,TFM,2022-06-03,2022-07,85.03427536231885
2,TFM,2022-06-03,2022-08,86.00782608695653
1,TFM,2022-06-03,2022-09,89.185
1,TFM,2022-06-03,2022-10,90.995
1,TFM,2022-06-03,2022-11,94.31
1,TFM,2022-06-03,2022-12,95.0
1,TFM,2022-06-03,2023-02,94.85
2,TFM,2022-06-06,2022-07,81.6447599926994
2,TFM,2022-06-06,2022-08,83.3794344005656
2,TFM,2022-06-06,2022-09,86.41371240054336
2,TFM,2022-06-06,2022-10,90.00100157955198
2,TFM,2022-06-06,2022-11,93.90581816421378
1,TFM,2022-06-06,2022-12,94.15
1,TFM,2022-06-06,2023-01,94.3
1,TFM,2022-06-06,2023-02,93.75
1,TFM,2022-06-06,2023-03,91.0
2,TFM,2022-06-07,2022-07,80.3
2,TFM,2022-06-07,2022-08,82.54664943050798
2,TFM,2022-06-07,2022-09,85.51834572680045
2,TFM,2022-06-07,2022-10,89.00716034271727
1,TFM,2022-06-07,2022-11,92.55
2,TFM,2022-06-07,2022-12,94.2
1,TFM,2022-06-07,2023-01,93.91
1,TFM,2022-06-07,2023-02,93.8
1,TFM,2022-06-07,2023-03,91.0
2,TFM,2022-06-08,2022-07,78.94535127442101
2,TFM,2022-06-08,2022-08,80.69329255930256
2,TFM,2022-06-08,2022-09,83.98890186915887
2,TFM,2022-06-08,2022-10,88.25715176715177
2,TFM,2022-06-08,2022-11,91.97532784496575
2,TFM,2022-06-08,2022-12,92.70283107895564
2,TFM,2022-06-08,2023-01,92.85
1,TFM,2022-06-08,2023-02,92.525
1,TFM,2022-06-08,2023-03,89.625
1,TFM,2022-06-08,2023-04,80.425
2,TFM,2022-06-09,2022-07,86.13264288162054
2,TFM,2022-06-09,2022-08,88.00341571409207
2,TFM,2022-06-09,2022-09,90.18623715879072
2,TFM,2022-06-09,2022-10,93.10079967323227
1,TFM,2022-06-09,2022-11,96.0
2,TFM,2022-06-09,2022-12,96.98870853916725
1,TFM,2022-06-09,2023-01,96.0
2,TFM,2022-06-09,2023-02,95.99308844233968
2,TFM,2022-06-09,2023-03,92.89520030718036
2,TFM,2022-06-10,2022-07,83.53819094789843
2,TFM,2022-06-10,2022-08,84.88046927442484
2,TFM,2022-06-10,2022-09,87.80888989887514
2,TFM,2022-06-10,2022-10,90.60831965308968
2,TFM,2022-06-10,2022-11,94.0
2,TFM,2022-06-10,2022-12,94.97859542896128
2,TFM,2022-06-10,2023-01,95.03888575458392
1,TFM,2022-06-10,2023-02,94.3
1,TFM,2022-06-10,2023-03,92.5
1,TFM,2022-06-10,2023-04,78.0
1,TFM,2022-06-10,2024-09,57.5
1,TFM,2022-06-10,2025-06,45.65
2,TFM,2022-06-13,2022-07,83.8728279607982
2,TFM,2022-06-13,2022-08,85.34850715638812
2,TFM,2022-06-13,2022-09,88.00240833932423
1,TFM,2022-06-13,2022-10,91.19
2,TFM,2022-06-13,2022-11,94.9643540253869
2,TFM,2022-06-13,2022-12,95.05735813066288
2,TFM,2022-06-13,2023-01,95.58050850772541
2,TFM,2022-06-13,2023-02,95.10203351726958
1,TFM,2022-06-13,2023-03,91.5
1,TFM,2022-06-13,2023-05,75.5
2,TFM,2022-06-14,2022-07,96.83496906971212
2,TFM,2022-06-14,2022-08,98.1
2,TFM,2022-06-14,2022-09,99.5
2,TFM,2022-06-14,2022-10,101.69416074987542
1,TFM,2022-06-14,2022-11,103.775
1,TFM,2022-06-14,2022-12,104.4
1,TFM,2022-06-14,2023-01,104.4
1,TFM,2022-06-14,2023-02,103.35
1,TFM,2022-06-14,2023-03,100.5
2,TFM,2022-06-15,2022-07,118.18666707846256
2,TFM,2022-06-15,2022-08,116.8490809108277
2,TFM,2022-06-15,2022-09,115.3406920652323
2,TFM,2022-06-15,2022-10,116.46227524566171
2,TFM,2022-06-15,2022-11,116.2300676818951
2,TFM,2022-06-15,2022-12,117.0
2,TFM,2022-06-15,2023-01,116.97591812161349
2,TFM,2022-06-15,2023-02,118.57390781978249
1,TFM,2022-06-15,2023-03,115.0
1,TFM,2022-06-15,2023-04,83.0
1,TFM,2022-06-15,2023-06,84.0
2,TFM,2022-06-16,2022-07,118.34406504520138
2,TFM,2022-06-16,2022-08,117.51258121277749
2,TFM,2022-06-16,2022-09,119.66096250699495
2,TFM,2022-06-16,2022-10,120.74487171392492
1,TFM,2022-06-16,2022-11,123.10500000000002
2,TFM,2022-06-16,2022-12,122.84919726834056
1,TFM,2022-06-16,2023-01,121.6
1,TFM,2022-06-16,2023-02,115.0
1,TFM,2022-06-16,2023-03,114.8
1,TFM,2022-06-16,2023-04,90.0
2,TFM,2022-06-17,2022-07,124.12694223524487
2,TFM,2022-06-17,2022-08,123.97959762491314
2,TFM,2022-06-17,2022-09,124.92180665746808
2,TFM,2022-06-17,2022-10,124.98020564419146
2,TFM,2022-06-17,2022-11,117.00498353267464
1,TFM,2022-06-17,2022-12,122.03
1,TFM,2022-06-17,2023-01,120.415
1,TFM,2022-06-17,2023-02,115.0
2,TFM,2022-06-17,2023-03,110.70075805432722
1,TFM,2022-06-17,2023-04,90.0
2,TFM,2022-06-20,2022-07,122.57804481254159
2,TFM,2022-06-20,2022-08,123.03941151325164
2,TFM,2022-06-20,2022-09,123.55477459673114
1,TFM,2022-06-20,2022-10,123.565
2,TFM,2022-06-20,2022-11,120.0
1,TFM,2022-06-20,2022-12,120.0
1,TFM,2022-06-20,2023-01,116.525
1,TFM,2022-06-20,2023-02,114.0
1,TFM,2022-06-20,2023-03,107.5
1,TFM,2022-06-20,2023-04,90.0
1,TFM,2022-06-20,2023-05,84.0
2,TFM,2022-06-21,2022-07,125.97477287475665
2,TFM,2022-06-21,2022-08,126.4
2,TFM,2022-06-21,2022-09,127.38598820058998
2,TFM,2022-06-21,2022-10,128.1987313733387
2,TFM,2022-06-21,2022-11,125.49323265422424
2,TFM,2022-06-21,2022-12,123.98339407383934
2,TFM,2022-06-21,2023-01,122.92012425116485
2,TFM,2022-06-21,2023-02,118.28103636795817
1,TFM,2022-06-21,2023-03,112.0
2,TFM,2022-06-22,2022-07,126.30317723666484
2,TFM,2022-06-22,2022-08,126.78089206172447
2,TFM,2022-06-22,2022-09,128.72609956500725
2,TFM,2022-06-22,2022-10,129.3552591863517
2,TFM,2022-06-22,2022-11,128.77913286873073
1,TFM,2022-06-22,2022-12,127.75
1,TFM,2022-06-22,2023-01,125.55
1,TFM,2022-06-22,2023-02,124.0
1,TFM,2022-06-22,2023-04,96.5
1,TFM,2022-06-22,2023-05,88.5
2,TFM,2022-06-23,2022-07,131.37848557979498
2,TFM,2022-06-23,2022-08,132.5274531553302
2,TFM,2022-06-23,2022-09,134.61898545025562
2,TFM,2022-06-23,2022-10,136.0163577912254
2,TFM,2022-06-23,2022-11,134.38158947970268
2,TFM,2022-06-23,2022-12,134.2014705882353
2,TFM,2022-06-23,2023-01,135.0
1,TFM,2022-06-23,2023-02,131.5
1,TFM,2022-06-23,2023-03,125.5
1,TFM,2022-06-23,2023-04,100.0
2,TFM,2022-06-24,2022-07,129.45263805021995
2,TFM,2022-06-24,2022-08,129.75688389371615
2,TFM,2022-06-24,2022-09,132.01163744871317
2,TFM,2022-06-24,2022-10,133.2222081788563
1,TFM,2022-06-24,2022-11,132.735
2,TFM,2022-06-24,2022-12,132.52822506861847
2,TFM,2022-06-24,2023-01,133.4446454413893
1,TFM,2022-06-24,2023-02,130.5
1,TFM,2022-06-24,2023-04,98.58
2,TFM,2022-06-27,2022-07,129.64993154623366
2,TFM,2022-06-27,2022-08,130.3079651450639
2,TFM,2022-06-27,2022-09,133.27748616686557
2,TFM,2022-06-27,2022-10,134.29640939597314
2,TFM,2022-06-27,2022-11,132.92594594594595
2,TFM,2022-06-27,2022-12,133.31278652581224
1,TFM,2022-06-27,2023-01,134.0
1,TFM,2022-06-27,2023-04,99.75
2,TFM,2022-06-28,2022-07,130.08030114980212
2,TFM,2022-06-28,2022-08,130.9280385078219
2,TFM,2022-06-28,2022-09,133.0
2,TFM,2022-06-28,2022-10,134.57103098084585
2,TFM,2022-06-28,2022-11,135.26344552701505
2,TFM,2022-06-28,2022-12,134.52772067252582
1,TFM,2022-06-28,2023-01,133.795
1,TFM,2022-06-28,2023-02,131.295
1,TFM,2022-06-28,2023-03,124.0
2,TFM,2022-06-29,2022-07,139.15294932151758
2,TFM,2022-06-29,2022-08,140.91881650177336
2,TFM,2022-06-29,2022-09,143.11560620175672
2,TFM,2022-06-29,2022-10,143.9014567846444
2,TFM,2022-06-29,2022-11,144.4375583312199
2,TFM,2022-06-29,2022-12,144.43803736898073
1,TFM,2022-06-29,2023-01,142.0
1,TFM,2022-06-29,2023-02,138.5
2,TFM,2022-06-29,2023-03,130.60023396880416
1,TFM,2022-06-29,2023-04,109.0
1,TFM,2022-06-29,2023-05,94.0
1,TFM,2022-06-29,2023-07,96.5
2,TFM,2022-06-30,2022-08,145.38598692859557
2,TFM,2022-06-30,2022-09,147.2454391891892
2,TFM,2022-06-30,2022-10,148.79572769015772
2,TFM,2022-06-30,2022-11,149.43033703561855
2,TFM,2022-06-30,2022-12,149.4103802896106
1,TFM,2022-06-30,2023-01,147.25
1,TFM,2022-06-30,2023-02,145.5
1,TFM,2022-06-30,2023-03,137.0
2,TFM,2022-06-30,2023-04,113.25
1,TFM,2022-06-30,2024-02,84.4
1,TFM,2022-06-30,2024-03,84.7
2,TFM,2022-07-01,2022-08,147.5
2,TFM,2022-07-01,2022-09,149.95906411535321
2,TFM,2022-07-01,2022-10,151.71356439096695
2,TFM,2022-07-01,2022-11,152.92132726848612
2,TFM,2022-07-01,2022-12,153.01110319823903
1,TFM,2022-07-01,2023-01,149.495
1,TFM,2022-07-01,2023-02,146.5
2,TFM,2022-07-01,2023-03,140.69903691813803
1,TFM,2022-07-01,2023-04,113.0
1,TFM,2022-07-01,2023-05,96.5
2,TFM,2022-07-04,2022-08,167.12278360343186
2,TFM,2022-07-04,2022-09,167.885
2,TFM,2022-07-04,2022-10,168.06763240692186
2,TFM,2022-07-04,2022-11,168.41607142857143
2,TFM,2022-07-04,2022-12,166.27630488815245
1,TFM,2022-07-04,2023-01,163.59
1,TFM,2022-07-04,2023-02,160.715
2,TFM,2022-07-04,2023-03,152.89885947923392
1,TFM,2022-07-04,2023-04,127.0
2,TFM,2022-07-05,2022-08,163.66249938593378
2,TFM,2022-07-05,2022-09,165.0092469678795
2,TFM,2022-07-05,2022-10,166.05056067697254
2,TFM,2022-07-05,2022-11,166.6875713153724
2,TFM,2022-07-05,2022-12,164.70633102852204
2,TFM,2022-07-05,2023-01,167.78460461861442
2,TFM,2022-07-05,2023-02,163.22501930501932
2,TFM,2022-07-05,2023-03,155.8765346050379
2,TFM,2022-07-05,2023-04,133.02593497462883
2,TFM,2022-07-06,2022-08,174.41958873758773
2,TFM,2022-07-06,2022-09,175.61840773124712
2,TFM,2022-07-06,2022-10,177.06429390094146
2,TFM,2022-07-06,2022-11,177.84324803149605
2,TFM,2022-07-06,2022-12,174.8186001296176
1,TFM,2022-07-06,2023-01,174.465
1,TFM,2022-07-06,2023-02,170.315
1,TFM,2022-07-06,2023-03,160.5
1,TFM,2022-07-06,2023-04,138.5
1,TFM,2022-07-06,2023-06,111.15
1,TFM,2022-07-06,2023-07,109.75
1,TFM,2022-07-06,2023-08,115.0
1,TFM,2022-07-06,2023-09,115.0
1,TFM,2022-07-06,2024-01,100.0
2,TFM,2022-07-07,2022-08,184.74744048740658
2,TFM,2022-07-07,2022-09,186.02429065743945
2,TFM,2022-07-07,2022-10,187.63399030462972
2,TFM,2022-07-07,2022-11,189.20905650146406
2,TFM,2022-07-07,2022-12,188.3671591762308
1,TFM,2022-07-07,2023-01,184.0
2,TFM,2022-07-07,2023-02,179.71746575342465
1,TFM,2022-07-07,2023-03,173.25
1,TFM,2022-07-07,2023-04,155.5
1,TFM,2022-07-07,2023-05,131.3
2,TFM,2022-07-08,2022-08,169.12516115981117
2,TFM,2022-07-08,2022-09,171.07456202849957
2,TFM,2022-07-08,2022-10,172.3413341038554
2,TFM,2022-07-08,2022-11,173.0348239624453
2,TFM,2022-07-08,2022-12,173.42472956730768
2,TFM,2022-07-08,2023-01,173.23622228343206
1,TFM,2022-07-08,2023-02,167.11
1,TFM,2022-07-08,2023-03,161.115
1,TFM,2022-07-08,2023-04,151.0
2,TFM,2022-07-11,2022-08,163.59532603041524
2,TFM,2022-07-11,2022-09,165.5459811885421
2,TFM,2022-07-11,2022-10,167.5950692940667
2,TFM,2022-07-11,2022-11,168.87554999341324
2,TFM,2022-07-11,2022-12,170.5736742081448
1,TFM,2022-07-11,2023-01,169.79
1,TFM,2022-07-11,2023-02,166.0
2,TFM,2022-07-11,2023-03,159.5552751890276
2,TFM,2022-07-11,2023-04,145.19022752704217
1,TFM,2022-07-11,2023-05,135.0
1,TFM,2022-07-11,2024-06,78.0
1,TFM,2022-07-11,2024-07,75.0
1,TFM,2022-07-11,2024-10,62.2
1,TFM,2022-07-11,2024-11,62.2
1,TFM,2022-07-11,2024-12,62.2
1,TFM,2022-07-11,2025-01,62.2
1,TFM,2022-07-11,2025-02,62.2
1,TFM,2022-07-11,2025-03,62.2
1,TFM,2022-07-11,2025-04,62.2
1,TFM,2022-07-11,2025-05,62.2
1,TFM,2022-07-11,2025-06,62.2
1,TFM,2022-07-11,2025-07,62.2
1,TFM,2022-07-11,2025-08,62.2
1,TFM,2022-07-11,2025-09,62.2
2,TFM,2022-07-12,2022-08,175.03384239149023
2,TFM,2022-07-12,2022-09,177.4704174270073
2,TFM,2022-07-12,2022-10,179.600735650768
2,TFM,2022-07-12,2022-11,181.29711442073608
2,TFM,2022-07-12,2022-12,181.33646151373935
2,TFM,2022-07-12,2023-01,176.8650688559322
2,TFM,2022-07-12,2023-02,175.46269584680428
2,TFM,2022-07-12,2023-03,168.5022813688213
1,TFM,2022-07-12,2023-05,137.0
1,TFM,2022-07-12,2023-09,127.0
1,TFM,2022-07-12,2023-11,126.0
1,TFM,2022-07-12,2023-12,125.0
1,TFM,2022-07-12,2024-01,110.0
1,TFM,2022-07-12,2025-07,44.0
2,TFM,2022-07-13,2022-08,180.56273294151376
2,TFM,2022-07-13,2022-09,182.63675597060623
2,TFM,2022-07-13,2022-10,185.37210317460318
2,TFM,2022-07-13,2022-11,187.1177210884354
2,TFM,2022-07-13,2022-12,187.46213017751478
2,TFM,2022-07-13,2023-01,184.42335352006054
1,TFM,2022-07-13,2023-02,180.0
1,TFM,2022-07-13,2023-03,171.5
1,TFM,2022-07-13,2023-04,153.0
1,TFM,2022-07-13,2023-05,142.0
2,TFM,2022-07-14,2022-08,174.48965110275134
2,TFM,2022-07-14,2022-09,175.75275886524824
2,TFM,2022-07-14,2022-10,177.86646935268283
2,TFM,2022-07-14,2022-11,179.49836043175299
2,TFM,2022-07-14,2022-12,180.3025416997617
1,TFM,2022-07-14,2023-01,179.74
2,TFM,2022-07-14,2023-02,174.08283311772317
2,TFM,2022-07-14,2023-03,169.08356004663815
1,TFM,2022-07-14,2023-04,148.0
1,TFM,2022-07-14,2023-09,129.0
1,TFM,2022-07-14,2023-10,127.1
1,TFM,2022-07-14,2023-12,125.0
2,TFM,2022-07-15,2022-08,160.7676760380248
2,TFM,2022-07-15,2022-09,163.28804796599877
2,TFM,2022-07-15,2022-10,164.79738234150136
2,TFM,2022-07-15,2022-11,165.72058293556086
2,TFM,2022-07-15,2022-12,166.09287649219468
2,TFM,2022-07-15,2023-01,162.6821619047619
2,TFM,2022-07-15,2023-02,157.53317167798255
2,TFM,2022-07-15,2023-03,154.313532513181
1,TFM,2022-07-15,2023-04,139.5
1,TFM,2022-07-15,2023-06,128.0
2,TFM,2022-07-15,2023-07,127.49513122171946
1,TFM,2022-07-15,2023-08,124.0
1,TFM,2022-07-15,2023-09,118.90000000000002
2,TFM,2022-07-15,2023-10,116.25458147597821
1,TFM,2022-07-15,2023-12,118.0
1,TFM,2022-07-15,2024-07,75.0
1,TFM,2022-07-15,2024-09,74.0
2,TFM,2022-07-18,2022-08,159.46367101032325
2,TFM,2022-07-18,2022-09,161.94052570287803
2,TFM,2022-07-18,2022-10,164.9078400926074
2,TFM,2022-07-18,2022-11,166.03571829996488
2,TFM,2022-07-18,2022-12,166.49824030748664
1,TFM,2022-07-18,2023-01,164.17
1,TFM,2022-07-18,2023-02,157.75
1,TFM,2022-07-18,2023-03,152.0
1,TFM,2022-07-18,2023-09,118.0
1,TFM,2022-07-18,2023-10,115.1
2,TFM,2022-07-19,2022-08,154.60000000000002
2,TFM,2022-07-19,2022-09,156.98230718268644
2,TFM,2022-07-19,2022-10,160.7648998275176
2,TFM,2022-07-19,2022-11,162.0256556442417
2,TFM,2022-07-19,2022-12,162.0346824487718
2,TFM,2022-07-19,2023-01,160.16569384296744
2,TFM,2022-07-19,2023-02,156.22712638859778
2,TFM,2022-07-19,2023-03,152.59603072983356
1,TFM,2022-07-19,2023-07,124.0
1,TFM,2022-07-19,2023-08,123.0
2,TFM,2022-07-20,2022-08,156.481054559432
2,TFM,2022-07-20,2022-09,159.385937655612
2,TFM,2022-07-20,2022-10,162.58581497380217
2,TFM,2022-07-20,2022-11,164.1797358363309
2,TFM,2022-07-20,2022-12,164.5664390110641
1,TFM,2022-07-20,2023-01,163.0
2,TFM,2022-07-20,2023-02,160.56480881399872
2,TFM,2022-07-20,2023-03,154.61746910950149
2,TFM,2022-07-20,2023-04,135.9372881355932
2,TFM,2022-07-21,2022-08,156.2827710064635
2,TFM,2022-07-21,2022-09,158.28484004127964
2,TFM,2022-07-21,2022-10,160.2944843033992
2,TFM,2022-07-21,2022-11,161.77924217462933
2,TFM,2022-07-21,2022-12,161.07869742198102
2,TFM,2022-07-21,2023-01,155.85351681957187
2,TFM,2022-07-21,2023-02,153.788308246767
2,TFM,2022-07-21,2023-03,146.58958927552766
1,TFM,2022-07-21,2023-04,134.48
1,TFM,2022-07-21,2023-05,119.0
2,TFM,2022-07-22,2022-08,161.1645951948946
2,TFM,2022-07-22,2022-09,162.16
2,TFM,2022-07-22,2022-10,164.01147397989357
2,TFM,2022-07-22,2022-11,166.75576119402987
2,TFM,2022-07-22,2022-12,164.00655551958565
1,TFM,2022-07-22,2023-01,163.155
1,TFM,2022-07-22,2023-02,157.0
1,TFM,2022-07-22,2023-03,151.4
2,TFM,2022-07-22,2023-04,138.75997861724878
1,TFM,2022-07-22,2023-07,123.25
2,TFM,2022-07-25,2022-08,178.94763165169314
2,TFM,2022-07-25,2022-09,180.76717550343164
2,TFM,2022-07-25,2022-10,181.93938297107957
2,TFM,2022-07-25,2022-11,180.58457983193276
2,TFM,2022-07-25,2022-12,178.19642059830332
1,TFM,2022-07-25,2023-01,174.2
1,TFM,2022-07-25,2023-02,166.0
2,TFM,2022-07-25,2023-03,165.75541401273887
1,TFM,2022-07-25,2023-04,147.5
1,TFM,2022-07-25,2023-07,124.0
1,TFM,2022-07-25,2023-09,126.0
1,TFM,2022-07-25,2023-10,125.5
1,TFM,2022-07-25,2023-12,127.2
2,TFM,2022-07-26,2022-08,212.84250205946228
2,TFM,2022-07-26,2022-09,215.3205302721781
2,TFM,2022-07-26,2022-10,217.39571853320118
2,TFM,2022-07-26,2022-11,217.0
2,TFM,2022-07-26,2022-12,215.52235155790714
2,TFM,2022-07-26,2023-01,211.2301558315072
2,TFM,2022-07-26,2023-02,207.30878016085788
2,TFM,2022-07-26,2023-03,198.19085720325546
1,TFM,2022-07-26,2023-04,164.75
1,TFM,2022-07-26,2023-05,145.5
1,TFM,2022-07-26,2023-10,132.0
1,TFM,2022-07-26,2023-11,133.05
2,TFM,2022-07-27,2022-08,204.90152388269945
2,TFM,2022-07-27,2022-09,206.025
2,TFM,2022-07-27,2022-10,208.20960953939678
2,TFM,2022-07-27,2022-11,206.00378742642667
2,TFM,2022-07-27,2022-12,205.17660808588002
2,TFM,2022-07-27,2023-01,203.9428320140721
2,TFM,2022-07-27,2023-02,193.15129644634794
2,TFM,2022-07-27,2023-03,186.47807066120282
2,TFM,2022-07-27,2023-04,162.55184594348222
1,TFM,2022-07-27,2023-05,152.0
2,TFM,2022-07-28,2022-08,200.6109188723221
2,TFM,2022-07-28,2022-09,201.66303805938935
2,TFM,2022-07-28,2022-10,203.23335479716678
2,TFM,2022-07-28,2022-11,202.03231033917746
2,TFM,2022-07-28,2022-12,201.4827645947081
1,TFM,2022-07-28,2023-01,198.62
2,TFM,2022-07-28,2023-03,186.32078400931496
1,TFM,2022-07-28,2023-04,165.0
2,TFM,2022-07-29,2022-09,194.96688166998945
2,TFM,2022-07-29,2022-10,194.8596764673126
2,TFM,2022-07-29,2022-11,195.23013873775844
2,TFM,2022-07-29,2022-12,194.2342555759945
2,TFM,2022-07-29,2023-01,190.62729599090133
2,TFM,2022-07-29,2023-02,183.7718161985274
1,TFM,2022-07-29,2023-03,175.68999999999997
1,TFM,2022-07-29,2023-04,158.0
2,TFM,2022-08-01,2022-09,199.50903159779966
2,TFM,2022-08-01,2022-10,200.9221700530844
2,TFM,2022-08-01,2022-11,201.0117641113357
2,TFM,2022-08-01,2022-12,200.52540239372678
2,TFM,2022-08-01,2023-01,197.67899545602077
1,TFM,2022-08-01,2023-02,193.205
2,TFM,2022-08-01,2023-03,184.0779423226812
1,TFM,2022-08-01,2023-04,165.0
2,TFM,2022-08-01,2023-10,140.434039408867
1,TFM,2022-08-01,2023-12,141.5
2,TFM,2022-08-02,2022-09,200.3494161207633
2,TFM,2022-08-02,2022-10,201.79955941658824
2,TFM,2022-08-02,2022-11,201.2084980237154
2,TFM,2022-08-02,2022-12,201.01833000665334
2,TFM,2022-08-02,2023-01,198.14464802314367
2,TFM,2022-08-02,2023-02,195.85409564520438
2,TFM,2022-08-02,2023-03,190.605580693816
1,TFM,2022-08-02,2023-04,170.0
1,TFM,2022-08-02,2023-05,156.495
1,TFM,2022-08-02,2023-06,151.495
2,TFM,2022-08-03,2022-09,202.28265731065517
2,TFM,2022-08-03,2022-10,203.12956428762362
2,TFM,2022-08-03,2022-11,201.35124092442993
2,TFM,2022-08-03,2022-12,198.00330200660403
2,TFM,2022-08-03,2023-01,196.45808157099697
2,TFM,2022-08-03,2023-02,196.2877312560857
2,TFM,2022-08-03,2023-03,185.36140510948906
2,TFM,2022-08-03,2023-04,168.18475750577366
1,TFM,2022-08-03,2023-05,156.0
2,TFM,2022-08-04,2022-09,199.73174116702359
2,TFM,2022-08-04,2022-10,202.02692998204668
2,TFM,2022-08-04,2022-11,202.6795299561617
2,TFM,2022-08-04,2022-12,202.14050061804693
2,TFM,2022-08-04,2023-01,197.29609375
2,TFM,2022-08-04,2023-02,193.23773674242426
1,TFM,2022-08-04,2023-03,187.13
2,TFM,2022-08-04,2023-04,168.31617647058823
1,TFM,2022-08-04,2023-05,158.35
2,TFM,2022-08-04,2023-06,153.0067643742954
1,TFM,2022-08-04,2023-07,146.0
1,TFM,2022-08-04,2023-08,150.0
1,TFM,2022-08-04,2023-10,143.0
1,TFM,2022-08-04,2023-12,146.0
2,TFM,2022-08-05,2022-09,194.84234935258965
2,TFM,2022-08-05,2022-10,196.61293302540415
2,TFM,2022-08-05,2022-11,196.1127943960621
2,TFM,2022-08-05,2022-12,195.64377238050756
2,TFM,2022-08-05,2023-01,193.90691192560178
2,TFM,2022-08-05,2023-02,190.49330893883953
1,TFM,2022-08-05,2023-03,182.995
2,TFM,2022-08-05,2023-04,169.0
1,TFM,2022-08-05,2023-05,158.0
2,TFM,2022-08-05,2023-06,153.68175388967467
1,TFM,2022-08-05,2023-09,153.5
2,TFM,2022-08-05,2023-10,147.78272251308903
2,TFM,2022-08-05,2023-12,149.54562043795622
2,TFM,2022-08-08,2022-09,191.0
2,TFM,2022-08-08,2022-10,193.11565595054097
2,TFM,2022-08-08,2022-11,193.6
2,TFM,2022-08-08,2022-12,193.13075453677172
2,TFM,2022-08-08,2023-01,190.90401658767775
1,TFM,2022-08-08,2023-02,188.35
1,TFM,2022-08-08,2023-03,181.75
1,TFM,2022-08-08,2023-04,168.0
1,TFM,2022-08-08,2023-06,155.0
1,TFM,2022-08-08,2023-08,150.0
1,TFM,2022-08-08,2023-09,150.8
1,TFM,2022-08-08,2023-10,151.7
1,TFM,2022-08-08,2023-11,152.9
2,TFM,2022-08-09,2022-09,195.00442465111246
2,TFM,2022-08-09,2022-10,198.3250078406319
2,TFM,2022-08-09,2022-11,198.1347110034105
2,TFM,2022-08-09,2022-12,198.50965580662114
2,TFM,2022-08-09,2023-01,193.8850926918952
2,TFM,2022-08-09,2023-02,191.92022848138663
2,TFM,2022-08-09,2023-03,184.24843249268497
1,TFM,2022-08-09,2023-04,171.275
1,TFM,2022-08-09,2023-09,157.0
1,TFM,2022-08-09,2023-10,154.0
1,TFM,2022-08-09,2023-11,155.0
1,TFM,2022-08-09,2024-01,149.0
1,TFM,2022-08-09,2024-02,138.0
1,TFM,2022-08-09,2024-03,136.0
1,TFM,2022-08-09,2024-04,106.0
1,TFM,2022-08-09,2024-05,98.0
1,TFM,2022-08-09,2024-06,97.0
1,TFM,2022-08-09,2024-07,91.0
1,TFM,2022-08-09,2024-08,90.0
1,TFM,2022-08-09,2024-09,89.0
2,TFM,2022-08-10,2022-09,206.97896590977172
2,TFM,2022-08-10,2022-10,210.1959553959554
2,TFM,2022-08-10,2022-11,210.9091747936984
2,TFM,2022-08-10,2022-12,211.36580186764107
2,TFM,2022-08-10,2023-01,207.42039336492888
1,TFM,2022-08-10,2023-02,204.265
2,TFM,2022-08-10,2023-03,197.2647713950762
1,TFM,2022-08-10,2023-04,184.0
1,TFM,2022-08-10,2023-05,177.5
1,TFM,2022-08-10,2023-06,171.0
1,TFM,2022-08-10,2023-08,165.5
1,TFM,2022-08-10,2023-09,166.0
1,TFM,2022-08-10,2025-04,63.0
1,TFM,2022-08-10,2025-05,61.0
1,TFM,2022-08-10,2025-07,60.1
1,TFM,2022-08-10,2025-08,60.0
1,TFM,2022-08-10,2025-09,60.5
2,TFM,2022-08-11,2022-09,208.06388352676456
2,TFM,2022-08-11,2022-10,212.52163972564279
2,TFM,2022-08-11,2022-11,214.99705362404242
2,TFM,2022-08-11,2022-12,215.35787038923988
2,TFM,2022-08-11,2023-01,213.69762773722627
2,TFM,2022-08-11,2023-02,211.70123102866782
2,TFM,2022-08-11,2023-03,206.87192627556757
2,TFM,2022-08-11,2023-04,195.87051663861195
1,TFM,2022-08-11,2023-05,180.2
1,TFM,2022-08-11,2023-06,185.19999999999996
2,TFM,2022-08-11,2023-07,177.4860911958704
1,TFM,2022-08-11,2023-08,184.1
2,TFM,2022-08-11,2023-09,186.87323537885337
2,TFM,2022-08-11,2023-10,183.35488083578193
1,TFM,2022-08-11,2023-11,185.05
2,TFM,2022-08-12,2022-09,205.2855686349484
2,TFM,2022-08-12,2022-10,209.72327357685222
2,TFM,2022-08-12,2022-11,212.59652274968306
2,TFM,2022-08-12,2022-12,213.04059267687217
2,TFM,2022-08-12,2023-01,210.580387230269
2,TFM,2022-08-12,2023-02,209.23134860651865
2,TFM,2022-08-12,2023-03,204.40438182720953
1,TFM,2022-08-12,2023-04,193.225
1,TFM,2022-08-12,2023-05,188.05
1,TFM,2022-08-12,2023-06,184.825
1,TFM,2022-08-12,2023-07,185.175
1,TFM,2022-08-12,2023-09,185.0
1,TFM,2022-08-12,2023-10,182.0
1,TFM,2022-08-12,2023-11,183.2
2,TFM,2022-08-15,2022-09,229.1509462585808
2,TFM,2022-08-15,2022-10,234.6912465219811
2,TFM,2022-08-15,2022-11,237.3202108094583
2,TFM,2022-08-15,2022-12,237.12247958821442
2,TFM,2022-08-15,2023-01,230.5284208501635
1,TFM,2022-08-15,2023-02,228.965
1,TFM,2022-08-15,2023-03,223.39
1,TFM,2022-08-15,2023-04,207.39
1,TFM,2022-08-15,2023-05,204.0
1,TFM,2022-08-15,2023-06,192.5
2,TFM,2022-08-15,2023-07,191.53821656050954
2,TFM,2022-08-15,2023-08,192.30490797546014
1,TFM,2022-08-15,2023-09,192.7
1,TFM,2022-08-15,2023-10,187.79
1,TFM,2022-08-15,2023-12,185.0
2,TFM,2022-08-16,2022-09,222.91462564982044
2,TFM,2022-08-16,2022-10,227.42100231414523
2,TFM,2022-08-16,2022-11,230.881826429305
2,TFM,2022-08-16,2022-12,231.2996404159045
2,TFM,2022-08-16,2023-01,231.0740083507307
2,TFM,2022-08-16,2023-02,229.21023023791253
2,TFM,2022-08-16,2023-03,225.00454201362604
1,TFM,2022-08-16,2023-04,218.5
1,TFM,2022-08-16,2023-05,206.0
1,TFM,2022-08-16,2023-06,207.5
1,TFM,2022-08-16,2023-07,205.7
2,TFM,2022-08-17,2022-09,226.90503130205042
2,TFM,2022-08-17,2022-10,230.5551816358888
2,TFM,2022-08-17,2022-11,234.27185452215008
2,TFM,2022-08-17,2022-12,233.59121385471357
2,TFM,2022-08-17,2023-01,232.9671660168274
1,TFM,2022-08-17,2023-02,230.91500000000002
2,TFM,2022-08-17,2023-03,225.94631226227133
1,TFM,2022-08-17,2023-04,212.5
1,TFM,2022-08-17,2023-05,209.0
2,TFM,2022-08-17,2023-06,209.4943886591849
1,TFM,2022-08-17,2023-07,211.0
1,TFM,2022-08-17,2023-09,201.5
1,TFM,2022-08-17,2023-12,199.5
2,TFM,2022-08-18,2022-09,239.04422517253806
2,TFM,2022-08-18,2022-10,242.2921667645332
2,TFM,2022-08-18,2022-11,245.52135544217685
2,TFM,2022-08-18,2022-12,245.8804895626243
2,TFM,2022-08-18,2023-01,245.99294436186025
1,TFM,2022-08-18,2023-02,245.175
2,TFM,2022-08-18,2023-03,238.28242514413242
2,TFM,2022-08-18,2023-04,226.12122302158275
1,TFM,2022-08-18,2023-05,212.0
2,TFM,2022-08-18,2023-07,217.6284251968504
1,TFM,2022-08-18,2023-08,210.35
1,TFM,2022-08-18,2023-10,203.35
1,TFM,2022-08-18,2023-12,204.65
2,TFM,2022-08-19,2022-09,256.92055221901563
2,TFM,2022-08-19,2022-10,260.9752573781743
2,TFM,2022-08-19,2022-11,262.8123901853123
2,TFM,2022-08-19,2022-12,264.2455321683876
2,TFM,2022-08-19,2023-01,263.5997889505615
1,TFM,2022-08-19,2023-02,262.205
1,TFM,2022-08-19,2023-03,259.005
1,TFM,2022-08-19,2023-04,247.005
1,TFM,2022-08-19,2023-06,223.0
1,TFM,2022-08-19,2023-09,225.7
2,TFM,2022-08-22,2022-09,280.1910141592921
2,TFM,2022-08-22,2022-10,283.81853028669167
2,TFM,2022-08-22,2022-11,288.6154339806501
2,TFM,2022-08-22,2022-12,290.4454427206508
2,TFM,2022-08-22,2023-01,283.4781948424069
2,TFM,2022-08-22,2023-02,280.9849340046265
2,TFM,2022-08-22,2023-03,278.6170797399496
1,TFM,2022-08-22,2023-04,261.28
1,TFM,2022-08-22,2023-05,253.28
2,TFM,2022-08-22,2023-06,249.95306388526728
2,TFM,2022-08-22,2023-09,274.9679170779862
2,TFM,2022-08-23,2022-09,259.99904696497435
2,TFM,2022-08-23,2022-10,265.47997375328083
2,TFM,2022-08-23,2022-11,270.5887581227437
2,TFM,2022-08-23,2022-12,269.99331066460593
2,TFM,2022-08-23,2023-01,267.8341625207297
2,TFM,2022-08-23,2023-02,265.99784175381126
2,TFM,2022-08-23,2023-03,263.0
2,TFM,2022-08-23,2023-04,252.5251613736122
2,TFM,2022-08-23,2023-05,241.3491447925487
2,TFM,2022-08-23,2023-06,238.60138974675726
1,TFM,2022-08-23,2023-07,239.9
1,TFM,2022-08-23,2023-08,239.3
1,TFM,2022-08-23,2023-09,235.0
1,TFM,2022-08-23,2023-10,230.5
1,TFM,2022-08-23,2023-11,237.4
1,TFM,2022-08-23,2023-12,236.24
1,TFM,2022-08-23,2024-01,233.93
1,TFM,2022-08-23,2024-02,228.54
1,TFM,2022-08-23,2024-03,212.56
1,TFM,2022-08-23,2024-04,181.64
1,TFM,2022-08-23,2024-05,170.52
1,TFM,2022-08-23,2024-06,161.95
1,TFM,2022-08-23,2024-07,160.36
1,TFM,2022-08-23,2024-08,160.36
1,TFM,2022-08-23,2024-09,160.36
1,TFM,2022-08-23,2024-10,160.46
1,TFM,2022-08-23,2024-11,160.46
1,TFM,2022-08-23,2024-12,160.46
1,TFM,2022-08-23,2025-01,160.68
1,TFM,2022-08-23,2025-02,156.76
1,TFM,2022-08-23,2025-03,152.84
1,TFM,2022-08-23,2025-04,101.44
1,TFM,2022-08-23,2025-05,97.73
1,TFM,2022-08-23,2025-06,95.17
1,TFM,2022-08-23,2025-07,92.02
1,TFM,2022-08-23,2025-08,90.2
1,TFM,2022-08-23,2025-09,91.11
2,TFM,2022-08-24,2022-09,291.1987109124306
2,TFM,2022-08-24,2022-10,295.49844856116556
2,TFM,2022-08-24,2022-11,299.0530309544282
2,TFM,2022-08-24,2022-12,297.33858256622204
2,TFM,2022-08-24,2023-01,294.4549999999999
2,TFM,2022-08-24,2023-02,292.12
2,TFM,2022-08-24,2023-03,286.82
1,TFM,2022-08-24,2023-04,272.05
1,TFM,2022-08-24,2023-05,261.305
2,TFM,2022-08-24,2023-06,256.75354649265904
2,TFM,2022-08-24,2023-07,250.9639477242001
1,TFM,2022-08-24,2023-08,240.0
1,TFM,2022-08-24,2023-09,260.095
1,TFM,2022-08-24,2023-11,240.0
1,TFM,2022-08-24,2024-03,216.5
1,TFM,2022-08-24,2024-05,159.5
1,TFM,2022-08-24,2024-07,153.5
2,TFM,2022-08-25,2022-09,310.8444805030171
2,TFM,2022-08-25,2022-10,316.4
2,TFM,2022-08-25,2022-11,321.51583229446885
2,TFM,2022-08-25,2022-12,319.38173750811166
1,TFM,2022-08-25,2023-01,315.31
2,TFM,2022-08-25,2023-02,315.3623188405797
2,TFM,2022-08-25,2023-03,305.52598285894004
1,TFM,2022-08-25,2023-04,298.0
1,TFM,2022-08-25,2023-05,273.5
1,TFM,2022-08-25,2023-06,272.0
1,TFM,2022-08-25,2023-10,255.5
2,TFM,2022-08-26,2022-09,306.58486340200176
2,TFM,2022-08-26,2022-10,327.9645743623716
2,TFM,2022-08-26,2022-11,332.0355382598171
2,TFM,2022-08-26,2022-12,335.060569581979
2,TFM,2022-08-26,2023-01,331.7115589575786
2,TFM,2022-08-26,2023-02,327.993835097254
2,TFM,2022-08-26,2023-03,325.11280781400467
2,TFM,2022-08-26,2023-04,322.89349158825206
2,TFM,2022-08-26,2023-05,312.1998399715505
2,TFM,2022-08-26,2023-06,308.79466666666667
1,TFM,2022-08-26,2024-04,210.0
2,TFM,2022-08-29,2022-09,281.8958195089582
2,TFM,2022-08-29,2022-10,295.9951892238615
2,TFM,2022-08-29,2022-11,302.0056642636457
2,TFM,2022-08-29,2022-12,300.77381043745197
1,TFM,2022-08-29,2023-01,296.525
1,TFM,2022-08-29,2023-02,301.625
1,TFM,2022-08-29,2023-03,292.49
2,TFM,2022-08-29,2023-04,278.03275109170306
2,TFM,2022-08-29,2023-05,290.54347826086956
1,TFM,2022-08-29,2023-09,257.5
1,TFM,2022-08-29,2023-10,259.0
1,TFM,2022-08-29,2023-12,250.0
2,TFM,2022-08-30,2022-09,252.62333455248447
2,TFM,2022-08-30,2022-10,271.1251645968589
2,TFM,2022-08-30,2022-11,275.9749221789883
2,TFM,2022-08-30,2022-12,274.7883359603693
2,TFM,2022-08-30,2023-01,270.948954788527
2,TFM,2022-08-30,2023-02,267.1507986870898
2,TFM,2022-08-30,2023-03,258.30207558859973
2,TFM,2022-08-30,2023-04,239.63317402768624
2,TFM,2022-08-30,2023-05,223.52768211920534
1,TFM,2022-08-30,2023-06,218.00500000000002
1,TFM,2022-08-30,2023-11,225.0
1,TFM,2022-08-30,2023-12,211.0
2,TFM,2022-08-31,2022-10,239.0045802299678
2,TFM,2022-08-31,2022-11,243.78464258035103
2,TFM,2022-08-31,2022-12,244.82499564737972
2,TFM,2022-08-31,2023-01,238.8991242787732
2,TFM,2022-08-31,2023-02,226.93082778346994
2,TFM,2022-08-31,2023-03,221.44154935374988
2,TFM,2022-08-31,2023-04,206.5403738317757
1,TFM,2022-08-31,2023-05,188.5
2,TFM,2022-08-31,2023-06,190.76060848678944
1,TFM,2022-08-31,2023-08,182.0
1,TFM,2022-08-31,2023-09,195.0
2,TFM,2022-08-31,2023-12,180.2961766132945
1,TFM,2022-08-31,2024-01,171.22
1,TFM,2022-08-31,2024-02,164.37
2,TFM,2022-09-01,2022-10,251.93207605029133
2,TFM,2022-09-01,2022-11,257.8216466695528
2,TFM,2022-09-01,2022-12,258.5626290630975
2,TFM,2022-09-01,2023-01,252.2272027734678
1,TFM,2022-09-01,2023-02,235.29
2,TFM,2022-09-01,2023-03,237.04439624710616
2,TFM,2022-09-01,2023-04,209.46270692347738
1,TFM,2022-09-01,2023-05,191.46
1,TFM,2022-09-01,2023-06,188.82
1,TFM,2022-09-01,2023-07,182.0
1,TFM,2022-09-01,2023-08,181.0
2,TFM,2022-09-02,2022-10,211.97824015247775
2,TFM,2022-09-02,2022-11,220.62435862995298
2,TFM,2022-09-02,2022-12,221.02384029158384
2,TFM,2022-09-02,2023-01,215.99112696035937
2,TFM,2022-09-02,2023-02,208.36544690098262
2,TFM,2022-09-02,2023-03,203.47255126182966
1,TFM,2022-09-02,2023-04,187.225
1,TFM,2022-09-02,2023-05,179.965
1,TFM,2022-09-02,2023-06,159.91
1,TFM,2022-09-02,2023-07,156.91
1,TFM,2022-09-02,2023-08,155.43
1,TFM,2022-09-02,2023-09,155.33
2,TFM,2022-09-05,2022-10,240.3739788840937
2,TFM,2022-09-05,2022-11,251.53708578447217
2,TFM,2022-09-05,2022-12,252.8477826591512
2,TFM,2022-09-05,2023-01,248.62640906362546
2,TFM,2022-09-05,2023-02,241.89288199181448
2,TFM,2022-09-05,2023-03,239.2740357999631
1,TFM,2022-09-05,2023-04,244.0
1,TFM,2022-09-05,2023-05,228.5
1,TFM,2022-09-05,2023-06,240.0
1,TFM,2022-09-05,2023-07,193.0
1,TFM,2022-09-05,2023-09,198.0
2,TFM,2022-09-06,2022-10,238.6769935825893
2,TFM,2022-09-06,2022-11,248.1059428925172
2,TFM,2022-09-06,2022-12,249.860481444333
2,TFM,2022-09-06,2023-01,245.2775154766818
1,TFM,2022-09-06,2023-02,241.59
2,TFM,2022-09-06,2023-03,234.2647598553968
1,TFM,2022-09-06,2023-04,203.56
1,TFM,2022-09-06,2023-05,193.36
1,TFM,2022-09-06,2023-06,201.0
1,TFM,2022-09-06,2023-10,192.65
1,TFM,2022-09-06,2023-11,193.65
2,TFM,2022-09-06,2023-12,196.93401759530792
1,TFM,2022-09-06,2024-01,195.0
2,TFM,2022-09-07,2022-10,207.9710371293784
2,TFM,2022-09-07,2022-11,216.0
2,TFM,2022-09-07,2022-12,216.94960910711833
2,TFM,2022-09-07,2023-01,215.83568088436706
2,TFM,2022-09-07,2023-02,216.87091719898757
2,TFM,2022-09-07,2023-03,208.70437754179846
2,TFM,2022-09-07,2023-04,202.7720207253886
2,TFM,2022-09-07,2023-05,189.3526662908681
2,TFM,2022-09-07,2023-06,197.67053892215569
1,TFM,2022-09-07,2023-07,207.0
1,TFM,2022-09-07,2023-08,195.0
1,TFM,2022-09-07,2023-09,195.0
1,TFM,2022-09-07,2023-10,190.0
2,TFM,2022-09-08,2022-10,221.69423186163874
2,TFM,2022-09-08,2022-11,229.80212870880248
2,TFM,2022-09-08,2022-12,230.44376603734221
2,TFM,2022-09-08,2023-01,227.5408683566822
2,TFM,2022-09-08,2023-02,227.21468991722077
2,TFM,2022-09-08,2023-03,223.69565806178588
2,TFM,2022-09-08,2023-04,207.85350318471336
1,TFM,2022-09-08,2023-05,193.5
1,TFM,2022-09-08,2023-06,194.0
1,TFM,2022-09-08,2023-07,180.005
2,TFM,2022-09-09,2022-10,206.91588846507958
2,TFM,2022-09-09,2022-11,217.428416
2,TFM,2022-09-09,2022-12,217.22152919612464
2,TFM,2022-09-09,2023-01,214.9722151499874
2,TFM,2022-09-09,2023-02,210.51911656029563
1,TFM,2022-09-09,2023-03,207.26000000000002
1,TFM,2022-09-09,2023-04,191.49
1,TFM,2022-09-09,2023-06,183.5
2,TFM,2022-09-12,2022-10,190.98871424716677
2,TFM,2022-09-12,2022-11,201.92484437949284
2,TFM,2022-09-12,2022-12,203.42602782071094
2,TFM,2022-09-12,2023-01,199.1766862170088
2,TFM,2022-09-12,2023-02,195.27223279847703
2,TFM,2022-09-12,2023-03,192.5545920456207
1,TFM,2022-09-12,2023-04,185.335
1,TFM,2022-09-12,2023-05,175.45
1,TFM,2022-09-12,2023-06,175.0
1,TFM,2022-09-12,2023-09,176.0
1,TFM,2022-09-12,2024-01,172.5
2,TFM,2022-09-13,2022-10,202.31247801413733
2,TFM,2022-09-13,2022-11,209.15801106702858
2,TFM,2022-09-13,2022-12,209.98426839910792
2,TFM,2022-09-13,2023-01,208.50161655350794
2,TFM,2022-09-13,2023-02,206.1894287711272
2,TFM,2022-09-13,2023-03,201.3784209043527
1,TFM,2022-09-13,2023-04,191.35
2,TFM,2022-09-13,2023-05,180.27410358565737
2,TFM,2022-09-13,2023-06,176.729418344519
2,TFM,2022-09-13,2023-07,174.8913043478261
2,TFM,2022-09-13,2023-08,169.50934065934067
1,TFM,2022-09-13,2023-09,169.0
1,TFM,2022-09-13,2023-10,168.0
1,TFM,2022-09-13,2023-11,167.865
1,TFM,2022-09-13,2023-12,170.25
1,TFM,2022-09-13,2024-01,167.0
2,TFM,2022-09-14,2022-10,222.0
2,TFM,2022-09-14,2022-11,231.0479846449136
2,TFM,2022-09-14,2022-12,234.39613857978665
2,TFM,2022-09-14,2023-01,232.91360162701838
2,TFM,2022-09-14,2023-02,230.1277889284558
2,TFM,2022-09-14,2023-03,225.2341167355372
1,TFM,2022-09-14,2023-04,206.0
1,TFM,2022-09-14,2023-05,195.38
2,TFM,2022-09-14,2023-06,184.8
1,TFM,2022-09-14,2023-07,181.2
2,TFM,2022-09-14,2023-09,181.59803728070176
1,TFM,2022-09-14,2023-12,181.5
1,TFM,2022-09-14,2024-03,151.0
1,TFM,2022-09-14,2024-04,122.0
1,TFM,2022-09-14,2024-05,103.0
1,TFM,2022-09-14,2024-07,98.0
2,TFM,2022-09-15,2022-10,214.01605737704918
2,TFM,2022-09-15,2022-11,225.8613875598086
2,TFM,2022-09-15,2022-12,227.52815291816106
2,TFM,2022-09-15,2023-01,226.97680831826403
2,TFM,2022-09-15,2023-02,224.9224829766537
2,TFM,2022-09-15,2023-03,219.80611459968605
2,TFM,2022-09-15,2023-04,211.31607223989099
2,TFM,2022-09-15,2023-05,200.42865819988958
1,TFM,2022-09-15,2023-06,199.5
1,TFM,2022-09-15,2023-07,194.0
2,TFM,2022-09-15,2023-09,196.87314578005115
1,TFM,2022-09-15,2023-10,192.0
1,TFM,2022-09-15,2023-11,192.5
2,TFM,2022-09-15,2023-12,197.0
1,TFM,2022-09-15,2024-01,188.0
1,TFM,2022-09-15,2024-02,180.0
1,TFM,2022-09-15,2024-03,165.0
1,TFM,2022-09-15,2024-04,130.0
1,TFM,2022-09-15,2024-05,107.0
1,TFM,2022-09-15,2024-06,103.0
1,TFM,2022-09-15,2024-07,100.0
1,TFM,2022-09-15,2024-08,96.73
1,TFM,2022-09-15,2024-09,97.735
1,TFM,2022-09-15,2024-10,95.225
1,TFM,2022-09-15,2024-11,96.725
1,TFM,2022-09-15,2024-12,95.725
1,TFM,2022-09-15,2025-06,67.95
1,TFM,2022-09-15,2025-07,69.55
2,TFM,2022-09-16,2022-10,186.9113623494286
2,TFM,2022-09-16,2022-11,201.0731617647059
2,TFM,2022-09-16,2022-12,204.8522495631916
2,TFM,2022-09-16,2023-01,204.00593080043043
2,TFM,2022-09-16,2023-02,201.19598903695305
2,TFM,2022-09-16,2023-03,197.81820907455526
2,TFM,2022-09-16,2023-04,184.13051990428542
1,TFM,2022-09-16,2023-05,180.5
2,TFM,2022-09-19,2022-10,175.53198948290972
2,TFM,2022-09-19,2022-11,192.53837422942098
2,TFM,2022-09-19,2022-12,195.02685464921115
2,TFM,2022-09-19,2023-01,194.40600118483414
1,TFM,2022-09-19,2023-02,193.585
2,TFM,2022-09-19,2023-03,190.5722868852459
1,TFM,2022-09-19,2023-04,177.385
2,TFM,2022-09-19,2023-05,168.54167315175096
1,TFM,2022-09-19,2023-06,165.78
2,TFM,2022-09-19,2023-09,166.17409836065573
2,TFM,2022-09-20,2022-10,199.41533899146316
2,TFM,2022-09-20,2022-11,212.27262688778436
2,TFM,2022-09-20,2022-12,217.19537436072284
2,TFM,2022-09-20,2023-01,211.52963195973575
2,TFM,2022-09-20,2023-02,212.55
2,TFM,2022-09-20,2023-03,208.72722549019608
2,TFM,2022-09-20,2023-04,193.98251385041553
2,TFM,2022-09-20,2023-05,180.99993851451057
2,TFM,2022-09-20,2023-06,178.23145065398336
1,TFM,2022-09-20,2023-09,178.0
1,TFM,2022-09-20,2023-10,166.7
1,TFM,2022-09-20,2023-12,176.0
2,TFM,2022-09-21,2022-10,183.2893686529744
2,TFM,2022-09-21,2022-11,197.22818713826365
2,TFM,2022-09-21,2022-12,202.62781284004353
2,TFM,2022-09-21,2023-01,201.76556994191674
2,TFM,2022-09-21,2023-02,200.84495108626604
2,TFM,2022-09-21,2023-03,199.2333588831098
2,TFM,2022-09-21,2023-04,185.71223234624145
2,TFM,2022-09-21,2023-05,176.01446781550936
1,TFM,2022-09-21,2023-06,173.475
1,TFM,2022-09-21,2023-09,191.89
1,TFM,2022-09-21,2023-10,191.35
1,TFM,2022-09-21,2023-12,192.765
2,TFM,2022-09-22,2022-10,188.0870588936576
2,TFM,2022-09-22,2022-11,203.9276173065204
2,TFM,2022-09-22,2022-12,209.3599536111333
2,TFM,2022-09-22,2023-01,210.13831918505943
2,TFM,2022-09-22,2023-02,210.00520231617134
1,TFM,2022-09-22,2023-03,206.175
1,TFM,2022-09-22,2023-04,191.0
1,TFM,2022-09-22,2023-05,180.5
2,TFM,2022-09-22,2023-06,183.6623
2,TFM,2022-09-22,2023-07,181.5102242744063
1,TFM,2022-09-22,2023-08,182.27
1,TFM,2022-09-22,2023-09,183.075
1,TFM,2022-09-22,2023-10,175.5
2,TFM,2022-09-22,2023-12,178.02147087857847
1,TFM,2022-09-22,2024-06,92.9
1,TFM,2022-09-22,2024-09,100.0
2,TFM,2022-09-23,2022-10,181.86605858537746
2,TFM,2022-09-23,2022-11,200.04476350236496
2,TFM,2022-09-23,2022-12,204.56448103943194
2,TFM,2022-09-23,2023-01,205.31842086926227
2,TFM,2022-09-23,2023-02,204.68324272900244
2,TFM,2022-09-23,2023-03,201.03606285310732
1,TFM,2022-09-23,2023-04,185.995
2,TFM,2022-09-23,2023-05,177.51149794801643
2,TFM,2022-09-23,2023-06,174.14789737869492
1,TFM,2022-09-23,2023-07,175.985
1,TFM,2022-09-23,2023-08,175.46
2,TFM,2022-09-23,2023-09,176.31340425531917
1,TFM,2022-09-23,2023-11,172.5
1,TFM,2022-09-23,2023-12,173.62
1,TFM,2022-09-23,2024-03,153.0
1,TFM,2022-09-23,2024-05,105.0
1,TFM,2022-09-23,2024-07,99.0
2,TFM,2022-09-26,2022-10,172.8518849277226
2,TFM,2022-09-26,2022-11,192.4176959482858
2,TFM,2022-09-26,2022-12,198.1526208005416
2,TFM,2022-09-26,2023-01,199.50700012727503
2,TFM,2022-09-26,2023-02,196.72825979635917
2,TFM,2022-09-26,2023-03,193.9943824865758
1,TFM,2022-09-26,2023-04,184.0
2,TFM,2022-09-26,2023-05,178.98223082336384
1,TFM,2022-09-26,2023-06,177.0
1,TFM,2022-09-26,2023-09,172.955
2,TFM,2022-09-27,2022-10,207.48153943063824
2,TFM,2022-09-27,2022-11,225.35470322215943
2,TFM,2022-09-27,2022-12,227.17665412283253
2,TFM,2022-09-27,2023-01,231.43329254302103
2,TFM,2022-09-27,2023-02,231.77985501242753
2,TFM,2022-09-27,2023-03,228.94377415954082
1,TFM,2022-09-27,2023-04,215.0
1,TFM,2022-09-27,2023-05,201.95
1,TFM,2022-09-27,2023-06,182.0
2,TFM,2022-09-28,2022-10,204.8074248674131
2,TFM,2022-09-28,2022-11,221.62827279963133
2,TFM,2022-09-28,2022-12,226.12283933800995
2,TFM,2022-09-28,2023-01,226.58808163265306
2,TFM,2022-09-28,2023-02,226.2602150847653
2,TFM,2022-09-28,2023-03,225.43941273256553
2,TFM,2022-09-28,2023-04,211.23902691511387
2,TFM,2022-09-28,2023-05,205.3188953488372
2,TFM,2022-09-28,2023-06,202.9611650485437
2,TFM,2022-09-29,2022-10,184.92344204421283
2,TFM,2022-09-29,2022-11,204.88529499850253
2,TFM,2022-09-29,2022-12,209.94055944055944
2,TFM,2022-09-29,2023-01,210.39839095049652
2,TFM,2022-09-29,2023-02,208.4238259808904
2,TFM,2022-09-29,2023-03,206.0515562403698
1,TFM,2022-09-29,2023-04,194.32
1,TFM,2022-09-29,2023-05,188.15
1,TFM,2022-09-29,2023-06,184.0
1,TFM,2022-09-29,2023-07,186.49
1,TFM,2022-09-29,2023-09,191.0
1,TFM,2022-09-29,2023-10,185.65000000000003
2,TFM,2022-09-30,2022-11,186.32931081449198
2,TFM,2022-09-30,2022-12,192.89142172830046
2,TFM,2022-09-30,2023-01,195.08055027074488
2,TFM,2022-09-30,2023-02,195.20054129911787
2,TFM,2022-09-30,2023-03,192.56603636363636
2,TFM,2022-09-30,2023-04,183.14852897473997
1,TFM,2022-09-30,2023-05,177.75
1,TFM,2022-09-30,2023-06,179.185
1,TFM,2022-09-30,2023-09,184.0
2,TFM,2022-10-03,2022-11,169.05746585223608
2,TFM,2022-10-03,2022-12,176.5624014200583
2,TFM,2022-10-03,2023-01,179.27249431862705
2,TFM,2022-10-03,2023-02,180.16392007184555
2,TFM,2022-10-03,2023-03,176.9666872396235
2,TFM,2022-10-03,2023-04,169.25163576881133
2,TFM,2022-10-03,2023-05,165.20166453265045
1,TFM,2022-10-03,2023-06,164.25
1,TFM,2022-10-03,2023-09,172.5
1,TFM,2022-10-03,2023-10,163.0
1,TFM,2022-10-03,2023-11,164.7
1,TFM,2022-10-03,2023-12,166.7
2,TFM,2022-10-04,2022-11,168.68174757281554
2,TFM,2022-10-04,2022-12,177.42295756123227
2,TFM,2022-10-04,2023-01,179.7734297576001
2,TFM,2022-10-04,2023-02,183.17834641518277
1,TFM,2022-10-04,2023-03,174.325
1,TFM,2022-10-04,2023-04,172.5
1,TFM,2022-10-04,2023-05,166.41
1,TFM,2022-10-04,2023-06,165.905
1,TFM,2022-10-04,2023-07,159.0
1,TFM,2022-10-04,2023-09,159.0
1,TFM,2022-10-04,2023-12,158.0
1,TFM,2022-10-04,2024-01,155.5
1,TFM,2022-10-04,2024-03,143.455
2,TFM,2022-10-05,2022-11,175.63326179272352
2,TFM,2022-10-05,2022-12,186.18470588235294
2,TFM,2022-10-05,2023-01,188.18277524429968
2,TFM,2022-10-05,2023-02,189.1368282039504
2,TFM,2022-10-05,2023-03,186.3402177902851
2,TFM,2022-10-05,2023-04,178.97088217149908
1,TFM,2022-10-05,2023-05,174.265
2,TFM,2022-10-05,2023-06,172.5431318681319
1,TFM,2022-10-05,2023-07,168.0
1,TFM,2022-10-05,2023-10,163.0
1,TFM,2022-10-05,2023-11,175.0
1,TFM,2022-10-05,2023-12,166.0
1,TFM,2022-10-05,2024-01,165.0
1,TFM,2022-10-05,2024-02,159.5
1,TFM,2022-10-05,2024-03,147.5
1,TFM,2022-10-05,2024-04,111.5
2,TFM,2022-10-06,2022-11,166.9101506740682
2,TFM,2022-10-06,2022-12,176.00945955109515
2,TFM,2022-10-06,2023-01,179.21203534652744
2,TFM,2022-10-06,2023-02,179.4068213619403
2,TFM,2022-10-06,2023-03,177.34005568581475
2,TFM,2022-10-06,2023-04,170.3023546511628
2,TFM,2022-10-06,2023-05,166.15875
2,TFM,2022-10-06,2023-06,165.6394422310757
1,TFM,2022-10-06,2023-07,173.5
1,TFM,2022-10-06,2023-08,172.0
2,TFM,2022-10-06,2023-09,170.52246630054918
1,TFM,2022-10-06,2023-10,170.0
2,TFM,2022-10-06,2023-12,174.89425981873111
2,TFM,2022-10-07,2022-11,156.48548266972216
2,TFM,2022-10-07,2022-12,169.2507120743034
2,TFM,2022-10-07,2023-01,172.83489341983318
2,TFM,2022-10-07,2023-02,172.20498162271434
2,TFM,2022-10-07,2023-03,171.43505990313534
1,TFM,2022-10-07,2023-04,167.315
2,TFM,2022-10-07,2023-05,165.76234921751362
1,TFM,2022-10-07,2023-06,165.255
1,TFM,2022-10-07,2023-07,160.24
1,TFM,2022-10-07,2023-08,160.255
1,TFM,2022-10-07,2023-10,165.25
1,TFM,2022-10-07,2023-11,164.0
1,TFM,2022-10-07,2024-01,165.0
2,TFM,2022-10-10,2022-11,159.2570901478477
2,TFM,2022-10-10,2022-12,176.1252040930441
2,TFM,2022-10-10,2023-01,178.87128608923885
2,TFM,2022-10-10,2023-02,180.0368912936547
2,TFM,2022-10-10,2023-03,178.36134396515385
2,TFM,2022-10-10,2023-04,174.28451188016527
2,TFM,2022-10-10,2023-05,167.50234487734488
1,TFM,2022-10-10,2023-06,169.475
2,TFM,2022-10-10,2023-07,163.9644859813084
1,TFM,2022-10-10,2023-08,171.7
2,TFM,2022-10-10,2023-09,164.36328125
2,TFM,2022-10-11,2022-11,154.59433887892135
2,TFM,2022-10-11,2022-12,169.49829890643986
2,TFM,2022-10-11,2023-01,173.10460571691317
2,TFM,2022-10-11,2023-02,174.44485984959468
2,TFM,2022-10-11,2023-03,174.30957962813255
1,TFM,2022-10-11,2023-04,170.83
2,TFM,2022-10-11,2023-05,167.430055717697
1,TFM,2022-10-11,2023-06,166.0
1,TFM,2022-10-11,2023-09,169.0
1,TFM,2022-10-11,2023-10,169.0
2,TFM,2022-10-11,2023-12,173.73382624768948
1,TFM,2022-10-11,2024-04,128.0
1,TFM,2022-10-11,2024-06,100.0
1,TFM,2022-10-11,2024-10,110.0
1,TFM,2022-10-11,2024-12,111.6
2,TFM,2022-10-12,2022-11,159.8803603949008
2,TFM,2022-10-12,2022-12,174.0716238608119
2,TFM,2022-10-12,2023-01,177.0
2,TFM,2022-10-12,2023-02,178.6227328166688
2,TFM,2022-10-12,2023-03,175.5318651594671
2,TFM,2022-10-12,2023-04,167.04469634539592
1,TFM,2022-10-12,2023-05,163.32
1,TFM,2022-10-12,2023-06,161.01
1,TFM,2022-10-12,2023-07,159.5
1,TFM,2022-10-12,2023-08,160.0
1,TFM,2022-10-12,2023-09,164.0
1,TFM,2022-10-12,2023-10,164.65
1,TFM,2022-10-12,2023-11,167.0
1,TFM,2022-10-12,2023-12,165.0
2,TFM,2022-10-13,2022-11,153.84448909423017
2,TFM,2022-10-13,2022-12,168.65468296749097
2,TFM,2022-10-13,2023-01,170.94793267920414
2,TFM,2022-10-13,2023-02,172.17159620137897
2,TFM,2022-10-13,2023-03,169.9562899262899
2,TFM,2022-10-13,2023-04,161.44238410596026
2,TFM,2022-10-13,2023-05,156.1050561797753
1,TFM,2022-10-13,2023-06,154.35
1,TFM,2022-10-13,2023-08,155.245
1,TFM,2022-10-13,2023-10,156.0
1,TFM,2022-10-13,2023-11,165.0
2,TFM,2022-10-13,2023-12,161.5
1,TFM,2022-10-13,2024-01,157.5
2,TFM,2022-10-14,2022-11,141.729312815929
2,TFM,2022-10-14,2022-12,160.25
2,TFM,2022-10-14,2023-01,163.6132818681849
2,TFM,2022-10-14,2023-02,165.18873685363718
2,TFM,2022-10-14,2023-03,162.67271799628944
2,TFM,2022-10-14,2023-04,156.52317767339042
2,TFM,2022-10-14,2023-05,153.7437558247903
2,TFM,2022-10-14,2023-06,152.87022350396538
1,TFM,2022-10-14,2023-07,151.5
1,TFM,2022-10-14,2023-10,152.0
1,TFM,2022-10-14,2023-11,153.0
1,TFM,2022-10-14,2023-12,154.6
2,TFM,2022-10-17,2022-11,123.2212055091303
2,TFM,2022-10-17,2022-12,151.01320595388216
2,TFM,2022-10-17,2023-01,156.60789212156126
2,TFM,2022-10-17,2023-02,157.46976879474943
2,TFM,2022-10-17,2023-03,156.0
2,TFM,2022-10-17,2023-04,149.5156069364162
1,TFM,2022-10-17,2023-05,148.5
2,TFM,2022-10-17,2023-06,148.03765154139245
2,TFM,2022-10-17,2023-09,148.02574665293514
2,TFM,2022-10-17,2023-10,148.92313604919292
1,TFM,2022-10-17,2023-11,153.0
1,TFM,2022-10-17,2023-12,153.0
2,TFM,2022-10-18,2022-11,112.12980861126768
2,TFM,2022-10-18,2022-12,141.26008564298408
2,TFM,2022-10-18,2023-01,145.64583462292376
2,TFM,2022-10-18,2023-02,147.32277164878343
2,TFM,2022-10-18,2023-03,145.7213518564665
2,TFM,2022-10-18,2023-04,140.62565869477098
1,TFM,2022-10-18,2023-05,140.095
2,TFM,2022-10-18,2023-06,139.89516045420885
1,TFM,2022-10-18,2023-07,139.0
1,TFM,2022-10-18,2023-08,138.5
1,TFM,2022-10-18,2023-09,138.75
1,TFM,2022-10-18,2023-10,140.5
1,TFM,2022-10-18,2023-12,142.0
1,TFM,2022-10-18,2024-01,146.2
2,TFM,2022-10-19,2022-11,117.85700330033004
2,TFM,2022-10-19,2022-12,141.9682333044915
2,TFM,2022-10-19,2023-01,146.35762336306698
2,TFM,2022-10-19,2023-02,147.6489724944673
2,TFM,2022-10-19,2023-03,146.2036142075746
2,TFM,2022-10-19,2023-04,139.90636995396602
1,TFM,2022-10-19,2023-05,142.1
1,TFM,2022-10-19,2023-06,141.0
1,TFM,2022-10-19,2023-08,139.5
1,TFM,2022-10-19,2023-09,137.0
1,TFM,2022-10-19,2023-12,142.0
1,TFM,2022-10-19,2024-01,135.0
2,TFM,2022-10-20,2022-11,127.97654041831544
2,TFM,2022-10-20,2022-12,153.5
2,TFM,2022-10-20,2023-01,158.6403112033195
2,TFM,2022-10-20,2023-02,158.95474695234577
2,TFM,2022-10-20,2023-03,157.43927361905875
2,TFM,2022-10-20,2023-04,153.33804927158593
2,TFM,2022-10-20,2023-05,152.1932857401048
2,TFM,2022-10-20,2023-06,152.53171006944444
1,TFM,2022-10-20,2023-09,154.85
1,TFM,2022-10-20,2024-01,140.0
1,TFM,2022-10-20,2024-03,125.0
2,TFM,2022-10-21,2022-11,114.69555626052369
2,TFM,2022-10-21,2022-12,145.76917728946623
2,TFM,2022-10-21,2023-01,151.93771859533348
2,TFM,2022-10-21,2023-02,154.8392279792746
2,TFM,2022-10-21,2023-03,152.7917178362573
2,TFM,2022-10-21,2023-04,147.4679618969298
2,TFM,2022-10-21,2023-05,144.64746710526313
2,TFM,2022-10-21,2023-06,145.09555541529915
2,TFM,2022-10-21,2023-07,144.47459165154262
1,TFM,2022-10-21,2023-08,141.0
2,TFM,2022-10-21,2023-09,145.58697289156626
1,TFM,2022-10-21,2023-10,141.5
2,TFM,2022-10-24,2022-11,96.39775454775139
2,TFM,2022-10-24,2022-12,132.03789551140545
2,TFM,2022-10-24,2023-01,139.35803224687933
2,TFM,2022-10-24,2023-02,143.787075
2,TFM,2022-10-24,2023-03,141.00159375
2,TFM,2022-10-24,2023-04,136.30370301795963
1,TFM,2022-10-24,2023-05,136.475
1,TFM,2022-10-24,2023-06,136.01
1,TFM,2022-10-24,2023-08,137.0
2,TFM,2022-10-24,2023-09,137.0
2,TFM,2022-10-24,2023-10,137.0
2,TFM,2022-10-25,2022-11,100.0
2,TFM,2022-10-25,2022-12,131.83863720460852
2,TFM,2022-10-25,2023-01,140.1593580599144
2,TFM,2022-10-25,2023-02,142.39527687296416
2,TFM,2022-10-25,2023-03,140.12564323290295
2,TFM,2022-10-25,2023-04,136.26008786202408
2,TFM,2022-10-25,2023-05,135.6596261682243
2,TFM,2022-10-25,2023-06,135.88324896456513
1,TFM,2022-10-25,2023-09,140.0
1,TFM,2022-10-25,2023-10,138.7
1,TFM,2022-10-25,2023-11,136.25
2,TFM,2022-10-26,2022-11,99.80633622892182
2,TFM,2022-10-26,2022-12,131.4987615753654
2,TFM,2022-10-26,2023-01,139.06590517540815
2,TFM,2022-10-26,2023-02,141.65728448275863
2,TFM,2022-10-26,2023-03,139.673300332418
2,TFM,2022-10-26,2023-04,135.75405041436463
2,TFM,2022-10-26,2023-05,136.21503702041733
2,TFM,2022-10-26,2023-06,136.19909138793784
2,TFM,2022-10-26,2023-07,136.99469917669413
2,TFM,2022-10-26,2023-08,136.49585086042066
2,TFM,2022-10-26,2023-09,136.73034076015728
2,TFM,2022-10-26,2023-10,135.3710385177962
2,TFM,2022-10-26,2023-11,136.726351590106
1,TFM,2022-10-26,2023-12,138.51
2,TFM,2022-10-27,2022-11,108.37361797994711
2,TFM,2022-10-27,2022-12,137.71672162034858
2,TFM,2022-10-27,2023-01,142.7142174432497
2,TFM,2022-10-27,2023-02,144.3208280774653
2,TFM,2022-10-27,2023-03,143.1216998597475
2,TFM,2022-10-27,2023-04,139.35795180722891
1,TFM,2022-10-27,2023-05,137.0
2,TFM,2022-10-27,2023-06,137.751012145749
1,TFM,2022-10-27,2023-07,139.0
1,TFM,2022-10-27,2023-08,138.0
1,TFM,2022-10-27,2023-09,138.0
2,TFM,2022-10-27,2023-10,137.0
2,TFM,2022-10-27,2023-11,139.14473684210526
2,TFM,2022-10-27,2023-12,138.14195430238212
2,TFM,2022-10-28,2022-11,108.81791590493602
2,TFM,2022-10-28,2022-12,140.50909917073724
2,TFM,2022-10-28,2023-01,146.06904048390925
2,TFM,2022-10-28,2023-02,147.2948864079563
2,TFM,2022-10-28,2023-03,145.44887794539335
1,TFM,2022-10-28,2023-04,141.2
1,TFM,2022-10-28,2023-05,140.145
1,TFM,2022-10-28,2023-06,141.165
1,TFM,2022-10-28,2023-07,141.25
1,TFM,2022-10-28,2023-08,142.0
1,TFM,2022-10-28,2023-09,141.2
1,TFM,2022-10-28,2023-10,139.85
1,TFM,2022-10-28,2023-11,142.25
2,TFM,2022-10-28,2023-12,145.0738334317779
2,TFM,2022-10-31,2022-12,121.98182661103384
2,TFM,2022-10-31,2023-01,128.95371627821618
2,TFM,2022-10-31,2023-02,130.7035588086825
2,TFM,2022-10-31,2023-03,130.0
1,TFM,2022-10-31,2023-04,126.825
2,TFM,2022-10-31,2023-05,126.2613569964121
2,TFM,2022-10-31,2023-06,127.92072190319932
1,TFM,2022-10-31,2023-07,128.0
1,TFM,2022-10-31,2023-08,127.6
1,TFM,2022-10-31,2023-09,128.3
1,TFM,2022-10-31,2023-11,130.5
1,TFM,2022-10-31,2023-12,134.0
1,TFM,2022-10-31,2024-06,88.0
2,TFM,2022-11-01,2022-12,116.61784661935239
2,TFM,2022-11-01,2023-01,124.1889907668633
2,TFM,2022-11-01,2023-02,124.47250525812619
2,TFM,2022-11-01,2023-03,124.81279829740492
2,TFM,2022-11-01,2023-04,121.00501396293475
2,TFM,2022-11-01,2023-05,120.1714189189189
2,TFM,2022-11-01,2023-06,120.73802043422732
1,TFM,2022-11-01,2023-07,126.25
1,TFM,2022-11-01,2023-08,121.0
2,TFM,2022-11-01,2023-09,121.73157605711148
1,TFM,2022-11-01,2023-10,123.5
2,TFM,2022-11-01,2023-11,125.56186984417965
2,TFM,2022-11-01,2023-12,126.01135331516802
1,TFM,2022-11-01,2024-01,126.60000000000001
2,TFM,2022-11-02,2022-12,135.89263622047244
2,TFM,2022-11-02,2023-01,141.72519569471623
2,TFM,2022-11-02,2023-02,142.61440714719402
2,TFM,2022-11-02,2023-03,141.64806974898303
2,TFM,2022-11-02,2023-04,138.54640373794214
1,TFM,2022-11-02,2023-05,137.0
2,TFM,2022-11-02,2023-06,127.9920534011443
1,TFM,2022-11-02,2023-07,126.5
1,TFM,2022-11-02,2023-09,127.5
2,TFM,2022-11-02,2023-11,127.02057613168725
1,TFM,2022-11-02,2023-12,128.0
2,TFM,2022-11-03,2022-12,125.10874503574264
2,TFM,2022-11-03,2023-01,133.2524512009288
2,TFM,2022-11-03,2023-02,134.19068869936032
2,TFM,2022-11-03,2023-03,134.0155544405419
2,TFM,2022-11-03,2023-04,130.51334171644137
2,TFM,2022-11-03,2023-05,127.90359582883856
1,TFM,2022-11-03,2023-06,128.0
1,TFM,2022-11-03,2023-07,132.5
1,TFM,2022-11-03,2023-10,131.74
1,TFM,2022-11-03,2023-11,134.0
1,TFM,2022-11-03,2024-01,129.0
1,TFM,2022-11-03,2024-02,125.25
2,TFM,2022-11-04,2022-12,115.01736596445687
2,TFM,2022-11-04,2023-01,123.46214500164189
2,TFM,2022-11-04,2023-02,124.7165872374798
2,TFM,2022-11-04,2023-03,125.01504631372845
2,TFM,2022-11-04,2023-04,122.18356079404467
1,TFM,2022-11-04,2023-05,125.0
2,TFM,2022-11-04,2023-06,125.51674107142857
1,TFM,2022-11-04,2023-07,127.9
1,TFM,2022-11-04,2023-08,126.0
2,TFM,2022-11-04,2023-09,127.6171187427241
1,TFM,2022-11-04,2023-11,125.5
2,TFM,2022-11-07,2022-12,113.25789882381545
2,TFM,2022-11-07,2023-01,122.85562189910104
2,TFM,2022-11-07,2023-02,125.84892688152844
2,TFM,2022-11-07,2023-03,124.8928189319068
2,TFM,2022-11-07,2023-04,122.4216836405827
2,TFM,2022-11-07,2023-05,119.79679454587475
2,TFM,2022-11-07,2023-06,121.25465822440087
1,TFM,2022-11-07,2023-08,121.0
2,TFM,2022-11-07,2023-09,121.49664371772806
2,TFM,2022-11-07,2023-10,119.27655502392345
1,TFM,2022-11-07,2023-11,120.0
2,TFM,2022-11-07,2023-12,122.21000000000001
2,TFM,2022-11-08,2022-12,118.21240186650692
2,TFM,2022-11-08,2023-01,124.4537364660026
2,TFM,2022-11-08,2023-02,127.54624286159276
2,TFM,2022-11-08,2023-03,127.35735278105435
2,TFM,2022-11-08,2023-04,124.99920198616776
2,TFM,2022-11-08,2023-05,124.13349280143971
2,TFM,2022-11-08,2023-06,124.2011476426799
1,TFM,2022-11-08,2023-11,127.0
2,TFM,2022-11-09,2022-12,110.54707773377818
2,TFM,2022-11-09,2023-01,117.90841389187254
2,TFM,2022-11-09,2023-02,120.47147971360383
2,TFM,2022-11-09,2023-03,120.21675954304818
2,TFM,2022-11-09,2023-04,118.21637700534758
2,TFM,2022-11-09,2023-05,119.48089186176142
2,TFM,2022-11-09,2023-06,119.39166820276498
1,TFM,2022-11-09,2023-07,121.5
1,TFM,2022-11-09,2023-08,124.56499999999998
2,TFM,2022-11-09,2023-09,123.50054778995089
2,TFM,2022-11-09,2023-12,127.5
2,TFM,2022-11-10,2022-12,109.0
2,TFM,2022-11-10,2023-01,115.8350230900512
2,TFM,2022-11-10,2023-02,118.80724188252464
2,TFM,2022-11-10,2023-03,117.99629035764757
2,TFM,2022-11-10,2023-04,116.94028708987162
1,TFM,2022-11-10,2023-05,119.305
2,TFM,2022-11-10,2023-06,117.64402261712439
2,TFM,2022-11-10,2023-07,118.35491291488663
2,TFM,2022-11-10,2023-08,121.25
2,TFM,2022-11-10,2023-09,120.28687676387582
1,TFM,2022-11-10,2023-10,119.25
1,TFM,2022-11-10,2023-11,121.75
1,TFM,2022-11-10,2023-12,126.0
1,TFM,2022-11-10,2024-01,121.0
1,TFM,2022-11-10,2024-03,109.0
1,TFM,2022-11-10,2025-10,49.0
1,TFM,2022-11-10,2025-11,49.0
1,TFM,2022-11-10,2025-12,49.0
1,TFM,2022-11-10,2026-01,49.0
1,TFM,2022-11-10,2026-02,49.0
1,TFM,2022-11-10,2026-03,49.0
1,TFM,2022-11-10,2026-04,49.0
1,TFM,2022-11-10,2026-05,49.0
1,TFM,2022-11-10,2026-06,49.0
1,TFM,2022-11-10,2026-07,49.0
1,TFM,2022-11-10,2026-08,49.0
1,TFM,2022-11-10,2026-09,49.0
2,TFM,2022-11-11,2022-12,98.49340021889822
2,TFM,2022-11-11,2023-01,105.91337206931702
2,TFM,2022-11-11,2023-02,108.01095760705832
2,TFM,2022-11-11,2023-03,108.18551065162909
2,TFM,2022-11-11,2023-04,107.30018243947643
2,TFM,2022-11-11,2023-05,108.574737651355
2,TFM,2022-11-11,2023-06,107.31426074439646
1,TFM,2022-11-11,2023-07,110.25
1,TFM,2022-11-11,2023-08,111.5
1,TFM,2022-11-11,2023-09,110.55000000000001
1,TFM,2022-11-11,2023-10,109.8
1,TFM,2022-11-11,2023-11,113.0
1,TFM,2022-11-11,2023-12,112.57
1,TFM,2022-11-11,2024-01,112.15
1,TFM,2022-11-11,2024-02,110.0
1,TFM,2022-11-11,2024-03,104.5
2,TFM,2022-11-14,2022-12,117.23474198722027
2,TFM,2022-11-14,2023-01,123.69366752834732
2,TFM,2022-11-14,2023-02,125.63188038679841
2,TFM,2022-11-14,2023-03,125.43753575105823
2,TFM,2022-11-14,2023-04,123.43808241594763
1,TFM,2022-11-14,2023-05,122.45
1,TFM,2022-11-14,2023-06,122.4
1,TFM,2022-11-14,2023-08,113.0
1,TFM,2022-11-14,2023-09,114.0
1,TFM,2022-11-14,2023-10,112.85
1,TFM,2022-11-14,2023-11,115.25
1,TFM,2022-11-14,2023-12,116.0
1,TFM,2022-11-14,2024-10,85.0
2,TFM,2022-11-15,2022-12,121.39078815066904
2,TFM,2022-11-15,2023-01,127.67213345459767
2,TFM,2022-11-15,2023-02,130.2751577139288
2,TFM,2022-11-15,2023-03,130.15912151702784
2,TFM,2022-11-15,2023-04,128.1477511244378
2,TFM,2022-11-15,2023-05,126.70748949947497
2,TFM,2022-11-15,2023-06,127.89657145415472
1,TFM,2022-11-15,2023-07,127.85
1,TFM,2022-11-15,2023-08,127.5
1,TFM,2022-11-15,2023-09,127.5
1,TFM,2022-11-15,2023-10,128.0
1,TFM,2022-11-15,2023-11,129.0
1,TFM,2022-11-15,2023-12,131.8
2,TFM,2022-11-16,2022-12,106.65
2,TFM,2022-11-16,2023-01,114.6730669522711
2,TFM,2022-11-16,2023-02,117.10498194413736
2,TFM,2022-11-16,2023-03,117.986726166865
2,TFM,2022-11-16,2023-04,116.11835376532399
2,TFM,2022-11-16,2023-05,116.21497455779016
2,TFM,2022-11-16,2023-06,116.289
2,TFM,2022-11-16,2023-07,124.61165526675785
2,TFM,2022-11-16,2023-08,121.18904465212876
2,TFM,2022-11-16,2023-09,122.14178381165148
2,TFM,2022-11-16,2023-10,121.64131578947368
2,TFM,2022-11-16,2023-11,124.2278393506857
2,TFM,2022-11-16,2023-12,130.3110713210954
1,TFM,2022-11-16,2024-01,129.08
1,TFM,2022-11-16,2024-02,126.48
1,TFM,2022-11-16,2024-03,118.43
1,TFM,2022-11-16,2024-04,105.87
1,TFM,2022-11-16,2024-05,97.87
1,TFM,2022-11-16,2024-06,93.87
1,TFM,2022-11-16,2024-07,93.29
1,TFM,2022-11-16,2024-08,95.11
1,TFM,2022-11-16,2024-09,96.63
1,TFM,2022-11-16,2024-10,94.38
1,TFM,2022-11-16,2024-11,95.9
1,TFM,2022-11-16,2024-12,95.33
1,TFM,2022-11-16,2025-01,95.33000000000001
1,TFM,2022-11-16,2025-02,94.33000000000001
1,TFM,2022-11-16,2025-03,92.22
1,TFM,2022-11-16,2025-04,75.21
1,TFM,2022-11-16,2025-05,63.71
1,TFM,2022-11-16,2025-06,55.71
1,TFM,2022-11-16,2025-07,58.21
1,TFM,2022-11-16,2025-08,60.84
1,TFM,2022-11-16,2025-09,58.93
1,TFM,2022-11-16,2025-10,63.71000000000001
1,TFM,2022-11-16,2025-11,63.85
1,TFM,2022-11-16,2025-12,62.51
2,TFM,2022-11-17,2022-12,115.55408945241744
2,TFM,2022-11-17,2023-01,123.06369092790618
2,TFM,2022-11-17,2023-02,125.69999999999999
2,TFM,2022-11-17,2023-03,125.65141419183098
2,TFM,2022-11-17,2023-04,124.50594297952081
2,TFM,2022-11-17,2023-05,120.89410148674855
2,TFM,2022-11-17,2023-06,120.85991866244916
1,TFM,2022-11-17,2023-07,120.275
1,TFM,2022-11-17,2023-08,120.75
1,TFM,2022-11-17,2023-09,120.275
1,TFM,2022-11-17,2023-10,119.975
1,TFM,2022-11-17,2023-11,122.5
2,TFM,2022-11-17,2023-12,120.00192073170732
1,TFM,2022-11-17,2024-01,118.0
2,TFM,2022-11-18,2022-12,108.99568811449606
2,TFM,2022-11-18,2023-01,117.73149631739854
2,TFM,2022-11-18,2023-02,118.62664969450101
2,TFM,2022-11-18,2023-03,118.51437806072478
2,TFM,2022-11-18,2023-04,117.71035222353403
2,TFM,2022-11-18,2023-05,116.7026637726914
2,TFM,2022-11-18,2023-06,117.83923770362169
2,TFM,2022-11-18,2023-07,119.35305089261924
1,TFM,2022-11-18,2023-08,117.65
1,TFM,2022-11-18,2023-09,118.0
1,TFM,2022-11-18,2023-11,119.0
2,TFM,2022-11-18,2023-12,120.66694490818031
2,TFM,2022-11-21,2022-12,113.8159743611088
2,TFM,2022-11-21,2023-01,120.13961156088762
2,TFM,2022-11-21,2023-02,122.05693358408394
2,TFM,2022-11-21,2023-03,122.13128903122498
2,TFM,2022-11-21,2023-04,121.2564494988435
2,TFM,2022-11-21,2023-05,121.70799275362319
2,TFM,2022-11-21,2023-06,122.19516069788797
1,TFM,2022-11-21,2023-07,124.0
1,TFM,2022-11-21,2023-08,124.26
1,TFM,2022-11-21,2023-09,123.25
1,TFM,2022-11-21,2023-10,123.895
2,TFM,2022-11-21,2023-11,125.3220371251785
1,TFM,2022-11-21,2023-12,126.0
1,TFM,2022-11-21,2024-01,123.5
2,TFM,2022-11-22,2022-12,124.16328736213913
2,TFM,2022-11-22,2023-01,132.7528973843058
2,TFM,2022-11-22,2023-02,134.1608040201005
2,TFM,2022-11-22,2023-03,134.05858705560618
2,TFM,2022-11-22,2023-04,132.83085641122915
2,TFM,2022-11-22,2023-05,132.85259032172993
2,TFM,2022-11-22,2023-06,133.19725013014056
2,TFM,2022-11-22,2023-07,134.89754777070064
2,TFM,2022-11-22,2023-08,134.78103944124896
2,TFM,2022-11-22,2023-09,134.87941269841266
1,TFM,2022-11-22,2023-12,133.49
2,TFM,2022-11-23,2022-12,129.37038285678165
2,TFM,2022-11-23,2023-01,135.9835324539951
2,TFM,2022-11-23,2023-02,137.26714427512115
2,TFM,2022-11-23,2023-03,137.03202447387883
2,TFM,2022-11-23,2023-04,135.80211998195762
2,TFM,2022-11-23,2023-05,135.1924752232962
2,TFM,2022-11-23,2023-06,134.46866957999518
1,TFM,2022-11-23,2023-07,133.885
2,TFM,2022-11-23,2023-08,133.7326369979578
2,TFM,2022-11-23,2023-09,133.97245762711864
1,TFM,2022-11-23,2023-10,134.0
1,TFM,2022-11-23,2023-11,137.5
2,TFM,2022-11-23,2023-12,137.0993096646943
1,TFM,2022-11-23,2024-01,134.0
1,TFM,2022-11-23,2024-02,130.0
1,TFM,2022-11-23,2024-03,121.0
2,TFM,2022-11-24,2022-12,122.17488738112452
2,TFM,2022-11-24,2023-01,127.9903524994396
2,TFM,2022-11-24,2023-02,129.3842047859352
2,TFM,2022-11-24,2023-03,129.28731249999998
2,TFM,2022-11-24,2023-04,128.57678260869562
2,TFM,2022-11-24,2023-05,127.91746058289537
2,TFM,2022-11-24,2023-06,128.5704372623574
2,TFM,2022-11-24,2023-07,129.2227966101695
2,TFM,2022-11-24,2023-08,128.94098474095102
2,TFM,2022-11-24,2023-09,128.85303219448096
1,TFM,2022-11-24,2023-10,130.4
2,TFM,2022-11-24,2023-11,132.50532984714403
2,TFM,2022-11-24,2023-12,133.5000744047619
1,TFM,2022-11-24,2024-01,130.8
2,TFM,2022-11-25,2022-12,125.14038154405411
2,TFM,2022-11-25,2023-01,129.9257970292546
2,TFM,2022-11-25,2023-02,132.1886665428545
2,TFM,2022-11-25,2023-03,130.86585630776523
2,TFM,2022-11-25,2023-04,130.95751755472946
2,TFM,2022-11-25,2023-05,130.3901098901099
2,TFM,2022-11-25,2023-06,131.78887943262413
2,TFM,2022-11-25,2023-07,131.6416948111759
2,TFM,2022-11-25,2023-08,131.39229060913706
1,TFM,2022-11-25,2023-09,132.545
1,TFM,2022-11-25,2023-10,132.0
1,TFM,2022-11-25,2023-11,134.5
1,TFM,2022-11-25,2023-12,134.8
1,TFM,2022-11-25,2024-02,127.0
2,TFM,2022-11-28,2022-12,123.84352331606217
2,TFM,2022-11-28,2023-01,127.64200316196275
2,TFM,2022-11-28,2023-02,128.8847713097713
2,TFM,2022-11-28,2023-03,128.7913601618705
2,TFM,2022-11-28,2023-04,128.1617275027105
2,TFM,2022-11-28,2023-05,127.74486662961934
1,TFM,2022-11-28,2023-06,128.265
1,TFM,2022-11-28,2023-07,129.0
1,TFM,2022-11-28,2023-08,129.0
1,TFM,2022-11-28,2023-09,129.3
1,TFM,2022-11-28,2023-10,129.0
1,TFM,2022-11-28,2023-11,131.0
1,TFM,2022-11-28,2024-01,129.0
1,TFM,2022-11-28,2024-02,128.0
1,TFM,2022-11-28,2024-11,88.0
1,TFM,2022-11-28,2024-12,88.0
2,TFM,2022-11-29,2022-12,129.6924136340199
2,TFM,2022-11-29,2023-01,133.59679872268237
2,TFM,2022-11-29,2023-02,135.19743296742848
2,TFM,2022-11-29,2023-03,134.3982757231488
2,TFM,2022-11-29,2023-04,133.36327641531057
2,TFM,2022-11-29,2023-05,133.8442247706422
2,TFM,2022-11-29,2023-06,134.45326443569553
1,TFM,2022-11-29,2023-07,135.015
1,TFM,2022-11-29,2023-08,134.945
1,TFM,2022-11-29,2023-09,134.745
1,TFM,2022-11-29,2023-10,134.195
1,TFM,2022-11-29,2023-11,137.0
1,TFM,2022-11-29,2023-12,135.0
1,TFM,2022-11-29,2024-01,135.25
2,TFM,2022-11-30,2023-01,146.01590842598011
2,TFM,2022-11-30,2023-02,146.75985451809117
2,TFM,2022-11-30,2023-03,146.92450295942382
2,TFM,2022-11-30,2023-04,145.73248647578836
2,TFM,2022-11-30,2023-05,145.15741609458428
2,TFM,2022-11-30,2023-06,145.8886088583905
2,TFM,2022-11-30,2023-07,146.34254487989887
2,TFM,2022-11-30,2023-08,146.20553956834533
2,TFM,2022-11-30,2023-09,145.9786921482846
2,TFM,2022-11-30,2023-10,143.10328094844226
2,TFM,2022-11-30,2023-11,145.3070987654321
2,TFM,2022-11-30,2023-12,144.96351844345358
1,TFM,2022-11-30,2024-01,143.0
1,TFM,2022-11-30,2024-02,130.0
1,TFM,2022-11-30,2024-03,131.6
2,TFM,2022-12-01,2023-01,137.04881795681487
2,TFM,2022-12-01,2023-02,137.6495963864568
2,TFM,2022-12-01,2023-03,138.11862863812092
2,TFM,2022-12-01,2023-04,137.88578123073128
1,TFM,2022-12-01,2023-05,138.155
1,TFM,2022-12-01,2023-06,139.065
1,TFM,2022-12-01,2023-07,139.25
2,TFM,2022-12-01,2023-08,143.11371699119766
1,TFM,2022-12-01,2023-09,139.445
2,TFM,2022-12-01,2023-10,139.91236778846152
1,TFM,2022-12-01,2023-11,139.7
2,TFM,2022-12-01,2023-12,142.8167575322812
2,TFM,2022-12-02,2023-01,139.88285864436867
2,TFM,2022-12-02,2023-02,141.6123148148148
2,TFM,2022-12-02,2023-03,141.30422431058386
2,TFM,2022-12-02,2023-04,139.64078819952707
2,TFM,2022-12-02,2023-05,139.5
1,TFM,2022-12-02,2023-06,140.535
1,TFM,2022-12-02,2023-07,139.93
1,TFM,2022-12-02,2023-08,138.98
1,TFM,2022-12-02,2023-09,138.94
2,TFM,2022-12-02,2023-10,136.49117647058821
2,TFM,2022-12-02,2023-11,139.4931129476584
2,TFM,2022-12-02,2023-12,137.27371134020618
2,TFM,2022-12-05,2023-01,134.88504701769602
2,TFM,2022-12-05,2023-02,136.29457082115334
2,TFM,2022-12-05,2023-03,136.1713188124061
2,TFM,2022-12-05,2023-04,136.03305825242717
2,TFM,2022-12-05,2023-05,136.1560760104842
2,TFM,2022-12-05,2023-06,137.23614393939394
1,TFM,2022-12-05,2023-07,134.825
1,TFM,2022-12-05,2023-08,134.755
2,TFM,2022-12-05,2023-09,134.61106698280975
1,TFM,2022-12-05,2023-10,134.475
1,TFM,2022-12-05,2023-11,136.42
2,TFM,2022-12-05,2023-12,137.61002094972068
1,TFM,2022-12-05,2024-01,135.37
2,TFM,2022-12-06,2023-01,141.11825379032032
2,TFM,2022-12-06,2023-02,142.17660850599782
2,TFM,2022-12-06,2023-03,141.7967418546366
2,TFM,2022-12-06,2023-04,141.32405372104483
2,TFM,2022-12-06,2023-05,140.48204918032786
2,TFM,2022-12-06,2023-06,141.2722272296015
2,TFM,2022-12-06,2023-07,140.82858778625956
1,TFM,2022-12-06,2023-08,141.45
2,TFM,2022-12-06,2023-09,141.23111573111572
1,TFM,2022-12-06,2023-10,140.535
1,TFM,2022-12-06,2023-11,139.0
2,TFM,2022-12-06,2023-12,140.40087234982335
2,TFM,2022-12-07,2023-01,149.60100225963993
2,TFM,2022-12-07,2023-02,150.48951472153246
2,TFM,2022-12-07,2023-03,149.83161591444625
2,TFM,2022-12-07,2023-04,150.00291350138122
2,TFM,2022-12-07,2023-05,149.0207770917607
2,TFM,2022-12-07,2023-06,148.68672844590884
1,TFM,2022-12-07,2023-07,147.755
1,TFM,2022-12-07,2023-08,148.45
2,TFM,2022-12-07,2023-09,148.2
1,TFM,2022-12-07,2023-10,147.0
1,TFM,2022-12-07,2023-11,148.7
1,TFM,2022-12-07,2023-12,148.35
1,TFM,2022-12-07,2024-01,142.0
2,TFM,2022-12-08,2023-01,138.5
2,TFM,2022-12-08,2023-02,139.63268038755493
2,TFM,2022-12-08,2023-03,138.31605911330047
2,TFM,2022-12-08,2023-04,138.63734597156395
1,TFM,2022-12-08,2023-05,138.385
2,TFM,2022-12-08,2023-06,139.1809135510066
1,TFM,2022-12-08,2023-07,137.5
1,TFM,2022-12-08,2023-08,141.8
2,TFM,2022-12-08,2023-09,138.39450431034481
1,TFM,2022-12-08,2023-10,141.39
1,TFM,2022-12-08,2023-11,143.125
2,TFM,2022-12-08,2023-12,144.34604501607714
2,TFM,2022-12-09,2023-01,145.919655304481
2,TFM,2022-12-09,2023-02,146.5655162679088
2,TFM,2022-12-09,2023-03,146.92323244650558
2,TFM,2022-12-09,2023-04,146.816425394258
2,TFM,2022-12-09,2023-05,146.57577971841027
2,TFM,2022-12-09,2023-06,146.79578302556817
1,TFM,2022-12-09,2023-07,147.09
2,TFM,2022-12-09,2023-08,146.9310999691453
2,TFM,2022-12-09,2023-09,146.6317218440594
1,TFM,2022-12-09,2023-10,139.085
1,TFM,2022-12-09,2023-11,140.2
2,TFM,2022-12-09,2023-12,141.94329268292682
1,TFM,2022-12-09,2024-01,138.0
1,TFM,2022-12-09,2024-02,135.0
2,TFM,2022-12-12,2023-01,134.7519023190269
2,TFM,2022-12-12,2023-02,136.87611662531017
2,TFM,2022-12-12,2023-03,136.65610373443985
2,TFM,2022-12-12,2023-04,137.16444992476175
2,TFM,2022-12-12,2023-05,136.6729243142916
2,TFM,2022-12-12,2023-06,136.87104198280224
2,TFM,2022-12-12,2023-07,137.5100281491907
2,TFM,2022-12-12,2023-08,138.1772710886806
2,TFM,2022-12-12,2023-09,139.36656005685856
1,TFM,2022-12-12,2023-10,140.145
1,TFM,2022-12-12,2023-11,141.55
1,TFM,2022-12-12,2023-12,141.75
1,TFM,2022-12-12,2024-03,127.0
1,TFM,2022-12-12,2025-06,61.0
1,TFM,2022-12-12,2025-07,60.0
2,TFM,2022-12-13,2023-01,137.54679246454177
2,TFM,2022-12-13,2023-02,139.04408085073112
2,TFM,2022-12-13,2023-03,139.2850329135661
2,TFM,2022-12-13,2023-04,138.7309722912525
2,TFM,2022-12-13,2023-05,138.02355467646228
2,TFM,2022-12-13,2023-06,138.88936775128866
2,TFM,2022-12-13,2023-07,138.99
2,TFM,2022-12-13,2023-08,138.9322539149888
2,TFM,2022-12-13,2023-09,138.74176688251617
2,TFM,2022-12-13,2023-10,138.67423155971684
1,TFM,2022-12-13,2023-11,139.995
2,TFM,2022-12-13,2023-12,140.68030690537086
1,TFM,2022-12-13,2024-01,139.5
1,TFM,2022-12-13,2024-03,127.5
2,TFM,2022-12-14,2023-01,131.66226795424714
2,TFM,2022-12-14,2023-02,132.6
2,TFM,2022-12-14,2023-03,132.6879584612493
2,TFM,2022-12-14,2023-04,131.70152254641908
2,TFM,2022-12-14,2023-05,130.77706268386515
2,TFM,2022-12-14,2023-06,131.3699810220957
2,TFM,2022-12-14,2023-07,131.97175240248728
2,TFM,2022-12-14,2023-08,132.5922870569806
2,TFM,2022-12-14,2023-09,132.70939218661104
2,TFM,2022-12-14,2023-10,132.78623449644454
2,TFM,2022-12-14,2023-11,133.65987269372695
2,TFM,2022-12-14,2023-12,135.08892944496708
1,TFM,2022-12-14,2024-01,132.32
1,TFM,2022-12-14,2024-02,130.08
2,TFM,2022-12-14,2024-03,121.81536067892503
1,TFM,2022-12-14,2024-04,110.05
1,TFM,2022-12-14,2024-05,97.86000000000001
1,TFM,2022-12-14,2024-06,95.87
1,TFM,2022-12-14,2024-07,95.0
1,TFM,2022-12-14,2024-08,96.84000000000002
1,TFM,2022-12-14,2024-09,97.31
1,TFM,2022-12-14,2024-10,95.55
1,TFM,2022-12-14,2024-11,97.04
1,TFM,2022-12-14,2024-12,97.27
1,TFM,2022-12-14,2025-01,95.2
1,TFM,2022-12-14,2025-02,95.1
1,TFM,2022-12-14,2025-03,92.15
1,TFM,2022-12-14,2025-04,74.37
1,TFM,2022-12-14,2025-05,64.55
1,TFM,2022-12-14,2025-06,56.52
1,TFM,2022-12-14,2025-07,59.88000000000001
1,TFM,2022-12-14,2025-08,62.32000000000001
1,TFM,2022-12-14,2025-09,60.64
1,TFM,2022-12-14,2025-10,64.03
1,TFM,2022-12-14,2025-11,64.16
1,TFM,2022-12-14,2025-12,62.86999999999999
1,TFM,2022-12-14,2026-01,62.34000000000001
1,TFM,2022-12-14,2026-02,61.25
1,TFM,2022-12-14,2026-03,54.82000000000001
2,TFM,2022-12-15,2023-01,135.028091824245
2,TFM,2022-12-15,2023-02,135.8202532728673
2,TFM,2022-12-15,2023-03,135.41106211702512
2,TFM,2022-12-15,2023-04,134.3164569011105
2,TFM,2022-12-15,2023-05,132.96270573071584
2,TFM,2022-12-15,2023-06,132.58007584376188
1,TFM,2022-12-15,2023-07,132.51
2,TFM,2022-12-15,2023-08,132.68130305286672
2,TFM,2022-12-15,2023-09,133.06203504804975
1,TFM,2022-12-15,2023-10,133.5
1,TFM,2022-12-15,2023-11,134.21
2,TFM,2022-12-15,2023-12,134.9171298405467
2,TFM,2022-12-16,2023-01,117.52894598528341
2,TFM,2022-12-16,2023-02,119.12315743567379
2,TFM,2022-12-16,2023-03,119.22459136902188
2,TFM,2022-12-16,2023-04,118.20060287326835
2,TFM,2022-12-16,2023-05,117.7780790802019
2,TFM,2022-12-16,2023-06,118.35077546737887
1,TFM,2022-12-16,2023-07,117.87
1,TFM,2022-12-16,2023-08,120.195
2,TFM,2022-12-16,2023-09,117.98873153779323
2,TFM,2022-12-16,2023-10,117.47357945425361
1,TFM,2022-12-16,2023-11,118.80500000000002
2,TFM,2022-12-16,2023-12,119.50982638888888
1,TFM,2022-12-16,2024-01,122.0
2,TFM,2022-12-19,2023-01,106.63145106627039
2,TFM,2022-12-19,2023-02,107.71109499637419
2,TFM,2022-12-19,2023-03,108.00615218033272
2,TFM,2022-12-19,2023-04,108.490411433521
2,TFM,2022-12-19,2023-05,107.90720635775862
1,TFM,2022-12-19,2023-06,108.155
2,TFM,2022-12-19,2023-07,110.41965791940018
2,TFM,2022-12-19,2023-08,110.90650344299922
2,TFM,2022-12-19,2023-09,111.1769468003084
1,TFM,2022-12-19,2023-10,110.505
1,TFM,2022-12-19,2023-11,111.445
2,TFM,2022-12-19,2023-12,114.47956307258633
1,TFM,2022-12-19,2024-01,111.6
1,TFM,2022-12-19,2024-05,85.0
2,TFM,2022-12-20,2023-01,105.58536650141643
2,TFM,2022-12-20,2023-02,107.21536760641237
2,TFM,2022-12-20,2023-03,108.04118906455864
2,TFM,2022-12-20,2023-04,108.04066808944977
2,TFM,2022-12-20,2023-05,107.50528054862842
2,TFM,2022-12-20,2023-06,108.01069066555044
1,TFM,2022-12-20,2023-07,109.345
1,TFM,2022-12-20,2023-08,109.58
2,TFM,2022-12-20,2023-09,109.0
1,TFM,2022-12-20,2023-10,108.0
1,TFM,2022-12-20,2023-11,111.7
2,TFM,2022-12-20,2023-12,112.24842298552602
1,TFM,2022-12-20,2024-03,102.95
2,TFM,2022-12-21,2023-01,97.8233260897354
2,TFM,2022-12-21,2023-02,99.96138763197587
2,TFM,2022-12-21,2023-03,100.18173321567761
2,TFM,2022-12-21,2023-04,100.2195830875123
2,TFM,2022-12-21,2023-05,99.98665027903269
2,TFM,2022-12-21,2023-06,100.02673796791444
2,TFM,2022-12-21,2023-07,100.52416892808684
1,TFM,2022-12-21,2023-08,100.69
2,TFM,2022-12-21,2023-09,100.69155815247635
1,TFM,2022-12-21,2023-10,101.3
1,TFM,2022-12-21,2023-11,102.6
2,TFM,2022-12-21,2023-12,103.15648506151143
1,TFM,2022-12-21,2024-01,104.0
2,TFM,2022-12-22,2023-01,92.10158440602228
2,TFM,2022-12-22,2023-02,93.85
2,TFM,2022-12-22,2023-03,95.13377295230933
2,TFM,2022-12-22,2023-04,94.97327968661506
2,TFM,2022-12-22,2023-05,94.10244010088273
2,TFM,2022-12-22,2023-06,95.9289985287936
2,TFM,2022-12-22,2023-07,96.43006211180125
2,TFM,2022-12-22,2023-08,95.80943923926722
2,TFM,2022-12-22,2023-09,96.30495698213103
2,TFM,2022-12-22,2023-10,96.55651706337827
2,TFM,2022-12-22,2023-11,98.77129127358492
2,TFM,2022-12-22,2023-12,99.66129715222901
2,TFM,2022-12-22,2024-01,97.37828311540649
2,TFM,2022-12-22,2024-02,98.78004764740916
1,TFM,2022-12-22,2024-03,91.6
2,TFM,2022-12-23,2023-01,84.97592932628798
2,TFM,2022-12-23,2023-02,86.3969583285676
2,TFM,2022-12-23,2023-03,87.4792657975173
2,TFM,2022-12-23,2023-04,88.07277125304905
2,TFM,2022-12-23,2023-05,87.6499431236492
2,TFM,2022-12-23,2023-06,88.6516188420518
2,TFM,2022-12-23,2023-07,88.97558543281653
1,TFM,2022-12-23,2023-08,89.25
1,TFM,2022-12-23,2023-09,89.43
1,TFM,2022-12-23,2023-10,91.0
1,TFM,2022-12-23,2023-11,93.965
2,TFM,2022-12-23,2023-12,93.5
1,TFM,2022-12-23,2024-01,92.3
1,TFM,2022-12-23,2024-02,91.5
1,TFM,2022-12-23,2024-03,86.3
2,TFM,2022-12-27,2023-01,80.81059982486865
2,TFM,2022-12-27,2023-02,82.95215742543814
2,TFM,2022-12-27,2023-03,84.20371340523883
2,TFM,2022-12-27,2023-04,85.35464547677262
1,TFM,2022-12-27,2023-05,85.095
1,TFM,2022-12-27,2023-06,85.83
1,TFM,2022-12-27,2023-07,86.95
1,TFM,2022-12-27,2023-08,87.5
1,TFM,2022-12-27,2023-09,87.5
1,TFM,2022-12-27,2023-10,88.5
1,TFM,2022-12-27,2023-12,90.0
1,TFM,2022-12-27,2024-01,93.0
2,TFM,2022-12-28,2023-01,83.71607636967349
2,TFM,2022-12-28,2023-02,86.0
2,TFM,2022-12-28,2023-03,87.24934184165616
2,TFM,2022-12-28,2023-04,87.55808868501529
2,TFM,2022-12-28,2023-05,87.52616345653307
2,TFM,2022-12-28,2023-06,88.28674369343345
1,TFM,2022-12-28,2023-07,88.6
1,TFM,2022-12-28,2023-08,88.85
2,TFM,2022-12-28,2023-09,88.91331711273317
1,TFM,2022-12-28,2023-10,87.41
1,TFM,2022-12-28,2023-12,88.005
1,TFM,2022-12-28,2024-01,87.25
1,TFM,2022-12-28,2024-02,88.7
1,TFM,2022-12-28,2024-03,85.75
2,TFM,2022-12-29,2023-01,83.52350877192983
2,TFM,2022-12-29,2023-02,85.59599757622144
2,TFM,2022-12-29,2023-03,87.18263842962784
2,TFM,2022-12-29,2023-04,87.99817108761917
2,TFM,2022-12-29,2023-05,87.24368620037806
2,TFM,2022-12-29,2023-06,88.28969650521152
2,TFM,2022-12-29,2023-07,89.0849764521193
1,TFM,2022-12-29,2023-08,89.44
1,TFM,2022-12-29,2023-09,89.96
1,TFM,2022-12-29,2023-10,90.165
2,TFM,2022-12-30,2023-02,72.43228756626253
2,TFM,2022-12-30,2023-03,74.8995948197516
2,TFM,2022-12-30,2023-04,76.51295336787565
2,TFM,2022-12-30,2023-05,77.24937416777628
2,TFM,2022-12-30,2023-06,77.9731078904992
2,TFM,2022-12-30,2023-07,80.73182446552002
1,TFM,2022-12-30,2023-08,80.88
1,TFM,2022-12-30,2023-09,81.43
2,TFM,2022-12-30,2023-11,89.40250243743905
2,TFM,2022-12-30,2023-12,89.90374958151992
1,TFM,2022-12-30,2024-01,84.37
1,TFM,2022-12-30,2024-02,86.37
2,TFM,2023-01-02,2023-02,81.12628335153691
2,TFM,2023-01-02,2023-03,83.22324561403508
1,TFM,2023-01-02,2023-04,84.47
1,TFM,2023-01-02,2023-05,83.975
1,TFM,2023-01-02,2023-06,84.6
2,TFM,2023-01-02,2023-07,84.98837209302326
2,TFM,2023-01-03,2023-02,70.8318928090224
2,TFM,2023-01-03,2023-03,73.18878504122496
2,TFM,2023-01-03,2023-04,74.3569182389937
2,TFM,2023-01-03,2023-05,74.87307684767693
2,TFM,2023-01-03,2023-06,76.65056009857736
2,TFM,2023-01-03,2023-07,76.11010098552136
1,TFM,2023-01-03,2023-08,76.605
1,TFM,2023-01-03,2023-09,77.105
1,TFM,2023-01-03,2023-10,78.25
1,TFM,2023-01-03,2023-11,82.5
2,TFM,2023-01-03,2023-12,84.0002356267672
1,TFM,2023-01-03,2024-01,85.4
2,TFM,2023-01-04,2023-02,64.0170928261223
2,TFM,2023-01-04,2023-03,65.48581371804606
2,TFM,2023-01-04,2023-04,66.70000000000002
2,TFM,2023-01-04,2023-05,67.51484750596589
2,TFM,2023-01-04,2023-06,68.85441663729291
1,TFM,2023-01-04,2023-07,68.75
2,TFM,2023-01-04,2023-08,69.20057058150421
2,TFM,2023-01-04,2023-09,69.71291990975747
1,TFM,2023-01-04,2023-10,70.85
1,TFM,2023-01-04,2023-11,74.25
2,TFM,2023-01-04,2023-12,74.82767857142856
1,TFM,2023-01-04,2024-01,75.25
2,TFM,2023-01-05,2023-02,69.37399643554274
2,TFM,2023-01-05,2023-03,70.02395738203957
2,TFM,2023-01-05,2023-04,71.35535130718954
2,TFM,2023-01-05,2023-05,71.67431857891671
2,TFM,2023-01-05,2023-06,71.84328813094993
1,TFM,2023-01-05,2023-07,72.21
1,TFM,2023-01-05,2023-08,74.895
2,TFM,2023-01-05,2023-09,76.3257892770409
2,TFM,2023-01-05,2023-10,76.90732356857522
2,TFM,2023-01-05,2023-11,74.95539095781228
2,TFM,2023-01-05,2023-12,79.77494353260052
2,TFM,2023-01-06,2023-02,69.0
2,TFM,2023-01-06,2023-03,70.14592464644284
2,TFM,2023-01-06,2023-04,71.70580682949686
2,TFM,2023-01-06,2023-05,72.74659320323015
2,TFM,2023-01-06,2023-06,72.87596703065938
2,TFM,2023-01-06,2023-07,73.10928029217989
2,TFM,2023-01-06,2023-08,74.13568566400434
2,TFM,2023-01-06,2023-09,73.30133130215923
1,TFM,2023-01-06,2023-10,78.25
2,TFM,2023-01-06,2023-12,79.60517241379311
2,TFM,2023-01-09,2023-02,74.80488800043814
2,TFM,2023-01-09,2023-03,76.03684801540014
2,TFM,2023-01-09,2023-04,77.05262884753043
2,TFM,2023-01-09,2023-05,77.63114273927394
2,TFM,2023-01-09,2023-06,78.1843594049904
2,TFM,2023-01-09,2023-07,78.63959327086883
2,TFM,2023-01-09,2023-08,78.9752551550215
2,TFM,2023-01-09,2023-09,79.53747695672551
2,TFM,2023-01-09,2023-10,80.02907788305986
2,TFM,2023-01-09,2023-11,83.15208697825544
1,TFM,2023-01-09,2023-12,81.5
1,TFM,2023-01-09,2024-01,84.2
1,TFM,2023-01-09,2024-02,88.165
2,TFM,2023-01-10,2023-02,69.94759944085826
2,TFM,2023-01-10,2023-03,70.66042764177254
2,TFM,2023-01-10,2023-04,72.68057485598908
2,TFM,2023-01-10,2023-05,72.44078864353312
2,TFM,2023-01-10,2023-06,73.01779403644396
2,TFM,2023-01-10,2023-07,72.77467041389883
2,TFM,2023-01-10,2023-08,73.64040794879145
2,TFM,2023-01-10,2023-09,73.20119538736398
2,TFM,2023-01-10,2023-10,75.72525010761946
2,TFM,2023-01-10,2023-11,77.91294271075921
2,TFM,2023-01-10,2023-12,79.41195501730104
2,TFM,2023-01-10,2024-01,79.49356720111912
1,TFM,2023-01-10,2024-02,79.0
2,TFM,2023-01-11,2023-02,65.11782298730654
2,TFM,2023-01-11,2023-03,66.01056361700935
2,TFM,2023-01-11,2023-04,67.20073583517292
1,TFM,2023-01-11,2023-05,67.95
1,TFM,2023-01-11,2023-06,68.5
2,TFM,2023-01-11,2023-07,69.72753010965306
2,TFM,2023-01-11,2023-08,69.17529222676797
2,TFM,2023-01-11,2023-09,69.94622248312298
2,TFM,2023-01-11,2023-10,71.30778164924506
2,TFM,2023-01-11,2023-11,74.66574675324675
2,TFM,2023-01-11,2023-12,76.16904761904763
2,TFM,2023-01-11,2024-01,77.19499100814556
2,TFM,2023-01-12,2023-02,67.99415786639193
2,TFM,2023-01-12,2023-03,68.75
2,TFM,2023-01-12,2023-04,69.80627592572483
2,TFM,2023-01-12,2023-05,70.03979898749257
2,TFM,2023-01-12,2023-06,70.75996541886401
2,TFM,2023-01-12,2023-07,71.03487718197972
2,TFM,2023-01-12,2023-08,71.38244205104192
1,TFM,2023-01-12,2023-09,71.835
2,TFM,2023-01-12,2023-10,71.66378056929041
1,TFM,2023-01-12,2023-11,74.67
1,TFM,2023-01-12,2023-12,75.805
2,TFM,2023-01-12,2024-01,76.25643564356436
1,TFM,2023-01-12,2024-02,76.775
1,TFM,2023-01-12,2024-03,74.4
2,TFM,2023-01-13,2023-02,62.97244091344618
2,TFM,2023-01-13,2023-03,63.56700285895806
2,TFM,2023-01-13,2023-04,64.48184821904817
2,TFM,2023-01-13,2023-05,64.82071595558153
2,TFM,2023-01-13,2023-06,64.93540966208184
1,TFM,2023-01-13,2023-07,65.255
2,TFM,2023-01-13,2023-08,65.83752856094749
2,TFM,2023-01-13,2023-09,66.70946138657305
1,TFM,2023-01-13,2023-10,69.55
1,TFM,2023-01-13,2023-11,72.65
2,TFM,2023-01-13,2023-12,72.85669983970078
2,TFM,2023-01-13,2024-01,73.30522193389784
1,TFM,2023-01-13,2024-02,74.25
1,TFM,2023-01-13,2024-04,64.0
2,TFM,2023-01-16,2023-02,54.88533274729821
2,TFM,2023-01-16,2023-03,55.59214858716475
2,TFM,2023-01-16,2023-04,56.579172714078375
2,TFM,2023-01-16,2023-05,56.735204514700456
2,TFM,2023-01-16,2023-06,57.46181418258385
1,TFM,2023-01-16,2023-07,57.775
2,TFM,2023-01-16,2023-08,58.19969279382076
2,TFM,2023-01-16,2023-09,58.35060654229064
2,TFM,2023-01-16,2023-10,60.9455013664074
2,TFM,2023-01-16,2023-11,63.570045067601406
2,TFM,2023-01-16,2023-12,65.45079973562459
2,TFM,2023-01-16,2024-01,67.25548847420417
2,TFM,2023-01-16,2024-02,66.76043160777154
1,TFM,2023-01-16,2024-03,64.0
1,TFM,2023-01-16,2024-04,58.0
2,TFM,2023-01-17,2023-02,59.21525923626203
2,TFM,2023-01-17,2023-03,59.77721997981837
2,TFM,2023-01-17,2023-04,60.66989247311828
2,TFM,2023-01-17,2023-05,60.23893847822718
2,TFM,2023-01-17,2023-06,60.74056076145503
2,TFM,2023-01-17,2023-07,60.91755278643129
2,TFM,2023-01-17,2023-08,61.22358638743456
1,TFM,2023-01-17,2023-09,61.68000000000001
2,TFM,2023-01-17,2023-10,64.53018650835347
2,TFM,2023-01-17,2023-11,66.2713068731849
2,TFM,2023-01-17,2023-12,70.20721014869503
2,TFM,2023-01-17,2024-01,69.94446469248292
1,TFM,2023-01-17,2024-02,69.4
2,TFM,2023-01-18,2023-02,63.01321897000237
2,TFM,2023-01-18,2023-03,62.93259688518653
2,TFM,2023-01-18,2023-04,63.99217957505141
2,TFM,2023-01-18,2023-05,64.49141453187448
2,TFM,2023-01-18,2023-06,64.7944246372289
2,TFM,2023-01-18,2023-07,65.04118297085498
1,TFM,2023-01-18,2023-08,64.055
2,TFM,2023-01-18,2023-09,64.25130368825258
1,TFM,2023-01-18,2023-10,67.15
2,TFM,2023-01-18,2023-11,70.19029518803075
1,TFM,2023-01-18,2023-12,72.4
2,TFM,2023-01-18,2024-01,72.48834317687287
2,TFM,2023-01-18,2024-02,68.27614914425429
1,TFM,2023-01-18,2024-03,69.0
1,TFM,2023-01-18,2024-09,63.25
2,TFM,2023-01-19,2023-02,61.76685155462272
2,TFM,2023-01-19,2023-03,62.42509213041631
2,TFM,2023-01-19,2023-04,63.346314006024095
2,TFM,2023-01-19,2023-05,63.49474173553718
1,TFM,2023-01-19,2023-06,63.72999999999999
1,TFM,2023-01-19,2023-07,62.955
1,TFM,2023-01-19,2023-08,60.58
1,TFM,2023-01-19,2023-09,61.6
1,TFM,2023-01-19,2023-10,66.12
1,TFM,2023-01-19,2023-11,70.0
1,TFM,2023-01-19,2023-12,73.25
1,TFM,2023-01-19,2024-01,72.5
1,TFM,2023-01-19,2024-02,71.6
1,TFM,2023-01-19,2024-03,70.1
2,TFM,2023-01-20,2023-02,67.58740331267971
2,TFM,2023-01-20,2023-03,68.21374561358897
2,TFM,2023-01-20,2023-04,68.86212293144209
2,TFM,2023-01-20,2023-05,68.98579178506846
2,TFM,2023-01-20,2023-06,69.22970274214609
2,TFM,2023-01-20,2023-07,68.62808461180846
1,TFM,2023-01-20,2023-08,68.79
2,TFM,2023-01-20,2023-09,69.80282274802823
1,TFM,2023-01-20,2023-10,72.03
1,TFM,2023-01-20,2023-11,76.0
1,TFM,2023-01-20,2023-12,77.65
2,TFM,2023-01-20,2024-01,78.91030541331382
2,TFM,2023-01-20,2024-02,71.75
2,TFM,2023-01-20,2024-03,69.14329213684398
1,TFM,2023-01-20,2024-12,66.0
2,TFM,2023-01-23,2023-02,61.56313920454545
2,TFM,2023-01-23,2023-03,62.38471244336006
2,TFM,2023-01-23,2023-04,63.22674060264799
1,TFM,2023-01-23,2023-05,63.849999999999994
2,TFM,2023-01-23,2023-06,63.72767116733999
2,TFM,2023-01-23,2023-07,64.75542715879038
1,TFM,2023-01-23,2023-08,65.8
1,TFM,2023-01-23,2023-09,66.43
1,TFM,2023-01-23,2023-10,68.02
1,TFM,2023-01-23,2023-11,71.91
1,TFM,2023-01-23,2023-12,73.95
2,TFM,2023-01-23,2024-01,77.01779887273806
2,TFM,2023-01-23,2024-02,74.05080213903744
1,TFM,2023-01-23,2024-03,72.5
2,TFM,2023-01-24,2023-02,58.69160097973725
2,TFM,2023-01-24,2023-03,59.285906383227235
2,TFM,2023-01-24,2023-04,60.24511520989547
2,TFM,2023-01-24,2023-05,59.774542858976005
2,TFM,2023-01-24,2023-06,60.05084119669373
2,TFM,2023-01-24,2023-07,60.60915003955348
1,TFM,2023-01-24,2023-08,60.89999999999999
1,TFM,2023-01-24,2023-09,61.5
2,TFM,2023-01-24,2023-10,63.70057828538384
2,TFM,2023-01-24,2023-11,68.13945077026122
1,TFM,2023-01-24,2023-12,70.04
1,TFM,2023-01-24,2024-01,70.65
2,TFM,2023-01-24,2024-02,70.88345180305132
1,TFM,2023-01-24,2024-03,67.35
1,TFM,2023-01-24,2024-12,65.0
1,TFM,2023-01-24,2025-06,44.0
2,TFM,2023-01-25,2023-02,57.59990472482892
2,TFM,2023-01-25,2023-03,58.36275895781396
2,TFM,2023-01-25,2023-04,59.056771293615725
2,TFM,2023-01-25,2023-05,59.24417580522794
2,TFM,2023-01-25,2023-06,59.36297010821359
2,TFM,2023-01-25,2023-07,57.899630823627284
2,TFM,2023-01-25,2023-08,58.30031393888655
1,TFM,2023-01-25,2023-09,59.35
1,TFM,2023-01-25,2023-10,63.0
1,TFM,2023-01-25,2023-11,65.78
2,TFM,2023-01-25,2023-12,68.00596184419713
2,TFM,2023-01-25,2024-01,67.6655420448707
2,TFM,2023-01-25,2024-02,69.54386084583902
2,TFM,2023-01-26,2023-02,54.37584401318198
2,TFM,2023-01-26,2023-03,54.62870037085515
2,TFM,2023-01-26,2023-04,55.49267137367057
2,TFM,2023-01-26,2023-05,55.522921958740184
2,TFM,2023-01-26,2023-06,56.47
2,TFM,2023-01-26,2023-07,57.00321024419297
2,TFM,2023-01-26,2023-08,56.98976333133613
2,TFM,2023-01-26,2023-09,57.96941263282173
2,TFM,2023-01-26,2023-10,61.304550706033375
2,TFM,2023-01-26,2023-11,65.0904376367615
2,TFM,2023-01-26,2023-12,66.69092579986386
2,TFM,2023-01-26,2024-01,66.99881260794473
2,TFM,2023-01-26,2024-02,66.99676165803109
1,TFM,2023-01-26,2024-03,65.0
1,TFM,2023-01-26,2024-04,60.5
2,TFM,2023-01-27,2023-02,55.777813620751814
2,TFM,2023-01-27,2023-03,55.98208821106756
2,TFM,2023-01-27,2023-04,56.52916257524655
2,TFM,2023-01-27,2023-05,56.42974237332807
2,TFM,2023-01-27,2023-06,56.905882231575475
1,TFM,2023-01-27,2023-07,57.7
1,TFM,2023-01-27,2023-08,58.25
1,TFM,2023-01-27,2023-09,59.265
2,TFM,2023-01-27,2023-10,62.289109311740894
2,TFM,2023-01-27,2023-11,66.22736040609135
1,TFM,2023-01-27,2023-12,67.825
2,TFM,2023-01-27,2024-01,67.78901098901099
1,TFM,2023-01-27,2024-02,65.5
1,TFM,2023-01-27,2024-05,58.11
2,TFM,2023-01-30,2023-02,55.31179819255675
2,TFM,2023-01-30,2023-03,55.68865305185865
2,TFM,2023-01-30,2023-04,56.331445948732046
2,TFM,2023-01-30,2023-05,56.59772151898734
1,TFM,2023-01-30,2023-06,57.05
2,TFM,2023-01-30,2023-07,56.75452049642723
1,TFM,2023-01-30,2023-08,57.25
1,TFM,2023-01-30,2023-09,58.629999999999995
1,TFM,2023-01-30,2023-10,61.769999999999996
1,TFM,2023-01-30,2023-11,65.895
2,TFM,2023-01-30,2023-12,67.56849086576648
1,TFM,2023-01-30,2024-01,67.6
1,TFM,2023-01-30,2024-02,67.4
1,TFM,2023-01-30,2024-04,60.75
1,TFM,2023-01-30,2024-09,62.0
2,TFM,2023-01-31,2023-03,58.995888514777405
2,TFM,2023-01-31,2023-04,59.58365596691612
2,TFM,2023-01-31,2023-05,59.91773282951767
1,TFM,2023-01-31,2023-06,60.36000000000001
2,TFM,2023-01-31,2023-07,59.84255094043887
1,TFM,2023-01-31,2023-08,60.255
2,TFM,2023-01-31,2023-09,61.17966626618609
1,TFM,2023-01-31,2023-10,63.5
1,TFM,2023-01-31,2023-11,67.815
1,TFM,2023-01-31,2023-12,69.375
1,TFM,2023-01-31,2024-01,69.38
2,TFM,2023-02-01,2023-03,58.22706539966462
2,TFM,2023-02-01,2023-04,59.35109034267913
2,TFM,2023-02-01,2023-05,59.99505153467222
2,TFM,2023-02-01,2023-06,60.59723258049014
2,TFM,2023-02-01,2023-07,60.753976863155444
2,TFM,2023-02-01,2023-08,61.760093738733325
2,TFM,2023-02-01,2023-09,62.94903718459496
2,TFM,2023-02-01,2023-10,65.54488150633048
2,TFM,2023-02-01,2023-11,69.42686312713103
2,TFM,2023-02-01,2023-12,70.94185461858929
1,TFM,2023-02-01,2024-01,70.2
1,TFM,2023-02-01,2024-03,67.95
2,TFM,2023-02-02,2023-03,56.72765159855557
2,TFM,2023-02-02,2023-04,58.12030831099196
2,TFM,2023-02-02,2023-05,58.3467185042185
2,TFM,2023-02-02,2023-06,58.63838696232077
2,TFM,2023-02-02,2023-07,58.99986595174263
2,TFM,2023-02-02,2023-08,59.95916283818274
2,TFM,2023-02-02,2023-09,60.113218454697055
2,TFM,2023-02-02,2023-10,63.29635479951397
1,TFM,2023-02-02,2023-11,66.335
2,TFM,2023-02-02,2023-12,67.85067567567567
2,TFM,2023-02-02,2024-01,69.69119459935428
1,TFM,2023-02-02,2024-02,67.8
2,TFM,2023-02-02,2024-03,66.42352732853266
1,TFM,2023-02-02,2024-04,62.3
1,TFM,2023-02-02,2024-05,63.08
2,TFM,2023-02-03,2023-03,58.6
2,TFM,2023-02-03,2023-04,59.58464377730481
2,TFM,2023-02-03,2023-05,60.0
1,TFM,2023-02-03,2023-06,60.535
2,TFM,2023-02-03,2023-07,60.83288516550879
2,TFM,2023-02-03,2023-08,61.20968241673122
1,TFM,2023-02-03,2023-09,61.94
1,TFM,2023-02-03,2023-10,64.4
2,TFM,2023-02-03,2023-11,68.1333545007144
1,TFM,2023-02-03,2023-12,69.8
1,TFM,2023-02-03,2024-03,68.1
2,TFM,2023-02-06,2023-03,57.39876832583785
2,TFM,2023-02-06,2023-04,58.50819359944602
2,TFM,2023-02-06,2023-05,58.75780665280665
2,TFM,2023-02-06,2023-06,59.091351284584974
2,TFM,2023-02-06,2023-07,59.40021557918942
2,TFM,2023-02-06,2023-08,59.900000000000006
2,TFM,2023-02-06,2023-09,60.5
2,TFM,2023-02-06,2023-10,63.445244309876806
2,TFM,2023-02-06,2023-11,67.25263870094723
2,TFM,2023-02-06,2023-12,68.6
1,TFM,2023-02-06,2024-01,67.5
2,TFM,2023-02-06,2024-02,67.49596122778675
2,TFM,2023-02-07,2023-03,54.52304908064283
2,TFM,2023-02-07,2023-04,55.685451747324564
2,TFM,2023-02-07,2023-05,56.02476049270073
2,TFM,2023-02-07,2023-06,56.677038735983686
2,TFM,2023-02-07,2023-07,57.16404831864185
1,TFM,2023-02-07,2023-08,57.55
2,TFM,2023-02-07,2023-09,58.5
2,TFM,2023-02-07,2023-10,61.03582466985108
2,TFM,2023-02-07,2023-11,65.09881619074022
2,TFM,2023-02-07,2023-12,66.7390709789451
1,TFM,2023-02-07,2024-01,67.205
1,TFM,2023-02-07,2024-02,67.945
1,TFM,2023-02-07,2024-03,65.385
1,TFM,2023-02-07,2024-04,62.14
2,TFM,2023-02-08,2023-03,54.25107413133696
2,TFM,2023-02-08,2023-04,55.24084204974949
2,TFM,2023-02-08,2023-05,55.38077375814172
2,TFM,2023-02-08,2023-06,55.81086560256894
2,TFM,2023-02-08,2023-07,56.54166606302064
2,TFM,2023-02-08,2023-08,57.0
1,TFM,2023-02-08,2023-09,56.995
2,TFM,2023-02-08,2023-10,59.85417873696408
1,TFM,2023-02-08,2023-11,63.015
2,TFM,2023-02-08,2023-12,64.94414272754764
1,TFM,2023-02-08,2024-01,65.7
1,TFM,2023-02-08,2024-02,66.0
2,TFM,2023-02-09,2023-03,53.010085603898894
2,TFM,2023-02-09,2023-04,53.862005921539605
2,TFM,2023-02-09,2023-05,54.3649077805861
2,TFM,2023-02-09,2023-06,54.795047709923665
2,TFM,2023-02-09,2023-07,55.2
2,TFM,2023-02-09,2023-08,55.76592426068416
2,TFM,2023-02-09,2023-09,56.25975796692215
2,TFM,2023-02-09,2023-10,59.11057804820969
2,TFM,2023-02-09,2023-11,62.747336668628606
2,TFM,2023-02-09,2023-12,64.70839768339769
1,TFM,2023-02-09,2024-03,62.75
2,TFM,2023-02-10,2023-03,54.36939500543893
2,TFM,2023-02-10,2023-04,54.94238735904758
2,TFM,2023-02-10,2023-05,55.106986634264885
2,TFM,2023-02-10,2023-06,55.401573475695415
2,TFM,2023-02-10,2023-07,55.64063893016345
2,TFM,2023-02-10,2023-08,56.34929328621908
2,TFM,2023-02-10,2023-09,56.401623430962346
1,TFM,2023-02-10,2023-10,59.54999999999999
1,TFM,2023-02-10,2023-11,63.0
1,TFM,2023-02-10,2023-12,64.22
2,TFM,2023-02-10,2024-01,65.12224104143337
1,TFM,2023-02-10,2024-02,64.64
2,TFM,2023-02-10,2024-03,62.48391657488987
2,TFM,2023-02-10,2024-04,58.348805601317956
1,TFM,2023-02-10,2024-05,57.78
1,TFM,2023-02-10,2024-06,57.72
1,TFM,2023-02-10,2024-07,57.12
1,TFM,2023-02-10,2024-08,57.559999999999995
1,TFM,2023-02-10,2024-09,58.12
1,TFM,2023-02-10,2024-10,58.1
1,TFM,2023-02-10,2024-11,60.2
2,TFM,2023-02-13,2023-03,51.610891171499155
2,TFM,2023-02-13,2023-04,51.90632942694334
2,TFM,2023-02-13,2023-05,52.3005942947702
2,TFM,2023-02-13,2023-06,52.72528225806452
2,TFM,2023-02-13,2023-07,53.07067590987868
1,TFM,2023-02-13,2023-08,53.5
1,TFM,2023-02-13,2023-09,54.4
1,TFM,2023-02-13,2023-10,56.75
1,TFM,2023-02-13,2023-11,60.925000000000004
1,TFM,2023-02-13,2023-12,62.29999999999999
1,TFM,2023-02-13,2024-01,63.29999999999999
1,TFM,2023-02-13,2024-04,57.2
1,TFM,2023-02-13,2024-09,57.0
1,TFM,2023-02-13,2024-10,57.0
1,TFM,2023-02-13,2024-11,60.0
2,TFM,2023-02-14,2023-03,52.72101283399124
2,TFM,2023-02-14,2023-04,52.90471592010859
2,TFM,2023-02-14,2023-05,53.10584723654674
1,TFM,2023-02-14,2023-06,53.32
1,TFM,2023-02-14,2023-07,53.56
2,TFM,2023-02-14,2023-08,53.99230923140609
1,TFM,2023-02-14,2023-09,54.57
1,TFM,2023-02-14,2023-10,56.855
2,TFM,2023-02-14,2023-11,60.70523774983881
1,TFM,2023-02-14,2023-12,62.480000000000004
1,TFM,2023-02-14,2024-01,63.0
1,TFM,2023-02-14,2024-04,57.95000000000001
2,TFM,2023-02-15,2023-03,54.182318840579704
2,TFM,2023-02-15,2023-04,54.11574163568773
2,TFM,2023-02-15,2023-05,54.24926386366811
1,TFM,2023-02-15,2023-06,54.475
2,TFM,2023-02-15,2023-07,54.98492058990358
2,TFM,2023-02-15,2023-08,55.35006728720422
1,TFM,2023-02-15,2023-09,55.7
2,TFM,2023-02-15,2023-10,58.204732641660016
1,TFM,2023-02-15,2023-11,62.01
1,TFM,2023-02-15,2023-12,63.475
1,TFM,2023-02-15,2024-01,63.8
1,TFM,2023-02-15,2024-02,64.0
1,TFM,2023-02-15,2024-03,61.6
2,TFM,2023-02-16,2023-03,51.73494071057813
2,TFM,2023-02-16,2023-04,51.93238302236984
2,TFM,2023-02-16,2023-05,52.39043143128516
2,TFM,2023-02-16,2023-06,52.85103442125914
2,TFM,2023-02-16,2023-07,53.108672086720865
2,TFM,2023-02-16,2023-08,53.508791793313065
2,TFM,2023-02-16,2023-09,54.16716517857144
1,TFM,2023-02-16,2023-10,56.25
1,TFM,2023-02-16,2023-11,60.05500000000001
2,TFM,2023-02-16,2023-12,61.63981126511354
2,TFM,2023-02-16,2024-01,61.77317983820784
2,TFM,2023-02-16,2024-02,61.739389942291844
1,TFM,2023-02-16,2024-03,59.0
2,TFM,2023-02-16,2024-04,57.12916957431962
1,TFM,2023-02-16,2024-05,59.0
1,TFM,2023-02-16,2024-06,59.0
1,TFM,2023-02-16,2024-07,59.0
1,TFM,2023-02-16,2024-08,59.0
1,TFM,2023-02-16,2024-09,59.0
1,TFM,2023-02-16,2024-10,59.0
1,TFM,2023-02-16,2024-11,59.0
1,TFM,2023-02-16,2024-12,59.0
2,TFM,2023-02-17,2023-03,48.811968397726176
2,TFM,2023-02-17,2023-04,49.34798747361501
2,TFM,2023-02-17,2023-05,49.55
2,TFM,2023-02-17,2023-06,49.99541308925968
2,TFM,2023-02-17,2023-07,50.35573903897254
2,TFM,2023-02-17,2023-08,50.795904510261764
2,TFM,2023-02-17,2023-09,51.4071546680234
1,TFM,2023-02-17,2023-10,53.46000000000001
2,TFM,2023-02-17,2023-11,58.00018882175227
2,TFM,2023-02-17,2023-12,59.44993837171586
2,TFM,2023-02-17,2024-01,60.595460964292926
2,TFM,2023-02-17,2024-02,59.569109550028486
2,TFM,2023-02-17,2024-03,58.396869365388014
1,TFM,2023-02-17,2024-04,55.05
1,TFM,2023-02-17,2024-11,58.75
2,TFM,2023-02-17,2024-12,60.03382949932341
2,TFM,2023-02-20,2023-03,49.296661142401426
2,TFM,2023-02-20,2023-04,49.352836999197876
2,TFM,2023-02-20,2023-05,49.629614989733064
2,TFM,2023-02-20,2023-06,50.00061417411978
2,TFM,2023-02-20,2023-07,50.05206409521078
2,TFM,2023-02-20,2023-08,50.28932425617751
2,TFM,2023-02-20,2023-09,51.007276917404134
1,TFM,2023-02-20,2023-10,53.739999999999995
2,TFM,2023-02-20,2023-11,57.88418181818182
1,TFM,2023-02-20,2023-12,58.3
1,TFM,2023-02-20,2024-01,59.38
1,TFM,2023-02-20,2024-02,60.43
1,TFM,2023-02-20,2024-03,59.0
1,TFM,2023-02-20,2024-04,54.3
2,TFM,2023-02-21,2023-03,49.161330468395704
2,TFM,2023-02-21,2023-04,49.5
2,TFM,2023-02-21,2023-05,49.68552090289836
2,TFM,2023-02-21,2023-06,49.977486647183305
2,TFM,2023-02-21,2023-07,49.89851455928646
2,TFM,2023-02-21,2023-08,49.87403964878584
1,TFM,2023-02-21,2023-09,50.645
2,TFM,2023-02-21,2023-10,52.84772105742936
2,TFM,2023-02-21,2023-11,56.45946052406234
2,TFM,2023-02-21,2023-12,57.99103624901497
2,TFM,2023-02-21,2024-01,58.896847064508336
1,TFM,2023-02-21,2024-02,58.3
1,TFM,2023-02-21,2024-03,57.0
1,TFM,2023-02-21,2024-05,53.0
1,TFM,2023-02-21,2024-06,52.95
1,TFM,2023-02-21,2025-01,57.15
1,TFM,2023-02-21,2025-05,44.0
2,TFM,2023-02-22,2023-03,49.310505343234915
2,TFM,2023-02-22,2023-04,49.2421712604077
2,TFM,2023-02-22,2023-05,49.39988007007142
2,TFM,2023-02-22,2023-06,49.5793275619086
2,TFM,2023-02-22,2023-07,49.71880320162622
2,TFM,2023-02-22,2023-08,50.512447004043615
2,TFM,2023-02-22,2023-09,50.90356059607016
2,TFM,2023-02-22,2023-10,52.92654944516971
2,TFM,2023-02-22,2023-11,56.53341507982304
2,TFM,2023-02-22,2023-12,58.05954464108173
1,TFM,2023-02-22,2024-01,59.5
1,TFM,2023-02-22,2024-02,59.07
1,TFM,2023-02-22,2024-03,58.175
1,TFM,2023-02-22,2025-01,57.0
1,TFM,2023-02-22,2025-03,53.05
2,TFM,2023-02-23,2023-03,50.745060707169
2,TFM,2023-02-23,2023-04,50.45262962446389
2,TFM,2023-02-23,2023-05,50.71383972629779
2,TFM,2023-02-23,2023-06,51.10000000000001
2,TFM,2023-02-23,2023-07,51.14032238065715
2,TFM,2023-02-23,2023-08,51.28646081576535
1,TFM,2023-02-23,2023-09,51.945
2,TFM,2023-02-23,2023-10,54.18523873185638
2,TFM,2023-02-23,2023-11,57.95393694421989
2,TFM,2023-02-23,2023-12,59.39631196746709
2,TFM,2023-02-23,2024-01,59.86514698116528
2,TFM,2023-02-23,2024-02,59.89186140459913
1,TFM,2023-02-23,2024-03,57.925
1,TFM,2023-02-23,2024-04,55.125
1,TFM,2023-02-23,2024-05,54.44
1,TFM,2023-02-23,2024-06,54.21
1,TFM,2023-02-23,2025-01,57.25
1,TFM,2023-02-23,2025-03,53.3
1,TFM,2023-02-23,2025-04,47.3
1,TFM,2023-02-23,2025-06,40.675
2,TFM,2023-02-24,2023-03,50.83203564466723
2,TFM,2023-02-24,2023-04,50.65310015588464
2,TFM,2023-02-24,2023-05,50.83592326139089
2,TFM,2023-02-24,2023-06,51.022221970298155
1,TFM,2023-02-24,2023-07,51.315
1,TFM,2023-02-24,2023-08,51.75
2,TFM,2023-02-24,2023-09,52.35242054903748
2,TFM,2023-02-24,2023-10,54.540532553255325
1,TFM,2023-02-24,2023-11,58.27
2,TFM,2023-02-24,2023-12,59.75513011152416
1,TFM,2023-02-24,2024-01,59.949999999999996
1,TFM,2023-02-24,2024-04,55.5
1,TFM,2023-02-24,2024-11,59.0
1,TFM,2023-02-24,2024-12,60.0
2,TFM,2023-02-27,2023-03,47.229309234073014
2,TFM,2023-02-27,2023-04,47.2509017153954
2,TFM,2023-02-27,2023-05,47.52736563704042
2,TFM,2023-02-27,2023-06,47.840972088546685
2,TFM,2023-02-27,2023-07,48.17998427343259
2,TFM,2023-02-27,2023-08,48.5
1,TFM,2023-02-27,2023-09,49.24
1,TFM,2023-02-27,2023-10,51.44
1,TFM,2023-02-27,2023-11,55.4
1,TFM,2023-02-27,2023-12,56.785
1,TFM,2023-02-27,2024-01,57.3
2,TFM,2023-02-27,2024-02,57.08201271186441
1,TFM,2023-02-27,2024-03,55.800000000000004
1,TFM,2023-02-27,2024-04,52.9
1,TFM,2023-02-27,2024-11,57.0
1,TFM,2023-02-27,2025-01,56.1
1,TFM,2023-02-27,2025-05,44.0
2,TFM,2023-02-28,2023-04,46.94721844639953
2,TFM,2023-02-28,2023-05,47.213836903194924
2,TFM,2023-02-28,2023-06,47.45986848113983
2,TFM,2023-02-28,2023-07,47.73534503450345
2,TFM,2023-02-28,2023-08,47.770766030619036
2,TFM,2023-02-28,2023-09,48.6451751223281
1,TFM,2023-02-28,2023-10,50.855
1,TFM,2023-02-28,2023-11,54.66
1,TFM,2023-02-28,2023-12,56.17
2,TFM,2023-02-28,2024-01,57.11354476958121
1,TFM,2023-02-28,2024-02,58.1
1,TFM,2023-02-28,2024-09,52.10999999999999
1,TFM,2023-02-28,2025-05,44.0
2,TFM,2023-03-01,2023-04,48.34555404486744
2,TFM,2023-03-01,2023-05,48.37599019854235
2,TFM,2023-03-01,2023-06,48.76933061978382
2,TFM,2023-03-01,2023-07,48.89913957934991
1,TFM,2023-03-01,2023-08,49.2
2,TFM,2023-03-01,2023-09,49.74833709131905
2,TFM,2023-03-01,2023-10,52.064752186588926
2,TFM,2023-03-01,2023-11,55.774083300119564
2,TFM,2023-03-01,2023-12,56.470681534344344
1,TFM,2023-03-01,2024-01,57.154999999999994
2,TFM,2023-03-01,2024-02,57.39372022520572
1,TFM,2023-03-01,2024-03,55.8
1,TFM,2023-03-01,2024-04,52.20000000000001
1,TFM,2023-03-01,2025-06,40.5
2,TFM,2023-03-02,2023-04,46.83483652547693
2,TFM,2023-03-02,2023-05,46.91828435430464
2,TFM,2023-03-02,2023-06,47.20272681305981
1,TFM,2023-03-02,2023-07,47.425
2,TFM,2023-03-02,2023-08,47.625646233382575
1,TFM,2023-03-02,2023-09,48.275
2,TFM,2023-03-02,2023-10,51.002324120603014
2,TFM,2023-03-02,2023-11,54.805277044854876
2,TFM,2023-03-02,2023-12,56.355500550055005
1,TFM,2023-03-02,2024-01,56.5
1,TFM,2023-03-02,2024-02,56.35
1,TFM,2023-03-02,2024-03,54.9
1,TFM,2023-03-02,2024-04,51.3
2,TFM,2023-03-03,2023-04,45.17761724909244
2,TFM,2023-03-03,2023-05,45.380064469169184
2,TFM,2023-03-03,2023-06,45.50671269658612
2,TFM,2023-03-03,2023-07,45.51655061939343
2,TFM,2023-03-03,2023-08,45.87551621319418
1,TFM,2023-03-03,2023-09,46.55
1,TFM,2023-03-03,2023-10,48.75
1,TFM,2023-03-03,2023-11,52.485
2,TFM,2023-03-03,2023-12,54.14219158496732
1,TFM,2023-03-03,2024-02,54.75
1,TFM,2023-03-03,2024-03,53.365
1,TFM,2023-03-03,2024-04,50.1
2,TFM,2023-03-06,2023-04,43.0799634161338
2,TFM,2023-03-06,2023-05,43.183510518883296
2,TFM,2023-03-06,2023-06,43.76046573137074
2,TFM,2023-03-06,2023-07,43.99628622360362
2,TFM,2023-03-06,2023-08,44.009375571123975
1,TFM,2023-03-06,2023-09,44.735
2,TFM,2023-03-06,2023-10,46.835515308322556
1,TFM,2023-03-06,2023-11,50.55
2,TFM,2023-03-06,2023-12,52.09879062333511
2,TFM,2023-03-06,2024-01,52.832387278582935
1,TFM,2023-03-06,2024-02,52.665
2,TFM,2023-03-06,2024-03,51.49594594594595
1,TFM,2023-03-06,2024-04,48.0
1,TFM,2023-03-06,2024-06,46.5
2,TFM,2023-03-06,2024-07,47.496870109546165
1,TFM,2023-03-06,2024-09,47.9
1,TFM,2023-03-06,2024-11,51.5
1,TFM,2023-03-06,2025-01,52.1
1,TFM,2023-03-06,2025-06,39.0
2,TFM,2023-03-07,2023-04,43.63768018177945
2,TFM,2023-03-07,2023-05,43.84602153294027
2,TFM,2023-03-07,2023-06,44.2334827621379
2,TFM,2023-03-07,2023-07,44.50248344370861
2,TFM,2023-03-07,2023-08,44.92320328542094
2,TFM,2023-03-07,2023-09,45.62424593967518
2,TFM,2023-03-07,2023-10,47.730876235584844
1,TFM,2023-03-07,2023-11,50.95
2,TFM,2023-03-07,2023-12,52.866453526697434
2,TFM,2023-03-07,2024-01,52.78103638368247
1,TFM,2023-03-07,2024-02,53.0
2,TFM,2023-03-07,2024-03,51.324498886414254
2,TFM,2023-03-07,2024-09,47.303398791540786
1,TFM,2023-03-07,2024-12,52.2
2,TFM,2023-03-08,2023-04,41.89600237701946
2,TFM,2023-03-08,2023-05,42.23721739130435
2,TFM,2023-03-08,2023-06,42.35
2,TFM,2023-03-08,2023-07,42.45107042253521
2,TFM,2023-03-08,2023-08,43.199827288428324
2,TFM,2023-03-08,2023-09,43.86706163973668
2,TFM,2023-03-08,2023-10,46.004105839416056
1,TFM,2023-03-08,2023-11,50.4
1,TFM,2023-03-08,2023-12,51.595
1,TFM,2023-03-08,2024-01,52.07
1,TFM,2023-03-08,2024-02,52.2
1,TFM,2023-03-08,2024-03,50.25
2,TFM,2023-03-08,2024-04,48.57782101167315
1,TFM,2023-03-08,2024-07,47.5
1,TFM,2023-03-08,2024-08,47.85
1,TFM,2023-03-08,2024-09,48.75
1,TFM,2023-03-08,2024-10,48.0
1,TFM,2023-03-08,2024-11,50.5
2,TFM,2023-03-09,2023-04,47.63890751757707
2,TFM,2023-03-09,2023-05,47.97339891167853
2,TFM,2023-03-09,2023-06,48.0
2,TFM,2023-03-09,2023-07,48.52865111375929
2,TFM,2023-03-09,2023-08,48.58
2,TFM,2023-03-09,2023-09,49.517910169016716
2,TFM,2023-03-09,2023-10,51.571714912882435
1,TFM,2023-03-09,2023-11,55.365
2,TFM,2023-03-09,2023-12,56.65141847313855
2,TFM,2023-03-09,2024-01,54.92562576938859
2,TFM,2023-03-09,2024-02,52.37520314006335
1,TFM,2023-03-09,2024-07,46.5
1,TFM,2023-03-09,2025-05,39.0
2,TFM,2023-03-10,2023-04,52.999383595817605
2,TFM,2023-03-10,2023-05,53.24744139489829
2,TFM,2023-03-10,2023-06,53.53478776005225
2,TFM,2023-03-10,2023-07,53.61299400594369
2,TFM,2023-03-10,2023-08,54.02252668188817
2,TFM,2023-03-10,2023-09,54.4149749401982
2,TFM,2023-03-10,2023-10,56.324688638622064
2,TFM,2023-03-10,2023-11,59.65298009999019
2,TFM,2023-03-10,2023-12,61.57689284648294
1,TFM,2023-03-10,2024-01,61.94
1,TFM,2023-03-10,2024-02,61.4
1,TFM,2023-03-10,2024-03,57.5
2,TFM,2023-03-13,2023-04,48.85369960980586
2,TFM,2023-03-13,2023-05,49.13395527241553
2,TFM,2023-03-13,2023-06,49.4
2,TFM,2023-03-13,2023-07,50.16663676818245
2,TFM,2023-03-13,2023-08,49.88071364699409
2,TFM,2023-03-13,2023-09,51.00199888950583
2,TFM,2023-03-13,2023-10,52.58959205874354
1,TFM,2023-03-13,2023-11,56.21
2,TFM,2023-03-13,2023-12,57.797277004140014
2,TFM,2023-03-13,2024-01,58.15197986138355
2,TFM,2023-03-13,2024-02,58.10672034939265
2,TFM,2023-03-13,2024-03,57.810836129753916
1,TFM,2023-03-13,2024-09,54.9
2,TFM,2023-03-14,2023-04,44.6038238784714
2,TFM,2023-03-14,2023-05,44.986471962616825
2,TFM,2023-03-14,2023-06,45.282109495535096
2,TFM,2023-03-14,2023-07,45.50178416955017
2,TFM,2023-03-14,2023-08,45.88072406697886
2,TFM,2023-03-14,2023-09,46.698609978501004
2,TFM,2023-03-14,2023-10,48.359148936170214
1,TFM,2023-03-14,2023-11,52.0
2,TFM,2023-03-14,2023-12,53.68780819822576
2,TFM,2023-03-14,2024-01,54.03679382379654
2,TFM,2023-03-14,2024-02,54.05098619329388
1,TFM,2023-03-14,2024-03,53.5
1,TFM,2023-03-14,2024-05,50.0
1,TFM,2023-03-14,2024-11,54.0
1,TFM,2023-03-14,2024-12,54.35
2,TFM,2023-03-15,2023-04,43.74579046459883
2,TFM,2023-03-15,2023-05,44.027252232509724
2,TFM,2023-03-15,2023-06,44.251965342349955
1,TFM,2023-03-15,2023-07,44.835
1,TFM,2023-03-15,2023-08,45.06
2,TFM,2023-03-15,2023-09,44.83709802028005
2,TFM,2023-03-15,2023-10,46.8268287037037
2,TFM,2023-03-15,2023-11,50.612073423782924
2,TFM,2023-03-15,2023-12,52.168629433962266
2,TFM,2023-03-15,2024-01,52.69628210905814
1,TFM,2023-03-15,2024-02,52.3
1,TFM,2023-03-15,2024-03,51.0
1,TFM,2023-03-15,2024-04,49.0
1,TFM,2023-03-15,2024-05,48.71
1,TFM,2023-03-15,2024-06,48.35
1,TFM,2023-03-15,2024-07,48.5
1,TFM,2023-03-15,2024-08,49.09
1,TFM,2023-03-15,2024-09,49.38
1,TFM,2023-03-15,2024-10,49.63
1,TFM,2023-03-15,2024-11,52.27
1,TFM,2023-03-15,2024-12,52.88
1,TFM,2023-03-15,2025-01,51.41
1,TFM,2023-03-15,2025-02,50.32
1,TFM,2023-03-15,2025-03,47.39
1,TFM,2023-03-15,2025-04,41.17
1,TFM,2023-03-15,2025-05,39.76
1,TFM,2023-03-15,2025-06,36.910000000000004
1,TFM,2023-03-15,2025-07,37.589999999999996
1,TFM,2023-03-15,2025-08,38.75
1,TFM,2023-03-15,2025-09,38.99
1,TFM,2023-03-15,2025-10,40.12
1,TFM,2023-03-15,2025-11,41.26
1,TFM,2023-03-15,2025-12,42.36
1,TFM,2023-03-15,2026-01,42.99
1,TFM,2023-03-15,2026-02,41.99
1,TFM,2023-03-15,2026-03,34.46
1,TFM,2023-03-15,2026-04,31.890000000000004
1,TFM,2023-03-15,2026-05,28.829999999999995
1,TFM,2023-03-15,2026-06,27.99
1,TFM,2023-03-15,2026-07,27.98
1,TFM,2023-03-15,2026-08,27.69
1,TFM,2023-03-15,2026-09,29.31
1,TFM,2023-03-15,2026-10,30.21
1,TFM,2023-03-15,2026-11,31.85
1,TFM,2023-03-15,2026-12,31.03
2,TFM,2023-03-16,2023-04,44.64386610293628
2,TFM,2023-03-16,2023-05,45.166953678975965
2,TFM,2023-03-16,2023-06,45.495892829725165
2,TFM,2023-03-16,2023-07,45.69811919792053
1,TFM,2023-03-16,2023-08,46.12
2,TFM,2023-03-16,2023-09,46.91672461501444
2,TFM,2023-03-16,2023-10,48.91360365505425
1,TFM,2023-03-16,2023-11,52.325
2,TFM,2023-03-16,2023-12,53.982108984307644
1,TFM,2023-03-16,2024-01,54.14
2,TFM,2023-03-16,2024-02,53.77719272001995
2,TFM,2023-03-16,2024-03,51.38143654452802
2,TFM,2023-03-16,2024-04,47.62500376222724
2,TFM,2023-03-16,2024-05,47.183857949959645
1,TFM,2023-03-16,2024-07,47.0
1,TFM,2023-03-16,2024-08,48.0
1,TFM,2023-03-16,2024-09,48.45
1,TFM,2023-03-16,2024-11,51.2
1,TFM,2023-03-16,2024-12,51.5
2,TFM,2023-03-17,2023-04,43.11098590842147
2,TFM,2023-03-17,2023-05,43.584329877384846
2,TFM,2023-03-17,2023-06,43.99856530539349
2,TFM,2023-03-17,2023-07,44.12705966416578
2,TFM,2023-03-17,2023-08,44.75089786521557
2,TFM,2023-03-17,2023-09,45.14675834858189
2,TFM,2023-03-17,2023-10,47.199999999999996
2,TFM,2023-03-17,2023-11,50.77568981921979
2,TFM,2023-03-17,2023-12,52.34554226200723
1,TFM,2023-03-17,2024-01,53.0
1,TFM,2023-03-17,2024-02,52.75
1,TFM,2023-03-17,2024-04,49.6
1,TFM,2023-03-17,2024-05,48.74
2,TFM,2023-03-20,2023-04,39.0
2,TFM,2023-03-20,2023-05,39.49667843573704
2,TFM,2023-03-20,2023-06,40.024138255033556
2,TFM,2023-03-20,2023-07,40.489645875918455
2,TFM,2023-03-20,2023-08,40.76215691653521
2,TFM,2023-03-20,2023-09,41.48714047619047
2,TFM,2023-03-20,2023-10,43.817249154453215
2,TFM,2023-03-20,2023-11,47.560681653372015
1,TFM,2023-03-20,2023-12,49.1
2,TFM,2023-03-20,2024-01,49.50005218117303
2,TFM,2023-03-20,2024-02,49.61081730769231
2,TFM,2023-03-20,2024-03,49.49966747949457
1,TFM,2023-03-20,2024-04,46.0
1,TFM,2023-03-20,2024-08,47.0
1,TFM,2023-03-20,2024-09,47.0
1,TFM,2023-03-20,2024-10,47.05
1,TFM,2023-03-20,2024-11,49.67
2,TFM,2023-03-21,2023-04,41.489813489681914
2,TFM,2023-03-21,2023-05,41.94522818254604
2,TFM,2023-03-21,2023-06,42.28185278126307
2,TFM,2023-03-21,2023-07,42.34876932465419
2,TFM,2023-03-21,2023-08,42.77406807626497
2,TFM,2023-03-21,2023-09,43.444739543518615
2,TFM,2023-03-21,2023-10,46.03909199522103
1,TFM,2023-03-21,2023-11,49.85
2,TFM,2023-03-21,2023-12,51.34926093955803
2,TFM,2023-03-21,2024-01,51.99844157726878
2,TFM,2023-03-21,2024-02,50.802351119245394
1,TFM,2023-03-21,2024-03,49.8
1,TFM,2023-03-21,2024-04,48.5
1,TFM,2023-03-21,2024-08,47.3
2,TFM,2023-03-22,2023-04,40.113761000919474
2,TFM,2023-03-22,2023-05,40.56086042417295
2,TFM,2023-03-22,2023-06,40.98421134601365
2,TFM,2023-03-22,2023-07,41.27699574397062
2,TFM,2023-03-22,2023-08,41.81488184526867
1,TFM,2023-03-22,2023-09,42.63
2,TFM,2023-03-22,2023-10,44.896322869955156
2,TFM,2023-03-22,2023-11,48.59600591151792
2,TFM,2023-03-22,2023-12,50.51442188210335
2,TFM,2023-03-22,2024-01,50.95
2,TFM,2023-03-22,2024-02,50.7961461384307
2,TFM,2023-03-22,2024-03,49.8
1,TFM,2023-03-22,2024-04,47.3
1,TFM,2023-03-22,2024-05,47.11
2,TFM,2023-03-23,2023-04,43.14559743597781
2,TFM,2023-03-23,2023-05,43.41319647973802
2,TFM,2023-03-23,2023-06,43.69381648936171
2,TFM,2023-03-23,2023-07,44.125470837502206
2,TFM,2023-03-23,2023-08,44.66980095441416
2,TFM,2023-03-23,2023-09,45.26485930240168
2,TFM,2023-03-23,2023-10,47.992466097438474
1,TFM,2023-03-23,2023-11,51.445
1,TFM,2023-03-23,2023-12,53.0
1,TFM,2023-03-23,2024-01,53.85
1,TFM,2023-03-23,2024-02,53.8
1,TFM,2023-03-23,2024-03,52.45
1,TFM,2023-03-23,2024-04,50.3
2,TFM,2023-03-24,2023-04,41.37432112693712
2,TFM,2023-03-24,2023-05,41.65500000000001
2,TFM,2023-03-24,2023-06,42.295090946672175
2,TFM,2023-03-24,2023-07,42.319439686224285
2,TFM,2023-03-24,2023-08,42.78110044566335
2,TFM,2023-03-24,2023-09,43.535268235881226
2,TFM,2023-03-24,2023-10,45.96192483738859
2,TFM,2023-03-24,2023-11,49.69491173120729
2,TFM,2023-03-24,2023-12,51.60419639110365
1,TFM,2023-03-24,2024-01,52.0
1,TFM,2023-03-24,2024-02,51.875
1,TFM,2023-03-24,2024-03,51.875
1,TFM,2023-03-24,2024-04,49.05
1,TFM,2023-03-24,2024-05,48.75
1,TFM,2023-03-24,2024-09,49.75
2,TFM,2023-03-27,2023-04,41.5
2,TFM,2023-03-27,2023-05,41.627112529740955
2,TFM,2023-03-27,2023-06,41.87387383385162
2,TFM,2023-03-27,2023-07,42.045023461219984
2,TFM,2023-03-27,2023-08,42.57050598412134
2,TFM,2023-03-27,2023-09,43.515254790940766
1,TFM,2023-03-27,2023-10,46.705
1,TFM,2023-03-27,2023-11,50.0
2,TFM,2023-03-27,2023-12,52.39824561403509
1,TFM,2023-03-27,2024-01,52.775
1,TFM,2023-03-27,2024-02,53.0
1,TFM,2023-03-27,2024-03,52.0
1,TFM,2023-03-27,2024-04,49.2
2,TFM,2023-03-28,2023-04,43.07552798310454
2,TFM,2023-03-28,2023-05,43.170336611809006
2,TFM,2023-03-28,2023-06,43.46531903190319
2,TFM,2023-03-28,2023-07,43.593364295824486
2,TFM,2023-03-28,2023-08,43.962930618805245
2,TFM,2023-03-28,2023-09,44.99807465618861
2,TFM,2023-03-28,2023-10,47.477925439443695
2,TFM,2023-03-28,2023-11,51.60016932752782
2,TFM,2023-03-28,2023-12,53.299757222626845
1,TFM,2023-03-28,2024-01,53.65
1,TFM,2023-03-28,2024-02,53.5
1,TFM,2023-03-28,2024-03,52.4
2,TFM,2023-03-28,2024-04,49.800061287027575
1,TFM,2023-03-28,2024-05,49.55
1,TFM,2023-03-28,2024-06,49.5
2,TFM,2023-03-29,2023-04,43.02410589162677
2,TFM,2023-03-29,2023-05,43.0990371358181
2,TFM,2023-03-29,2023-06,43.42149975408829
2,TFM,2023-03-29,2023-07,43.37561459027315
2,TFM,2023-03-29,2023-08,43.74957065443935
2,TFM,2023-03-29,2023-09,44.64798073360504
2,TFM,2023-03-29,2023-10,47.54824892241379
2,TFM,2023-03-29,2023-11,51.769813388625586
2,TFM,2023-03-29,2023-12,53.6
1,TFM,2023-03-29,2024-01,54.2
1,TFM,2023-03-29,2024-02,53.825
2,TFM,2023-03-29,2024-03,52.350675675675674
2,TFM,2023-03-29,2024-04,49.77365602912829
1,TFM,2023-03-29,2024-05,50.0
1,TFM,2023-03-29,2024-09,50.8
2,TFM,2023-03-30,2023-04,43.5
2,TFM,2023-03-30,2023-05,43.59802823367382
2,TFM,2023-03-30,2023-06,43.904924618859404
2,TFM,2023-03-30,2023-07,43.975
2,TFM,2023-03-30,2023-08,44.48064758440737
2,TFM,2023-03-30,2023-09,45.52100766825491
2,TFM,2023-03-30,2023-10,48.674341527655834
1,TFM,2023-03-30,2023-11,53.445
2,TFM,2023-03-30,2023-12,55.35536985957874
1,TFM,2023-03-30,2024-01,55.7
1,TFM,2023-03-30,2024-02,55.85
1,TFM,2023-03-30,2024-03,54.4
1,TFM,2023-03-30,2024-04,51.1
1,TFM,2023-03-30,2024-05,49.4
1,TFM,2023-03-30,2024-06,49.1
1,TFM,2023-03-30,2024-11,52.75
1,TFM,2023-03-30,2024-12,54.75
2,TFM,2023-03-31,2023-05,46.4704215826257
2,TFM,2023-03-31,2023-06,47.0175348248206
2,TFM,2023-03-31,2023-07,47.3
2,TFM,2023-03-31,2023-08,47.99308423355669
2,TFM,2023-03-31,2023-09,48.791174370872746
2,TFM,2023-03-31,2023-10,52.049722402146756
2,TFM,2023-03-31,2023-11,56.949615778688525
2,TFM,2023-03-31,2023-12,58.82484160506864
2,TFM,2023-03-31,2024-01,59.2698275862069
2,TFM,2023-03-31,2024-02,60.298664337819794
1,TFM,2023-03-31,2024-03,57.85
1,TFM,2023-03-31,2024-04,55.0
2,TFM,2023-04-03,2023-05,50.268596549147716
2,TFM,2023-04-03,2023-06,50.78629492298916
2,TFM,2023-04-03,2023-07,50.75474822874494
2,TFM,2023-04-03,2023-08,51.316542656797814
2,TFM,2023-04-03,2023-09,53.08977562933236
2,TFM,2023-04-03,2023-10,56.251298552056994
2,TFM,2023-04-03,2023-11,61.073925458566414
1,TFM,2023-04-03,2023-12,63.075
2,TFM,2023-04-03,2024-01,64.89257333828445
2,TFM,2023-04-03,2024-02,64.00192086054552
1,TFM,2023-04-03,2024-03,64.065
1,TFM,2023-04-03,2024-04,59.75
1,TFM,2023-04-03,2025-01,61.0
2,TFM,2023-04-04,2023-05,45.509060198688886
2,TFM,2023-04-04,2023-06,45.87084192195607
2,TFM,2023-04-04,2023-07,46.411148501953974
2,TFM,2023-04-04,2023-08,47.41503721622627
2,TFM,2023-04-04,2023-09,48.64722923465304
2,TFM,2023-04-04,2023-10,52.00590631558863
2,TFM,2023-04-04,2023-11,58.53991102247449
2,TFM,2023-04-04,2023-12,60.06609249536751
1,TFM,2023-04-04,2024-01,60.5
2,TFM,2023-04-04,2024-02,60.51222448601593
1,TFM,2023-04-04,2024-03,59.4
1,TFM,2023-04-04,2024-04,57.56
1,TFM,2023-04-04,2024-05,56.94
1,TFM,2023-04-04,2024-09,57.74
1,TFM,2023-04-04,2024-11,60.0
1,TFM,2023-04-04,2024-12,61.25
2,TFM,2023-04-05,2023-05,45.307035797613494
2,TFM,2023-04-05,2023-06,45.687112269405695
2,TFM,2023-04-05,2023-07,46.02441596582565
2,TFM,2023-04-05,2023-08,46.82933504246114
2,TFM,2023-04-05,2023-09,48.21285249186076
1,TFM,2023-04-05,2023-10,51.265
2,TFM,2023-04-05,2023-11,57.067494456762745
2,TFM,2023-04-05,2023-12,59.054787304095875
2,TFM,2023-04-05,2024-01,58.99999999999999
1,TFM,2023-04-05,2024-02,58.295
2,TFM,2023-04-05,2024-03,57.62212684787792
1,TFM,2023-04-05,2025-12,48.38
2,TFM,2023-04-06,2023-05,43.301514467087586
2,TFM,2023-04-06,2023-06,43.53897206394029
2,TFM,2023-04-06,2023-07,43.99830838659042
2,TFM,2023-04-06,2023-08,44.915696231973946
2,TFM,2023-04-06,2023-09,45.9465851840226
2,TFM,2023-04-06,2023-10,49.287317144743604
2,TFM,2023-04-06,2023-11,54.898100115645136
2,TFM,2023-04-06,2023-12,56.621420756103525
1,TFM,2023-04-06,2024-01,57.085
1,TFM,2023-04-06,2024-02,57.0
2,TFM,2023-04-06,2024-03,55.89522081600141
1,TFM,2023-04-06,2024-04,52.60000000000001
1,TFM,2023-04-06,2024-06,52.0
2,TFM,2023-04-11,2023-05,43.86991843796342
2,TFM,2023-04-11,2023-06,44.2311838702726
2,TFM,2023-04-11,2023-07,44.73603848075962
2,TFM,2023-04-11,2023-08,45.75003802281368
2,TFM,2023-04-11,2023-09,47.3204537521815
2,TFM,2023-04-11,2023-10,51.3682430647292
2,TFM,2023-04-11,2023-11,57.16410124209046
2,TFM,2023-04-11,2023-12,59.29999999999999
1,TFM,2023-04-11,2024-01,59.18000000000001
1,TFM,2023-04-11,2024-02,59.01
1,TFM,2023-04-11,2024-03,58.055
1,TFM,2023-04-11,2024-04,55.35
2,TFM,2023-04-12,2023-05,43.083728187629575
2,TFM,2023-04-12,2023-06,43.301713524148
2,TFM,2023-04-12,2023-07,43.859599679743795
2,TFM,2023-04-12,2023-08,44.81308056872038
2,TFM,2023-04-12,2023-09,46.3465482600659
2,TFM,2023-04-12,2023-10,50.18546593038162
2,TFM,2023-04-12,2023-11,57.09506191037735
2,TFM,2023-04-12,2023-12,59.031331692032225
1,TFM,2023-04-12,2024-01,59.84
2,TFM,2023-04-12,2024-02,59.95017806267807
1,TFM,2023-04-12,2024-03,58.715
1,TFM,2023-04-12,2024-04,56.2
1,TFM,2023-04-12,2024-05,54.699999999999996
1,TFM,2023-04-12,2024-11,59.0
2,TFM,2023-04-13,2023-05,42.00751821896457
2,TFM,2023-04-13,2023-06,42.39714851485148
2,TFM,2023-04-13,2023-07,42.790486864793586
2,TFM,2023-04-13,2023-08,43.56855462903571
2,TFM,2023-04-13,2023-09,45.34447469014248
2,TFM,2023-04-13,2023-10,49.202043875187364
2,TFM,2023-04-13,2023-11,56.04999999999999
2,TFM,2023-04-13,2023-12,58.14245726787912
2,TFM,2023-04-13,2024-01,58.87189350757681
2,TFM,2023-04-13,2024-02,58.905979178390545
2,TFM,2023-04-13,2024-03,57.91980279482826
1,TFM,2023-04-13,2024-04,55.525
1,TFM,2023-04-13,2025-07,43.9
1,TFM,2023-04-13,2025-08,45.1
1,TFM,2023-04-13,2025-09,45.3
2,TFM,2023-04-14,2023-05,41.15
2,TFM,2023-04-14,2023-06,41.509150390625
2,TFM,2023-04-14,2023-07,41.90691683219622
2,TFM,2023-04-14,2023-08,42.93034280117532
2,TFM,2023-04-14,2023-09,44.78583662021211
2,TFM,2023-04-14,2023-10,48.65109385550304
2,TFM,2023-04-14,2023-11,55.825
1,TFM,2023-04-14,2023-12,57.925
2,TFM,2023-04-14,2024-01,58.314586280056574
1,TFM,2023-04-14,2024-02,58.39999999999999
1,TFM,2023-04-14,2024-03,57.75
1,TFM,2023-04-14,2024-04,55.04999999999999
2,TFM,2023-04-17,2023-05,41.23542269747881
2,TFM,2023-04-17,2023-06,41.47374397014654
2,TFM,2023-04-17,2023-07,41.95177071063997
2,TFM,2023-04-17,2023-08,42.95036765434546
2,TFM,2023-04-17,2023-09,44.781388225521745
2,TFM,2023-04-17,2023-10,48.87801053247513
2,TFM,2023-04-17,2023-11,55.99259540076654
2,TFM,2023-04-17,2023-12,58.00897765176785
1,TFM,2023-04-17,2024-01,58.0
1,TFM,2023-04-17,2024-02,59.29
1,TFM,2023-04-17,2024-03,57.175
1,TFM,2023-04-17,2024-04,54.8
2,TFM,2023-04-18,2023-05,42.42907571410752
2,TFM,2023-04-18,2023-06,42.69340901427447
2,TFM,2023-04-18,2023-07,43.2556159512319
2,TFM,2023-04-18,2023-08,44.090516888821575
2,TFM,2023-04-18,2023-09,45.95059028558579
2,TFM,2023-04-18,2023-10,49.91623678751359
2,TFM,2023-04-18,2023-11,56.624259636102465
2,TFM,2023-04-18,2023-12,58.70246332384498
2,TFM,2023-04-18,2024-01,59.15
1,TFM,2023-04-18,2024-02,59.175000000000004
2,TFM,2023-04-18,2024-03,58.24679739850217
2,TFM,2023-04-18,2024-04,55.4
1,TFM,2023-04-18,2024-12,59.35
2,TFM,2023-04-19,2023-05,39.95291731580347
2,TFM,2023-04-19,2023-06,40.18040119081372
2,TFM,2023-04-19,2023-07,40.64157593188097
2,TFM,2023-04-19,2023-08,41.576679959806576
2,TFM,2023-04-19,2023-09,43.463825181969106
2,TFM,2023-04-19,2023-10,47.75234927234928
1,TFM,2023-04-19,2023-11,54.44
2,TFM,2023-04-19,2023-12,56.57184859154929
2,TFM,2023-04-19,2024-01,57.001200480192075
1,TFM,2023-04-19,2024-02,57.099999999999994
1,TFM,2023-04-19,2024-03,55.974999999999994
1,TFM,2023-04-19,2024-04,54.95499999999999
1,TFM,2023-04-19,2024-10,55.10000000000001
1,TFM,2023-04-19,2024-11,57.75
2,TFM,2023-04-19,2024-12,58.95630053667263
2,TFM,2023-04-20,2023-05,40.75232300884956
2,TFM,2023-04-20,2023-06,40.89632255158509
2,TFM,2023-04-20,2023-07,41.34383370062722
2,TFM,2023-04-20,2023-08,42.25462969225566
2,TFM,2023-04-20,2023-09,44.25768998903909
2,TFM,2023-04-20,2023-10,48.22941291585127
2,TFM,2023-04-20,2023-11,55.09002436944073
2,TFM,2023-04-20,2023-12,57.0590021522207
2,TFM,2023-04-20,2024-01,57.51412530322822
2,TFM,2023-04-20,2024-02,57.487331515387616
1,TFM,2023-04-20,2024-03,56.415
1,TFM,2023-04-20,2024-04,53.5
1,TFM,2023-04-20,2024-05,53.07
2,TFM,2023-04-20,2024-09,53.36292609853528
1,TFM,2023-04-20,2024-10,53.55
1,TFM,2023-04-20,2024-12,57.05
1,TFM,2023-04-20,2025-01,57.0
1,TFM,2023-04-20,2025-03,53.0
2,TFM,2023-04-21,2023-05,40.79459855323728
2,TFM,2023-04-21,2023-06,40.96584932097434
2,TFM,2023-04-21,2023-07,41.32713688965901
2,TFM,2023-04-21,2023-08,42.341712707182324
2,TFM,2023-04-21,2023-09,44.64935238403626
2,TFM,2023-04-21,2023-10,48.622030975670924
2,TFM,2023-04-21,2023-11,55.265800691244245
2,TFM,2023-04-21,2023-12,57.22631795716639
1,TFM,2023-04-21,2024-01,57.449999999999996
2,TFM,2023-04-21,2024-02,57.49727965179543
2,TFM,2023-04-21,2024-03,56.30080877066859
1,TFM,2023-04-21,2024-04,53.645
1,TFM,2023-04-21,2024-11,55.95
1,TFM,2023-04-21,2024-12,56.74
2,TFM,2023-04-24,2023-05,39.60878473481826
2,TFM,2023-04-24,2023-06,39.69096022295414
2,TFM,2023-04-24,2023-07,40.040892018779346
2,TFM,2023-04-24,2023-08,41.00984981126014
2,TFM,2023-04-24,2023-09,43.17335317460318
2,TFM,2023-04-24,2023-10,47.00427375677006
2,TFM,2023-04-24,2023-11,53.846614583333334
2,TFM,2023-04-24,2023-12,55.922794676806085
2,TFM,2023-04-24,2024-01,56.407232323232336
2,TFM,2023-04-24,2024-02,56.30979768786127
2,TFM,2023-04-24,2024-03,55.2149102296451
2,TFM,2023-04-24,2024-04,52.407614213197974
2,TFM,2023-04-24,2024-05,52.006310235666554
1,TFM,2023-04-24,2024-06,51.92999999999999
1,TFM,2023-04-24,2025-02,54.51
2,TFM,2023-04-25,2023-05,39.45
2,TFM,2023-04-25,2023-06,39.59338896446465
2,TFM,2023-04-25,2023-07,39.914745154794865
2,TFM,2023-04-25,2023-08,40.90715224168647
2,TFM,2023-04-25,2023-09,42.93359542048994
2,TFM,2023-04-25,2023-10,46.715642335766425
2,TFM,2023-04-25,2023-11,53.80101305334846
1,TFM,2023-04-25,2023-12,56.415
1,TFM,2023-04-25,2024-01,56.75
2,TFM,2023-04-25,2024-02,57.474626025414196
2,TFM,2023-04-25,2024-03,55.95038779731127
2,TFM,2023-04-25,2024-04,53.2
1,TFM,2023-04-25,2024-09,52.5
1,TFM,2023-04-25,2024-11,54.6
1,TFM,2023-04-25,2024-12,56.0
2,TFM,2023-04-26,2023-05,38.70614096348781
2,TFM,2023-04-26,2023-06,38.796607717041795
2,TFM,2023-04-26,2023-07,39.146551114255395
2,TFM,2023-04-26,2023-08,40.106545067888106
2,TFM,2023-04-26,2023-09,42.328989645958586
2,TFM,2023-04-26,2023-10,46.99436017836633
1,TFM,2023-04-26,2023-11,54.895
1,TFM,2023-04-26,2023-12,57.885
2,TFM,2023-04-26,2024-01,58.26953926085679
2,TFM,2023-04-26,2024-02,58.08921372762338
1,TFM,2023-04-26,2024-03,56.795
2,TFM,2023-04-26,2024-04,54.20305330038828
1,TFM,2023-04-26,2026-01,47.5
2,TFM,2023-04-27,2023-05,38.967744242597625
2,TFM,2023-04-27,2023-06,39.261808732643075
2,TFM,2023-04-27,2023-07,39.57686674079459
2,TFM,2023-04-27,2023-08,40.629128880947064
2,TFM,2023-04-27,2023-09,42.89263005780347
2,TFM,2023-04-27,2023-10,47.649768716196974
1,TFM,2023-04-27,2023-11,56.294999999999995
2,TFM,2023-04-27,2023-12,59.09282250242483
2,TFM,2023-04-27,2024-01,59.68321885362387
1,TFM,2023-04-27,2024-02,59.65
2,TFM,2023-04-27,2024-03,58.651489361702126
1,TFM,2023-04-27,2024-04,54.3
1,TFM,2023-04-27,2024-10,54.5
1,TFM,2023-04-27,2024-12,57.95
2,TFM,2023-04-28,2023-06,38.3
2,TFM,2023-04-28,2023-07,38.67539300906232
2,TFM,2023-04-28,2023-08,39.708608466680175
2,TFM,2023-04-28,2023-09,42.17393678566389
2,TFM,2023-04-28,2023-10,47.07603966180919
2,TFM,2023-04-28,2023-11,55.594225669583665
1,TFM,2023-04-28,2023-12,58.42
2,TFM,2023-04-28,2024-01,58.99818717212709
2,TFM,2023-04-28,2024-02,58.870517799352754
1,TFM,2023-04-28,2024-03,58.15
2,TFM,2023-04-28,2024-04,56.05311942959001
1,TFM,2023-04-28,2024-05,55.85
1,TFM,2023-04-28,2024-09,56.1
2,TFM,2023-04-28,2024-10,55.726448362720404
2,TFM,2023-04-28,2024-11,58.23011444921316
1,TFM,2023-04-28,2024-12,59.1
2,TFM,2023-05-01,2023-06,39.44460352422907
2,TFM,2023-05-01,2023-07,39.72701421800948
2,TFM,2023-05-01,2023-08,40.698930481283426
1,TFM,2023-05-01,2023-09,43.165
1,TFM,2023-05-01,2023-10,48.0
1,TFM,2023-05-01,2023-11,57.1
1,TFM,2023-05-01,2023-12,59.5
1,TFM,2023-05-01,2024-01,60.245
1,TFM,2023-05-01,2024-02,60.15
1,TFM,2023-05-01,2024-03,59.075
1,TFM,2023-05-01,2024-04,56.3
2,TFM,2023-05-02,2023-06,37.524471860740235
2,TFM,2023-05-02,2023-07,37.91862644728823
2,TFM,2023-05-02,2023-08,38.759944212979306
2,TFM,2023-05-02,2023-09,41.20485019661694
2,TFM,2023-05-02,2023-10,46.549602297834724
1,TFM,2023-05-02,2023-11,55.470000000000006
2,TFM,2023-05-02,2023-12,58.21956629894008
2,TFM,2023-05-02,2024-01,58.9
2,TFM,2023-05-02,2024-02,58.800406834825054
1,TFM,2023-05-02,2024-03,57.839999999999996
1,TFM,2023-05-02,2024-04,55.1
2,TFM,2023-05-03,2023-06,36.98143376306435
2,TFM,2023-05-03,2023-07,37.30102658662093
2,TFM,2023-05-03,2023-08,38.19426034063261
2,TFM,2023-05-03,2023-09,40.55
2,TFM,2023-05-03,2023-10,45.347523107593794
1,TFM,2023-05-03,2023-11,54.52
1,TFM,2023-05-03,2023-12,57.605
2,TFM,2023-05-03,2024-01,58.1600994159314
2,TFM,2023-05-03,2024-02,57.95735937022317
2,TFM,2023-05-03,2024-03,56.85374473396786
1,TFM,2023-05-03,2024-04,53.9
1,TFM,2023-05-03,2024-10,54.25
1,TFM,2023-05-03,2024-12,57.75
2,TFM,2023-05-04,2023-06,35.761326871146885
2,TFM,2023-05-04,2023-07,36.15330918574326
2,TFM,2023-05-04,2023-08,37.16270500879307
2,TFM,2023-05-04,2023-09,39.59465169667838
2,TFM,2023-05-04,2023-10,44.39146725840051
2,TFM,2023-05-04,2023-11,53.76469658867264
2,TFM,2023-05-04,2023-12,56.769634784545154
2,TFM,2023-05-04,2024-01,57.225927168988086
1,TFM,2023-05-04,2024-02,57.0
1,TFM,2023-05-04,2024-03,56.080000000000005
1,TFM,2023-05-04,2024-04,53.1
1,TFM,2023-05-04,2024-11,56.56999999999999
2,TFM,2023-05-05,2023-06,35.864893817838606
2,TFM,2023-05-05,2023-07,36.30260738240127
2,TFM,2023-05-05,2023-08,37.493831073113206
2,TFM,2023-05-05,2023-09,39.987584211879664
2,TFM,2023-05-05,2023-10,44.636492693110654
2,TFM,2023-05-05,2023-11,53.8144899351757
2,TFM,2023-05-05,2023-12,57.017786141244194
1,TFM,2023-05-05,2024-01,57.565
2,TFM,2023-05-05,2024-02,57.43448988970589
2,TFM,2023-05-05,2024-03,56.24374801901743
1,TFM,2023-05-05,2024-04,53.46999999999999
1,TFM,2023-05-05,2024-11,55.9
1,TFM,2023-05-05,2024-12,56.9
2,TFM,2023-05-08,2023-06,37.09406422315926
2,TFM,2023-05-08,2023-07,37.49502967711301
2,TFM,2023-05-08,2023-08,38.63262253875157
1,TFM,2023-05-08,2023-09,40.885
2,TFM,2023-05-08,2023-10,45.79823778195488
1,TFM,2023-05-08,2023-11,54.67
1,TFM,2023-05-08,2023-12,57.95
1,TFM,2023-05-08,2024-01,57.79
1,TFM,2023-05-08,2024-02,57.9
1,TFM,2023-05-08,2024-04,53.5
2,TFM,2023-05-09,2023-06,36.08887817927887
2,TFM,2023-05-09,2023-07,36.59961497910155
2,TFM,2023-05-09,2023-08,37.73967587853976
2,TFM,2023-05-09,2023-09,40.06196924231058
2,TFM,2023-05-09,2023-10,45.115
2,TFM,2023-05-09,2023-11,54.533664362036454
2,TFM,2023-05-09,2023-12,58.3493154254786
1,TFM,2023-05-09,2024-01,59.18500000000001
1,TFM,2023-05-09,2024-02,59.05
1,TFM,2023-05-09,2024-03,57.95
1,TFM,2023-05-09,2024-04,54.83500000000001
1,TFM,2023-05-09,2024-05,53.0
1,TFM,2023-05-09,2024-06,52.650000000000006
1,TFM,2023-05-09,2026-02,47.75
2,TFM,2023-05-10,2023-06,34.8849673503173
2,TFM,2023-05-10,2023-07,35.34
2,TFM,2023-05-10,2023-08,36.461647334374305
2,TFM,2023-05-10,2023-09,38.82435828877005
2,TFM,2023-05-10,2023-10,43.43750799724017
2,TFM,2023-05-10,2023-11,53.10436313533374
2,TFM,2023-05-10,2023-12,57.40074424306103
1,TFM,2023-05-10,2024-01,58.39999999999999
2,TFM,2023-05-10,2024-02,58.686044860234446
2,TFM,2023-05-10,2024-03,57.37259429675074
2,TFM,2023-05-10,2024-04,54.65006973500697
1,TFM,2023-05-10,2024-05,53.94
1,TFM,2023-05-10,2024-06,53.440000000000005
1,TFM,2023-05-10,2024-09,54.559999999999995
1,TFM,2023-05-10,2024-10,55.8
1,TFM,2023-05-10,2024-11,58.6
1,TFM,2023-05-10,2025-01,59.5
1,TFM,2023-05-10,2025-03,55.5
1,TFM,2023-05-10,2025-04,48.15
2,TFM,2023-05-11,2023-06,34.80456854150208
2,TFM,2023-05-11,2023-07,35.190347908745245
2,TFM,2023-05-11,2023-08,36.33899605652317
2,TFM,2023-05-11,2023-09,38.81
2,TFM,2023-05-11,2023-10,43.493321915364305
2,TFM,2023-05-11,2023-11,53.352476763258615
2,TFM,2023-05-11,2023-12,57.93302644964395
2,TFM,2023-05-11,2024-01,58.80485463521668
2,TFM,2023-05-11,2024-02,58.586319682802696
2,TFM,2023-05-11,2024-03,57.71966604281202
2,TFM,2023-05-11,2024-04,54.75734291528873
2,TFM,2023-05-11,2024-05,54.02921742482652
2,TFM,2023-05-11,2024-06,53.67874741200828
1,TFM,2023-05-11,2024-07,53.74
1,TFM,2023-05-11,2024-08,53.69499999999999
1,TFM,2023-05-11,2024-09,54.24
1,TFM,2023-05-11,2024-10,55.5
1,TFM,2023-05-11,2024-11,57.785
1,TFM,2023-05-11,2024-12,58.65
1,TFM,2023-05-11,2025-01,58.5
1,TFM,2023-05-11,2025-02,57.24
1,TFM,2023-05-11,2025-03,54.5
1,TFM,2023-05-11,2025-04,47.68
1,TFM,2023-05-11,2025-05,45.4
1,TFM,2023-05-11,2025-06,43.84
1,TFM,2023-05-11,2025-07,43.99
1,TFM,2023-05-11,2025-08,45.06
1,TFM,2023-05-11,2025-09,45.28
1,TFM,2023-05-11,2025-10,45.76
1,TFM,2023-05-11,2025-11,46.87
1,TFM,2023-05-11,2025-12,48.06
1,TFM,2023-05-11,2026-01,49.02
1,TFM,2023-05-11,2026-02,47.97
1,TFM,2023-05-11,2026-03,41.47
1,TFM,2023-05-11,2026-04,37.99
1,TFM,2023-05-11,2026-05,34.97
1,TFM,2023-05-11,2026-06,34.26
1,TFM,2023-05-11,2026-07,34.27
1,TFM,2023-05-11,2026-08,35.25
1,TFM,2023-05-11,2026-09,35.73
1,TFM,2023-05-11,2026-10,35.85
2,TFM,2023-05-11,2026-11,36.29736842105263
2,TFM,2023-05-11,2026-12,36.94736842105263
1,TFM,2023-05-11,2027-01,37.24
1,TFM,2023-05-11,2027-02,37.0
1,TFM,2023-05-11,2027-03,36.02
1,TFM,2023-05-11,2027-04,30.54
1,TFM,2023-05-11,2027-05,29.67
1,TFM,2023-05-11,2027-06,29.54
1,TFM,2023-05-11,2027-07,29.12
1,TFM,2023-05-11,2027-08,30.0
1,TFM,2023-05-11,2027-09,31.0
2,TFM,2023-05-12,2023-06,32.97008364863862
2,TFM,2023-05-12,2023-07,33.48542468233697
2,TFM,2023-05-12,2023-08,34.39
2,TFM,2023-05-12,2023-09,36.64555894198323
2,TFM,2023-05-12,2023-10,40.674529390332765
2,TFM,2023-05-12,2023-11,50.28695150115473
2,TFM,2023-05-12,2023-12,54.81710252857638
2,TFM,2023-05-12,2024-01,56.11991725279271
2,TFM,2023-05-12,2024-02,55.669317957815885
2,TFM,2023-05-12,2024-03,55.09375397185656
2,TFM,2023-05-12,2024-04,52.353568082833426
1,TFM,2023-05-12,2024-05,52.85
1,TFM,2023-05-12,2024-06,52.7
1,TFM,2023-05-12,2024-08,52.75
1,TFM,2023-05-12,2024-09,52.75
2,TFM,2023-05-12,2024-10,54.0
2,TFM,2023-05-12,2024-11,56.6572488781498
1,TFM,2023-05-12,2025-11,46.8
1,TFM,2023-05-12,2025-12,48.0
2,TFM,2023-05-15,2023-06,32.474356072744754
2,TFM,2023-05-15,2023-07,32.87552863096157
2,TFM,2023-05-15,2023-08,33.78811610674183
2,TFM,2023-05-15,2023-09,35.64106094808126
2,TFM,2023-05-15,2023-10,38.95112870154022
2,TFM,2023-05-15,2023-11,47.445044958452186
2,TFM,2023-05-15,2023-12,51.24003026227303
2,TFM,2023-05-15,2024-01,52.03786528605795
1,TFM,2023-05-15,2024-02,52.20000000000001
1,TFM,2023-05-15,2024-03,51.225
1,TFM,2023-05-15,2024-04,49.35
1,TFM,2023-05-15,2024-05,49.4
2,TFM,2023-05-15,2024-10,52.0
1,TFM,2023-05-15,2024-11,54.0
2,TFM,2023-05-15,2024-12,55.07383177570094
2,TFM,2023-05-16,2023-06,31.954450994105308
2,TFM,2023-05-16,2023-07,32.35
2,TFM,2023-05-16,2023-08,33.24749234673327
2,TFM,2023-05-16,2023-09,35.18677882902497
2,TFM,2023-05-16,2023-10,38.622081474072935
2,TFM,2023-05-16,2023-11,46.34474410702909
2,TFM,2023-05-16,2023-12,49.75002630320421
2,TFM,2023-05-16,2024-01,51.06542439914816
2,TFM,2023-05-16,2024-02,50.72995367306419
2,TFM,2023-05-16,2024-03,50.10935906271537
1,TFM,2023-05-16,2024-04,47.74
1,TFM,2023-05-16,2024-05,47.39
1,TFM,2023-05-16,2024-06,47.375
1,TFM,2023-05-16,2024-09,48.42
2,TFM,2023-05-17,2023-06,31.791815614031446
2,TFM,2023-05-17,2023-07,32.207342424499494
2,TFM,2023-05-17,2023-08,33.15844006416189
2,TFM,2023-05-17,2023-09,35.18095666025487
2,TFM,2023-05-17,2023-10,39.2131351920042
2,TFM,2023-05-17,2023-11,47.820771531100476
2,TFM,2023-05-17,2023-12,51.908849128477435
2,TFM,2023-05-17,2024-01,52.668090379008746
2,TFM,2023-05-17,2024-02,52.76841649963077
2,TFM,2023-05-17,2024-03,52.110904223676386
2,TFM,2023-05-17,2024-04,49.58233438485805
2,TFM,2023-05-17,2024-05,49.3137598944591
2,TFM,2023-05-17,2024-06,49.547733761598856
1,TFM,2023-05-17,2024-07,49.28
1,TFM,2023-05-17,2024-08,49.16
1,TFM,2023-05-17,2024-09,49.27
1,TFM,2023-05-17,2024-11,53.3
2,TFM,2023-05-18,2023-06,30.3
2,TFM,2023-05-18,2023-07,30.63129062945933
2,TFM,2023-05-18,2023-08,31.538760028525584
2,TFM,2023-05-18,2023-09,33.519141747572824
2,TFM,2023-05-18,2023-10,37.677810889388134
2,TFM,2023-05-18,2023-11,46.29767566272756
1,TFM,2023-05-18,2023-12,50.81
2,TFM,2023-05-18,2024-01,51.83964946300716
1,TFM,2023-05-18,2024-02,51.92499999999999
2,TFM,2023-05-18,2024-03,51.05172764874324
1,TFM,2023-05-18,2024-04,48.05
1,TFM,2023-05-18,2024-05,47.7
1,TFM,2023-05-18,2024-06,48.825
1,TFM,2023-05-18,2024-09,48.15
2,TFM,2023-05-18,2024-10,49.3189313904068
1,TFM,2023-05-18,2024-11,52.37
1,TFM,2023-05-18,2024-12,53.2
2,TFM,2023-05-19,2023-06,30.04399093997735
2,TFM,2023-05-19,2023-07,30.4896635207222
2,TFM,2023-05-19,2023-08,31.389302452812984
2,TFM,2023-05-19,2023-09,33.5285616853592
2,TFM,2023-05-19,2023-10,37.788242187499996
2,TFM,2023-05-19,2023-11,46.4845197740113
2,TFM,2023-05-19,2023-12,51.05998981670061
1,TFM,2023-05-19,2024-01,52.045
2,TFM,2023-05-19,2024-02,52.0656671608599
2,TFM,2023-05-19,2024-03,51.36477511244378
1,TFM,2023-05-19,2024-04,48.9
1,TFM,2023-05-19,2024-05,48.375
1,TFM,2023-05-19,2025-10,43.65
1,TFM,2023-05-19,2025-12,45.95
2,TFM,2023-05-22,2023-06,28.801893103513095
2,TFM,2023-05-22,2023-07,29.312575998841925
2,TFM,2023-05-22,2023-08,30.435972405722698
2,TFM,2023-05-22,2023-09,32.851137810311904
2,TFM,2023-05-22,2023-10,37.15793712810954
2,TFM,2023-05-22,2023-11,46.487853470437024
2,TFM,2023-05-22,2023-12,50.94272854431012
2,TFM,2023-05-22,2024-01,51.700688800110214
2,TFM,2023-05-22,2024-02,51.91009340805978
1,TFM,2023-05-22,2024-03,50.95000000000001
2,TFM,2023-05-22,2024-04,48.60293657008614
1,TFM,2023-05-22,2024-05,48.425
1,TFM,2023-05-22,2024-06,48.275
1,TFM,2023-05-22,2024-10,49.25
1,TFM,2023-05-22,2024-12,53.0
2,TFM,2023-05-23,2023-06,29.66
2,TFM,2023-05-23,2023-07,30.247560896243957
2,TFM,2023-05-23,2023-08,31.403296749578836
2,TFM,2023-05-23,2023-09,33.958087814190264
2,TFM,2023-05-23,2023-10,38.04221251189755
2,TFM,2023-05-23,2023-11,47.44753894080996
2,TFM,2023-05-23,2023-12,51.79974537518188
2,TFM,2023-05-23,2024-01,52.39988157271435
2,TFM,2023-05-23,2024-02,52.44478759319173
2,TFM,2023-05-23,2024-03,51.43575949367089
1,TFM,2023-05-23,2024-04,49.3
2,TFM,2023-05-23,2024-05,48.940625000000004
1,TFM,2023-05-23,2024-06,48.7
2,TFM,2023-05-24,2023-06,27.841473264735622
2,TFM,2023-05-24,2023-07,28.492759519403684
2,TFM,2023-05-24,2023-08,30.2336313679564
2,TFM,2023-05-24,2023-09,33.0
2,TFM,2023-05-24,2023-10,37.411549094844545
2,TFM,2023-05-24,2023-11,46.61066959033052
2,TFM,2023-05-24,2023-12,51.063799448022074
2,TFM,2023-05-24,2024-01,51.8054063420551
2,TFM,2023-05-24,2024-02,51.94476927110645
2,TFM,2023-05-24,2024-03,51.192934002869436
2,TFM,2023-05-25,2023-06,24.96639594850295
2,TFM,2023-05-25,2023-07,25.4
2,TFM,2023-05-25,2023-08,27.542193714043012
2,TFM,2023-05-25,2023-09,30.32881806650358
2,TFM,2023-05-25,2023-10,34.189507735166856
2,TFM,2023-05-25,2023-11,42.82428539526574
2,TFM,2023-05-25,2023-12,46.82036816918802
2,TFM,2023-05-25,2024-01,48.00082107934612
2,TFM,2023-05-25,2024-02,47.94056403959788
1,TFM,2023-05-25,2024-03,47.0
2,TFM,2023-05-25,2024-04,45.005870672097764
2,TFM,2023-05-25,2024-05,44.737707159429895
2,TFM,2023-05-25,2024-06,47.99632989690722
1,TFM,2023-05-25,2024-07,46.22
1,TFM,2023-05-25,2024-08,46.22
2,TFM,2023-05-25,2024-09,46.49932218309859
1,TFM,2023-05-25,2024-10,46.7
1,TFM,2023-05-25,2024-11,50.55
1,TFM,2023-05-25,2024-12,51.15
1,TFM,2023-05-25,2025-01,51.8
1,TFM,2023-05-25,2025-03,48.56
1,TFM,2023-05-25,2025-11,42.25
1,TFM,2023-05-25,2025-12,43.25
2,TFM,2023-05-26,2023-06,24.761665362277054
2,TFM,2023-05-26,2023-07,25.236065816341632
2,TFM,2023-05-26,2023-08,26.776730376753378
2,TFM,2023-05-26,2023-09,29.314650059311983
2,TFM,2023-05-26,2023-10,33.36626071706937
2,TFM,2023-05-26,2023-11,40.91094158674804
2,TFM,2023-05-26,2023-12,44.85
1,TFM,2023-05-26,2024-01,45.35000000000001
2,TFM,2023-05-26,2024-02,45.68909529138332
2,TFM,2023-05-26,2024-03,44.89388789505069
2,TFM,2023-05-26,2024-04,43.153861011967244
1,TFM,2023-05-26,2024-05,42.5
1,TFM,2023-05-26,2024-06,42.5
1,TFM,2023-05-26,2024-09,44.0
1,TFM,2023-05-26,2024-12,49.1
2,TFM,2023-05-29,2023-06,24.93973559491145
2,TFM,2023-05-29,2023-07,25.403679609154022
2,TFM,2023-05-29,2023-08,26.849394099051633
2,TFM,2023-05-29,2023-09,29.202199792960663
2,TFM,2023-05-29,2023-10,33.20144776119403
1,TFM,2023-05-29,2023-11,40.25
1,TFM,2023-05-29,2023-12,44.4
1,TFM,2023-05-29,2024-01,44.95
2,TFM,2023-05-30,2023-06,25.044929831669677
2,TFM,2023-05-30,2023-07,25.509719629523264
2,TFM,2023-05-30,2023-08,26.89737854251012
2,TFM,2023-05-30,2023-09,29.644022960429897
2,TFM,2023-05-30,2023-10,33.31461013173189
2,TFM,2023-05-30,2023-11,40.40012405237767
2,TFM,2023-05-30,2023-12,44.0
2,TFM,2023-05-30,2024-01,44.75341992765537
1,TFM,2023-05-30,2024-02,44.85
2,TFM,2023-05-30,2024-03,44.15
2,TFM,2023-05-30,2024-04,42.15681921503258
2,TFM,2023-05-30,2024-05,42.13775310254736
1,TFM,2023-05-30,2025-03,44.6
1,TFM,2023-05-30,2025-04,39.6
2,TFM,2023-05-31,2023-07,25.668493232722483
2,TFM,2023-05-31,2023-08,27.289012738853508
2,TFM,2023-05-31,2023-09,30.001080812169043
2,TFM,2023-05-31,2023-10,33.770081453634084
2,TFM,2023-05-31,2023-11,41.10450849963045
2,TFM,2023-05-31,2023-12,44.27120497045252
2,TFM,2023-05-31,2024-01,44.94370556872038
1,TFM,2023-05-31,2024-02,45.46
1,TFM,2023-05-31,2024-03,44.745
1,TFM,2023-05-31,2024-04,43.35
1,TFM,2023-05-31,2024-05,42.825
1,TFM,2023-05-31,2024-06,42.925
1,TFM,2023-05-31,2024-11,48.0
1,TFM,2023-05-31,2024-12,49.0
2,TFM,2023-06-01,2023-07,23.23022766027463
2,TFM,2023-06-01,2023-08,24.761139541387024
2,TFM,2023-06-01,2023-09,27.593312315409495
2,TFM,2023-06-01,2023-10,31.914007948189578
2,TFM,2023-06-01,2023-11,39.58461544816192
2,TFM,2023-06-01,2023-12,42.86686739363255
2,TFM,2023-06-01,2024-01,43.5203887875588
2,TFM,2023-06-01,2024-02,43.985180614087895
2,TFM,2023-06-01,2024-03,43.22576219512195
2,TFM,2023-06-01,2024-04,41.71772787708672
1,TFM,2023-06-01,2024-05,41.59
2,TFM,2023-06-01,2024-06,41.50218228305008
1,TFM,2023-06-01,2024-09,42.24
1,TFM,2023-06-01,2024-10,44.0
1,TFM,2023-06-01,2024-11,46.11
2,TFM,2023-06-01,2024-12,47.571907957814
1,TFM,2023-06-01,2025-10,39.0
1,TFM,2023-06-01,2025-12,41.35
2,TFM,2023-06-02,2023-07,23.51944681122992
2,TFM,2023-06-02,2023-08,25.0571329802063
2,TFM,2023-06-02,2023-09,27.64506311006395
2,TFM,2023-06-02,2023-10,32.04684049079754
2,TFM,2023-06-02,2023-11,39.70948096885813
2,TFM,2023-06-02,2023-12,42.94430894308944
2,TFM,2023-06-02,2024-01,43.649682539682544
1,TFM,2023-06-02,2024-02,43.72
1,TFM,2023-06-02,2024-03,42.735
1,TFM,2023-06-02,2024-04,41.59499999999999
1,TFM,2023-06-02,2024-05,40.945
1,TFM,2023-06-02,2024-06,41.04
1,TFM,2023-06-02,2024-12,47.25
1,TFM,2023-06-02,2025-01,48.15
2,TFM,2023-06-05,2023-07,29.18559399702142
2,TFM,2023-06-05,2023-08,30.298495710047312
2,TFM,2023-06-05,2023-09,32.14459760867756
2,TFM,2023-06-05,2023-10,35.9840879888986
2,TFM,2023-06-05,2023-11,43.18742223355431
2,TFM,2023-06-05,2023-12,45.93657943331987
1,TFM,2023-06-05,2024-01,46.655
2,TFM,2023-06-05,2024-02,46.64492828882295
2,TFM,2023-06-05,2024-03,45.8
2,TFM,2023-06-05,2024-04,43.599895002099956
1,TFM,2023-06-05,2024-06,42.3
2,TFM,2023-06-06,2023-07,25.499739373418315
2,TFM,2023-06-06,2023-08,26.486728635296387
2,TFM,2023-06-06,2023-09,28.386616618803842
2,TFM,2023-06-06,2023-10,32.635441214977746
2,TFM,2023-06-06,2023-11,40.098048715203426
2,TFM,2023-06-06,2023-12,43.000263981228
2,TFM,2023-06-06,2024-01,43.33374537491505
2,TFM,2023-06-06,2024-02,43.34065573770492
2,TFM,2023-06-06,2024-03,42.803594535319384
2,TFM,2023-06-06,2024-04,40.95450194641631
1,TFM,2023-06-06,2024-05,41.2
1,TFM,2023-06-06,2024-09,43.25
2,TFM,2023-06-07,2023-07,26.747856442920135
2,TFM,2023-06-07,2023-08,27.62603687248929
2,TFM,2023-06-07,2023-09,29.3
2,TFM,2023-06-07,2023-10,33.081594036242514
2,TFM,2023-06-07,2023-11,40.369876296548206
2,TFM,2023-06-07,2023-12,43.45
2,TFM,2023-06-07,2024-01,43.999098428453266
2,TFM,2023-06-07,2024-02,43.24980906921241
2,TFM,2023-06-07,2024-03,42.435386715195634
1,TFM,2023-06-07,2024-04,41.1
1,TFM,2023-06-07,2024-05,40.35
2,TFM,2023-06-08,2023-07,26.700068044835955
2,TFM,2023-06-08,2023-08,27.71980696750535
2,TFM,2023-06-08,2023-09,29.41508670520231
2,TFM,2023-06-08,2023-10,33.88110365496124
2,TFM,2023-06-08,2023-11,41.091117641898414
2,TFM,2023-06-08,2023-12,44.35277365659489
2,TFM,2023-06-08,2024-01,44.62968814968815
2,TFM,2023-06-08,2024-02,44.41857562235792
2,TFM,2023-06-08,2024-03,43.76318141648781
2,TFM,2023-06-08,2024-04,42.33511609907121
1,TFM,2023-06-08,2024-05,41.56
1,TFM,2023-06-08,2024-06,42.0
1,TFM,2023-06-08,2025-01,48.2
1,TFM,2023-06-08,2025-02,47.8
1,TFM,2023-06-08,2025-03,45.6
2,TFM,2023-06-09,2023-07,32.7516375796544
2,TFM,2023-06-09,2023-08,33.4952966835145
2,TFM,2023-06-09,2023-09,35.0
2,TFM,2023-06-09,2023-10,38.3645330229073
2,TFM,2023-06-09,2023-11,45.88995065789474
2,TFM,2023-06-09,2023-12,48.598964741860044
2,TFM,2023-06-09,2024-01,49.28931813142139
1,TFM,2023-06-09,2024-02,49.435
2,TFM,2023-06-09,2024-03,48.46914112799382
2,TFM,2023-06-12,2023-07,30.1518210152486
2,TFM,2023-06-12,2023-08,31.079256168731444
2,TFM,2023-06-12,2023-09,32.90363448750286
2,TFM,2023-06-12,2023-10,36.88611408761425
2,TFM,2023-06-12,2023-11,45.16848765764795
2,TFM,2023-06-12,2023-12,48.2109555486478
1,TFM,2023-06-12,2024-01,48.89999999999999
2,TFM,2023-06-12,2024-02,48.49245624622812
1,TFM,2023-06-12,2024-03,47.55
2,TFM,2023-06-12,2024-04,45.79999999999999
1,TFM,2023-06-12,2025-12,43.5
2,TFM,2023-06-13,2023-07,35.66342007489862
2,TFM,2023-06-13,2023-08,36.29522223992353
2,TFM,2023-06-13,2023-09,37.95657096424702
2,TFM,2023-06-13,2023-10,41.50799103035878
2,TFM,2023-06-13,2023-11,49.75750774640532
2,TFM,2023-06-13,2023-12,52.973838749858444
2,TFM,2023-06-13,2024-01,53.39768550106609
1,TFM,2023-06-13,2024-02,52.98
1,TFM,2023-06-13,2024-03,52.02000000000001
2,TFM,2023-06-13,2024-04,49.71937395418614
2,TFM,2023-06-13,2024-05,46.82846386924984
1,TFM,2023-06-13,2024-06,46.2
1,TFM,2023-06-13,2024-10,45.85
1,TFM,2023-06-13,2024-11,48.22
2,TFM,2023-06-14,2023-07,38.254173886244565
2,TFM,2023-06-14,2023-08,38.60722146094656
2,TFM,2023-06-14,2023-09,40.00972468950667
2,TFM,2023-06-14,2023-10,44.21672829730028
2,TFM,2023-06-14,2023-11,52.58386071978555
2,TFM,2023-06-14,2023-12,56.43722509616659
2,TFM,2023-06-14,2024-01,55.850512868332714
2,TFM,2023-06-14,2024-02,55.607288854608555
2,TFM,2023-06-14,2024-03,54.67831762146483
1,TFM,2023-06-14,2024-04,52.45
1,TFM,2023-06-14,2024-05,52.53
1,TFM,2023-06-14,2024-06,52.28
2,TFM,2023-06-15,2023-07,39.30843823484501
2,TFM,2023-06-15,2023-08,39.629059203707094
2,TFM,2023-06-15,2023-09,41.10814937622511
2,TFM,2023-06-15,2023-10,45.503515750538156
2,TFM,2023-06-15,2023-11,54.18277350582489
2,TFM,2023-06-15,2023-12,57.4042511437515
2,TFM,2023-06-15,2024-01,57.61876186788768
2,TFM,2023-06-15,2024-02,57.33996237029154
2,TFM,2023-06-15,2024-03,58.41991828472899
1,TFM,2023-06-15,2024-04,53.55
2,TFM,2023-06-15,2024-05,51.95996769889755
1,TFM,2023-06-15,2024-06,51.81
2,TFM,2023-06-15,2024-08,57.049489196275196
1,TFM,2023-06-15,2025-04,45.5
1,TFM,2023-06-15,2025-11,47.3
2,TFM,2023-06-16,2023-07,32.77252405817114
2,TFM,2023-06-16,2023-08,33.18234473826227
2,TFM,2023-06-16,2023-09,34.70461488217857
2,TFM,2023-06-16,2023-10,39.49213431654376
2,TFM,2023-06-16,2023-11,47.75794155676235
2,TFM,2023-06-16,2023-12,50.70000000000001
1,TFM,2023-06-16,2024-01,51.205
1,TFM,2023-06-16,2024-02,51.2
1,TFM,2023-06-16,2024-03,50.285
1,TFM,2023-06-16,2024-04,50.15
1,TFM,2023-06-16,2024-05,49.0
1,TFM,2023-06-16,2025-01,54.0
1,TFM,2023-06-16,2025-03,50.95
2,TFM,2023-06-19,2023-07,35.395501192399415
2,TFM,2023-06-19,2023-08,35.843013960958736
2,TFM,2023-06-19,2023-09,37.535244744744745
2,TFM,2023-06-19,2023-10,42.126706467661684
2,TFM,2023-06-19,2023-11,50.58778436657682
2,TFM,2023-06-19,2023-12,53.8977374715262
2,TFM,2023-06-19,2024-01,54.203897128861065
2,TFM,2023-06-19,2024-02,53.63396833914676
2,TFM,2023-06-19,2024-03,52.4667348329925
1,TFM,2023-06-19,2024-04,49.685
1,TFM,2023-06-19,2024-05,48.745000000000005
2,TFM,2023-06-20,2023-07,37.244735245201596
2,TFM,2023-06-20,2023-08,37.889360491238584
2,TFM,2023-06-20,2023-09,39.23712031708526
2,TFM,2023-06-20,2023-10,44.08591353255312
2,TFM,2023-06-20,2023-11,52.05082169268694
2,TFM,2023-06-20,2023-12,55.510933147632315
2,TFM,2023-06-20,2024-01,55.89908854998403
2,TFM,2023-06-20,2024-02,55.49231181355478
2,TFM,2023-06-20,2024-03,55.4907460147745
2,TFM,2023-06-20,2024-04,52.89247311827957
1,TFM,2023-06-20,2024-05,52.52
1,TFM,2023-06-20,2024-06,52.17
1,TFM,2023-06-20,2024-11,54.0
1,TFM,2023-06-20,2024-12,55.25
2,TFM,2023-06-21,2023-07,37.75
2,TFM,2023-06-21,2023-08,37.96243473720849
2,TFM,2023-06-21,2023-09,39.49049010791367
2,TFM,2023-06-21,2023-10,43.99032664420683
2,TFM,2023-06-21,2023-11,52.55622842347526
2,TFM,2023-06-21,2023-12,55.82243523649955
2,TFM,2023-06-21,2024-01,56.35084208223972
1,TFM,2023-06-21,2024-02,55.64
2,TFM,2023-06-21,2024-03,54.49477527178322
1,TFM,2023-06-21,2024-04,53.60000000000001
1,TFM,2023-06-21,2024-05,51.165
1,TFM,2023-06-21,2024-06,52.2
1,TFM,2023-06-21,2024-09,52.0
1,TFM,2023-06-21,2024-12,55.449999999999996
2,TFM,2023-06-22,2023-07,34.34019076809258
2,TFM,2023-06-22,2023-08,34.71882133169558
2,TFM,2023-06-22,2023-09,36.210406159769015
2,TFM,2023-06-22,2023-10,41.1
2,TFM,2023-06-22,2023-11,50.474502825784256
2,TFM,2023-06-22,2023-12,53.97488038277512
2,TFM,2023-06-22,2024-01,54.36355762824783
1,TFM,2023-06-22,2024-02,54.055
2,TFM,2023-06-22,2024-03,53.04024161455372
1,TFM,2023-06-22,2024-04,50.56
1,TFM,2023-06-22,2024-05,50.06
1,TFM,2023-06-22,2024-06,49.74
1,TFM,2023-06-22,2024-07,50.75
1,TFM,2023-06-22,2024-08,50.8
1,TFM,2023-06-22,2024-10,51.0
2,TFM,2023-06-23,2023-07,33.78484815548878
2,TFM,2023-06-23,2023-08,34.148039553149545
2,TFM,2023-06-23,2023-09,35.72477836370282
2,TFM,2023-06-23,2023-10,40.669450399172085
2,TFM,2023-06-23,2023-11,50.10376569037657
2,TFM,2023-06-23,2023-12,53.70904425914047
2,TFM,2023-06-23,2024-01,54.26876338851023
2,TFM,2023-06-23,2024-02,53.31624579124579
1,TFM,2023-06-23,2024-03,52.495
1,TFM,2023-06-23,2024-04,50.40999999999999
1,TFM,2023-06-23,2024-05,49.215
1,TFM,2023-06-23,2024-10,50.1
1,TFM,2023-06-23,2024-12,53.55
2,TFM,2023-06-26,2023-07,32.55470860680818
2,TFM,2023-06-26,2023-08,33.00370008251617
2,TFM,2023-06-26,2023-09,34.711146945862055
2,TFM,2023-06-26,2023-10,39.41924883379129
2,TFM,2023-06-26,2023-11,48.890232490835416
2,TFM,2023-06-26,2023-12,52.366181353767566
2,TFM,2023-06-26,2024-01,53.224272469739894
2,TFM,2023-06-26,2024-02,52.79573652028905
2,TFM,2023-06-26,2024-03,52.369289810743645
2,TFM,2023-06-26,2024-04,49.932665639445304
1,TFM,2023-06-26,2024-05,49.5
1,TFM,2023-06-26,2024-06,49.1
1,TFM,2023-06-26,2024-11,52.0
1,TFM,2023-06-26,2024-12,53.75
1,TFM,2023-06-26,2025-01,53.4
1,TFM,2023-06-26,2025-03,49.65
2,TFM,2023-06-27,2023-07,34.94139227194566
2,TFM,2023-06-27,2023-08,35.172630367192724
2,TFM,2023-06-27,2023-09,36.35251799848852
2,TFM,2023-06-27,2023-10,40.92468076616122
2,TFM,2023-06-27,2023-11,49.97341925090616
2,TFM,2023-06-27,2023-12,53.88753255612055
2,TFM,2023-06-27,2024-01,53.852276166456484
2,TFM,2023-06-27,2024-02,53.783949862427384
1,TFM,2023-06-27,2024-03,51.94499999999999
2,TFM,2023-06-27,2024-04,49.09836708033965
1,TFM,2023-06-27,2024-05,49.035
1,TFM,2023-06-27,2024-06,49.35
1,TFM,2023-06-27,2024-11,52.05
1,TFM,2023-06-27,2024-12,53.5
2,TFM,2023-06-28,2023-07,33.78655978617469
2,TFM,2023-06-28,2023-08,34.11478187630405
2,TFM,2023-06-28,2023-09,35.203251026426884
2,TFM,2023-06-28,2023-10,39.899025894959
2,TFM,2023-06-28,2023-11,48.42387133182844
2,TFM,2023-06-28,2023-12,51.95778993768051
2,TFM,2023-06-28,2024-01,52.70457823703078
2,TFM,2023-06-28,2024-02,52.32570334479525
2,TFM,2023-06-28,2024-03,51.241270417422875
2,TFM,2023-06-28,2024-04,49.485235539000875
1,TFM,2023-06-28,2024-05,48.95
1,TFM,2023-06-28,2024-06,48.39
2,TFM,2023-06-29,2023-07,34.5573875272511
2,TFM,2023-06-29,2023-08,34.79351643027782
2,TFM,2023-06-29,2023-09,36.10749581850152
2,TFM,2023-06-29,2023-10,40.6013613632154
2,TFM,2023-06-29,2023-11,48.890597092419526
2,TFM,2023-06-29,2023-12,52.614784172661864
2,TFM,2023-06-29,2024-01,53.048309211416196
1,TFM,2023-06-29,2024-02,53.03
2,TFM,2023-06-29,2024-03,52.126872673119884
2,TFM,2023-06-29,2024-04,50.42967769399173
1,TFM,2023-06-29,2024-05,49.29
1,TFM,2023-06-29,2024-06,49.19
1,TFM,2023-06-29,2025-03,48.8
2,TFM,2023-06-30,2023-08,37.64771499567848
2,TFM,2023-06-30,2023-09,38.925240287898426
2,TFM,2023-06-30,2023-10,42.94826181893803
2,TFM,2023-06-30,2023-11,51.34517934625398
2,TFM,2023-06-30,2023-12,55.1548329602918
2,TFM,2023-06-30,2024-01,55.498931623931625
1,TFM,2023-06-30,2024-02,54.995000000000005
2,TFM,2023-06-30,2024-03,53.977909402686485
2,TFM,2023-06-30,2024-04,52.38866785079929
1,TFM,2023-06-30,2024-05,51.0
1,TFM,2023-06-30,2024-06,50.81
1,TFM,2023-06-30,2024-09,50.6
1,TFM,2023-06-30,2025-02,52.6
1,TFM,2023-06-30,2025-03,49.6
2,TFM,2023-07-03,2023-08,34.22884559925358
2,TFM,2023-07-03,2023-09,35.399039630176226
2,TFM,2023-07-03,2023-10,39.74637782112009
2,TFM,2023-07-03,2023-11,48.559312598013584
2,TFM,2023-07-03,2023-12,52.27861874117094
2,TFM,2023-07-03,2024-01,52.90778051787916
2,TFM,2023-07-03,2024-02,52.73405157451029
1,TFM,2023-07-03,2024-03,51.725
1,TFM,2023-07-03,2024-04,50.25
1,TFM,2023-07-03,2024-05,49.5
1,TFM,2023-07-03,2024-06,49.45000000000001
1,TFM,2023-07-03,2024-09,50.29999999999999
1,TFM,2023-07-03,2024-12,54.0
2,TFM,2023-07-04,2023-08,35.41681804356917
2,TFM,2023-07-04,2023-09,36.65863340563991
2,TFM,2023-07-04,2023-10,41.19308070239287
2,TFM,2023-07-04,2023-11,50.224835967193435
2,TFM,2023-07-04,2023-12,54.25
2,TFM,2023-07-04,2024-01,54.795190109765755
2,TFM,2023-07-04,2024-02,54.137446603500884
1,TFM,2023-07-04,2024-03,53.54500000000001
1,TFM,2023-07-04,2024-04,51.6
1,TFM,2023-07-04,2024-05,50.6
1,TFM,2023-07-04,2024-06,50.5
1,TFM,2023-07-04,2025-01,54.0
1,TFM,2023-07-04,2025-03,50.05
1,TFM,2023-07-04,2025-04,43.0
2,TFM,2023-07-05,2023-08,33.94544323456832
2,TFM,2023-07-05,2023-09,35.508135670305066
2,TFM,2023-07-05,2023-10,40.05183603581301
2,TFM,2023-07-05,2023-11,49.91282124500285
2,TFM,2023-07-05,2023-12,54.3734426910299
2,TFM,2023-07-05,2024-01,54.97533890033619
2,TFM,2023-07-05,2024-02,54.801078995553226
2,TFM,2023-07-05,2024-03,53.83771883289125
1,TFM,2023-07-05,2024-04,51.85
1,TFM,2023-07-05,2024-05,51.3
1,TFM,2023-07-05,2024-06,50.935
1,TFM,2023-07-05,2024-09,53.25
2,TFM,2023-07-06,2023-08,32.54763964590116
2,TFM,2023-07-06,2023-09,34.37786823586509
2,TFM,2023-07-06,2023-10,39.39701876172608
2,TFM,2023-07-06,2023-11,49.320459071898036
2,TFM,2023-07-06,2023-12,54.34227711565351
2,TFM,2023-07-06,2024-01,55.0916900542866
2,TFM,2023-07-06,2024-02,54.990300473824114
2,TFM,2023-07-06,2024-03,54.29677835051546
1,TFM,2023-07-06,2024-04,52.385
1,TFM,2023-07-06,2024-05,50.65
1,TFM,2023-07-06,2024-06,50.42
1,TFM,2023-07-06,2024-10,52.25
2,TFM,2023-07-07,2023-08,33.05288802810558
2,TFM,2023-07-07,2023-09,34.98224471444863
2,TFM,2023-07-07,2023-10,39.95227025493072
2,TFM,2023-07-07,2023-11,50.78162415713867
2,TFM,2023-07-07,2023-12,55.78372135655362
2,TFM,2023-07-07,2024-01,56.549486795956255
2,TFM,2023-07-07,2024-02,56.417458657587545
2,TFM,2023-07-07,2024-03,55.39999999999999
2,TFM,2023-07-07,2024-04,53.54980179704017
1,TFM,2023-07-07,2024-05,53.065
1,TFM,2023-07-07,2024-06,52.9
2,TFM,2023-07-07,2024-09,53.72439399112325
1,TFM,2023-07-07,2024-10,54.35
1,TFM,2023-07-07,2025-04,46.0
2,TFM,2023-07-10,2023-08,29.62411079452503
2,TFM,2023-07-10,2023-09,31.60928298166042
2,TFM,2023-07-10,2023-10,36.12601007953047
2,TFM,2023-07-10,2023-11,46.84072992933087
2,TFM,2023-07-10,2023-12,51.656201835530624
2,TFM,2023-07-10,2024-01,52.21567843137255
2,TFM,2023-07-10,2024-02,52.07228207639569
2,TFM,2023-07-10,2024-03,51.25365827645051
1,TFM,2023-07-10,2024-04,49.725
1,TFM,2023-07-10,2024-05,49.425
1,TFM,2023-07-10,2024-06,49.425
1,TFM,2023-07-10,2024-12,55.0
1,TFM,2023-07-10,2025-02,54.4
2,TFM,2023-07-11,2023-08,29.598061380803976
2,TFM,2023-07-11,2023-09,31.45406273620559
2,TFM,2023-07-11,2023-10,35.94329605291788
2,TFM,2023-07-11,2023-11,45.82885523993853
2,TFM,2023-07-11,2023-12,50.748732758034926
2,TFM,2023-07-11,2024-01,51.24548763374847
2,TFM,2023-07-11,2024-02,50.747340873224616
2,TFM,2023-07-11,2024-03,49.89404535363146
1,TFM,2023-07-11,2024-04,48.3
1,TFM,2023-07-11,2024-05,47.845
1,TFM,2023-07-11,2024-10,49.15
2,TFM,2023-07-12,2023-08,26.855151141008175
2,TFM,2023-07-12,2023-09,28.472674562971793
2,TFM,2023-07-12,2023-10,32.9
2,TFM,2023-07-12,2023-11,43.42392922016913
2,TFM,2023-07-12,2023-12,48.0014208133367
2,TFM,2023-07-12,2024-01,48.87235791536619
2,TFM,2023-07-12,2024-02,48.80521195274496
2,TFM,2023-07-12,2024-03,48.10251802113163
2,TFM,2023-07-12,2024-04,46.7495446067765
1,TFM,2023-07-12,2024-05,46.455
1,TFM,2023-07-12,2024-06,46.63
1,TFM,2023-07-12,2024-10,48.70000000000001
2,TFM,2023-07-13,2023-08,27.24307577684899
2,TFM,2023-07-13,2023-09,29.090525534021786
2,TFM,2023-07-13,2023-10,34.05247344278126
2,TFM,2023-07-13,2023-11,44.38238916775636
2,TFM,2023-07-13,2023-12,49.134516400336416
2,TFM,2023-07-13,2024-01,49.976787805718224
1,TFM,2023-07-13,2024-02,50.045
2,TFM,2023-07-13,2024-03,49.21403757110728
1,TFM,2023-07-13,2024-04,47.3
1,TFM,2023-07-13,2024-05,46.11
1,TFM,2023-07-13,2024-06,45.5
1,TFM,2023-07-13,2024-10,47.0
1,TFM,2023-07-13,2024-11,49.1
1,TFM,2023-07-13,2024-12,51.1
2,TFM,2023-07-14,2023-08,25.403244250561176
2,TFM,2023-07-14,2023-09,27.571543530481073
2,TFM,2023-07-14,2023-10,33.011403342259584
2,TFM,2023-07-14,2023-11,43.598909234674764
2,TFM,2023-07-14,2023-12,48.35677966101695
2,TFM,2023-07-14,2024-01,49.23351049500504
2,TFM,2023-07-14,2024-02,49.20063122457568
2,TFM,2023-07-14,2024-03,48.391604418726985
2,TFM,2023-07-14,2024-04,47.17407161803714
1,TFM,2023-07-14,2024-05,46.56
1,TFM,2023-07-14,2024-10,49.0
1,TFM,2023-07-14,2024-11,52.0
1,TFM,2023-07-14,2024-12,53.0
2,TFM,2023-07-17,2023-08,25.524404867865293
2,TFM,2023-07-17,2023-09,27.52555326054884
2,TFM,2023-07-17,2023-10,32.99043895467538
2,TFM,2023-07-17,2023-11,43.92401982138967
2,TFM,2023-07-17,2023-12,48.75061843725107
2,TFM,2023-07-17,2024-01,49.594858156028366
2,TFM,2023-07-17,2024-02,49.54075598284687
2,TFM,2023-07-17,2024-03,48.829079784630444
2,TFM,2023-07-17,2024-04,47.05872705230343
1,TFM,2023-07-17,2024-05,46.1
1,TFM,2023-07-17,2024-10,47.52
1,TFM,2023-07-17,2025-04,42.95
1,TFM,2023-07-17,2026-12,33.95
2,TFM,2023-07-18,2023-08,27.631909423604757
2,TFM,2023-07-18,2023-09,29.589074509674
2,TFM,2023-07-18,2023-10,35.537553211264985
2,TFM,2023-07-18,2023-11,46.255719035503645
2,TFM,2023-07-18,2023-12,51.48513070589176
2,TFM,2023-07-18,2024-01,52.01914855314042
2,TFM,2023-07-18,2024-02,52.094961240310084
1,TFM,2023-07-18,2024-03,51.305
2,TFM,2023-07-18,2024-04,49.70236659736659
1,TFM,2023-07-18,2024-05,48.44
1,TFM,2023-07-18,2024-12,54.0
2,TFM,2023-07-19,2023-08,25.90715334485969
2,TFM,2023-07-19,2023-09,27.751676295543618
2,TFM,2023-07-19,2023-10,33.65803476832294
2,TFM,2023-07-19,2023-11,45.34
2,TFM,2023-07-19,2023-12,50.96428366762178
2,TFM,2023-07-19,2024-01,52.10990353697749
1,TFM,2023-07-19,2024-02,52.26500000000001
2,TFM,2023-07-19,2024-03,51.614056181637395
2,TFM,2023-07-19,2024-04,50.109228210246165
1,TFM,2023-07-19,2024-05,50.155
1,TFM,2023-07-19,2024-06,50.525
1,TFM,2023-07-19,2024-09,51.0
1,TFM,2023-07-19,2024-10,51.8
1,TFM,2023-07-19,2024-11,53.64999999999999
2,TFM,2023-07-20,2023-08,28.854581927039003
2,TFM,2023-07-20,2023-09,30.462533054487267
2,TFM,2023-07-20,2023-10,36.09782843064612
2,TFM,2023-07-20,2023-11,47.44479098475638
2,TFM,2023-07-20,2023-12,53.36993122281784
2,TFM,2023-07-20,2024-01,54.54120440592271
2,TFM,2023-07-20,2024-02,54.44709742554266
1,TFM,2023-07-20,2024-03,53.87
2,TFM,2023-07-20,2024-04,52.47300717417298
1,TFM,2023-07-20,2024-05,51.06
1,TFM,2023-07-20,2024-06,51.04
1,TFM,2023-07-20,2025-10,43.5
1,TFM,2023-07-20,2025-12,46.5
2,TFM,2023-07-21,2023-08,27.683437013508758
2,TFM,2023-07-21,2023-09,29.24380396732789
2,TFM,2023-07-21,2023-10,34.71430733531898
2,TFM,2023-07-21,2023-11,46.36943532312211
2,TFM,2023-07-21,2023-12,51.98880320986343
2,TFM,2023-07-21,2024-01,53.38398384925975
2,TFM,2023-07-21,2024-02,53.408649590988325
2,TFM,2023-07-21,2024-03,52.67402597402597
1,TFM,2023-07-21,2024-04,50.75
1,TFM,2023-07-21,2024-05,50.565
2,TFM,2023-07-21,2024-06,50.22551355792934
1,TFM,2023-07-21,2024-11,54.75
1,TFM,2023-07-21,2024-12,56.0
2,TFM,2023-07-24,2023-08,30.290123894402807
2,TFM,2023-07-24,2023-09,31.499846311475412
2,TFM,2023-07-24,2023-10,36.236354880136986
2,TFM,2023-07-24,2023-11,47.470421758316355
2,TFM,2023-07-24,2023-12,53.10170902716915
2,TFM,2023-07-24,2024-01,53.91643622200584
2,TFM,2023-07-24,2024-02,54.18411552346571
2,TFM,2023-07-24,2024-03,53.661188599151004
1,TFM,2023-07-24,2024-04,51.800000000000004
1,TFM,2023-07-24,2024-05,51.75
1,TFM,2023-07-24,2024-06,51.75
1,TFM,2023-07-24,2025-03,53.4
1,TFM,2023-07-24,2025-04,48.2
1,TFM,2023-07-24,2025-05,44.0
2,TFM,2023-07-25,2023-08,32.9945104946426
2,TFM,2023-07-25,2023-09,34.221256925207754
2,TFM,2023-07-25,2023-10,38.79648116408408
2,TFM,2023-07-25,2023-11,49.149147621330776
2,TFM,2023-07-25,2023-12,54.81226887292428
2,TFM,2023-07-25,2024-01,55.87184640940455
2,TFM,2023-07-25,2024-02,55.54340823483569
2,TFM,2023-07-25,2024-03,54.9512607696726
1,TFM,2023-07-25,2024-04,53.22
1,TFM,2023-07-25,2024-05,52.875
1,TFM,2023-07-25,2024-06,52.87
1,TFM,2023-07-25,2024-10,53.6
1,TFM,2023-07-25,2024-11,55.75
1,TFM,2023-07-25,2024-12,57.199999999999996
1,TFM,2023-07-25,2025-04,47.0
2,TFM,2023-07-26,2023-08,28.85778731785181
2,TFM,2023-07-26,2023-09,30.059999999999995
2,TFM,2023-07-26,2023-10,35.42086853978671
2,TFM,2023-07-26,2023-11,46.099635781689756
2,TFM,2023-07-26,2023-12,51.819667194928684
2,TFM,2023-07-26,2024-01,53.114024333611965
2,TFM,2023-07-26,2024-02,53.190148114901255
2,TFM,2023-07-26,2024-03,52.62041160440559
2,TFM,2023-07-26,2024-04,51.16010287183883
1,TFM,2023-07-26,2024-05,50.975
1,TFM,2023-07-26,2024-06,51.6
1,TFM,2023-07-26,2024-12,56.2
1,TFM,2023-07-26,2025-01,57.1
1,TFM,2023-07-26,2025-02,55.75
1,TFM,2023-07-26,2025-11,45.9
1,TFM,2023-07-26,2025-12,46.8
2,TFM,2023-07-27,2023-08,28.45
2,TFM,2023-07-27,2023-09,29.4
2,TFM,2023-07-27,2023-10,34.65
2,TFM,2023-07-27,2023-11,45.97030252294902
2,TFM,2023-07-27,2023-12,51.617359609347744
2,TFM,2023-07-27,2024-01,52.84791484525267
2,TFM,2023-07-27,2024-02,52.98793453724605
1,TFM,2023-07-27,2024-03,52.305
2,TFM,2023-07-27,2024-04,51.00076045627377
1,TFM,2023-07-27,2024-05,50.44
1,TFM,2023-07-27,2024-06,50.63999999999999
1,TFM,2023-07-27,2024-12,56.2
1,TFM,2023-07-27,2025-12,45.5
1,TFM,2023-07-27,2026-06,32.7
2,TFM,2023-07-28,2023-08,25.531664312106063
2,TFM,2023-07-28,2023-09,26.782678774494453
2,TFM,2023-07-28,2023-10,31.99749469686602
2,TFM,2023-07-28,2023-11,43.05950687977179
2,TFM,2023-07-28,2023-12,48.737939585211905
2,TFM,2023-07-28,2024-01,50.20726660504424
2,TFM,2023-07-28,2024-02,50.67020288858322
1,TFM,2023-07-28,2024-03,49.84
2,TFM,2023-07-28,2024-04,48.618906554672265
1,TFM,2023-07-28,2024-05,48.45
2,TFM,2023-07-28,2024-06,48.54244274151886
1,TFM,2023-07-28,2024-09,49.57
2,TFM,2023-07-31,2023-09,29.009910844931433
2,TFM,2023-07-31,2023-10,33.67132994632688
2,TFM,2023-07-31,2023-11,44.5147407386069
2,TFM,2023-07-31,2023-12,50.452511893434824
2,TFM,2023-07-31,2024-01,51.777272495863556
2,TFM,2023-07-31,2024-02,52.05138431607303
1,TFM,2023-07-31,2024-03,51.035
1,TFM,2023-07-31,2024-04,49.695
1,TFM,2023-07-31,2024-05,49.35
1,TFM,2023-07-31,2024-06,49.4
1,TFM,2023-07-31,2024-09,49.0
1,TFM,2023-07-31,2024-10,50.0
2,TFM,2023-08-01,2023-09,27.7177372534425
2,TFM,2023-08-01,2023-10,32.848557788342454
2,TFM,2023-08-01,2023-11,43.0
2,TFM,2023-08-01,2023-12,48.75877323669552
2,TFM,2023-08-01,2024-01,50.09088266446982
2,TFM,2023-08-01,2024-02,50.26393618607425
2,TFM,2023-08-01,2024-03,49.685655725956714
2,TFM,2023-08-01,2024-04,48.50110016044007
1,TFM,2023-08-01,2024-05,48.0
1,TFM,2023-08-01,2024-09,49.4
1,TFM,2023-08-01,2025-04,45.4
2,TFM,2023-08-02,2023-09,28.906278857009386
2,TFM,2023-08-02,2023-10,33.70278371710526
2,TFM,2023-08-02,2023-11,42.777292145908646
2,TFM,2023-08-02,2023-12,48.02847529687729
2,TFM,2023-08-02,2024-01,49.37411932833155
2,TFM,2023-08-02,2024-02,49.707267848810076
2,TFM,2023-08-02,2024-03,49.1247311827957
1,TFM,2023-08-02,2024-04,47.805
1,TFM,2023-08-02,2024-05,47.555
1,TFM,2023-08-02,2024-06,47.525
1,TFM,2023-08-02,2024-08,48.0
1,TFM,2023-08-02,2024-12,54.07
2,TFM,2023-08-03,2023-09,31.121410726431215
2,TFM,2023-08-03,2023-10,35.30101649970536
2,TFM,2023-08-03,2023-11,43.66674831081081
2,TFM,2023-08-03,2023-12,48.47446551110659
2,TFM,2023-08-03,2024-01,49.75282057780031
2,TFM,2023-08-03,2024-02,49.902953832689086
2,TFM,2023-08-03,2024-03,49.27500822855638
2,TFM,2023-08-03,2024-04,48.22459300842052
1,TFM,2023-08-03,2024-05,48.01
1,TFM,2023-08-03,2024-06,48.225
1,TFM,2023-08-03,2024-10,50.11000000000001
1,TFM,2023-08-03,2024-12,54.25
1,TFM,2023-08-03,2025-01,53.84
1,TFM,2023-08-03,2025-02,52.57
1,TFM,2023-08-03,2025-04,45.08
2,TFM,2023-08-04,2023-09,29.706055357559205
2,TFM,2023-08-04,2023-10,34.22831240828305
2,TFM,2023-08-04,2023-11,43.38167471221686
2,TFM,2023-08-04,2023-12,48.26608289087883
2,TFM,2023-08-04,2024-01,49.54726698181071
2,TFM,2023-08-04,2024-02,49.923096950161174
2,TFM,2023-08-04,2024-03,49.39896311657532
2,TFM,2023-08-04,2024-04,47.73214056868242
1,TFM,2023-08-04,2024-05,47.66
1,TFM,2023-08-04,2024-06,46.51
1,TFM,2023-08-04,2024-11,52.0
1,TFM,2023-08-04,2024-12,53.9
2,TFM,2023-08-07,2023-09,30.455459471227112
2,TFM,2023-08-07,2023-10,34.795150067827265
2,TFM,2023-08-07,2023-11,43.74708406845448
2,TFM,2023-08-07,2023-12,48.64224683544304
2,TFM,2023-08-07,2024-01,50.13947023484435
2,TFM,2023-08-07,2024-02,50.32190807799443
1,TFM,2023-08-07,2024-03,49.785
1,TFM,2023-08-07,2024-04,48.7
1,TFM,2023-08-07,2024-05,47.85000000000001
2,TFM,2023-08-08,2023-09,31.050000000000004
2,TFM,2023-08-08,2023-10,35.095558781980856
2,TFM,2023-08-08,2023-11,43.71159619450317
2,TFM,2023-08-08,2023-12,48.56302008062676
2,TFM,2023-08-08,2024-01,49.70532212885154
2,TFM,2023-08-08,2024-02,50.1
2,TFM,2023-08-08,2024-03,49.36519219817768
2,TFM,2023-08-08,2024-04,48.31705240174673
1,TFM,2023-08-08,2024-05,48.435
1,TFM,2023-08-08,2024-06,48.5
1,TFM,2023-08-08,2024-11,53.0
2,TFM,2023-08-08,2024-12,54.71716300940439
1,TFM,2023-08-08,2025-01,54.1
1,TFM,2023-08-08,2025-02,52.9
2,TFM,2023-08-09,2023-09,39.6963451365023
2,TFM,2023-08-09,2023-10,42.98041560457773
2,TFM,2023-08-09,2023-11,49.30654664694914
2,TFM,2023-08-09,2023-12,52.00994664881094
2,TFM,2023-08-09,2024-01,53.237476784292916
2,TFM,2023-08-09,2024-02,53.520708896653
2,TFM,2023-08-09,2024-03,52.900901350557845
2,TFM,2023-08-09,2024-04,51.950390508777154
2,TFM,2023-08-09,2024-05,51.06494551093973
2,TFM,2023-08-09,2024-06,51.035096464465184
1,TFM,2023-08-09,2024-07,53.0
1,TFM,2023-08-09,2024-08,52.0
1,TFM,2023-08-09,2024-09,52.5
1,TFM,2023-08-09,2025-01,55.0
1,TFM,2023-08-09,2025-02,54.0
1,TFM,2023-08-09,2025-04,46.5
1,TFM,2023-08-09,2025-11,45.0
1,TFM,2023-08-09,2025-12,46.0
2,TFM,2023-08-10,2023-09,37.53037951074162
2,TFM,2023-08-10,2023-10,40.68541793036516
2,TFM,2023-08-10,2023-11,47.646228406041786
2,TFM,2023-08-10,2023-12,51.600727250328525
2,TFM,2023-08-10,2024-01,52.64231715893108
2,TFM,2023-08-10,2024-02,53.0795313194136
2,TFM,2023-08-10,2024-03,52.21493620037808
1,TFM,2023-08-10,2024-04,50.15
1,TFM,2023-08-10,2024-05,50.85
1,TFM,2023-08-10,2024-06,50.8
1,TFM,2023-08-10,2024-10,52.400000000000006
2,TFM,2023-08-10,2024-12,56.57433310177145
1,TFM,2023-08-10,2025-10,43.0
1,TFM,2023-08-10,2025-12,46.0
2,TFM,2023-08-11,2023-09,35.89999999999999
2,TFM,2023-08-11,2023-10,39.900000000000006
2,TFM,2023-08-11,2023-11,47.772834030426985
2,TFM,2023-08-11,2023-12,51.737991460594195
2,TFM,2023-08-11,2024-01,52.914699999999996
2,TFM,2023-08-11,2024-02,53.19009146341463
2,TFM,2023-08-11,2024-03,52.52897244973939
2,TFM,2023-08-11,2024-04,50.60833723653395
1,TFM,2023-08-11,2024-05,50.425
1,TFM,2023-08-11,2024-06,50.45
1,TFM,2023-08-11,2024-07,50.475
1,TFM,2023-08-11,2024-08,50.7
1,TFM,2023-08-11,2024-12,56.1
2,TFM,2023-08-14,2023-09,35.40824627362257
2,TFM,2023-08-14,2023-10,39.927683172631696
2,TFM,2023-08-14,2023-11,48.167926254950224
2,TFM,2023-08-14,2023-12,52.065817879878225
2,TFM,2023-08-14,2024-01,53.230273549000955
2,TFM,2023-08-14,2024-02,53.347366589327144
2,TFM,2023-08-14,2024-03,52.061335082148275
2,TFM,2023-08-14,2024-04,50.914637565078095
2,TFM,2023-08-14,2024-11,53.51280591918042
1,TFM,2023-08-14,2024-12,55.8
2,TFM,2023-08-15,2023-09,39.98687084701749
2,TFM,2023-08-15,2023-10,44.816779142277824
2,TFM,2023-08-15,2023-11,52.9863088174417
2,TFM,2023-08-15,2023-12,56.86693042909603
2,TFM,2023-08-15,2024-01,57.71264659018483
2,TFM,2023-08-15,2024-02,57.70051808094515
2,TFM,2023-08-15,2024-03,56.74621434153967
2,TFM,2023-08-15,2024-04,54.89493228911732
2,TFM,2023-08-15,2024-05,51.70005828638041
1,TFM,2023-08-15,2024-07,53.5
1,TFM,2023-08-15,2024-09,53.5
1,TFM,2023-08-15,2024-10,53.2
2,TFM,2023-08-16,2023-09,37.26104982413302
2,TFM,2023-08-16,2023-10,42.506049201590436
2,TFM,2023-08-16,2023-11,50.79839700475293
2,TFM,2023-08-16,2023-12,54.88067137237998
2,TFM,2023-08-16,2024-01,56.27046197671539
2,TFM,2023-08-16,2024-02,56.27532480923902
2,TFM,2023-08-16,2024-03,55.47601917776757
1,TFM,2023-08-16,2024-04,54.0
1,TFM,2023-08-16,2024-05,52.85
1,TFM,2023-08-16,2024-06,53.005
2,TFM,2023-08-17,2023-09,37.03968856817319
2,TFM,2023-08-17,2023-10,42.9549977273875
2,TFM,2023-08-17,2023-11,51.651448337926766
2,TFM,2023-08-17,2023-12,55.209990478691964
2,TFM,2023-08-17,2024-01,56.065719933581086
2,TFM,2023-08-17,2024-02,56.12590142909491
2,TFM,2023-08-17,2024-03,55.291013056092844
1,TFM,2023-08-17,2024-04,53.35000000000001
1,TFM,2023-08-17,2024-05,53.75
2,TFM,2023-08-17,2024-06,54.59013045540797
1,TFM,2023-08-17,2024-08,54.0
1,TFM,2023-08-17,2025-10,44.7
1,TFM,2023-08-17,2025-12,47.4
2,TFM,2023-08-18,2023-09,37.6905664124167
2,TFM,2023-08-18,2023-10,43.09789395441031
2,TFM,2023-08-18,2023-11,52.37908415841584
2,TFM,2023-08-18,2023-12,56.55455269411085
2,TFM,2023-08-18,2024-01,57.561534888042374
2,TFM,2023-08-18,2024-02,57.42162838793948
2,TFM,2023-08-18,2024-03,56.81279673968415
1,TFM,2023-08-18,2024-04,54.949999999999996
1,TFM,2023-08-18,2024-05,53.975
2,TFM,2023-08-18,2024-06,53.79818643453029
1,TFM,2023-08-18,2024-08,54.56
1,TFM,2023-08-18,2024-09,53.375
1,TFM,2023-08-18,2025-01,58.65
1,TFM,2023-08-18,2025-03,54.8
2,TFM,2023-08-21,2023-09,40.03095013211896
2,TFM,2023-08-21,2023-10,45.0
2,TFM,2023-08-21,2023-11,53.56100963135171
2,TFM,2023-08-21,2023-12,57.37352998537299
2,TFM,2023-08-21,2024-01,58.15651282376841
2,TFM,2023-08-21,2024-02,58.68327680525165
2,TFM,2023-08-21,2024-03,57.765251923554224
2,TFM,2023-08-21,2024-04,56.05
1,TFM,2023-08-21,2024-05,55.15
1,TFM,2023-08-21,2024-06,55.0
2,TFM,2023-08-22,2023-09,43.09757250002579
2,TFM,2023-08-22,2023-10,47.50408743532539
2,TFM,2023-08-22,2023-11,55.92536902947155
2,TFM,2023-08-22,2023-12,59.50203783946115
2,TFM,2023-08-22,2024-01,60.418400965454815
2,TFM,2023-08-22,2024-02,60.30581433331156
2,TFM,2023-08-22,2024-03,59.38725984307628
2,TFM,2023-08-22,2024-04,57.346539881074435
1,TFM,2023-08-22,2024-06,55.4
1,TFM,2023-08-22,2024-09,56.5
1,TFM,2023-08-22,2024-11,58.95
1,TFM,2023-08-22,2024-12,60.65
1,TFM,2023-08-22,2025-04,49.0
2,TFM,2023-08-23,2023-09,36.598563701986684
2,TFM,2023-08-23,2023-10,41.59283100790321
2,TFM,2023-08-23,2023-11,51.005106584390994
2,TFM,2023-08-23,2023-12,55.243432431190556
2,TFM,2023-08-23,2024-01,56.29800629178136
2,TFM,2023-08-23,2024-02,56.545381376919266
2,TFM,2023-08-23,2024-03,55.8035335689046
2,TFM,2023-08-23,2024-04,53.43382752140322
1,TFM,2023-08-23,2024-05,54.0
2,TFM,2023-08-24,2023-09,31.71719682599585
2,TFM,2023-08-24,2023-10,35.366119954847036
2,TFM,2023-08-24,2023-11,45.2
2,TFM,2023-08-24,2023-12,49.61692106322997
2,TFM,2023-08-24,2024-01,51.00041127562136
2,TFM,2023-08-24,2024-02,51.43606617647059
2,TFM,2023-08-24,2024-03,50.750828997770284
1,TFM,2023-08-24,2024-04,49.43
1,TFM,2023-08-24,2024-05,49.175
1,TFM,2023-08-24,2024-06,49.5
1,TFM,2023-08-24,2024-07,49.645
1,TFM,2023-08-24,2024-08,49.25
2,TFM,2023-08-24,2024-09,49.636644154634375
2,TFM,2023-08-25,2023-09,35.014227495624056
2,TFM,2023-08-25,2023-10,37.67820610005358
2,TFM,2023-08-25,2023-11,46.754570999413836
2,TFM,2023-08-25,2023-12,51.08714538797685
2,TFM,2023-08-25,2024-01,52.450306956019475
2,TFM,2023-08-25,2024-02,52.861792039902284
2,TFM,2023-08-25,2024-03,52.29999999999999
2,TFM,2023-08-25,2024-04,51.3
1,TFM,2023-08-25,2024-05,50.625
1,TFM,2023-08-25,2024-06,50.11
2,TFM,2023-08-28,2023-09,37.578151506751674
2,TFM,2023-08-28,2023-10,40.91572251885753
2,TFM,2023-08-28,2023-11,49.6467481402763
2,TFM,2023-08-28,2023-12,54.338061002178655
2,TFM,2023-08-28,2024-01,55.42811926605504
1,TFM,2023-08-28,2024-02,55.80500000000001
1,TFM,2023-08-28,2024-03,55.35
1,TFM,2023-08-28,2024-04,53.4
1,TFM,2023-08-28,2024-05,52.72999999999999
1,TFM,2023-08-28,2024-06,53.25
1,TFM,2023-08-28,2024-12,56.0
2,TFM,2023-08-29,2023-09,34.65200758602005
2,TFM,2023-08-29,2023-10,37.98565048702628
2,TFM,2023-08-29,2023-11,47.19304385672483
2,TFM,2023-08-29,2023-12,52.15
2,TFM,2023-08-29,2024-01,53.64542014918667
2,TFM,2023-08-29,2024-02,53.90367603983597
2,TFM,2023-08-29,2024-03,53.48195588235294
2,TFM,2023-08-29,2024-04,52.09968311065433
1,TFM,2023-08-29,2024-05,51.235
1,TFM,2023-08-29,2024-06,51.105
1,TFM,2023-08-29,2024-11,55.0
1,TFM,2023-08-29,2024-12,57.1
1,TFM,2023-08-29,2025-01,58.0
2,TFM,2023-08-30,2023-09,35.28645628157917
2,TFM,2023-08-30,2023-10,38.58615031587297
2,TFM,2023-08-30,2023-11,48.205377661125695
2,TFM,2023-08-30,2023-12,53.18252935862692
2,TFM,2023-08-30,2024-01,54.67624322153043
2,TFM,2023-08-30,2024-02,55.06829624478442
2,TFM,2023-08-30,2024-03,54.52976505766766
2,TFM,2023-08-30,2024-04,53.35000000000001
2,TFM,2023-08-30,2024-05,52.1018738433066
1,TFM,2023-08-30,2024-06,52.7
1,TFM,2023-08-30,2024-07,52.800000000000004
1,TFM,2023-08-30,2026-04,37.5
2,TFM,2023-08-31,2023-10,35.75644042448252
2,TFM,2023-08-31,2023-11,46.197291464811066
2,TFM,2023-08-31,2023-12,51.660167389956605
2,TFM,2023-08-31,2024-01,53.145
2,TFM,2023-08-31,2024-02,53.562126693025995
2,TFM,2023-08-31,2024-03,52.690249258160236
2,TFM,2023-08-31,2024-04,51.04048218783735
1,TFM,2023-08-31,2024-05,50.75
2,TFM,2023-08-31,2024-06,51.53382963794555
1,TFM,2023-08-31,2024-07,51.35000000000001
1,TFM,2023-08-31,2024-09,51.7
1,TFM,2023-08-31,2024-10,52.75
1,TFM,2023-08-31,2024-11,55.224999999999994
1,TFM,2023-08-31,2025-04,48.11
2,TFM,2023-09-01,2023-10,36.88341753551186
2,TFM,2023-09-01,2023-11,47.124023327974875
2,TFM,2023-09-01,2023-12,52.54466197104986
2,TFM,2023-09-01,2024-01,54.26450632911392
2,TFM,2023-09-01,2024-02,54.56607766990291
2,TFM,2023-09-01,2024-03,54.099519807923166
2,TFM,2023-09-01,2024-04,51.83843554629354
2,TFM,2023-09-01,2024-05,51.57999999999999
1,TFM,2023-09-01,2024-06,51.78
1,TFM,2023-09-01,2024-09,51.8
1,TFM,2023-09-01,2024-10,52.5
1,TFM,2023-09-01,2024-11,55.45
1,TFM,2023-09-01,2025-01,56.9
1,TFM,2023-09-01,2025-03,53.35
2,TFM,2023-09-04,2023-10,33.838854652373854
2,TFM,2023-09-04,2023-11,44.298537989255564
2,TFM,2023-09-04,2023-12,50.10866119106952
2,TFM,2023-09-04,2024-01,52.1550928702011
2,TFM,2023-09-04,2024-02,52.550036054225544
2,TFM,2023-09-04,2024-03,51.95019206869281
2,TFM,2023-09-04,2024-04,50.48059387372369
2,TFM,2023-09-04,2024-05,50.249930713025954
1,TFM,2023-09-04,2024-06,50.255
1,TFM,2023-09-04,2024-07,50.94
1,TFM,2023-09-04,2024-08,51.125
1,TFM,2023-09-04,2024-09,51.0
1,TFM,2023-09-04,2024-10,51.35
1,TFM,2023-09-04,2024-11,54.05
1,TFM,2023-09-04,2025-01,56.4
1,TFM,2023-09-04,2025-03,52.9
1,TFM,2023-09-04,2025-04,47.6
2,TFM,2023-09-05,2023-10,34.74340642129992
2,TFM,2023-09-05,2023-11,45.50128671101736
2,TFM,2023-09-05,2023-12,51.248143631436314
2,TFM,2023-09-05,2024-01,53.28924598172077
2,TFM,2023-09-05,2024-02,53.69471507352941
1,TFM,2023-09-05,2024-03,53.155
1,TFM,2023-09-05,2024-04,51.865
2,TFM,2023-09-05,2024-05,51.64436116965227
1,TFM,2023-09-05,2024-06,51.75
1,TFM,2023-09-05,2024-07,50.295
1,TFM,2023-09-05,2024-09,51.0
1,TFM,2023-09-05,2024-10,52.0
1,TFM,2023-09-05,2024-11,54.70000000000001
1,TFM,2023-09-05,2024-12,56.35
1,TFM,2023-09-05,2025-02,55.1
1,TFM,2023-09-05,2025-03,52.5
2,TFM,2023-09-06,2023-10,31.069589006464657
2,TFM,2023-09-06,2023-11,42.360490263899564
2,TFM,2023-09-06,2023-12,48.36881578947368
2,TFM,2023-09-06,2024-01,50.454116381816064
2,TFM,2023-09-06,2024-02,51.0045256738443
2,TFM,2023-09-06,2024-03,50.52681723779855
2,TFM,2023-09-06,2024-04,49.300309381237525
1,TFM,2023-09-06,2024-05,48.75
2,TFM,2023-09-06,2024-06,50.598993288590606
1,TFM,2023-09-06,2024-09,51.0
2,TFM,2023-09-06,2024-10,51.642713567839195
1,TFM,2023-09-06,2024-12,55.0
1,TFM,2023-09-06,2025-01,56.3
1,TFM,2023-09-06,2025-02,55.35
1,TFM,2023-09-06,2025-03,53.25
2,TFM,2023-09-07,2023-10,33.0
2,TFM,2023-09-07,2023-11,43.518540937247515
2,TFM,2023-09-07,2023-12,49.533774972926544
2,TFM,2023-09-07,2024-01,51.54850599193502
2,TFM,2023-09-07,2024-02,51.995711187119376
2,TFM,2023-09-07,2024-03,51.49949137763999
2,TFM,2023-09-07,2024-04,50.289967298888165
2,TFM,2023-09-07,2024-05,49.48198198198198
2,TFM,2023-09-07,2024-06,49.75659163987138
1,TFM,2023-09-07,2024-08,49.5
1,TFM,2023-09-07,2024-09,49.825
1,TFM,2023-09-07,2024-11,53.55
1,TFM,2023-09-07,2025-10,44.8
1,TFM,2023-09-07,2025-12,47.5
2,TFM,2023-09-08,2023-10,34.56070884501788
2,TFM,2023-09-08,2023-11,44.4837185851691
2,TFM,2023-09-08,2023-12,49.905017933198835
2,TFM,2023-09-08,2024-01,51.706730659570425
2,TFM,2023-09-08,2024-02,51.99910604732691
2,TFM,2023-09-08,2024-03,51.3914044509969
2,TFM,2023-09-08,2024-04,50.06077948034644
1,TFM,2023-09-08,2024-05,48.96
1,TFM,2023-09-08,2024-06,49.9
1,TFM,2023-09-08,2024-08,49.75
2,TFM,2023-09-11,2023-10,36.429117349929534
2,TFM,2023-09-11,2023-11,45.52248804433888
2,TFM,2023-09-11,2023-12,50.707779816513764
2,TFM,2023-09-11,2024-01,52.65
2,TFM,2023-09-11,2024-02,52.95654540017941
2,TFM,2023-09-11,2024-03,52.413810152859035
2,TFM,2023-09-11,2024-04,50.973951973951976
1,TFM,2023-09-11,2024-05,50.84
1,TFM,2023-09-11,2024-07,50.85
2,TFM,2023-09-12,2023-10,34.93351217240921
2,TFM,2023-09-12,2023-11,44.35939437696424
2,TFM,2023-09-12,2023-12,49.91781220876049
2,TFM,2023-09-12,2024-01,51.7871617441931
2,TFM,2023-09-12,2024-02,52.158002325930376
1,TFM,2023-09-12,2024-03,51.895
1,TFM,2023-09-12,2024-04,50.5
1,TFM,2023-09-12,2024-05,50.25
1,TFM,2023-09-12,2024-06,49.825
1,TFM,2023-09-12,2024-08,50.15
2,TFM,2023-09-12,2024-09,50.67970443349754
1,TFM,2023-09-12,2024-10,51.0
1,TFM,2023-09-12,2024-11,53.75
1,TFM,2023-09-12,2024-12,55.6
2,TFM,2023-09-13,2023-10,38.02527280679113
2,TFM,2023-09-13,2023-11,47.330081632653055
2,TFM,2023-09-13,2023-12,52.13562314609915
2,TFM,2023-09-13,2024-01,53.89849693453755
2,TFM,2023-09-13,2024-02,54.10077767612077
2,TFM,2023-09-13,2024-03,53.48332590736099
1,TFM,2023-09-13,2024-04,52.154999999999994
2,TFM,2023-09-13,2024-05,51.225309837335395
1,TFM,2023-09-13,2024-06,51.3
1,TFM,2023-09-13,2024-07,50.5
1,TFM,2023-09-13,2024-09,51.0
1,TFM,2023-09-13,2024-11,54.45
2,TFM,2023-09-14,2023-10,35.44671630829491
2,TFM,2023-09-14,2023-11,44.6
2,TFM,2023-09-14,2023-12,49.86645288427086
2,TFM,2023-09-14,2024-01,51.869495200676376
2,TFM,2023-09-14,2024-02,52.35223453908984
2,TFM,2023-09-14,2024-03,51.8201349284879
1,TFM,2023-09-14,2024-04,50.74000000000001
2,TFM,2023-09-14,2024-05,50.35520359156399
1,TFM,2023-09-14,2024-06,50.375
1,TFM,2023-09-14,2024-07,50.525
1,TFM,2023-09-14,2024-10,52.0
2,TFM,2023-09-14,2024-11,54.54651529485967
1,TFM,2023-09-14,2024-12,56.0
2,TFM,2023-09-15,2023-10,36.52108962333284
2,TFM,2023-09-15,2023-11,45.169559081371624
2,TFM,2023-09-15,2023-12,50.451905901116426
2,TFM,2023-09-15,2024-01,52.24575274933637
2,TFM,2023-09-15,2024-02,52.74876077586207
2,TFM,2023-09-15,2024-03,52.229821428571434
2,TFM,2023-09-15,2024-04,51.05795454545455
2,TFM,2023-09-15,2024-05,50.555354820469326
1,TFM,2023-09-15,2024-07,50.7
1,TFM,2023-09-15,2024-11,54.0
1,TFM,2023-09-15,2024-12,55.834999999999994
2,TFM,2023-09-18,2023-10,34.21408667465679
2,TFM,2023-09-18,2023-11,42.84588676336627
2,TFM,2023-09-18,2023-12,48.2837080920964
2,TFM,2023-09-18,2024-01,50.26730065537957
2,TFM,2023-09-18,2024-02,51.05
2,TFM,2023-09-18,2024-03,50.46109358051474
2,TFM,2023-09-18,2024-04,49.29028197047604
1,TFM,2023-09-18,2024-05,49.115
1,TFM,2023-09-18,2024-06,49.475
1,TFM,2023-09-18,2024-10,50.5
1,TFM,2023-09-18,2024-11,53.325
1,TFM,2023-09-18,2024-12,54.8
1,TFM,2023-09-18,2025-04,46.75
1,TFM,2023-09-18,2025-06,43.55
2,TFM,2023-09-19,2023-10,37.35480390521765
2,TFM,2023-09-19,2023-11,44.47702295007998
2,TFM,2023-09-19,2023-12,49.390628393685496
2,TFM,2023-09-19,2024-01,51.3383324425441
2,TFM,2023-09-19,2024-02,52.117260815307816
2,TFM,2023-09-19,2024-03,51.6
2,TFM,2023-09-19,2024-04,49.96865954281076
2,TFM,2023-09-19,2024-05,48.7101356619367
2,TFM,2023-09-19,2024-06,48.65256707519046
1,TFM,2023-09-19,2024-07,49.36
2,TFM,2023-09-19,2024-08,48.95266252496118
1,TFM,2023-09-19,2024-09,49.72
2,TFM,2023-09-19,2024-10,50.20057825751735
1,TFM,2023-09-19,2024-11,52.9
2,TFM,2023-09-19,2024-12,54.522956800934026
1,TFM,2023-09-19,2025-01,54.5
1,TFM,2023-09-19,2025-02,53.92
1,TFM,2023-09-19,2025-03,51.61
1,TFM,2023-09-19,2025-04,46.35
2,TFM,2023-09-20,2023-10,37.44897922189507
2,TFM,2023-09-20,2023-11,43.29564063007469
2,TFM,2023-09-20,2023-12,48.12271627662372
2,TFM,2023-09-20,2024-01,50.275293127782
2,TFM,2023-09-20,2024-02,50.851722024515624
2,TFM,2023-09-20,2024-03,50.39895480225989
2,TFM,2023-09-20,2024-04,49.05112948769665
2,TFM,2023-09-20,2024-05,48.6
1,TFM,2023-09-20,2024-06,48.55
1,TFM,2023-09-20,2024-10,50.1
1,TFM,2023-09-20,2024-11,52.9
1,TFM,2023-09-20,2025-10,43.95
1,TFM,2023-09-20,2025-12,46.60000000000001
2,TFM,2023-09-21,2023-10,38.55909116767098
2,TFM,2023-09-21,2023-11,43.687435633888256
2,TFM,2023-09-21,2023-12,48.009287030325
2,TFM,2023-09-21,2024-01,50.0712212253571
2,TFM,2023-09-21,2024-02,50.74108631032806
2,TFM,2023-09-21,2024-03,50.260671799258624
2,TFM,2023-09-21,2024-04,49.058686371100166
1,TFM,2023-09-21,2024-05,47.975
1,TFM,2023-09-21,2024-06,48.045
1,TFM,2023-09-21,2024-07,48.3
1,TFM,2023-09-21,2024-12,53.55
1,TFM,2023-09-21,2025-04,45.95
1,TFM,2023-09-21,2025-06,42.75
2,TFM,2023-09-22,2023-10,40.19740434855064
2,TFM,2023-09-22,2023-11,44.752377762206685
2,TFM,2023-09-22,2023-12,48.99452590888761
2,TFM,2023-09-22,2024-01,50.75
2,TFM,2023-09-22,2024-02,51.15051124744376
2,TFM,2023-09-22,2024-03,50.55673656702148
2,TFM,2023-09-22,2024-04,49.02498853999541
1,TFM,2023-09-22,2024-05,49.065
1,TFM,2023-09-22,2024-06,48.87
1,TFM,2023-09-22,2024-07,48.74
1,TFM,2023-09-22,2024-09,49.22
1,TFM,2023-09-22,2024-11,52.5
1,TFM,2023-09-22,2024-12,54.15
1,TFM,2023-09-22,2025-02,53.95
2,TFM,2023-09-25,2023-10,42.81128789878764
2,TFM,2023-09-25,2023-11,46.02340002520638
2,TFM,2023-09-25,2023-12,49.35613562648206
2,TFM,2023-09-25,2024-01,51.02756564366478
2,TFM,2023-09-25,2024-02,51.625784410155525
2,TFM,2023-09-25,2024-03,51.152546689303904
2,TFM,2023-09-25,2024-04,49.83051212677554
1,TFM,2023-09-25,2024-05,50.805
1,TFM,2023-09-25,2024-06,50.25
1,TFM,2023-09-25,2024-08,50.05
1,TFM,2023-09-25,2024-09,51.0
1,TFM,2023-09-25,2024-10,50.8
1,TFM,2023-09-25,2024-11,53.4
1,TFM,2023-09-25,2025-03,51.5
1,TFM,2023-09-25,2025-04,46.0
2,TFM,2023-09-26,2023-10,39.388506618197624
2,TFM,2023-09-26,2023-11,43.00222653432703
2,TFM,2023-09-26,2023-12,46.75558225853828
2,TFM,2023-09-26,2024-01,48.5
2,TFM,2023-09-26,2024-02,49.26187169478721
2,TFM,2023-09-26,2024-03,48.8501981861999
1,TFM,2023-09-26,2024-04,47.61
1,TFM,2023-09-26,2024-05,47.35
1,TFM,2023-09-26,2024-06,47.45
1,TFM,2023-09-26,2024-07,48.36
1,TFM,2023-09-26,2024-11,51.4
1,TFM,2023-09-26,2024-12,53.5
1,TFM,2023-09-26,2025-11,44.7
2,TFM,2023-09-27,2023-10,39.46015756660299
2,TFM,2023-09-27,2023-11,43.29986791506437
2,TFM,2023-09-27,2023-12,46.96322929456966
2,TFM,2023-09-27,2024-01,48.72927673762503
2,TFM,2023-09-27,2024-02,49.225344660194175
2,TFM,2023-09-27,2024-03,48.6595549791823
2,TFM,2023-09-27,2024-04,47.40277059475434
1,TFM,2023-09-27,2024-05,46.965
1,TFM,2023-09-27,2024-06,46.879999999999995
1,TFM,2023-09-27,2024-07,47.2
1,TFM,2023-09-27,2024-09,47.5
1,TFM,2023-09-27,2024-10,48.225
1,TFM,2023-09-27,2024-12,52.65
2,TFM,2023-09-28,2023-10,39.62318166882678
2,TFM,2023-09-28,2023-11,43.14
2,TFM,2023-09-28,2023-12,46.39999999999999
2,TFM,2023-09-28,2024-01,48.05088402931255
2,TFM,2023-09-28,2024-02,48.46947250639386
2,TFM,2023-09-28,2024-03,47.91066406592442
1,TFM,2023-09-28,2024-04,46.6
1,TFM,2023-09-28,2024-05,46.14
1,TFM,2023-09-28,2024-06,46.165000000000006
1,TFM,2023-09-28,2024-09,47.85
1,TFM,2023-09-28,2024-12,53.0
2,TFM,2023-09-29,2023-11,42.53305480735448
2,TFM,2023-09-29,2023-12,46.27344132400397
2,TFM,2023-09-29,2024-01,48.13827604221085
2,TFM,2023-09-29,2024-02,48.525063119927864
1,TFM,2023-09-29,2024-03,48.17
2,TFM,2023-09-29,2024-04,46.931868336887
1,TFM,2023-09-29,2024-05,46.16
1,TFM,2023-09-29,2024-06,46.68
1,TFM,2023-09-29,2024-07,46.0
1,TFM,2023-09-29,2024-08,46.4
1,TFM,2023-09-29,2024-09,46.35
1,TFM,2023-09-29,2024-10,47.0
1,TFM,2023-09-29,2024-11,49.65
2,TFM,2023-10-02,2023-11,38.582526029142244
2,TFM,2023-10-02,2023-12,43.53499709405165
2,TFM,2023-10-02,2024-01,45.51
2,TFM,2023-10-02,2024-02,46.027466367713004
2,TFM,2023-10-02,2024-03,45.55021218254227
2,TFM,2023-10-02,2024-04,44.34051606621227
2,TFM,2023-10-02,2024-05,44.350548498845264
1,TFM,2023-10-02,2024-06,44.8
1,TFM,2023-10-02,2024-07,45.125
1,TFM,2023-10-02,2024-09,45.6
2,TFM,2023-10-02,2024-11,49.07947252747253
1,TFM,2023-10-02,2024-12,50.75
1,TFM,2023-10-02,2025-02,51.3
1,TFM,2023-10-02,2025-03,48.1
1,TFM,2023-10-02,2025-04,43.8
2,TFM,2023-10-03,2023-11,37.25965592358823
2,TFM,2023-10-03,2023-12,41.923677569021336
2,TFM,2023-10-03,2024-01,43.95728129445234
2,TFM,2023-10-03,2024-02,44.788466440101956
2,TFM,2023-10-03,2024-03,44.020156412930135
1,TFM,2023-10-03,2024-04,42.775
2,TFM,2023-10-03,2024-05,42.491472378546
1,TFM,2023-10-03,2024-06,42.95
1,TFM,2023-10-03,2024-08,43.25
1,TFM,2023-10-03,2024-09,43.8
1,TFM,2023-10-03,2024-10,44.5
1,TFM,2023-10-03,2024-12,48.85
2,TFM,2023-10-04,2023-11,37.92427620791212
2,TFM,2023-10-04,2023-12,42.69018605836625
2,TFM,2023-10-04,2024-01,44.568912015682656
2,TFM,2023-10-04,2024-02,45.155621451405125
2,TFM,2023-10-04,2024-03,44.74518723404255
2,TFM,2023-10-04,2024-04,43.63028821904648
1,TFM,2023-10-04,2024-05,43.26
1,TFM,2023-10-04,2024-06,43.23
1,TFM,2023-10-04,2024-07,43.61
1,TFM,2023-10-04,2024-09,44.75
1,TFM,2023-10-04,2024-10,45.4
1,TFM,2023-10-04,2024-11,47.47
1,TFM,2023-10-04,2024-12,49.7
2,TFM,2023-10-05,2023-11,36.38649434481035
2,TFM,2023-10-05,2023-12,41.63498140863286
2,TFM,2023-10-05,2024-01,43.76489198713038
2,TFM,2023-10-05,2024-02,44.419418744844215
2,TFM,2023-10-05,2024-03,43.96974976563063
1,TFM,2023-10-05,2024-04,42.775
1,TFM,2023-10-05,2024-05,43.05
1,TFM,2023-10-05,2024-06,42.76499999999999
1,TFM,2023-10-05,2024-07,43.15
1,TFM,2023-10-05,2024-09,43.5
1,TFM,2023-10-05,2024-10,44.7
1,TFM,2023-10-05,2024-11,47.35
1,TFM,2023-10-05,2024-12,48.575
1,TFM,2023-10-05,2025-12,43.3
2,TFM,2023-10-06,2023-11,38.01044865904784
2,TFM,2023-10-06,2023-12,42.802759399081495
2,TFM,2023-10-06,2024-01,44.751044933655
2,TFM,2023-10-06,2024-02,45.405827288085064
2,TFM,2023-10-06,2024-03,44.97720753130256
2,TFM,2023-10-06,2024-04,43.75145648699694
2,TFM,2023-10-06,2024-05,43.643922191345766
1,TFM,2023-10-06,2024-06,43.735
1,TFM,2023-10-06,2024-08,43.8
1,TFM,2023-10-06,2024-09,43.875
1,TFM,2023-10-06,2024-10,44.8
1,TFM,2023-10-06,2024-11,47.47500000000001
2,TFM,2023-10-06,2024-12,49.17159663865546
1,TFM,2023-10-06,2025-08,40.35
1,TFM,2023-10-06,2025-09,40.825
2,TFM,2023-10-09,2023-11,42.99768599405767
2,TFM,2023-10-09,2023-12,46.645542844139186
2,TFM,2023-10-09,2024-01,48.22225616719964
2,TFM,2023-10-09,2024-02,48.77410084472699
2,TFM,2023-10-09,2024-03,48.174951890034365
2,TFM,2023-10-09,2024-04,46.90678929765887
1,TFM,2023-10-09,2024-05,47.81
1,TFM,2023-10-09,2024-06,47.8
1,TFM,2023-10-09,2024-07,48.0
1,TFM,2023-10-09,2024-08,46.0
1,TFM,2023-10-09,2024-09,46.85
1,TFM,2023-10-09,2024-12,50.25
1,TFM,2023-10-09,2025-04,45.0
1,TFM,2023-10-09,2025-10,42.5
1,TFM,2023-10-09,2025-12,45.1
2,TFM,2023-10-10,2023-11,49.406605889277465
2,TFM,2023-10-10,2023-12,52.272254297168175
2,TFM,2023-10-10,2024-01,53.652690343810285
2,TFM,2023-10-10,2024-02,54.08786306293091
2,TFM,2023-10-10,2024-03,53.54085788320407
2,TFM,2023-10-10,2024-04,51.67799168646081
2,TFM,2023-10-10,2024-05,51.185309159202546
1,TFM,2023-10-10,2024-06,50.975
2,TFM,2023-10-10,2024-07,50.0
1,TFM,2023-10-10,2024-08,50.5
1,TFM,2023-10-10,2024-09,49.2
1,TFM,2023-10-10,2024-10,52.0
1,TFM,2023-10-10,2024-12,56.0
1,TFM,2023-10-10,2025-04,47.05
1,TFM,2023-10-10,2025-06,44.15
1,TFM,2023-10-10,2025-11,45.0
2,TFM,2023-10-11,2023-11,46.546958628670616
2,TFM,2023-10-11,2023-12,49.39892011763004
2,TFM,2023-10-11,2024-01,51.07463087248322
2,TFM,2023-10-11,2024-02,51.542091623578074
2,TFM,2023-10-11,2024-03,51.1430652105429
2,TFM,2023-10-11,2024-04,49.670647926103555
1,TFM,2023-10-11,2024-05,49.375
1,TFM,2023-10-11,2024-06,50.45
1,TFM,2023-10-11,2024-07,50.0
1,TFM,2023-10-11,2024-09,50.35
1,TFM,2023-10-11,2024-10,51.4
1,TFM,2023-10-11,2024-12,55.1
2,TFM,2023-10-12,2023-11,53.172899695219456
2,TFM,2023-10-12,2023-12,55.16835537432958
2,TFM,2023-10-12,2024-01,56.295170025516846
2,TFM,2023-10-12,2024-02,56.78691516709512
2,TFM,2023-10-12,2024-03,56.20309221993346
2,TFM,2023-10-12,2024-04,54.53648735908942
2,TFM,2023-10-12,2024-05,54.099888921800954
1,TFM,2023-10-12,2024-06,54.005
1,TFM,2023-10-12,2024-07,53.27000000000001
1,TFM,2023-10-12,2024-08,53.95
1,TFM,2023-10-12,2024-09,52.57
1,TFM,2023-10-12,2024-11,54.65
1,TFM,2023-10-12,2024-12,56.15
2,TFM,2023-10-12,2025-01,57.483574244415244
2,TFM,2023-10-12,2025-03,55.282479194042914
2,TFM,2023-10-13,2023-11,55.27065354866954
2,TFM,2023-10-13,2023-12,57.60601341516188
2,TFM,2023-10-13,2024-01,58.59033219626802
2,TFM,2023-10-13,2024-02,58.85
2,TFM,2023-10-13,2024-03,58.00002843938855
2,TFM,2023-10-13,2024-04,56.805693904574774
2,TFM,2023-10-13,2024-05,56.410063835011044
2,TFM,2023-10-13,2024-06,56.352237939406734
1,TFM,2023-10-13,2024-09,56.6
1,TFM,2023-10-13,2025-01,59.15
1,TFM,2023-10-13,2025-03,56.9
1,TFM,2023-10-13,2025-04,46.5
1,TFM,2023-10-13,2025-05,44.5
2,TFM,2023-10-16,2023-11,48.56490369189634
2,TFM,2023-10-16,2023-12,52.623365980782054
2,TFM,2023-10-16,2024-01,54.22285286343612
2,TFM,2023-10-16,2024-02,54.74951550387597
2,TFM,2023-10-16,2024-03,54.29887993512747
2,TFM,2023-10-16,2024-04,52.93812729090303
1,TFM,2023-10-16,2024-05,52.489999999999995
1,TFM,2023-10-16,2024-06,52.49
1,TFM,2023-10-16,2024-09,53.25
1,TFM,2023-10-16,2024-10,53.0
1,TFM,2023-10-16,2024-11,56.3
1,TFM,2023-10-16,2024-12,59.5
2,TFM,2023-10-17,2023-11,49.15195808363408
2,TFM,2023-10-17,2023-12,53.19699955852674
2,TFM,2023-10-17,2024-01,54.832389423076926
2,TFM,2023-10-17,2024-02,55.339303797468354
2,TFM,2023-10-17,2024-03,54.86766576692876
2,TFM,2023-10-17,2024-04,53.295133007428106
1,TFM,2023-10-17,2024-05,52.19
1,TFM,2023-10-17,2024-06,52.62
1,TFM,2023-10-17,2024-08,51.25
1,TFM,2023-10-17,2024-09,51.86
2,TFM,2023-10-18,2023-11,49.995645892391025
2,TFM,2023-10-18,2023-12,54.30455692356469
2,TFM,2023-10-18,2024-01,56.105577046822354
2,TFM,2023-10-18,2024-02,56.54279490270363
2,TFM,2023-10-18,2024-03,56.055050956455396
2,TFM,2023-10-18,2024-04,54.70846067070044
1,TFM,2023-10-18,2024-05,54.18500000000001
1,TFM,2023-10-18,2024-06,54.095
1,TFM,2023-10-18,2024-09,54.39
1,TFM,2023-10-18,2024-11,57.0
1,TFM,2023-10-18,2025-01,58.55
2,TFM,2023-10-18,2025-03,56.47779751332149
1,TFM,2023-10-18,2025-04,47.0
1,TFM,2023-10-18,2025-11,45.5
2,TFM,2023-10-19,2023-11,50.832878307009494
2,TFM,2023-10-19,2023-12,55.37604229306961
2,TFM,2023-10-19,2024-01,57.270656167979
2,TFM,2023-10-19,2024-02,57.71563298325292
2,TFM,2023-10-19,2024-03,57.36246510374563
2,TFM,2023-10-19,2024-04,55.23140657925545
2,TFM,2023-10-19,2024-05,54.268253968253966
2,TFM,2023-10-19,2024-06,54.57119565217391
1,TFM,2023-10-19,2024-07,53.35000000000001
2,TFM,2023-10-20,2023-11,50.3903157186481
2,TFM,2023-10-20,2023-12,54.92141465805414
2,TFM,2023-10-20,2024-01,56.85466982600575
2,TFM,2023-10-20,2024-02,57.37823013790408
2,TFM,2023-10-20,2024-03,56.94551735287778
2,TFM,2023-10-20,2024-04,55.225126511104875
1,TFM,2023-10-20,2024-05,54.615
1,TFM,2023-10-20,2024-06,54.505
1,TFM,2023-10-20,2024-09,55.925
1,TFM,2023-10-20,2024-10,55.505
1,TFM,2023-10-20,2024-11,57.74
1,TFM,2023-10-20,2024-12,58.8
1,TFM,2023-10-20,2025-02,58.4
1,TFM,2023-10-20,2025-03,56.425
1,TFM,2023-10-20,2025-05,45.5
2,TFM,2023-10-23,2023-11,51.1127631376175
2,TFM,2023-10-23,2023-12,55.45937221919225
2,TFM,2023-10-23,2024-01,57.53054840825387
2,TFM,2023-10-23,2024-02,58.45248133167393
2,TFM,2023-10-23,2024-03,57.509750372578246
2,TFM,2023-10-23,2024-04,56.26366721066232
1,TFM,2023-10-23,2024-05,55.835
1,TFM,2023-10-23,2024-06,55.775
1,TFM,2023-10-23,2024-07,55.47
1,TFM,2023-10-23,2024-09,55.72
2,TFM,2023-10-23,2024-10,55.959824298264415
1,TFM,2023-10-23,2024-11,57.175
2,TFM,2023-10-24,2023-11,48.98097991405533
2,TFM,2023-10-24,2023-12,52.468193177624286
2,TFM,2023-10-24,2024-01,54.42289742750064
2,TFM,2023-10-24,2024-02,54.84525437864888
2,TFM,2023-10-24,2024-03,54.37188616071429
2,TFM,2023-10-24,2024-04,52.937457709038185
1,TFM,2023-10-24,2024-05,52.5
1,TFM,2023-10-24,2024-06,52.355
1,TFM,2023-10-24,2024-07,54.005
1,TFM,2023-10-24,2024-09,54.1
1,TFM,2023-10-24,2024-10,54.9
1,TFM,2023-10-24,2024-12,58.15
1,TFM,2023-10-24,2025-12,46.7
1,TFM,2023-10-24,2026-01,47.2
2,TFM,2023-10-25,2023-11,50.81588557831574
2,TFM,2023-10-25,2023-12,53.36237881180901
2,TFM,2023-10-25,2024-01,55.12820925777421
2,TFM,2023-10-25,2024-02,55.6602305594579
2,TFM,2023-10-25,2024-03,54.9125117796303
2,TFM,2023-10-25,2024-04,53.55805825242719
2,TFM,2023-10-25,2024-05,51.6048070760159
1,TFM,2023-10-25,2024-06,51.55499999999999
1,TFM,2023-10-25,2024-07,52.55
1,TFM,2023-10-25,2024-08,53.3
2,TFM,2023-10-25,2024-09,52.48473058288064
1,TFM,2023-10-25,2024-10,53.75
1,TFM,2023-10-25,2024-11,55.6
1,TFM,2023-10-25,2024-12,56.57
1,TFM,2023-10-25,2025-05,44.0
1,TFM,2023-10-25,2025-07,43.0
2,TFM,2023-10-26,2023-11,50.60682819041712
2,TFM,2023-10-26,2023-12,53.212609986801596
2,TFM,2023-10-26,2024-01,54.8
2,TFM,2023-10-26,2024-02,55.2646061003939
2,TFM,2023-10-26,2024-03,54.678529227229944
2,TFM,2023-10-26,2024-04,52.99079840848807
1,TFM,2023-10-26,2024-05,52.465
1,TFM,2023-10-26,2024-06,52.379999999999995
1,TFM,2023-10-26,2024-07,51.775
1,TFM,2023-10-26,2024-08,51.8
1,TFM,2023-10-26,2024-09,52.05
2,TFM,2023-10-27,2023-11,51.0
2,TFM,2023-10-27,2023-12,53.79278529536137
2,TFM,2023-10-27,2024-01,55.59680769230769
2,TFM,2023-10-27,2024-02,56.12628992166316
2,TFM,2023-10-27,2024-03,55.50506562910182
2,TFM,2023-10-27,2024-04,54.00929846153846
1,TFM,2023-10-27,2024-05,53.115
1,TFM,2023-10-27,2024-06,52.755
1,TFM,2023-10-27,2024-07,52.025
1,TFM,2023-10-27,2024-09,53.5
1,TFM,2023-10-27,2024-10,53.5
1,TFM,2023-10-27,2024-11,56.475
1,TFM,2023-10-27,2024-12,57.3
1,TFM,2023-10-27,2025-03,55.199999999999996
1,TFM,2023-10-27,2025-04,47.1
1,TFM,2023-10-27,2025-05,44.4
1,TFM,2023-10-27,2025-06,43.57
1,TFM,2023-10-27,2025-07,43.35
2,TFM,2023-10-30,2023-11,49.57601589398671
2,TFM,2023-10-30,2023-12,52.282362959833904
2,TFM,2023-10-30,2024-01,54.08853856828261
2,TFM,2023-10-30,2024-02,54.77693573464628
2,TFM,2023-10-30,2024-03,54.0967786519243
2,TFM,2023-10-30,2024-04,52.62534058740269
1,TFM,2023-10-30,2024-05,52.16
1,TFM,2023-10-30,2024-06,52.01
1,TFM,2023-10-30,2024-07,52.5
1,TFM,2023-10-30,2024-08,53.375
1,TFM,2023-10-30,2024-09,53.65
1,TFM,2023-10-30,2024-10,53.92
1,TFM,2023-10-30,2024-12,58.1
1,TFM,2023-10-30,2025-05,45.5
1,TFM,2023-10-30,2025-08,43.0
2,TFM,2023-10-31,2023-12,47.86603626258798
2,TFM,2023-10-31,2024-01,49.64490440138586
2,TFM,2023-10-31,2024-02,50.283607353175235
2,TFM,2023-10-31,2024-03,49.805219716345036
2,TFM,2023-10-31,2024-04,48.350021097046415
2,TFM,2023-10-31,2024-05,47.76048874650895
2,TFM,2023-10-31,2024-06,47.93905820679682
1,TFM,2023-10-31,2024-07,50.67
1,TFM,2023-10-31,2024-08,49.95
1,TFM,2023-10-31,2024-09,50.4
2,TFM,2023-10-31,2024-10,50.9
2,TFM,2023-10-31,2024-11,52.20150602409638
2,TFM,2023-10-31,2024-12,54.524895599100546
1,TFM,2023-10-31,2025-01,54.8
1,TFM,2023-10-31,2025-02,54.3
2,TFM,2023-11-01,2023-12,48.9
2,TFM,2023-11-01,2024-01,50.69372921327932
2,TFM,2023-11-01,2024-02,51.223035250933485
2,TFM,2023-11-01,2024-03,50.71286983830014
2,TFM,2023-11-01,2024-04,48.982823272166
1,TFM,2023-11-01,2024-05,48.775
2,TFM,2023-11-01,2024-06,48.661668439244885
1,TFM,2023-11-01,2024-09,47.4
1,TFM,2023-11-01,2024-11,52.0
2,TFM,2023-11-01,2024-12,53.14134897360704
1,TFM,2023-11-01,2025-02,53.1
1,TFM,2023-11-01,2025-03,50.9
1,TFM,2023-11-01,2025-06,40.8
2,TFM,2023-11-02,2023-12,49.09959550278786
2,TFM,2023-11-02,2024-01,50.76248804429902
2,TFM,2023-11-02,2024-02,51.12085410969921
2,TFM,2023-11-02,2024-03,50.77446634445955
2,TFM,2023-11-02,2024-04,49.514585260561205
2,TFM,2023-11-02,2024-05,48.89463334619838
1,TFM,2023-11-02,2024-06,48.865
1,TFM,2023-11-02,2024-07,48.35
1,TFM,2023-11-02,2024-09,47.35
1,TFM,2023-11-02,2024-10,48.35
1,TFM,2023-11-02,2024-12,51.8
1,TFM,2023-11-02,2025-10,42.3
1,TFM,2023-11-02,2025-12,44.65
2,TFM,2023-11-03,2023-12,47.972433866973944
2,TFM,2023-11-03,2024-01,49.79054497340634
2,TFM,2023-11-03,2024-02,50.384647321666044
2,TFM,2023-11-03,2024-03,49.941742892915
2,TFM,2023-11-03,2024-04,48.81062656641605
1,TFM,2023-11-03,2024-05,48.5
1,TFM,2023-11-03,2024-06,48.65
1,TFM,2023-11-03,2024-07,48.7
1,TFM,2023-11-03,2024-08,49.0
1,TFM,2023-11-03,2024-09,48.685
2,TFM,2023-11-03,2024-10,48.92938370539973
2,TFM,2023-11-03,2024-11,51.98259630371855
2,TFM,2023-11-03,2024-12,52.97861304266116
2,TFM,2023-11-03,2025-01,53.9908295711061
1,TFM,2023-11-03,2026-10,34.9
1,TFM,2023-11-03,2026-12,37.1
2,TFM,2023-11-06,2023-12,45.148196194581445
2,TFM,2023-11-06,2024-01,46.86907620199577
2,TFM,2023-11-06,2024-02,47.5
2,TFM,2023-11-06,2024-03,46.98620231909771
2,TFM,2023-11-06,2024-04,45.80217115871918
1,TFM,2023-11-06,2024-05,45.715
1,TFM,2023-11-06,2024-06,45.62
1,TFM,2023-11-06,2024-07,45.76
1,TFM,2023-11-06,2024-08,45.925
2,TFM,2023-11-06,2024-09,46.31878479293958
2,TFM,2023-11-06,2024-10,46.90898888189638
1,TFM,2023-11-06,2024-11,49.57
1,TFM,2023-11-06,2024-12,51.08
1,TFM,2023-11-06,2025-01,51.9
1,TFM,2023-11-06,2025-03,49.45
2,TFM,2023-11-07,2023-12,46.51
2,TFM,2023-11-07,2024-01,48.08251385572987
2,TFM,2023-11-07,2024-02,48.559908394471236
2,TFM,2023-11-07,2024-03,48.12474855840151
2,TFM,2023-11-07,2024-04,46.85059059768486
2,TFM,2023-11-07,2024-05,46.57987244897959
1,TFM,2023-11-07,2024-06,46.505
1,TFM,2023-11-07,2024-07,46.555
2,TFM,2023-11-07,2024-09,46.73472175379426
2,TFM,2023-11-07,2024-10,47.60563668519454
2,TFM,2023-11-07,2024-12,51.31050972149238
1,TFM,2023-11-07,2025-02,51.55
1,TFM,2023-11-07,2025-03,49.5
1,TFM,2023-11-07,2025-10,41.5
1,TFM,2023-11-07,2025-12,43.9
2,TFM,2023-11-08,2023-12,45.65
2,TFM,2023-11-08,2024-01,47.068878428162094
2,TFM,2023-11-08,2024-02,47.53874575594168
2,TFM,2023-11-08,2024-03,47.245100709451194
2,TFM,2023-11-08,2024-04,46.0400025722811
1,TFM,2023-11-08,2024-05,45.755
1,TFM,2023-11-08,2024-06,45.79999999999999
2,TFM,2023-11-08,2024-07,45.8
2,TFM,2023-11-08,2024-08,45.95000000000001
2,TFM,2023-11-08,2024-09,46.34345794392523
2,TFM,2023-11-08,2024-10,46.85002253267237
1,TFM,2023-11-08,2024-11,49.6
2,TFM,2023-11-08,2024-12,51.063168873571556
2,TFM,2023-11-09,2023-12,48.50465313627042
2,TFM,2023-11-09,2024-01,50.015
2,TFM,2023-11-09,2024-02,50.48412322274882
2,TFM,2023-11-09,2024-03,49.90363920662647
1,TFM,2023-11-09,2024-04,48.73
1,TFM,2023-11-09,2024-05,48.39999999999999
1,TFM,2023-11-09,2024-06,48.335
1,TFM,2023-11-09,2024-07,48.239999999999995
1,TFM,2023-11-09,2024-08,48.345
1,TFM,2023-11-09,2024-09,48.9
2,TFM,2023-11-09,2024-10,48.96245804006497
2,TFM,2023-11-09,2024-11,50.525
2,TFM,2023-11-09,2024-12,52.4612491824722
1,TFM,2023-11-09,2025-02,52.9
1,TFM,2023-11-09,2025-03,50.875
2,TFM,2023-11-10,2023-12,46.65616363566703
2,TFM,2023-11-10,2024-01,48.210517872859945
2,TFM,2023-11-10,2024-02,48.58610207265433
2,TFM,2023-11-10,2024-03,48.254741643092196
2,TFM,2023-11-10,2024-04,47.09996383799422
1,TFM,2023-11-10,2024-05,46.60499999999999
1,TFM,2023-11-10,2024-06,46.45
2,TFM,2023-11-10,2024-07,46.5
1,TFM,2023-11-10,2024-08,46.595
1,TFM,2023-11-10,2024-09,46.845000000000006
1,TFM,2023-11-10,2024-10,47.07
1,TFM,2023-11-10,2024-11,49.9
1,TFM,2023-11-10,2024-12,51.09
2,TFM,2023-11-13,2023-12,47.22279784627657
2,TFM,2023-11-13,2024-01,48.67353799273858
2,TFM,2023-11-13,2024-02,49.1005892700088
2,TFM,2023-11-13,2024-03,48.56612850082372
2,TFM,2023-11-13,2024-04,47.22503442340792
1,TFM,2023-11-13,2024-05,47.025
1,TFM,2023-11-13,2024-06,46.675
1,TFM,2023-11-13,2024-07,46.765
1,TFM,2023-11-13,2024-08,46.765
1,TFM,2023-11-13,2024-09,47.0
1,TFM,2023-11-13,2024-10,47.55
1,TFM,2023-11-13,2024-11,50.055
1,TFM,2023-11-13,2024-12,52.575
1,TFM,2023-11-13,2025-01,50.5
2,TFM,2023-11-14,2023-12,47.815716106747814
2,TFM,2023-11-14,2024-01,49.1856500419218
2,TFM,2023-11-14,2024-02,49.640200964630225
2,TFM,2023-11-14,2024-03,49.14876448948428
2,TFM,2023-11-14,2024-04,48.09893269488947
2,TFM,2023-11-14,2024-05,47.50814896484136
1,TFM,2023-11-14,2024-06,47.66
1,TFM,2023-11-14,2024-07,47.745
1,TFM,2023-11-14,2024-08,47.835
2,TFM,2023-11-14,2024-09,48.095110842402256
2,TFM,2023-11-14,2024-10,48.29425568061159
1,TFM,2023-11-14,2024-11,50.86
2,TFM,2023-11-14,2024-12,51.77196052041273
1,TFM,2023-11-14,2025-01,52.0
1,TFM,2023-11-14,2025-02,51.75
2,TFM,2023-11-15,2023-12,46.5149864012041
2,TFM,2023-11-15,2024-01,48.0639551308683
2,TFM,2023-11-15,2024-02,48.59002847506358
2,TFM,2023-11-15,2024-03,48.30155813526097
2,TFM,2023-11-15,2024-04,47.13127158751246
1,TFM,2023-11-15,2024-05,46.93
2,TFM,2023-11-15,2024-06,46.88937647310906
2,TFM,2023-11-15,2024-07,46.97502183723978
1,TFM,2023-11-15,2024-08,46.975
1,TFM,2023-11-15,2024-09,47.365
2,TFM,2023-11-15,2024-10,47.96076079506511
2,TFM,2023-11-15,2024-11,50.55759381898455
1,TFM,2023-11-15,2024-12,52.0
1,TFM,2023-11-15,2025-01,52.51
1,TFM,2023-11-15,2025-02,52.08
1,TFM,2023-11-15,2025-03,50.15
1,TFM,2023-11-15,2025-10,42.2
1,TFM,2023-11-15,2025-11,43.4
1,TFM,2023-11-15,2025-12,44.5
2,TFM,2023-11-16,2023-12,45.82914576826046
2,TFM,2023-11-16,2024-01,47.195875567827564
2,TFM,2023-11-16,2024-02,47.696977014232125
2,TFM,2023-11-16,2024-03,47.31569014084507
2,TFM,2023-11-16,2024-04,46.44440251841699
2,TFM,2023-11-16,2024-05,45.69565965890808
1,TFM,2023-11-16,2024-06,45.63
1,TFM,2023-11-16,2024-07,46.12
1,TFM,2023-11-16,2024-08,46.57
2,TFM,2023-11-16,2024-09,46.17094736842106
2,TFM,2023-11-16,2024-10,46.85887829800213
1,TFM,2023-11-16,2024-11,49.65
2,TFM,2023-11-16,2024-12,51.47078911908371
1,TFM,2023-11-16,2025-01,51.4
2,TFM,2023-11-17,2023-12,44.81190344507681
2,TFM,2023-11-17,2024-01,46.158475166963164
2,TFM,2023-11-17,2024-02,46.64934113712375
2,TFM,2023-11-17,2024-03,46.2688031144847
2,TFM,2023-11-17,2024-04,45.49600161015344
1,TFM,2023-11-17,2024-05,45.195
1,TFM,2023-11-17,2024-06,45.14
1,TFM,2023-11-17,2024-07,45.38
1,TFM,2023-11-17,2024-08,45.35
1,TFM,2023-11-17,2024-09,45.65
1,TFM,2023-11-17,2024-10,46.56
1,TFM,2023-11-17,2024-11,49.2
2,TFM,2023-11-17,2024-12,50.86465588437715
2,TFM,2023-11-20,2023-12,45.75
2,TFM,2023-11-20,2024-01,46.929792594868644
2,TFM,2023-11-20,2024-02,47.324287649582296
2,TFM,2023-11-20,2024-03,47.023302073050345
2,TFM,2023-11-20,2024-04,46.078025953598114
2,TFM,2023-11-20,2024-05,45.90255754475704
2,TFM,2023-11-20,2024-06,45.83104810018501
1,TFM,2023-11-20,2024-07,45.93
1,TFM,2023-11-20,2024-08,45.955
1,TFM,2023-11-20,2024-09,46.205
2,TFM,2023-11-20,2024-10,46.95276381909548
1,TFM,2023-11-20,2024-11,49.305
1,TFM,2023-11-20,2024-12,50.2
1,TFM,2023-11-20,2025-01,51.35
1,TFM,2023-11-20,2025-02,50.91
1,TFM,2023-11-20,2025-03,49.0
1,TFM,2023-11-20,2025-04,43.9
2,TFM,2023-11-21,2023-12,43.85
2,TFM,2023-11-21,2024-01,44.915168649313834
2,TFM,2023-11-21,2024-02,45.28949965992178
2,TFM,2023-11-21,2024-03,45.206699961948246
2,TFM,2023-11-21,2024-04,44.51700894544538
2,TFM,2023-11-21,2024-05,43.93916104059771
2,TFM,2023-11-21,2024-06,43.98451013341481
1,TFM,2023-11-21,2024-07,44.025
1,TFM,2023-11-21,2024-08,44.58
2,TFM,2023-11-21,2024-09,44.90651488806781
1,TFM,2023-11-21,2024-10,45.985
1,TFM,2023-11-21,2024-11,48.5
1,TFM,2023-11-21,2024-12,49.4
1,TFM,2023-11-21,2025-01,50.64999999999999
1,TFM,2023-11-21,2025-02,50.23
1,TFM,2023-11-21,2025-04,43.4
1,TFM,2023-11-21,2025-10,41.25
1,TFM,2023-11-21,2025-11,42.75
2,TFM,2023-11-21,2025-12,43.75361930294906
2,TFM,2023-11-22,2023-12,45.08597526344831
2,TFM,2023-11-22,2024-01,46.01918151826406
2,TFM,2023-11-22,2024-02,46.462911164774184
2,TFM,2023-11-22,2024-03,46.17932757961435
2,TFM,2023-11-22,2024-04,45.580512820512816
1,TFM,2023-11-22,2024-05,45.435
2,TFM,2023-11-22,2024-06,45.39526390997588
1,TFM,2023-11-22,2024-07,45.415
1,TFM,2023-11-22,2024-08,45.435
2,TFM,2023-11-22,2024-09,45.67429427353381
2,TFM,2023-11-22,2024-10,44.86110672975815
1,TFM,2023-11-22,2024-11,47.575
2,TFM,2023-11-22,2024-12,49.45656769780818
2,TFM,2023-11-23,2023-12,46.550495942290354
2,TFM,2023-11-23,2024-01,47.45205512187351
2,TFM,2023-11-23,2024-02,47.6789135939838
2,TFM,2023-11-23,2024-03,47.37628855456441
2,TFM,2023-11-23,2024-04,46.73035152302584
1,TFM,2023-11-23,2024-05,46.37
2,TFM,2023-11-23,2024-06,46.3487374534436
2,TFM,2023-11-23,2024-07,46.44561796633801
1,TFM,2023-11-23,2024-08,46.31
1,TFM,2023-11-23,2024-09,46.415
1,TFM,2023-11-23,2024-10,47.1
1,TFM,2023-11-23,2024-11,49.45
1,TFM,2023-11-23,2024-12,50.9
1,TFM,2023-11-23,2025-01,50.29999999999999
1,TFM,2023-11-23,2025-03,48.38
2,TFM,2023-11-24,2023-12,45.813034097701056
2,TFM,2023-11-24,2024-01,46.70414473097172
2,TFM,2023-11-24,2024-02,47.06009900990099
2,TFM,2023-11-24,2024-03,46.703491817155765
2,TFM,2023-11-24,2024-04,45.791687532831375
2,TFM,2023-11-24,2024-05,45.65078989852398
2,TFM,2023-11-24,2024-06,46.06645003565244
1,TFM,2023-11-24,2024-07,46.95
1,TFM,2023-11-24,2024-08,46.405
1,TFM,2023-11-24,2024-09,46.65
1,TFM,2023-11-24,2024-10,46.75
1,TFM,2023-11-24,2024-11,49.6
1,TFM,2023-11-24,2024-12,51.6
2,TFM,2023-11-27,2023-12,44.18498208058892
2,TFM,2023-11-27,2024-01,45.166648716464
2,TFM,2023-11-27,2024-02,45.47496372279209
2,TFM,2023-11-27,2024-03,45.264277553763435
2,TFM,2023-11-27,2024-04,44.33819422817399
1,TFM,2023-11-27,2024-05,43.62
2,TFM,2023-11-27,2024-06,43.75040888815463
1,TFM,2023-11-27,2024-07,44.03
1,TFM,2023-11-27,2024-08,44.04
1,TFM,2023-11-27,2024-09,44.285
1,TFM,2023-11-27,2024-10,45.4
1,TFM,2023-11-27,2024-11,48.05
1,TFM,2023-11-27,2024-12,49.0
2,TFM,2023-11-27,2025-01,49.009514747859185
2,TFM,2023-11-27,2025-03,47.32666666666667
1,TFM,2023-11-27,2025-11,42.75
2,TFM,2023-11-27,2025-12,44.0
2,TFM,2023-11-28,2023-12,43.069435225969954
2,TFM,2023-11-28,2024-01,44.0
2,TFM,2023-11-28,2024-02,44.34404435994931
2,TFM,2023-11-28,2024-03,44.14000000000001
2,TFM,2023-11-28,2024-04,43.30205590652809
2,TFM,2023-11-28,2024-05,43.07973674224457
2,TFM,2023-11-28,2024-06,43.09658851113716
1,TFM,2023-11-28,2024-07,43.16
1,TFM,2023-11-28,2024-08,42.965
1,TFM,2023-11-28,2024-09,43.3
2,TFM,2023-11-28,2024-10,43.99730215827338
1,TFM,2023-11-28,2024-11,46.6
2,TFM,2023-11-28,2024-12,48.24776827227078
1,TFM,2023-11-28,2025-01,48.25
1,TFM,2023-11-28,2025-10,40.6
1,TFM,2023-11-28,2025-12,43.15
2,TFM,2023-11-29,2023-12,39.85417346383904
2,TFM,2023-11-29,2024-01,40.74611182737328
2,TFM,2023-11-29,2024-02,41.24307170404228
2,TFM,2023-11-29,2024-03,41.01591859139467
2,TFM,2023-11-29,2024-04,40.32591165896251
2,TFM,2023-11-29,2024-05,40.03205268804386
2,TFM,2023-11-29,2024-06,40.546263185654006
1,TFM,2023-11-29,2024-07,40.295
2,TFM,2023-11-29,2024-08,40.3796565774156
2,TFM,2023-11-29,2024-09,40.69980844409695
2,TFM,2023-11-29,2024-10,41.916226323457984
1,TFM,2023-11-29,2024-11,44.0
2,TFM,2023-11-29,2024-12,46.560987669393235
1,TFM,2023-11-29,2025-01,46.0
1,TFM,2023-11-29,2026-02,42.35
1,TFM,2023-11-29,2026-04,36.0
2,TFM,2023-11-30,2024-01,41.87875877963126
2,TFM,2023-11-30,2024-02,42.33620146314012
2,TFM,2023-11-30,2024-03,42.19821949505009
2,TFM,2023-11-30,2024-04,41.510289975144985
1,TFM,2023-11-30,2024-05,41.22
1,TFM,2023-11-30,2024-06,41.235
1,TFM,2023-11-30,2024-07,41.19
1,TFM,2023-11-30,2024-08,41.26
1,TFM,2023-11-30,2024-09,41.575
1,TFM,2023-11-30,2024-10,42.89
1,TFM,2023-11-30,2024-11,44.975
2,TFM,2023-11-30,2024-12,47.249394806338024
2,TFM,2023-12-01,2024-01,43.87914228694559
2,TFM,2023-12-01,2024-02,44.3224241532902
2,TFM,2023-12-01,2024-03,44.27961334770586
1,TFM,2023-12-01,2024-04,43.48
1,TFM,2023-12-01,2024-05,43.14
1,TFM,2023-12-01,2024-06,43.09
1,TFM,2023-12-01,2024-07,42.8
1,TFM,2023-12-01,2024-08,43.18
2,TFM,2023-12-01,2024-09,43.43274188329199
2,TFM,2023-12-01,2024-10,44.14899125756557
1,TFM,2023-12-01,2024-11,45.475
2,TFM,2023-12-01,2024-12,48.29736437513727
1,TFM,2023-12-01,2025-01,48.45
2,TFM,2023-12-04,2024-01,40.41283702404742
2,TFM,2023-12-04,2024-02,40.94848100363533
2,TFM,2023-12-04,2024-03,40.843763585103
2,TFM,2023-12-04,2024-04,40.303301540719005
1,TFM,2023-12-04,2024-05,40.095
1,TFM,2023-12-04,2024-06,40.045
1,TFM,2023-12-04,2024-07,40.085
1,TFM,2023-12-04,2024-08,40.165
1,TFM,2023-12-04,2024-09,40.465
1,TFM,2023-12-04,2024-10,41.335
2,TFM,2023-12-04,2024-11,44.10298782881822
2,TFM,2023-12-04,2024-12,45.76268565103643
1,TFM,2023-12-04,2025-01,45.6
1,TFM,2023-12-04,2025-02,45.2
1,TFM,2023-12-04,2025-03,44.4
1,TFM,2023-12-04,2025-04,40.5
2,TFM,2023-12-05,2024-01,38.11196090376125
2,TFM,2023-12-05,2024-02,38.521609346642464
2,TFM,2023-12-05,2024-03,38.42275790586132
2,TFM,2023-12-05,2024-04,38.07668401310229
2,TFM,2023-12-05,2024-05,37.777155477031805
2,TFM,2023-12-05,2024-06,37.76973214285715
1,TFM,2023-12-05,2024-07,37.61
1,TFM,2023-12-05,2024-08,37.85
2,TFM,2023-12-05,2024-09,37.98919717875587
1,TFM,2023-12-05,2024-10,38.955
1,TFM,2023-12-05,2024-11,41.7
2,TFM,2023-12-05,2024-12,43.711383999156745
1,TFM,2023-12-05,2025-01,44.07
1,TFM,2023-12-05,2025-02,43.85
1,TFM,2023-12-05,2025-09,37.15
1,TFM,2023-12-05,2025-11,39.5
1,TFM,2023-12-05,2025-12,40.4
1,TFM,2023-12-05,2026-03,37.75
1,TFM,2023-12-05,2026-04,34.75
2,TFM,2023-12-06,2024-01,39.22856373782381
2,TFM,2023-12-06,2024-02,39.830336111281326
2,TFM,2023-12-06,2024-03,39.788571619872336
2,TFM,2023-12-06,2024-04,39.071986305245886
2,TFM,2023-12-06,2024-05,38.80017648002567
2,TFM,2023-12-06,2024-06,38.85
1,TFM,2023-12-06,2024-07,38.845
1,TFM,2023-12-06,2024-08,39.02
1,TFM,2023-12-06,2024-09,39.25
1,TFM,2023-12-06,2024-10,40.0
1,TFM,2023-12-06,2024-11,42.99
1,TFM,2023-12-06,2024-12,44.675
2,TFM,2023-12-07,2024-01,40.32768223282282
2,TFM,2023-12-07,2024-02,40.75725813503217
2,TFM,2023-12-07,2024-03,40.616612783458045
1,TFM,2023-12-07,2024-04,39.965
1,TFM,2023-12-07,2024-05,39.68
2,TFM,2023-12-07,2024-06,39.62174529588219
1,TFM,2023-12-07,2024-07,39.18
2,TFM,2023-12-07,2024-08,39.185044381787804
1,TFM,2023-12-07,2024-09,39.485
2,TFM,2023-12-07,2024-10,40.77482910527115
1,TFM,2023-12-07,2024-11,43.615
1,TFM,2023-12-07,2024-12,45.265
1,TFM,2023-12-07,2025-04,39.3
1,TFM,2023-12-07,2026-03,38.0
1,TFM,2023-12-07,2026-04,35.0
2,TFM,2023-12-08,2024-01,38.84688619115781
2,TFM,2023-12-08,2024-02,39.34668514495468
2,TFM,2023-12-08,2024-03,39.28916469499023
2,TFM,2023-12-08,2024-04,38.87516426393125
2,TFM,2023-12-08,2024-05,38.43344487898465
2,TFM,2023-12-08,2024-06,38.62946378892578
2,TFM,2023-12-08,2024-07,38.59013361611878
1,TFM,2023-12-08,2024-08,38.61
2,TFM,2023-12-08,2024-09,38.89009994794378
2,TFM,2023-12-08,2024-10,39.71514552641035
2,TFM,2023-12-08,2024-11,42.63944598888006
2,TFM,2023-12-08,2024-12,44.2691435768262
1,TFM,2023-12-08,2025-01,44.275
1,TFM,2023-12-08,2025-02,43.5
1,TFM,2023-12-08,2025-05,37.375
1,TFM,2023-12-08,2025-06,37.35
2,TFM,2023-12-11,2024-01,36.54624030374272
2,TFM,2023-12-11,2024-02,37.05
2,TFM,2023-12-11,2024-03,37.01877775190189
2,TFM,2023-12-11,2024-04,36.649730264340945
2,TFM,2023-12-11,2024-05,36.474902970399505
1,TFM,2023-12-11,2024-06,36.2
1,TFM,2023-12-11,2024-07,36.265
2,TFM,2023-12-11,2024-08,36.27509133115153
2,TFM,2023-12-11,2024-09,36.61118640200775
2,TFM,2023-12-11,2024-10,37.48307356257047
2,TFM,2023-12-11,2024-11,40.59959655728887
2,TFM,2023-12-11,2024-12,42.363192641914004
1,TFM,2023-12-11,2025-01,42.43
1,TFM,2023-12-11,2025-02,41.975
2,TFM,2023-12-12,2024-01,34.81936547286249
2,TFM,2023-12-12,2024-02,35.359476573040595
2,TFM,2023-12-12,2024-03,35.304664197777996
2,TFM,2023-12-12,2024-04,34.874840680065304
1,TFM,2023-12-12,2024-05,34.7
2,TFM,2023-12-12,2024-06,34.67090274749236
2,TFM,2023-12-12,2024-07,34.75125260960334
2,TFM,2023-12-12,2024-08,34.90218093699516
2,TFM,2023-12-12,2024-09,35.15
2,TFM,2023-12-12,2024-10,36.21076595267467
2,TFM,2023-12-12,2024-11,39.385273602249384
2,TFM,2023-12-12,2024-12,40.98725623582766
1,TFM,2023-12-12,2025-01,41.3
1,TFM,2023-12-12,2025-02,41.6
2,TFM,2023-12-12,2025-03,40.25152400304801
1,TFM,2023-12-12,2025-04,36.4
2,TFM,2023-12-13,2024-01,35.70947280628594
2,TFM,2023-12-13,2024-02,36.143401146347905
2,TFM,2023-12-13,2024-03,36.171122348297985
2,TFM,2023-12-13,2024-04,35.98445270380656
1,TFM,2023-12-13,2024-05,35.835
1,TFM,2023-12-13,2024-06,35.68
1,TFM,2023-12-13,2024-07,35.745
1,TFM,2023-12-13,2024-08,35.79
2,TFM,2023-12-13,2024-09,36.0
2,TFM,2023-12-13,2024-10,37.07320388349515
1,TFM,2023-12-13,2024-11,40.475
2,TFM,2023-12-13,2024-12,41.7946938190162
1,TFM,2023-12-13,2025-02,41.5
1,TFM,2023-12-13,2025-12,38.3
2,TFM,2023-12-14,2024-01,34.527380413935255
2,TFM,2023-12-14,2024-02,34.918014074898565
2,TFM,2023-12-14,2024-03,35.0
2,TFM,2023-12-14,2024-04,34.72228807638565
2,TFM,2023-12-14,2024-05,34.580333483551144
1,TFM,2023-12-14,2024-06,34.66
2,TFM,2023-12-14,2024-07,34.77398976436721
2,TFM,2023-12-14,2024-08,34.85
1,TFM,2023-12-14,2024-09,35.25
1,TFM,2023-12-14,2024-10,37.32
2,TFM,2023-12-14,2024-11,40.03831957638997
2,TFM,2023-12-14,2024-12,41.44360453141091
1,TFM,2023-12-14,2025-01,41.5
2,TFM,2023-12-14,2025-02,41.31246261216351
1,TFM,2023-12-14,2025-04,36.7
1,TFM,2023-12-14,2027-05,28.55
1,TFM,2023-12-14,2027-06,28.55
2,TFM,2023-12-15,2024-01,33.759112964700364
2,TFM,2023-12-15,2024-02,34.01686196100313
2,TFM,2023-12-15,2024-03,34.13335245994774
2,TFM,2023-12-15,2024-04,33.928036624504436
2,TFM,2023-12-15,2024-05,33.814914485721104
1,TFM,2023-12-15,2024-06,33.465
1,TFM,2023-12-15,2024-07,33.75
1,TFM,2023-12-15,2024-08,33.755
1,TFM,2023-12-15,2024-09,34.225
2,TFM,2023-12-15,2024-10,35.49349039057656
2,TFM,2023-12-15,2024-11,38.699238026124824
2,TFM,2023-12-15,2024-12,40.350806896551724
1,TFM,2023-12-15,2025-01,41.0
1,TFM,2023-12-15,2025-02,40.6
1,TFM,2023-12-15,2025-03,39.6
1,TFM,2023-12-15,2025-12,37.6
2,TFM,2023-12-18,2024-01,35.36162754534301
2,TFM,2023-12-18,2024-02,35.6
2,TFM,2023-12-18,2024-03,35.712625540552466
2,TFM,2023-12-18,2024-04,35.36818369009367
2,TFM,2023-12-18,2024-05,35.14884110825419
2,TFM,2023-12-18,2024-06,35.314828067725614
2,TFM,2023-12-18,2024-07,35.17001663893511
1,TFM,2023-12-18,2024-08,35.5
2,TFM,2023-12-18,2024-09,35.6902716725517
1,TFM,2023-12-18,2024-10,36.98
1,TFM,2023-12-18,2024-11,40.1
2,TFM,2023-12-18,2024-12,41.856702012697546
1,TFM,2023-12-18,2025-01,43.295
1,TFM,2023-12-18,2025-03,39.5
2,TFM,2023-12-19,2024-01,33.50877169671908
2,TFM,2023-12-19,2024-02,33.84505425062597
2,TFM,2023-12-19,2024-03,33.97296815286624
2,TFM,2023-12-19,2024-04,33.79609294320138
2,TFM,2023-12-19,2024-05,33.59463627723351
2,TFM,2023-12-19,2024-06,33.62996695949623
1,TFM,2023-12-19,2024-07,33.685
1,TFM,2023-12-19,2024-08,33.84
1,TFM,2023-12-19,2024-09,34.235
2,TFM,2023-12-19,2024-10,35.13743269542653
1,TFM,2023-12-19,2024-11,38.31
2,TFM,2023-12-19,2024-12,40.01330250990753
1,TFM,2023-12-19,2025-01,40.0
1,TFM,2023-12-19,2025-02,39.6
1,TFM,2023-12-19,2025-04,35.5
1,TFM,2023-12-19,2025-05,34.3
1,TFM,2023-12-19,2025-06,34.3
1,TFM,2023-12-19,2025-09,34.4
2,TFM,2023-12-20,2024-01,33.96335373091236
2,TFM,2023-12-20,2024-02,34.21724682251748
2,TFM,2023-12-20,2024-03,34.22050746130318
2,TFM,2023-12-20,2024-04,33.97977715304443
2,TFM,2023-12-20,2024-05,33.75218790337452
1,TFM,2023-12-20,2024-06,33.5
2,TFM,2023-12-20,2024-07,33.936505181971555
2,TFM,2023-12-20,2024-08,33.51144526074913
1,TFM,2023-12-20,2024-09,33.805
2,TFM,2023-12-20,2024-10,35.65468921389397
2,TFM,2023-12-20,2024-11,38.444018272159
1,TFM,2023-12-20,2024-12,40.17
1,TFM,2023-12-20,2025-01,40.0
1,TFM,2023-12-20,2025-02,39.25
2,TFM,2023-12-21,2024-01,34.41764280957017
2,TFM,2023-12-21,2024-02,34.76102651257648
2,TFM,2023-12-21,2024-03,34.7635266403552
2,TFM,2023-12-21,2024-04,34.37068351613415
1,TFM,2023-12-21,2024-05,34.2
1,TFM,2023-12-21,2024-06,34.335
1,TFM,2023-12-21,2024-07,34.945
1,TFM,2023-12-21,2024-08,34.195
1,TFM,2023-12-21,2024-09,34.7
1,TFM,2023-12-21,2024-10,35.34
1,TFM,2023-12-21,2024-11,38.36
2,TFM,2023-12-21,2024-12,40.02026374785705
2,TFM,2023-12-22,2024-01,34.544670238074566
2,TFM,2023-12-22,2024-02,35.10248983739837
2,TFM,2023-12-22,2024-03,34.813113578244874
2,TFM,2023-12-22,2024-04,34.457708293793885
2,TFM,2023-12-22,2024-05,34.25456068893285
1,TFM,2023-12-22,2024-06,34.26
1,TFM,2023-12-22,2024-07,34.25
1,TFM,2023-12-22,2024-09,34.5
1,TFM,2023-12-22,2024-10,35.235
1,TFM,2023-12-22,2024-11,38.45
1,TFM,2023-12-22,2024-12,40.025
1,TFM,2023-12-22,2025-01,40.32
2,TFM,2023-12-27,2024-01,35.24704252988048
2,TFM,2023-12-27,2024-02,35.85911161904762
2,TFM,2023-12-27,2024-03,35.74187961985216
2,TFM,2023-12-27,2024-04,35.297389743071015
2,TFM,2023-12-27,2024-05,35.15177506587158
2,TFM,2023-12-27,2024-06,35.15969021065675
2,TFM,2023-12-27,2024-07,35.101544571932926
2,TFM,2023-12-27,2024-08,35.41490658362989
1,TFM,2023-12-27,2024-09,35.715
2,TFM,2023-12-27,2024-10,36.39401337792642
2,TFM,2023-12-27,2024-11,39.24715034965035
2,TFM,2023-12-27,2024-12,40.931450511945386
2,TFM,2023-12-27,2025-01,41.3
1,TFM,2023-12-27,2025-02,39.85
1,TFM,2023-12-27,2025-03,39.85
2,TFM,2023-12-28,2024-01,33.20292299672326
2,TFM,2023-12-28,2024-02,33.9921021285411
2,TFM,2023-12-28,2024-03,33.92494137353434
2,TFM,2023-12-28,2024-04,33.540122408384974
2,TFM,2023-12-28,2024-05,33.49010158668731
2,TFM,2023-12-28,2024-06,33.580143778412086
1,TFM,2023-12-28,2024-07,33.415
1,TFM,2023-12-28,2024-08,33.515
1,TFM,2023-12-28,2024-09,33.875
1,TFM,2023-12-28,2024-10,34.905
1,TFM,2023-12-28,2024-11,37.84
1,TFM,2023-12-28,2024-12,39.55
1,TFM,2023-12-28,2025-01,40.0
1,TFM,2023-12-28,2025-04,35.85
1,TFM,2023-12-28,2025-12,36.6
2,TFM,2023-12-29,2024-02,32.09576599772813
2,TFM,2023-12-29,2024-03,32.14502333955722
2,TFM,2023-12-29,2024-04,32.004657361207606
2,TFM,2023-12-29,2024-05,31.800257418328187
1,TFM,2023-12-29,2024-06,32.01
1,TFM,2023-12-29,2024-07,32.04
1,TFM,2023-12-29,2024-08,32.14
2,TFM,2023-12-29,2024-09,32.537128424324855
1,TFM,2023-12-29,2024-10,33.225
1,TFM,2023-12-29,2024-11,36.775
2,TFM,2023-12-29,2024-12,38.00058998808105
1,TFM,2023-12-29,2025-01,38.4
1,TFM,2023-12-29,2025-02,38.35
1,TFM,2023-12-29,2025-03,37.0
1,TFM,2023-12-29,2025-05,33.3
1,TFM,2023-12-29,2025-06,33.3
1,TFM,2023-12-29,2025-09,34.3
1,TFM,2023-12-29,2027-06,26.75
2,TFM,2024-01-02,2024-02,30.271130445363834
2,TFM,2024-01-02,2024-03,30.381957400842012
2,TFM,2024-01-02,2024-04,30.14298287374799
2,TFM,2024-01-02,2024-05,30.0208714021653
2,TFM,2024-01-02,2024-06,30.26518322863126
2,TFM,2024-01-02,2024-07,30.14855769230769
1,TFM,2024-01-02,2024-08,30.15
2,TFM,2024-01-02,2024-09,30.498387096774195
2,TFM,2024-01-02,2024-10,31.58631332082552
1,TFM,2024-01-02,2024-11,34.785
2,TFM,2024-01-02,2024-12,36.25640576725026
1,TFM,2024-01-02,2025-01,36.505
2,TFM,2024-01-02,2025-03,35.42293480569123
1,TFM,2024-01-02,2025-04,32.5
1,TFM,2024-01-02,2026-03,33.875
1,TFM,2024-01-02,2026-04,31.325
2,TFM,2024-01-03,2024-02,33.04968311025947
2,TFM,2024-01-03,2024-03,33.0777708691012
2,TFM,2024-01-03,2024-04,32.745135785705465
1,TFM,2024-01-03,2024-05,32.685
2,TFM,2024-01-03,2024-06,32.77454063083423
2,TFM,2024-01-03,2024-07,32.808759124087594
1,TFM,2024-01-03,2024-08,33.005
2,TFM,2024-01-03,2024-09,33.25097984322508
1,TFM,2024-01-03,2024-10,33.305
2,TFM,2024-01-03,2024-11,36.25528240405504
1,TFM,2024-01-03,2024-12,38.635
2,TFM,2024-01-03,2025-01,38.250301810865196
1,TFM,2024-01-03,2025-02,37.8
1,TFM,2024-01-03,2025-12,35.2
2,TFM,2024-01-04,2024-02,33.75811464254262
2,TFM,2024-01-04,2024-03,33.749702401670724
2,TFM,2024-01-04,2024-04,33.43738882554162
2,TFM,2024-01-04,2024-05,33.341968283582084
1,TFM,2024-01-04,2024-06,33.195
1,TFM,2024-01-04,2024-07,32.885
1,TFM,2024-01-04,2024-08,33.1
1,TFM,2024-01-04,2024-09,33.15
2,TFM,2024-01-04,2024-10,34.354189332625715
2,TFM,2024-01-04,2024-11,36.962486511484514
2,TFM,2024-01-04,2024-12,38.77003040393803
1,TFM,2024-01-04,2025-01,38.625
1,TFM,2024-01-04,2025-11,34.5
1,TFM,2024-01-04,2025-12,36.0
1,TFM,2024-01-04,2026-01,35.9
1,TFM,2024-01-04,2026-03,33.7
1,TFM,2024-01-04,2026-04,33.075
2,TFM,2024-01-05,2024-02,34.28256860880918
2,TFM,2024-01-05,2024-03,34.304254809729635
2,TFM,2024-01-05,2024-04,34.062140205285
1,TFM,2024-01-05,2024-05,33.93
2,TFM,2024-01-05,2024-06,34.02551379123851
1,TFM,2024-01-05,2024-07,34.18
1,TFM,2024-01-05,2024-08,34.445
1,TFM,2024-01-05,2024-09,34.53
1,TFM,2024-01-05,2024-10,35.45
2,TFM,2024-01-05,2024-11,38.09126177267449
2,TFM,2024-01-05,2024-12,39.417552554188
2,TFM,2024-01-05,2025-01,39.6112643678161
1,TFM,2024-01-05,2025-02,38.8
1,TFM,2024-01-05,2025-05,33.7
1,TFM,2024-01-05,2025-06,33.4
1,TFM,2024-01-05,2025-10,33.55
1,TFM,2024-01-05,2025-12,36.2
2,TFM,2024-01-08,2024-02,31.612595206441114
2,TFM,2024-01-08,2024-03,31.736379430428727
2,TFM,2024-01-08,2024-04,31.5
2,TFM,2024-01-08,2024-05,31.42902708366919
2,TFM,2024-01-08,2024-06,31.580630857966835
2,TFM,2024-01-08,2024-07,31.5401072647489
1,TFM,2024-01-08,2024-08,31.58
1,TFM,2024-01-08,2024-09,31.95
2,TFM,2024-01-08,2024-10,32.80053652588405
2,TFM,2024-01-08,2024-11,35.65466360517871
2,TFM,2024-01-08,2024-12,37.15115712038494
2,TFM,2024-01-08,2025-01,37.33559789120537
1,TFM,2024-01-08,2025-02,37.35
2,TFM,2024-01-08,2025-03,36.25678294573644
1,TFM,2024-01-08,2025-04,34.15
1,TFM,2024-01-08,2025-05,31.5
1,TFM,2024-01-08,2025-06,31.25
2,TFM,2024-01-09,2024-02,31.050883793790945
2,TFM,2024-01-09,2024-03,31.143555860155008
2,TFM,2024-01-09,2024-04,30.92172437514332
2,TFM,2024-01-09,2024-05,31.024964266885366
2,TFM,2024-01-09,2024-06,31.064727787977965
2,TFM,2024-01-09,2024-07,31.1374740622506
1,TFM,2024-01-09,2024-08,31.225
1,TFM,2024-01-09,2024-09,31.574999999999996
1,TFM,2024-01-09,2024-10,32.3
1,TFM,2024-01-09,2024-11,34.93
1,TFM,2024-01-09,2024-12,36.825
1,TFM,2024-01-09,2025-01,37.325
2,TFM,2024-01-09,2025-02,36.653062057702776
1,TFM,2024-01-09,2025-03,35.7
1,TFM,2024-01-09,2025-04,33.4
2,TFM,2024-01-10,2024-02,31.186746185517077
2,TFM,2024-01-10,2024-03,31.191859581799672
2,TFM,2024-01-10,2024-04,31.013356807511737
2,TFM,2024-01-10,2024-05,31.189618349711964
2,TFM,2024-01-10,2024-06,31.187705745341614
2,TFM,2024-01-10,2024-07,31.244794558071582
1,TFM,2024-01-10,2024-08,31.33
1,TFM,2024-01-10,2024-09,31.629999999999995
1,TFM,2024-01-10,2024-10,32.44
2,TFM,2024-01-10,2024-11,35.23101031215162
2,TFM,2024-01-10,2024-12,37.04853633360858
1,TFM,2024-01-10,2025-01,37.05
1,TFM,2024-01-10,2025-02,36.475
2,TFM,2024-01-11,2024-02,30.79015753910479
2,TFM,2024-01-11,2024-03,30.850848477583313
2,TFM,2024-01-11,2024-04,30.708291216451727
2,TFM,2024-01-11,2024-05,30.82841366687004
1,TFM,2024-01-11,2024-06,30.9
2,TFM,2024-01-11,2024-07,30.93257142857143
1,TFM,2024-01-11,2024-08,31.04
1,TFM,2024-01-11,2024-09,31.42
1,TFM,2024-01-11,2024-10,32.225
1,TFM,2024-01-11,2024-11,35.12
2,TFM,2024-01-11,2024-12,36.64
1,TFM,2024-01-11,2025-01,36.9
1,TFM,2024-01-11,2025-12,35.0
1,TFM,2024-01-11,2026-03,33.45
2,TFM,2024-01-12,2024-02,31.577321411356404
2,TFM,2024-01-12,2024-03,31.63058643634897
2,TFM,2024-01-12,2024-04,31.454075674413176
2,TFM,2024-01-12,2024-05,31.502319095846175
2,TFM,2024-01-12,2024-06,31.654942430703624
1,TFM,2024-01-12,2024-07,31.645000000000003
1,TFM,2024-01-12,2024-08,31.710000000000004
1,TFM,2024-01-12,2024-09,32.205
2,TFM,2024-01-12,2024-10,32.972464097436834
1,TFM,2024-01-12,2024-11,35.92
2,TFM,2024-01-12,2024-12,37.37
1,TFM,2024-01-12,2025-01,37.475
1,TFM,2024-01-12,2025-02,37.0
1,TFM,2024-01-12,2025-04,33.725
2,TFM,2024-01-15,2024-02,29.961087791623722
2,TFM,2024-01-15,2024-03,29.969536376349097
2,TFM,2024-01-15,2024-04,29.83173988557417
2,TFM,2024-01-15,2024-05,29.949978897611206
2,TFM,2024-01-15,2024-06,30.064923720857458
1,TFM,2024-01-15,2024-07,30.185
2,TFM,2024-01-15,2024-08,29.90101214574899
2,TFM,2024-01-15,2024-09,30.53315
2,TFM,2024-01-15,2024-10,31.351906214258484
1,TFM,2024-01-15,2024-11,34.185
2,TFM,2024-01-15,2024-12,35.64595953812387
1,TFM,2024-01-15,2025-01,35.375
2,TFM,2024-01-15,2025-02,34.500537153088636
1,TFM,2024-01-15,2025-04,32.75
2,TFM,2024-01-16,2024-02,29.435404566318574
2,TFM,2024-01-16,2024-03,29.468153657303777
2,TFM,2024-01-16,2024-04,29.377246937855883
2,TFM,2024-01-16,2024-05,29.435153976209165
2,TFM,2024-01-16,2024-06,29.504948924560622
2,TFM,2024-01-16,2024-07,29.52544382449911
2,TFM,2024-01-16,2024-08,29.971789682861548
2,TFM,2024-01-16,2024-09,30.345333333333336
2,TFM,2024-01-16,2024-10,30.999887580299788
1,TFM,2024-01-16,2024-11,33.895
2,TFM,2024-01-16,2024-12,35.3392230854606
1,TFM,2024-01-16,2025-01,35.87
2,TFM,2024-01-16,2025-02,35.80864968765017
1,TFM,2024-01-16,2025-04,32.6
1,TFM,2024-01-16,2025-11,33.5
1,TFM,2024-01-16,2025-12,34.6
1,TFM,2024-01-16,2026-01,34.6
2,TFM,2024-01-17,2024-02,27.796078503736705
2,TFM,2024-01-17,2024-03,27.823000756852807
2,TFM,2024-01-17,2024-04,27.78777875399361
2,TFM,2024-01-17,2024-05,27.92977344811962
2,TFM,2024-01-17,2024-06,28.097128750067085
2,TFM,2024-01-17,2024-07,28.175076188541244
1,TFM,2024-01-17,2024-08,28.245
2,TFM,2024-01-17,2024-09,28.627894865675295
2,TFM,2024-01-17,2024-10,29.553972319181753
2,TFM,2024-01-17,2024-11,32.545446864820846
2,TFM,2024-01-17,2024-12,33.87907867059318
2,TFM,2024-01-17,2025-01,34.290112801911
1,TFM,2024-01-17,2025-04,31.4
1,TFM,2024-01-17,2025-12,33.0
1,TFM,2024-01-17,2026-05,28.1
1,TFM,2024-01-17,2026-06,28.1
1,TFM,2024-01-17,2026-09,28.15
2,TFM,2024-01-18,2024-02,28.043552454361055
2,TFM,2024-01-18,2024-03,28.163552581526435
2,TFM,2024-01-18,2024-04,28.093250270855908
2,TFM,2024-01-18,2024-05,28.30063882724766
2,TFM,2024-01-18,2024-06,28.47128398791541
2,TFM,2024-01-18,2024-07,28.72598544572468
2,TFM,2024-01-18,2024-08,28.648329773601024
2,TFM,2024-01-18,2024-09,29.229263136702233
2,TFM,2024-01-18,2024-10,30.023547320217094
2,TFM,2024-01-18,2024-11,33.0847541520979
2,TFM,2024-01-18,2024-12,34.32855814893402
2,TFM,2024-01-18,2025-01,34.898991787524025
1,TFM,2024-01-18,2025-02,34.45
2,TFM,2024-01-18,2025-03,33.23308045165844
1,TFM,2024-01-18,2025-04,31.75
2,TFM,2024-01-18,2025-10,30.921934306569344
1,TFM,2024-01-18,2025-12,33.55
1,TFM,2024-01-18,2027-05,26.7
2,TFM,2024-01-19,2024-02,28.433922313084114
2,TFM,2024-01-19,2024-03,28.487210080688932
2,TFM,2024-01-19,2024-04,28.598200988947063
2,TFM,2024-01-19,2024-05,28.789639130434786
2,TFM,2024-01-19,2024-06,28.948702135106753
2,TFM,2024-01-19,2024-07,28.94605567826948
2,TFM,2024-01-19,2024-08,29.040081005375125
2,TFM,2024-01-19,2024-09,29.463136167808457
2,TFM,2024-01-19,2024-10,30.346985411564262
2,TFM,2024-01-19,2024-11,33.499412992434124
1,TFM,2024-01-19,2024-12,34.9
2,TFM,2024-01-19,2025-01,35.62523576009053
1,TFM,2024-01-19,2025-02,35.5
1,TFM,2024-01-19,2025-03,33.25
2,TFM,2024-01-19,2025-04,30.766717791411043
1,TFM,2024-01-19,2025-05,30.57
1,TFM,2024-01-19,2025-06,30.26
1,TFM,2024-01-19,2025-07,30.300000000000004
1,TFM,2024-01-19,2025-08,30.43
1,TFM,2024-01-19,2025-09,30.66
1,TFM,2024-01-19,2025-10,31.4
2,TFM,2024-01-19,2025-11,32.8
2,TFM,2024-01-19,2025-12,33.798707360861755
1,TFM,2024-01-19,2026-01,33.51
1,TFM,2024-01-19,2026-02,33.06
1,TFM,2024-01-19,2026-03,31.910000000000004
1,TFM,2024-01-19,2026-04,28.98
1,TFM,2024-01-19,2026-05,27.65
1,TFM,2024-01-19,2026-06,27.339999999999996
1,TFM,2024-01-19,2026-07,26.839999999999996
1,TFM,2024-01-19,2026-08,27.57
1,TFM,2024-01-19,2026-09,28.339999999999996
1,TFM,2024-01-19,2026-10,28.19
1,TFM,2024-01-19,2026-11,28.99
1,TFM,2024-01-19,2026-12,30.489999999999995
1,TFM,2024-01-19,2027-01,30.43
1,TFM,2024-01-19,2027-02,30.08
1,TFM,2024-01-19,2027-03,29.55
1,TFM,2024-01-19,2027-04,26.45
1,TFM,2024-01-19,2027-05,26.35
1,TFM,2024-01-19,2027-06,26.05
1,TFM,2024-01-19,2027-07,24.47
1,TFM,2024-01-19,2027-08,25.17
1,TFM,2024-01-19,2027-09,25.75
2,TFM,2024-01-22,2024-02,27.597121873525246
2,TFM,2024-01-22,2024-03,27.760762685958834
2,TFM,2024-01-22,2024-04,27.958971901209758
2,TFM,2024-01-22,2024-05,28.204347662578105
2,TFM,2024-01-22,2024-06,28.348020376732613
2,TFM,2024-01-22,2024-07,28.498106367316897
2,TFM,2024-01-22,2024-08,28.5359756097561
2,TFM,2024-01-22,2024-09,28.987422680412372
2,TFM,2024-01-22,2024-10,29.823770905648466
2,TFM,2024-01-22,2024-11,32.7
2,TFM,2024-01-22,2024-12,34.6894959745052
2,TFM,2024-01-22,2025-01,34.69957203994294
2,TFM,2024-01-22,2025-02,34.30045871559633
1,TFM,2024-01-22,2025-03,33.625
1,TFM,2024-01-22,2025-04,30.25
1,TFM,2024-01-22,2025-09,30.1
1,TFM,2024-01-22,2025-10,30.2
1,TFM,2024-01-22,2026-04,28.809999999999995
1,TFM,2024-01-22,2026-07,26.705
2,TFM,2024-01-23,2024-02,27.136036642960327
2,TFM,2024-01-23,2024-03,27.19402459213052
2,TFM,2024-01-23,2024-04,27.62043230497151
2,TFM,2024-01-23,2024-05,27.929610668836073
2,TFM,2024-01-23,2024-06,28.23946367132159
1,TFM,2024-01-23,2024-07,28.345
1,TFM,2024-01-23,2024-08,28.435
1,TFM,2024-01-23,2024-09,28.995000000000005
2,TFM,2024-01-23,2024-10,29.816360623135566
2,TFM,2024-01-23,2024-11,32.9548381400824
2,TFM,2024-01-23,2024-12,34.465218910107126
1,TFM,2024-01-23,2025-01,34.72
2,TFM,2024-01-23,2025-04,31.311322973540527
1,TFM,2024-01-23,2025-05,30.5
1,TFM,2024-01-23,2025-07,30.2
1,TFM,2024-01-23,2025-08,30.140000000000004
1,TFM,2024-01-23,2025-10,30.6
2,TFM,2024-01-24,2024-02,28.843463859527375
2,TFM,2024-01-24,2024-03,28.89020534437707
2,TFM,2024-01-24,2024-04,29.195208281522007
2,TFM,2024-01-24,2024-05,29.494769291964996
2,TFM,2024-01-24,2024-06,29.706533115290267
2,TFM,2024-01-24,2024-07,29.65473314011028
2,TFM,2024-01-24,2024-08,29.819361669002028
2,TFM,2024-01-24,2024-09,30.25014071294559
2,TFM,2024-01-24,2024-10,31.16048271446863
2,TFM,2024-01-24,2024-11,34.14432716049383
1,TFM,2024-01-24,2024-12,35.61
2,TFM,2024-01-24,2025-01,35.99947108603667
2,TFM,2024-01-24,2025-02,35.37418191826063
2,TFM,2024-01-24,2025-03,34.6829507262888
1,TFM,2024-01-24,2025-04,31.95
1,TFM,2024-01-24,2025-09,31.0
2,TFM,2024-01-25,2024-02,27.549999999999997
2,TFM,2024-01-25,2024-03,27.595592099730915
2,TFM,2024-01-25,2024-04,28.017906577097328
2,TFM,2024-01-25,2024-05,28.36430274794694
2,TFM,2024-01-25,2024-06,28.55983584664181
2,TFM,2024-01-25,2024-07,28.614149123912767
1,TFM,2024-01-25,2024-08,28.94
2,TFM,2024-01-25,2024-09,29.300229340264504
2,TFM,2024-01-25,2024-10,30.188600960256068
1,TFM,2024-01-25,2024-11,33.27
1,TFM,2024-01-25,2024-12,34.78
1,TFM,2024-01-25,2025-01,35.115
1,TFM,2024-01-25,2025-02,35.25
1,TFM,2024-01-25,2025-03,34.55
1,TFM,2024-01-25,2025-04,31.85
1,TFM,2024-01-25,2025-06,31.0
1,TFM,2024-01-25,2025-10,31.5
2,TFM,2024-01-26,2024-02,27.7
2,TFM,2024-01-26,2024-03,27.8
2,TFM,2024-01-26,2024-04,28.144355337988625
2,TFM,2024-01-26,2024-05,28.447688094408207
2,TFM,2024-01-26,2024-06,28.643667630497642
2,TFM,2024-01-26,2024-07,28.644640222517836
2,TFM,2024-01-26,2024-08,28.767715373631603
2,TFM,2024-01-26,2024-09,29.155395134079207
2,TFM,2024-01-26,2024-10,30.271636837845133
2,TFM,2024-01-26,2024-11,33.4526378312519
2,TFM,2024-01-26,2024-12,35.215431454418926
1,TFM,2024-01-26,2025-01,34.95
1,TFM,2024-01-26,2025-02,34.725
1,TFM,2024-01-26,2025-04,31.4
1,TFM,2024-01-26,2025-05,30.575
1,TFM,2024-01-26,2025-06,30.4
1,TFM,2024-01-26,2025-07,30.825
1,TFM,2024-01-26,2025-10,30.799999999999997
1,TFM,2024-01-26,2025-12,33.74
2,TFM,2024-01-29,2024-02,28.279448778709444
2,TFM,2024-01-29,2024-03,28.384683944247804
2,TFM,2024-01-29,2024-04,28.59714337553423
2,TFM,2024-01-29,2024-05,28.863934664726887
2,TFM,2024-01-29,2024-06,29.10620894087486
2,TFM,2024-01-29,2024-07,29.24152432190092
1,TFM,2024-01-29,2024-08,29.350000000000005
2,TFM,2024-01-29,2024-09,29.975193378153694
2,TFM,2024-01-29,2024-10,30.76325092499159
1,TFM,2024-01-29,2024-11,33.445
1,TFM,2024-01-29,2024-12,35.05
1,TFM,2024-01-29,2025-01,35.3
1,TFM,2024-01-29,2025-02,35.05
1,TFM,2024-01-29,2025-03,34.5
1,TFM,2024-01-29,2025-04,32.05
1,TFM,2024-01-29,2025-05,30.0
1,TFM,2024-01-29,2025-06,30.5
2,TFM,2024-01-30,2024-02,29.479311986668254
2,TFM,2024-01-30,2024-03,29.67883632923368
2,TFM,2024-01-30,2024-04,29.879831506747188
2,TFM,2024-01-30,2024-05,30.05981126680011
2,TFM,2024-01-30,2024-06,30.257979826281872
2,TFM,2024-01-30,2024-07,30.369755948749237
1,TFM,2024-01-30,2024-08,30.515
1,TFM,2024-01-30,2024-09,30.79
2,TFM,2024-01-30,2024-10,31.526704637917003
1,TFM,2024-01-30,2024-11,34.35
2,TFM,2024-01-30,2024-12,35.67809669466764
2,TFM,2024-01-30,2025-01,35.79966130631126
1,TFM,2024-01-30,2025-02,35.25
2,TFM,2024-01-30,2025-03,34.65
1,TFM,2024-01-30,2025-04,32.1
2,TFM,2024-01-31,2024-03,30.198714368819083
2,TFM,2024-01-31,2024-04,30.462743375272368
2,TFM,2024-01-31,2024-05,30.56583017756459
2,TFM,2024-01-31,2024-06,30.715080597496105
2,TFM,2024-01-31,2024-07,30.790050594485198
1,TFM,2024-01-31,2024-08,30.88
2,TFM,2024-01-31,2024-09,30.9
2,TFM,2024-01-31,2024-10,32.09154510556622
2,TFM,2024-01-31,2024-11,34.859625701512414
2,TFM,2024-01-31,2024-12,36.194930038252465
1,TFM,2024-01-31,2025-01,36.355
1,TFM,2024-01-31,2025-02,36.135
1,TFM,2024-01-31,2025-03,35.13
1,TFM,2024-01-31,2025-04,32.15
1,TFM,2024-01-31,2025-05,31.300000000000004
1,TFM,2024-01-31,2025-10,31.625
1,TFM,2024-01-31,2025-12,34.3
1,TFM,2024-01-31,2026-09,28.5
2,TFM,2024-02-01,2024-03,28.83372218798151
2,TFM,2024-02-01,2024-04,29.2
2,TFM,2024-02-01,2024-05,29.501138902273425
2,TFM,2024-02-01,2024-06,29.68780905482875
2,TFM,2024-02-01,2024-07,29.846508648718945
1,TFM,2024-02-01,2024-08,29.925
1,TFM,2024-02-01,2024-09,30.3
2,TFM,2024-02-01,2024-10,31.26073902288188
2,TFM,2024-02-01,2024-11,34.008397656788425
2,TFM,2024-02-01,2024-12,35.310925266903915
2,TFM,2024-02-01,2025-01,35.6701254371294
1,TFM,2024-02-01,2025-02,35.49
2,TFM,2024-02-01,2025-03,34.65106431503725
2,TFM,2024-02-01,2025-04,32.56043721156181
2,TFM,2024-02-01,2025-05,31.742057404114806
1,TFM,2024-02-01,2025-06,31.63
1,TFM,2024-02-01,2025-07,31.719999999999995
1,TFM,2024-02-01,2025-08,31.8
1,TFM,2024-02-01,2025-09,31.92
1,TFM,2024-02-01,2025-10,32.05
1,TFM,2024-02-01,2025-11,33.44
1,TFM,2024-02-01,2025-12,34.54
1,TFM,2024-02-01,2026-01,34.53
1,TFM,2024-02-01,2026-02,34.08
1,TFM,2024-02-01,2026-03,33.08
2,TFM,2024-02-02,2024-03,29.5
2,TFM,2024-02-02,2024-04,29.683796871119938
2,TFM,2024-02-02,2024-05,29.893899507152298
2,TFM,2024-02-02,2024-06,30.048352262148576
2,TFM,2024-02-02,2024-07,30.216584130097242
1,TFM,2024-02-02,2024-08,30.345
2,TFM,2024-02-02,2024-09,30.684530065244225
2,TFM,2024-02-02,2024-10,31.348497536945814
2,TFM,2024-02-02,2024-11,34.0
2,TFM,2024-02-02,2024-12,35.399523988475515
1,TFM,2024-02-02,2025-01,35.7
1,TFM,2024-02-02,2025-02,35.5
1,TFM,2024-02-02,2025-04,32.425
2,TFM,2024-02-05,2024-03,28.12216072951785
2,TFM,2024-02-05,2024-04,28.30531951901989
2,TFM,2024-02-05,2024-05,28.495517832869442
2,TFM,2024-02-05,2024-06,28.66042257128223
2,TFM,2024-02-05,2024-07,28.760019262255614
1,TFM,2024-02-05,2024-08,28.894999999999996
1,TFM,2024-02-05,2024-09,29.295
2,TFM,2024-02-05,2024-10,30.11571905339806
1,TFM,2024-02-05,2024-11,32.86
2,TFM,2024-02-05,2024-12,34.21549836358227
1,TFM,2024-02-05,2025-01,34.58
1,TFM,2024-02-05,2025-02,34.8
1,TFM,2024-02-05,2025-05,31.2
1,TFM,2024-02-05,2025-09,31.339999999999996
2,TFM,2024-02-06,2024-03,28.366294521293977
2,TFM,2024-02-06,2024-04,28.550676203744604
2,TFM,2024-02-06,2024-05,28.633392253704184
2,TFM,2024-02-06,2024-06,28.765356083086054
2,TFM,2024-02-06,2024-07,28.865647595974654
1,TFM,2024-02-06,2024-08,29.045
1,TFM,2024-02-06,2024-09,29.4
1,TFM,2024-02-06,2024-10,30.275
2,TFM,2024-02-06,2024-11,33.3436333844652
2,TFM,2024-02-06,2024-12,34.0178031863755
2,TFM,2024-02-06,2025-01,34.55127145581691
1,TFM,2024-02-06,2025-03,33.6
1,TFM,2024-02-06,2025-04,31.4
1,TFM,2024-02-06,2025-11,33.1
2,TFM,2024-02-07,2024-03,28.25318361358763
2,TFM,2024-02-07,2024-04,28.400857651950105
2,TFM,2024-02-07,2024-05,28.482590380383524
2,TFM,2024-02-07,2024-06,28.604208633093524
2,TFM,2024-02-07,2024-07,28.667002257124047
2,TFM,2024-02-07,2024-08,28.65507201032976
1,TFM,2024-02-07,2024-09,29.145000000000003
2,TFM,2024-02-07,2024-10,29.824255867200918
2,TFM,2024-02-07,2024-11,32.2502847519902
2,TFM,2024-02-07,2024-12,33.470548744892
1,TFM,2024-02-07,2025-01,33.9
1,TFM,2024-02-07,2025-02,33.695
2,TFM,2024-02-07,2025-03,33.40136188848537
2,TFM,2024-02-07,2025-04,30.923858214042262
2,TFM,2024-02-08,2024-03,27.720236097646954
2,TFM,2024-02-08,2024-04,27.91904666179337
2,TFM,2024-02-08,2024-05,28.047763127983636
2,TFM,2024-02-08,2024-06,28.120026665185268
2,TFM,2024-02-08,2024-07,28.144183944870942
2,TFM,2024-02-08,2024-08,28.255033573141485
1,TFM,2024-02-08,2024-09,28.595
2,TFM,2024-02-08,2024-10,29.17511400948559
2,TFM,2024-02-08,2024-11,31.51
1,TFM,2024-02-08,2024-12,32.675
1,TFM,2024-02-08,2025-01,33.03
2,TFM,2024-02-08,2025-02,32.82507918631661
1,TFM,2024-02-08,2025-04,30.15
1,TFM,2024-02-08,2025-05,29.405
1,TFM,2024-02-08,2025-11,31.18
1,TFM,2024-02-08,2026-01,33.0
1,TFM,2024-02-08,2026-03,31.5
1,TFM,2024-02-08,2026-04,29.0
2,TFM,2024-02-09,2024-03,26.79141290013188
2,TFM,2024-02-09,2024-04,26.99428542272565
2,TFM,2024-02-09,2024-05,27.155161711931243
2,TFM,2024-02-09,2024-06,27.314262669265492
2,TFM,2024-02-09,2024-07,27.294999999999998
2,TFM,2024-02-09,2024-08,27.38216453554903
1,TFM,2024-02-09,2024-09,27.720000000000002
2,TFM,2024-02-09,2024-10,28.207837374479546
2,TFM,2024-02-09,2024-11,30.355408752103873
1,TFM,2024-02-09,2024-12,31.5
1,TFM,2024-02-09,2025-01,32.005
1,TFM,2024-02-09,2025-02,31.805
1,TFM,2024-02-09,2025-03,31.095000000000002
1,TFM,2024-02-09,2025-11,30.75
2,TFM,2024-02-12,2024-03,25.7879140003459
2,TFM,2024-02-12,2024-04,26.051854761060152
2,TFM,2024-02-12,2024-05,26.29315535746771
2,TFM,2024-02-12,2024-06,26.43507495387454
2,TFM,2024-02-12,2024-07,26.530048202512752
2,TFM,2024-02-12,2024-08,26.63063724259166
2,TFM,2024-02-12,2024-09,27.1
2,TFM,2024-02-12,2024-10,27.814978762941333
1,TFM,2024-02-12,2024-11,30.175
2,TFM,2024-02-12,2024-12,31.399075120748122
1,TFM,2024-02-12,2025-01,31.574999999999996
1,TFM,2024-02-12,2025-02,31.53
1,TFM,2024-02-12,2025-04,28.695
1,TFM,2024-02-12,2026-06,26.1
2,TFM,2024-02-13,2024-03,25.431451032265628
2,TFM,2024-02-13,2024-04,25.665911113663114
2,TFM,2024-02-13,2024-05,25.827913571744798
2,TFM,2024-02-13,2024-06,26.000961864886275
2,TFM,2024-02-13,2024-07,26.1428786286615
1,TFM,2024-02-13,2024-08,26.39
1,TFM,2024-02-13,2024-09,26.75
2,TFM,2024-02-13,2024-10,27.129581843524633
1,TFM,2024-02-13,2024-11,29.579999999999995
2,TFM,2024-02-13,2024-12,30.8
1,TFM,2024-02-13,2025-01,31.15
1,TFM,2024-02-13,2025-02,31.13
1,TFM,2024-02-13,2025-03,30.64
1,TFM,2024-02-13,2025-04,28.5
1,TFM,2024-02-13,2025-05,28.5
1,TFM,2024-02-13,2025-10,28.58
1,TFM,2024-02-13,2025-12,31.255
2,TFM,2024-02-14,2024-03,24.97
2,TFM,2024-02-14,2024-04,25.23807588781801
2,TFM,2024-02-14,2024-05,25.464406418104247
2,TFM,2024-02-14,2024-06,25.633397133697912
2,TFM,2024-02-14,2024-07,25.70425446922955
2,TFM,2024-02-14,2024-08,25.808785857238156
2,TFM,2024-02-14,2024-09,26.113396347931506
2,TFM,2024-02-14,2024-10,26.562697674418605
2,TFM,2024-02-14,2024-11,28.898130804953563
2,TFM,2024-02-14,2024-12,30.169791666666665
1,TFM,2024-02-14,2025-01,30.575000000000003
1,TFM,2024-02-14,2025-02,30.515000000000004
1,TFM,2024-02-14,2025-03,29.49
1,TFM,2024-02-14,2025-04,27.98
1,TFM,2024-02-14,2025-09,27.85
2,TFM,2024-02-14,2025-12,30.500473036896878
1,TFM,2024-02-14,2026-01,31.1
1,TFM,2024-02-14,2026-05,26.1
1,TFM,2024-02-14,2026-09,26.1
1,TFM,2024-02-14,2026-11,28.0
1,TFM,2024-02-14,2026-12,28.5
1,TFM,2024-02-14,2027-01,28.75
1,TFM,2024-02-14,2027-11,27.0
1,TFM,2024-02-14,2027-12,27.95
2,TFM,2024-02-15,2024-03,24.979809575307634
2,TFM,2024-02-15,2024-04,25.179831304719194
2,TFM,2024-02-15,2024-05,25.39512201911478
2,TFM,2024-02-15,2024-06,25.70445928617226
2,TFM,2024-02-15,2024-07,25.715264219443327
2,TFM,2024-02-15,2024-08,25.734999999999996
2,TFM,2024-02-15,2024-09,26.07472384140359
2,TFM,2024-02-15,2024-10,26.880586905803444
1,TFM,2024-02-15,2024-11,28.95
2,TFM,2024-02-15,2024-12,30.425193668670577
2,TFM,2024-02-15,2025-01,30.6
1,TFM,2024-02-15,2025-02,30.625
2,TFM,2024-02-15,2025-03,29.825
1,TFM,2024-02-15,2025-04,28.0
2,TFM,2024-02-16,2024-03,24.69492815597853
2,TFM,2024-02-16,2024-04,24.853105729831398
2,TFM,2024-02-16,2024-05,25.110481090471733
2,TFM,2024-02-16,2024-06,25.355488633700492
2,TFM,2024-02-16,2024-07,25.464823241820234
2,TFM,2024-02-16,2024-08,25.66378782287823
2,TFM,2024-02-16,2024-09,26.05492657856094
1,TFM,2024-02-16,2024-10,26.48
1,TFM,2024-02-16,2024-11,28.92
2,TFM,2024-02-16,2024-12,30.179871611982882
1,TFM,2024-02-16,2025-01,30.58
1,TFM,2024-02-16,2025-02,30.495
1,TFM,2024-02-16,2025-03,29.9
1,TFM,2024-02-16,2025-04,28.15
2,TFM,2024-02-19,2024-03,23.598304186360565
2,TFM,2024-02-19,2024-04,23.777665911762178
2,TFM,2024-02-19,2024-05,23.99545897877223
2,TFM,2024-02-19,2024-06,24.23354652837799
2,TFM,2024-02-19,2024-07,24.325000000000003
2,TFM,2024-02-19,2024-08,24.45004241158815
2,TFM,2024-02-19,2024-09,24.790034244229847
2,TFM,2024-02-19,2024-10,25.5549527239982
2,TFM,2024-02-19,2024-11,28.238205233033522
2,TFM,2024-02-19,2024-12,29.45026328386788
1,TFM,2024-02-19,2025-01,29.835
1,TFM,2024-02-19,2025-02,29.75
1,TFM,2024-02-19,2025-03,29.35
2,TFM,2024-02-20,2024-03,23.631104533416423
2,TFM,2024-02-20,2024-04,23.798880000000004
2,TFM,2024-02-20,2024-05,23.95751241364421
2,TFM,2024-02-20,2024-06,24.210721196733683
2,TFM,2024-02-20,2024-07,24.339056505057552
1,TFM,2024-02-20,2024-08,24.46
2,TFM,2024-02-20,2024-09,24.842743785850864
2,TFM,2024-02-20,2024-10,26.253390698896478
2,TFM,2024-02-20,2024-11,29.11309297008954
2,TFM,2024-02-20,2024-12,29.970015411486692
1,TFM,2024-02-20,2025-01,30.7
1,TFM,2024-02-20,2025-02,30.81
1,TFM,2024-02-20,2025-03,29.530000000000005
1,TFM,2024-02-20,2025-04,28.0
2,TFM,2024-02-20,2025-10,27.303110957483582
2,TFM,2024-02-21,2024-03,23.947333805996607
2,TFM,2024-02-21,2024-04,24.0012784631081
2,TFM,2024-02-21,2024-05,24.124823564995296
2,TFM,2024-02-21,2024-06,24.26923958697935
2,TFM,2024-02-21,2024-07,24.510853559400772
1,TFM,2024-02-21,2024-08,24.675
1,TFM,2024-02-21,2024-09,24.995
2,TFM,2024-02-21,2024-10,25.855028216704287
1,TFM,2024-02-21,2024-11,28.635
1,TFM,2024-02-21,2024-12,30.045
2,TFM,2024-02-21,2025-01,30.467395079594787
1,TFM,2024-02-21,2025-02,30.365
1,TFM,2024-02-21,2025-04,28.15
1,TFM,2024-02-21,2025-06,27.28
1,TFM,2024-02-21,2025-10,27.6
2,TFM,2024-02-22,2024-03,22.967521661550563
2,TFM,2024-02-22,2024-04,23.117078142326005
2,TFM,2024-02-22,2024-05,23.287508060598032
2,TFM,2024-02-22,2024-06,23.54907621970314
2,TFM,2024-02-22,2024-07,23.67593821336174
2,TFM,2024-02-22,2024-08,23.805525561615976
1,TFM,2024-02-22,2024-09,24.07
2,TFM,2024-02-22,2024-10,24.990325680726105
2,TFM,2024-02-22,2024-11,27.844503927242663
2,TFM,2024-02-22,2024-12,29.216920788397175
1,TFM,2024-02-22,2025-01,29.524999999999995
2,TFM,2024-02-22,2025-02,29.502276521475185
1,TFM,2024-02-22,2025-03,29.304999999999996
1,TFM,2024-02-22,2025-04,27.7
1,TFM,2024-02-22,2025-10,27.2
1,TFM,2024-02-22,2025-12,29.9
2,TFM,2024-02-23,2024-03,23.46898442990755
2,TFM,2024-02-23,2024-04,23.579404229047693
2,TFM,2024-02-23,2024-05,23.64724302715618
2,TFM,2024-02-23,2024-06,23.834905162668008
1,TFM,2024-02-23,2024-07,23.95
2,TFM,2024-02-23,2024-08,24.07486296326597
1,TFM,2024-02-23,2024-09,24.45
1,TFM,2024-02-23,2024-10,25.14
2,TFM,2024-02-23,2024-11,27.915633187772926
2,TFM,2024-02-23,2024-12,29.250528950805396
2,TFM,2024-02-23,2025-01,29.43922174599594
1,TFM,2024-02-23,2025-03,28.4
1,TFM,2024-02-23,2025-04,26.85
2,TFM,2024-02-26,2024-03,23.840917106329726
2,TFM,2024-02-26,2024-04,23.909221488846185
2,TFM,2024-02-26,2024-05,24.039471716920012
2,TFM,2024-02-26,2024-06,24.2
2,TFM,2024-02-26,2024-07,24.365
2,TFM,2024-02-26,2024-08,24.49465865992415
2,TFM,2024-02-26,2024-09,24.80952400325468
2,TFM,2024-02-26,2024-10,25.451267605633802
2,TFM,2024-02-26,2024-11,28.08362078894328
2,TFM,2024-02-26,2024-12,29.4
1,TFM,2024-02-26,2025-01,29.81
1,TFM,2024-02-26,2025-02,29.87
1,TFM,2024-02-26,2025-03,28.6
2,TFM,2024-02-26,2025-04,27.212866333095064
2,TFM,2024-02-27,2024-03,24.553602259559675
2,TFM,2024-02-27,2024-04,24.646141319854888
2,TFM,2024-02-27,2024-05,24.816125950477677
2,TFM,2024-02-27,2024-06,25.04118661971831
2,TFM,2024-02-27,2024-07,25.17855674875023
2,TFM,2024-02-27,2024-08,25.318987203175254
1,TFM,2024-02-27,2024-09,25.665
1,TFM,2024-02-27,2024-10,26.335
2,TFM,2024-02-27,2024-11,28.93457050423918
2,TFM,2024-02-27,2024-12,30.1789935327405
1,TFM,2024-02-27,2025-01,30.26
2,TFM,2024-02-27,2025-02,30.55479530201342
2,TFM,2024-02-28,2024-03,25.395026521551216
2,TFM,2024-02-28,2024-04,25.540504723127036
2,TFM,2024-02-28,2024-05,25.680397470989632
2,TFM,2024-02-28,2024-06,25.862875389210142
2,TFM,2024-02-28,2024-07,25.943499806800617
2,TFM,2024-02-28,2024-08,26.123646680336563
2,TFM,2024-02-28,2024-09,26.405037173266553
1,TFM,2024-02-28,2024-10,27.085
2,TFM,2024-02-28,2024-11,29.74441314553991
2,TFM,2024-02-28,2024-12,30.990223029045644
1,TFM,2024-02-28,2025-01,31.299999999999997
2,TFM,2024-02-28,2025-02,31.30847032878909
2,TFM,2024-02-28,2025-03,30.987915613455183
1,TFM,2024-02-28,2025-04,29.0
2,TFM,2024-02-29,2024-04,25.293038164905177
2,TFM,2024-02-29,2024-05,25.47160112359551
2,TFM,2024-02-29,2024-06,25.683743687243776
2,TFM,2024-02-29,2024-07,25.845041953012625
2,TFM,2024-02-29,2024-08,26.000357551487415
1,TFM,2024-02-29,2024-09,26.385
2,TFM,2024-02-29,2024-10,27.135265262089096
2,TFM,2024-02-29,2024-11,29.383705143153254
2,TFM,2024-02-29,2024-12,31.13796783435343
2,TFM,2024-02-29,2025-01,31.4695861218739
2,TFM,2024-02-29,2025-02,31.06484714003945
2,TFM,2024-02-29,2025-03,30.889709302325585
2,TFM,2024-02-29,2025-04,28.8
1,TFM,2024-02-29,2025-12,31.1
1,TFM,2024-02-29,2026-01,30.775
1,TFM,2024-02-29,2026-02,30.775
2,TFM,2024-03-01,2024-04,25.55356543359459
2,TFM,2024-03-01,2024-05,25.6721796875
2,TFM,2024-03-01,2024-06,25.89248532289628
2,TFM,2024-03-01,2024-07,26.038741986512363
2,TFM,2024-03-01,2024-08,26.494645828081673
2,TFM,2024-03-01,2024-09,26.821943208478277
2,TFM,2024-03-01,2024-10,27.49470597082268
2,TFM,2024-03-01,2024-11,30.011312753352044
2,TFM,2024-03-01,2024-12,31.124384993849937
2,TFM,2024-03-01,2025-01,31.553166135111624
2,TFM,2024-03-01,2025-02,31.396108033241
2,TFM,2024-03-01,2025-03,30.771126884238253
2,TFM,2024-03-01,2025-04,29.293843725335435
1,TFM,2024-03-01,2025-05,28.77
1,TFM,2024-03-01,2025-06,28.67
1,TFM,2024-03-01,2025-07,28.6
1,TFM,2024-03-01,2025-08,28.69
1,TFM,2024-03-01,2025-09,28.83
1,TFM,2024-03-01,2025-10,29.1
1,TFM,2024-03-01,2025-11,30.69
2,TFM,2024-03-01,2025-12,31.943987493987493
2,TFM,2024-03-01,2026-01,31.8996
1,TFM,2024-03-01,2026-02,31.32
1,TFM,2024-03-01,2026-03,30.41
2,TFM,2024-03-04,2024-04,26.699606392655866
2,TFM,2024-03-04,2024-05,26.795778862478777
2,TFM,2024-03-04,2024-06,26.987138092624647
2,TFM,2024-03-04,2024-07,27.124956504088615
2,TFM,2024-03-04,2024-08,27.14907681787098
1,TFM,2024-03-04,2024-09,27.68
2,TFM,2024-03-04,2024-10,28.150000000000002
2,TFM,2024-03-04,2024-11,30.93586387434555
2,TFM,2024-03-04,2024-12,31.752278177458034
2,TFM,2024-03-04,2025-01,32.19687282835302
2,TFM,2024-03-04,2025-02,31.756822254636386
1,TFM,2024-03-04,2025-03,31.835
1,TFM,2024-03-04,2025-10,29.95
1,TFM,2024-03-04,2025-11,30.449999999999996
1,TFM,2024-03-04,2025-12,32.65
2,TFM,2024-03-05,2024-04,27.290028508186417
2,TFM,2024-03-05,2024-05,27.307442892020592
2,TFM,2024-03-05,2024-06,27.39721549636804
2,TFM,2024-03-05,2024-07,27.42439961594231
2,TFM,2024-03-05,2024-08,27.565468098254286
2,TFM,2024-03-05,2024-09,27.93201239340945
2,TFM,2024-03-05,2024-10,28.659515536908355
2,TFM,2024-03-05,2024-11,31.19674545928565
2,TFM,2024-03-05,2024-12,32.28946667196946
2,TFM,2024-03-05,2025-01,32.71578345981373
2,TFM,2024-03-05,2025-02,32.72383187967248
2,TFM,2024-03-05,2025-03,32.116942405664446
2,TFM,2024-03-05,2025-04,30.545232120451697
1,TFM,2024-03-05,2025-05,30.85
1,TFM,2024-03-05,2025-06,30.85
2,TFM,2024-03-05,2025-07,30.500383892196805
2,TFM,2024-03-05,2025-08,30.250658100908804
1,TFM,2024-03-05,2025-09,30.85
1,TFM,2024-03-05,2025-12,33.05
2,TFM,2024-03-06,2024-04,26.250801975801973
2,TFM,2024-03-06,2024-05,26.37671819019347
2,TFM,2024-03-06,2024-06,26.569282289481567
2,TFM,2024-03-06,2024-07,26.72534341566504
2,TFM,2024-03-06,2024-08,26.74536510918056
2,TFM,2024-03-06,2024-09,27.10093100147916
2,TFM,2024-03-06,2024-10,28.00929964740673
1,TFM,2024-03-06,2024-11,30.555
2,TFM,2024-03-06,2024-12,31.592935829651623
2,TFM,2024-03-06,2025-01,32.36004155535767
2,TFM,2024-03-06,2025-02,32.484608619173265
2,TFM,2024-03-06,2025-03,31.35111284219898
1,TFM,2024-03-06,2026-03,31.55
2,TFM,2024-03-07,2024-04,26.088415066840287
2,TFM,2024-03-07,2024-05,26.170170522628812
2,TFM,2024-03-07,2024-06,26.42067569383778
2,TFM,2024-03-07,2024-07,26.47653726600815
2,TFM,2024-03-07,2024-08,26.701554547466255
2,TFM,2024-03-07,2024-09,26.95912096657503
2,TFM,2024-03-07,2024-10,27.589011262832653
2,TFM,2024-03-07,2024-11,30.202386906115024
2,TFM,2024-03-07,2024-12,31.323139450492484
2,TFM,2024-03-07,2025-01,31.528852759331347
2,TFM,2024-03-07,2025-02,31.660446346507356
2,TFM,2024-03-07,2025-03,31.405062087481824
1,TFM,2024-03-07,2025-04,30.05
2,TFM,2024-03-08,2024-04,26.58431303116147
2,TFM,2024-03-08,2024-05,26.72431612334204
2,TFM,2024-03-08,2024-06,26.89149702380952
2,TFM,2024-03-08,2024-07,26.9360102571838
2,TFM,2024-03-08,2024-08,27.071397215816894
2,TFM,2024-03-08,2024-09,27.341352304412005
2,TFM,2024-03-08,2024-10,27.87296105193076
2,TFM,2024-03-08,2024-11,30.350906755327188
1,TFM,2024-03-08,2024-12,31.335
2,TFM,2024-03-08,2025-01,31.69082728761994
1,TFM,2024-03-08,2025-02,32.0
1,TFM,2024-03-08,2025-03,31.375
1,TFM,2024-03-08,2025-04,29.625
1,TFM,2024-03-08,2025-06,28.85
1,TFM,2024-03-08,2026-03,30.5
2,TFM,2024-03-11,2024-04,24.756340938924044
2,TFM,2024-03-11,2024-05,24.88061057838918
2,TFM,2024-03-11,2024-06,25.059076518762986
2,TFM,2024-03-11,2024-07,25.160306748466258
2,TFM,2024-03-11,2024-08,25.29535740048528
2,TFM,2024-03-11,2024-09,25.69100881027642
1,TFM,2024-03-11,2024-10,26.52
2,TFM,2024-03-11,2024-11,29.09985252924699
2,TFM,2024-03-11,2024-12,30.290783607514843
2,TFM,2024-03-11,2025-01,30.501212051252452
2,TFM,2024-03-11,2025-02,30.64069980694981
2,TFM,2024-03-11,2025-03,30.10653212520593
1,TFM,2024-03-11,2025-11,30.350000000000005
2,TFM,2024-03-12,2024-04,24.901590395726995
2,TFM,2024-03-12,2024-05,25.057717944820247
2,TFM,2024-03-12,2024-06,25.297027243132106
2,TFM,2024-03-12,2024-07,25.354515262420186
1,TFM,2024-03-12,2024-08,25.545
1,TFM,2024-03-12,2024-09,25.870000000000005
2,TFM,2024-03-12,2024-10,26.41948529411765
2,TFM,2024-03-12,2024-11,28.967431318681317
2,TFM,2024-03-12,2024-12,30.146571942446045
1,TFM,2024-03-12,2025-01,30.504999999999995
1,TFM,2024-03-12,2025-02,30.564999999999998
2,TFM,2024-03-12,2025-03,29.646809921048714
2,TFM,2024-03-12,2025-04,28.073739688359304
1,TFM,2024-03-12,2025-09,27.55
1,TFM,2024-03-12,2025-10,27.7
1,TFM,2024-03-12,2026-03,29.3
1,TFM,2024-03-12,2026-04,27.325
2,TFM,2024-03-13,2024-04,24.629536054951874
2,TFM,2024-03-13,2024-05,24.714059267169457
2,TFM,2024-03-13,2024-06,24.875427581727646
2,TFM,2024-03-13,2024-07,25.003679698216732
1,TFM,2024-03-13,2024-08,25.135
2,TFM,2024-03-13,2024-09,25.464585125998774
2,TFM,2024-03-13,2024-10,26.075
1,TFM,2024-03-13,2024-11,28.905
2,TFM,2024-03-13,2024-12,29.807492975335624
1,TFM,2024-03-13,2025-01,30.1
2,TFM,2024-03-13,2025-02,30.474989108335755
1,TFM,2024-03-13,2025-03,29.745000000000005
1,TFM,2024-03-13,2025-04,28.470000000000002
2,TFM,2024-03-14,2024-04,26.376026368018145
2,TFM,2024-03-14,2024-05,26.40720067766101
2,TFM,2024-03-14,2024-06,26.50970762310606
2,TFM,2024-03-14,2024-07,26.56378681674193
1,TFM,2024-03-14,2024-08,26.709999999999997
2,TFM,2024-03-14,2024-09,26.929903310870202
1,TFM,2024-03-14,2024-10,27.675
1,TFM,2024-03-14,2024-11,30.1
2,TFM,2024-03-14,2024-12,31.224823158123844
2,TFM,2024-03-14,2025-01,31.52278447121821
2,TFM,2024-03-14,2025-02,31.414500000000004
1,TFM,2024-03-14,2025-03,30.8
1,TFM,2024-03-14,2025-04,28.4
1,TFM,2024-03-14,2025-09,28.25
1,TFM,2024-03-14,2025-10,28.55
2,TFM,2024-03-15,2024-04,27.3
2,TFM,2024-03-15,2024-05,27.3
2,TFM,2024-03-15,2024-06,27.40121542250853
2,TFM,2024-03-15,2024-07,27.4897033603087
2,TFM,2024-03-15,2024-08,27.529994078986324
2,TFM,2024-03-15,2024-09,27.791268604035533
2,TFM,2024-03-15,2024-10,28.257403079206085
1,TFM,2024-03-15,2024-11,30.75
2,TFM,2024-03-15,2024-12,31.696639361478677
2,TFM,2024-03-15,2025-01,32.147695275836895
1,TFM,2024-03-15,2025-02,32.21
1,TFM,2024-03-15,2025-03,31.655
1,TFM,2024-03-15,2025-04,29.6
1,TFM,2024-03-15,2025-09,29.05
1,TFM,2024-03-15,2025-10,29.2
2,TFM,2024-03-18,2024-04,29.09369132497967
2,TFM,2024-03-18,2024-05,29.100116839315827
2,TFM,2024-03-18,2024-06,29.090464367241
2,TFM,2024-03-18,2024-07,29.153865162317437
2,TFM,2024-03-18,2024-08,29.194020723526595
2,TFM,2024-03-18,2024-09,29.444902249362972
2,TFM,2024-03-18,2024-10,29.82491180620884
2,TFM,2024-03-18,2024-11,32.0750485348541
2,TFM,2024-03-18,2024-12,33.0800047160913
1,TFM,2024-03-18,2025-01,33.33
2,TFM,2024-03-18,2025-02,33.33990222984563
2,TFM,2024-03-18,2025-03,32.76065423617926
2,TFM,2024-03-18,2025-04,30.904321521175454
1,TFM,2024-03-18,2026-01,33.5
2,TFM,2024-03-19,2024-04,29.14302491840646
2,TFM,2024-03-19,2024-05,29.02345632036927
2,TFM,2024-03-19,2024-06,29.11570329497083
2,TFM,2024-03-19,2024-07,29.052846607669615
2,TFM,2024-03-19,2024-08,29.0928900436233
2,TFM,2024-03-19,2024-09,29.37264452094604
2,TFM,2024-03-19,2024-10,29.78411124076235
2,TFM,2024-03-19,2024-11,32.04018904320988
2,TFM,2024-03-19,2024-12,32.92962711864406
1,TFM,2024-03-19,2025-01,33.47
1,TFM,2024-03-19,2025-02,33.625
1,TFM,2024-03-19,2025-03,33.015
2,TFM,2024-03-19,2025-04,30.79861758574948
1,TFM,2024-03-19,2025-09,31.0
2,TFM,2024-03-20,2024-04,27.275
2,TFM,2024-03-20,2024-05,27.272783004291846
2,TFM,2024-03-20,2024-06,27.375
2,TFM,2024-03-20,2024-07,27.478784934849667
2,TFM,2024-03-20,2024-08,27.571998095889075
2,TFM,2024-03-20,2024-09,27.884302722701833
2,TFM,2024-03-20,2024-10,28.650639671361507
1,TFM,2024-03-20,2024-11,30.775
2,TFM,2024-03-20,2024-12,31.90905433891557
1,TFM,2024-03-20,2025-01,32.23
1,TFM,2024-03-20,2025-02,33.1
2,TFM,2024-03-20,2025-03,32.150863342042484
2,TFM,2024-03-20,2025-04,30.7197673516867
1,TFM,2024-03-20,2025-12,32.85
2,TFM,2024-03-21,2024-04,26.67284156884472
2,TFM,2024-03-21,2024-05,26.692096933403526
2,TFM,2024-03-21,2024-06,26.80137479689475
2,TFM,2024-03-21,2024-07,26.887604143585197
2,TFM,2024-03-21,2024-08,26.921695075161963
2,TFM,2024-03-21,2024-09,27.350842155919153
2,TFM,2024-03-21,2024-10,27.977450050532536
2,TFM,2024-03-21,2024-11,30.432812086457872
2,TFM,2024-03-21,2024-12,31.303738162485462
1,TFM,2024-03-21,2025-01,31.68
1,TFM,2024-03-21,2025-02,32.05
1,TFM,2024-03-21,2025-03,31.15
1,TFM,2024-03-21,2026-12,29.0
2,TFM,2024-03-22,2024-04,27.335586186305733
2,TFM,2024-03-22,2024-05,27.374073277267097
2,TFM,2024-03-22,2024-06,27.288687022900763
2,TFM,2024-03-22,2024-07,27.547068815331013
2,TFM,2024-03-22,2024-08,27.68544275774826
1,TFM,2024-03-22,2024-09,28.065
1,TFM,2024-03-22,2024-10,28.575
2,TFM,2024-03-22,2024-11,31.01261416239209
2,TFM,2024-03-22,2024-12,32.24173615247171
2,TFM,2024-03-22,2025-01,32.65494892399891
1,TFM,2024-03-22,2025-02,32.8
1,TFM,2024-03-22,2025-03,32.11
1,TFM,2024-03-22,2025-10,30.0
1,TFM,2024-03-22,2025-12,32.7
2,TFM,2024-03-25,2024-04,28.05400693941985
2,TFM,2024-03-25,2024-05,28.104187195724585
2,TFM,2024-03-25,2024-06,28.104180331551284
2,TFM,2024-03-25,2024-07,28.175467268623024
2,TFM,2024-03-25,2024-08,28.249764809956684
2,TFM,2024-03-25,2024-09,28.720160036579788
2,TFM,2024-03-25,2024-10,29.335321264945804
2,TFM,2024-03-25,2024-11,31.704479140005116
2,TFM,2024-03-25,2024-12,32.85187308434556
1,TFM,2024-03-25,2025-01,33.225
1,TFM,2024-03-25,2025-02,33.25
1,TFM,2024-03-25,2025-03,32.675
1,TFM,2024-03-25,2025-04,31.45
1,TFM,2024-03-25,2026-02,33.02
2,TFM,2024-03-26,2024-04,27.52596168342437
2,TFM,2024-03-26,2024-05,27.660043937559934
2,TFM,2024-03-26,2024-06,27.71741212871287
2,TFM,2024-03-26,2024-07,27.680318558864677
2,TFM,2024-03-26,2024-08,27.91661729280919
2,TFM,2024-03-26,2024-09,28.31114102692423
1,TFM,2024-03-26,2024-10,28.97
1,TFM,2024-03-26,2024-11,31.395000000000003
2,TFM,2024-03-26,2024-12,32.52765219443134
1,TFM,2024-03-26,2025-01,32.8
1,TFM,2024-03-26,2025-02,32.85
1,TFM,2024-03-26,2025-03,32.3
1,TFM,2024-03-26,2025-04,30.7
1,TFM,2024-03-26,2025-05,30.15
1,TFM,2024-03-26,2025-10,30.850000000000005
1,TFM,2024-03-26,2025-11,32.5
1,TFM,2024-03-26,2025-12,33.4
2,TFM,2024-03-27,2024-04,27.67844454994637
2,TFM,2024-03-27,2024-05,27.730365862498033
2,TFM,2024-03-27,2024-06,27.835093454227312
2,TFM,2024-03-27,2024-07,27.945649372784292
2,TFM,2024-03-27,2024-08,28.075129034478014
2,TFM,2024-03-27,2024-09,28.450996457041633
2,TFM,2024-03-27,2024-10,29.18557625578321
2,TFM,2024-03-27,2024-11,31.823972693972692
2,TFM,2024-03-27,2024-12,32.79969901168014
1,TFM,2024-03-27,2025-01,33.25
1,TFM,2024-03-27,2025-02,33.29
1,TFM,2024-03-27,2025-03,32.25
2,TFM,2024-03-27,2025-04,30.929108371559632
1,TFM,2024-03-27,2025-06,29.65
1,TFM,2024-03-27,2025-09,30.5
1,TFM,2024-03-27,2025-10,30.3
2,TFM,2024-03-28,2024-05,27.476631450504303
2,TFM,2024-03-28,2024-06,27.554680600529878
2,TFM,2024-03-28,2024-07,27.720649762282093
2,TFM,2024-03-28,2024-08,27.871125160737247
2,TFM,2024-03-28,2024-09,28.329356821267776
2,TFM,2024-03-28,2024-10,29.009890102570935
1,TFM,2024-03-28,2024-11,31.38
1,TFM,2024-03-28,2024-12,32.47
1,TFM,2024-03-28,2025-01,33.0
1,TFM,2024-03-28,2025-02,32.85
1,TFM,2024-03-28,2025-03,32.315
2,TFM,2024-03-28,2025-04,30.79994745139254
1,TFM,2024-03-28,2025-08,30.25
1,TFM,2024-03-28,2026-02,33.2
1,TFM,2024-03-28,2026-04,29.5
2,TFM,2024-04-02,2024-05,26.297728246367765
2,TFM,2024-04-02,2024-06,26.46211050896275
2,TFM,2024-04-02,2024-07,26.666099796334013
2,TFM,2024-04-02,2024-08,26.875165737532015
2,TFM,2024-04-02,2024-09,27.375091094793795
2,TFM,2024-04-02,2024-10,28.19831533477322
2,TFM,2024-04-02,2024-11,30.752763703362504
2,TFM,2024-04-02,2024-12,31.644114258281324
2,TFM,2024-04-02,2025-01,32.03855950510604
2,TFM,2024-04-02,2025-02,32.24864917020455
2,TFM,2024-04-02,2025-03,31.719227578032402
2,TFM,2024-04-02,2025-04,29.909702286018074
1,TFM,2024-04-02,2025-05,30.04
1,TFM,2024-04-02,2025-06,29.84
1,TFM,2024-04-02,2025-07,30.03
1,TFM,2024-04-02,2025-08,30.1
1,TFM,2024-04-02,2025-09,30.23
1,TFM,2024-04-02,2025-10,30.390000000000004
1,TFM,2024-04-02,2025-11,31.890000000000004
1,TFM,2024-04-02,2025-12,33.02
1,TFM,2024-04-02,2026-01,32.83
1,TFM,2024-04-02,2026-02,32.38
1,TFM,2024-04-02,2026-03,31.340000000000003
2,TFM,2024-04-03,2024-05,25.793970968913918
2,TFM,2024-04-03,2024-06,26.00291367993782
2,TFM,2024-04-03,2024-07,26.196009734757418
2,TFM,2024-04-03,2024-08,26.499549882879045
2,TFM,2024-04-03,2024-09,27.03279553664209
2,TFM,2024-04-03,2024-10,27.812370741141006
2,TFM,2024-04-03,2024-11,30.48965077328772
2,TFM,2024-04-03,2024-12,31.60287625818821
1,TFM,2024-04-03,2025-01,31.984999999999996
1,TFM,2024-04-03,2025-02,31.85
1,TFM,2024-04-03,2025-03,31.48
1,TFM,2024-04-03,2025-07,29.0
1,TFM,2024-04-03,2026-03,30.375
2,TFM,2024-04-04,2024-05,25.98823438313056
2,TFM,2024-04-04,2024-06,26.154486406404324
2,TFM,2024-04-04,2024-07,26.3344772651842
2,TFM,2024-04-04,2024-08,26.627004161789568
2,TFM,2024-04-04,2024-09,27.155156885531664
2,TFM,2024-04-04,2024-10,27.99502280643556
1,TFM,2024-04-04,2024-11,30.714999999999996
2,TFM,2024-04-04,2024-12,31.765077710733223
1,TFM,2024-04-04,2025-01,32.135
1,TFM,2024-04-04,2025-02,32.24
1,TFM,2024-04-04,2025-03,31.73
1,TFM,2024-04-04,2025-04,30.35
1,TFM,2024-04-04,2025-08,30.0
1,TFM,2024-04-04,2025-09,30.15
2,TFM,2024-04-04,2025-12,32.995557749259625
2,TFM,2024-04-05,2024-05,26.84098445106739
2,TFM,2024-04-05,2024-06,26.9761802184466
2,TFM,2024-04-05,2024-07,27.201440872560273
2,TFM,2024-04-05,2024-08,27.48417667238422
2,TFM,2024-04-05,2024-09,27.992942795360722
2,TFM,2024-04-05,2024-10,28.88469917787743
2,TFM,2024-04-05,2024-11,31.561586460032625
2,TFM,2024-04-05,2024-12,32.73486607142857
2,TFM,2024-04-05,2025-01,33.1245978983487
2,TFM,2024-04-05,2025-02,33.194032160026524
2,TFM,2024-04-05,2025-03,32.71149456962232
2,TFM,2024-04-05,2025-04,31.210401174168297
2,TFM,2024-04-08,2024-05,27.78738689108725
2,TFM,2024-04-08,2024-06,27.967935803203467
2,TFM,2024-04-08,2024-07,28.177533917224796
2,TFM,2024-04-08,2024-08,28.419090887104577
1,TFM,2024-04-08,2024-09,29.055
2,TFM,2024-04-08,2024-10,29.998343984440123
2,TFM,2024-04-08,2024-11,32.74545105245573
2,TFM,2024-04-08,2024-12,33.940209316233634
1,TFM,2024-04-08,2025-01,34.37
1,TFM,2024-04-08,2025-02,34.4
2,TFM,2024-04-08,2025-03,33.69802938579897
1,TFM,2024-04-08,2025-04,30.625
2,TFM,2024-04-09,2024-05,27.360185260174124
2,TFM,2024-04-09,2024-06,27.549946213169864
2,TFM,2024-04-09,2024-07,27.74851845566398
2,TFM,2024-04-09,2024-08,28.109747722151464
2,TFM,2024-04-09,2024-09,28.723688971629347
2,TFM,2024-04-09,2024-10,29.615355332657526
2,TFM,2024-04-09,2024-11,32.501807446680324
2,TFM,2024-04-09,2024-12,33.72501982984712
1,TFM,2024-04-09,2025-01,34.0
2,TFM,2024-04-09,2025-02,34.10575521457683
1,TFM,2024-04-09,2025-03,33.9
2,TFM,2024-04-10,2024-05,27.383125074127275
2,TFM,2024-04-10,2024-06,27.553580652735384
2,TFM,2024-04-10,2024-07,27.71210281460805
2,TFM,2024-04-10,2024-08,28.105897052049745
2,TFM,2024-04-10,2024-09,28.675434262153352
2,TFM,2024-04-10,2024-10,29.826080334478124
2,TFM,2024-04-10,2024-11,32.52002835951135
2,TFM,2024-04-10,2024-12,33.949377839225754
2,TFM,2024-04-10,2025-01,34.31637411677203
2,TFM,2024-04-10,2025-02,34.387094677674334
1,TFM,2024-04-10,2025-03,33.55
1,TFM,2024-04-10,2025-04,32.1
2,TFM,2024-04-11,2024-05,29.451488785988428
2,TFM,2024-04-11,2024-06,29.586768212883527
2,TFM,2024-04-11,2024-07,29.789892105736378
2,TFM,2024-04-11,2024-08,30.14988835547616
2,TFM,2024-04-11,2024-09,30.87444362328137
2,TFM,2024-04-11,2024-10,31.975151395164676
2,TFM,2024-04-11,2024-11,34.92478455419291
2,TFM,2024-04-11,2024-12,36.16873171024227
2,TFM,2024-04-11,2025-01,36.45239343827379
1,TFM,2024-04-11,2025-02,36.5
2,TFM,2024-04-11,2025-03,35.81934887137706
1,TFM,2024-04-11,2025-09,34.09
1,TFM,2024-04-11,2025-10,34.02
1,TFM,2024-04-11,2025-11,35.75
1,TFM,2024-04-11,2025-12,36.5
2,TFM,2024-04-12,2024-05,30.784586246352166
2,TFM,2024-04-12,2024-06,30.92713079793851
2,TFM,2024-04-12,2024-07,31.01188187820983
2,TFM,2024-04-12,2024-08,31.282432702504284
2,TFM,2024-04-12,2024-09,32.02633483502273
2,TFM,2024-04-12,2024-10,33.046425182787296
2,TFM,2024-04-12,2024-11,36.027951329497746
2,TFM,2024-04-12,2024-12,37.19941697584614
2,TFM,2024-04-12,2025-01,37.54817293975639
2,TFM,2024-04-12,2025-02,37.597516438599605
2,TFM,2024-04-12,2025-03,36.71834542293627
1,TFM,2024-04-12,2025-04,34.55
1,TFM,2024-04-12,2025-12,37.0
1,TFM,2024-04-12,2026-06,29.25
2,TFM,2024-04-15,2024-05,31.402055157783078
2,TFM,2024-04-15,2024-06,31.52690192359794
2,TFM,2024-04-15,2024-07,31.682904904240008
2,TFM,2024-04-15,2024-08,31.947378046187215
2,TFM,2024-04-15,2024-09,32.48112325440194
2,TFM,2024-04-15,2024-10,33.42437219730942
2,TFM,2024-04-15,2024-11,36.24687278140387
2,TFM,2024-04-15,2024-12,37.44521439465041
2,TFM,2024-04-15,2025-01,37.721465517241384
2,TFM,2024-04-15,2025-02,37.44001013874067
2,TFM,2024-04-15,2025-03,36.564792127258016
2,TFM,2024-04-15,2025-04,34.85007119386637
1,TFM,2024-04-15,2025-05,34.8
1,TFM,2024-04-15,2025-06,34.61
1,TFM,2024-04-15,2025-07,34.69
1,TFM,2024-04-15,2025-08,34.83
1,TFM,2024-04-15,2025-09,35.03
1,TFM,2024-04-15,2025-10,35.24
1,TFM,2024-04-15,2025-11,36.74
1,TFM,2024-04-15,2025-12,37.41
1,TFM,2024-04-15,2026-01,37.54
1,TFM,2024-04-15,2026-02,37.18
1,TFM,2024-04-15,2026-03,35.7
1,TFM,2024-04-15,2026-04,31.46
1,TFM,2024-04-15,2026-05,29.65
1,TFM,2024-04-15,2026-06,29.38
1,TFM,2024-04-15,2026-07,29.38
1,TFM,2024-04-15,2026-08,29.77
1,TFM,2024-04-15,2026-09,30.16
2,TFM,2024-04-16,2024-05,33.498496066635816
2,TFM,2024-04-16,2024-06,33.55937257939582
2,TFM,2024-04-16,2024-07,33.66067682448339
2,TFM,2024-04-16,2024-08,33.87035053576871
2,TFM,2024-04-16,2024-09,34.444493207198235
2,TFM,2024-04-16,2024-10,35.2994400322073
2,TFM,2024-04-16,2024-11,37.8749698310539
2,TFM,2024-04-16,2024-12,39.122980492416104
2,TFM,2024-04-16,2025-01,39.32996086337761
2,TFM,2024-04-16,2025-02,39.39995181883883
2,TFM,2024-04-16,2025-03,38.69992192253093
1,TFM,2024-04-16,2025-04,36.55
1,TFM,2024-04-16,2025-05,35.7
1,TFM,2024-04-16,2025-10,35.825
1,TFM,2024-04-16,2025-11,37.375
1,TFM,2024-04-16,2026-01,38.0
1,TFM,2024-04-16,2026-03,36.25
2,TFM,2024-04-17,2024-05,31.89057737005574
2,TFM,2024-04-17,2024-06,31.988979930467764
2,TFM,2024-04-17,2024-07,32.046354969858406
2,TFM,2024-04-17,2024-08,32.15203956085557
2,TFM,2024-04-17,2024-09,32.7537076357697
2,TFM,2024-04-17,2024-10,33.660508953517905
2,TFM,2024-04-17,2024-11,36.29130963332894
2,TFM,2024-04-17,2024-12,37.57437614678899
2,TFM,2024-04-17,2025-01,37.66762644690488
2,TFM,2024-04-17,2025-02,37.50595693170234
2,TFM,2024-04-17,2025-03,36.898311550247016
2,TFM,2024-04-17,2025-04,34.92031035772155
2,TFM,2024-04-17,2025-05,34.3647518465725
1,TFM,2024-04-17,2025-06,34.5
1,TFM,2024-04-17,2025-07,34.5
1,TFM,2024-04-17,2025-08,35.15
1,TFM,2024-04-17,2025-09,35.15
1,TFM,2024-04-17,2025-11,36.11
1,TFM,2024-04-17,2025-12,36.6
1,TFM,2024-04-17,2026-01,37.25
1,TFM,2024-04-17,2026-02,37.25
1,TFM,2024-04-17,2026-03,37.25
1,TFM,2024-04-17,2026-04,31.0
2,TFM,2024-04-18,2024-05,32.13407875368008
2,TFM,2024-04-18,2024-06,32.216246461455945
2,TFM,2024-04-18,2024-07,32.32669201271673
2,TFM,2024-04-18,2024-08,32.54099040544723
2,TFM,2024-04-18,2024-09,33.132877762742446
2,TFM,2024-04-18,2024-10,34.419365948074486
2,TFM,2024-04-18,2024-11,37.100166944908175
2,TFM,2024-04-18,2024-12,38.23142991239049
2,TFM,2024-04-18,2025-01,38.576474585738225
2,TFM,2024-04-18,2025-02,38.6061872909699
1,TFM,2024-04-18,2025-03,38.165
2,TFM,2024-04-18,2025-04,35.03321280991735
2,TFM,2024-04-18,2025-05,34.50784078516903
1,TFM,2024-04-18,2025-06,34.4
1,TFM,2024-04-18,2025-07,33.75
1,TFM,2024-04-18,2025-09,34.075
1,TFM,2024-04-18,2025-10,34.84
1,TFM,2024-04-18,2026-03,35.3
1,TFM,2024-04-18,2026-04,31.25
1,TFM,2024-04-18,2027-01,31.5
2,TFM,2024-04-19,2024-05,30.695000000000004
2,TFM,2024-04-19,2024-06,30.754749635918568
2,TFM,2024-04-19,2024-07,30.89018730189223
2,TFM,2024-04-19,2024-08,31.17535160828233
2,TFM,2024-04-19,2024-09,31.78560020519836
2,TFM,2024-04-19,2024-10,32.714595518420055
2,TFM,2024-04-19,2024-11,35.48370307167235
2,TFM,2024-04-19,2024-12,36.779930660615236
2,TFM,2024-04-19,2025-01,37.10066012186866
2,TFM,2024-04-19,2025-02,37.000368796736915
2,TFM,2024-04-19,2025-03,36.495320362294535
2,TFM,2024-04-19,2025-04,33.90111818921116
2,TFM,2024-04-19,2025-05,33.9
2,TFM,2024-04-19,2025-06,33.725
2,TFM,2024-04-19,2025-07,33.65
2,TFM,2024-04-19,2025-08,33.5
2,TFM,2024-04-19,2025-09,33.9
1,TFM,2024-04-19,2025-11,35.02
1,TFM,2024-04-19,2025-12,36.535
1,TFM,2024-04-19,2026-01,36.0
1,TFM,2024-04-19,2026-02,36.08
1,TFM,2024-04-19,2026-03,34.6
1,TFM,2024-04-19,2026-05,28.08
1,TFM,2024-04-19,2026-06,28.3
2,TFM,2024-04-22,2024-05,29.083335961817802
2,TFM,2024-04-22,2024-06,29.164419048331588
2,TFM,2024-04-22,2024-07,29.33727509226209
2,TFM,2024-04-22,2024-08,29.778531102594343
2,TFM,2024-04-22,2024-09,30.268957680250786
1,TFM,2024-04-22,2024-10,31.159999999999997
2,TFM,2024-04-22,2024-11,34.05054916431517
2,TFM,2024-04-22,2024-12,35.228171566653245
2,TFM,2024-04-22,2025-01,35.60938095715862
2,TFM,2024-04-22,2025-02,35.60752878653676
2,TFM,2024-04-22,2025-03,35.38
1,TFM,2024-04-22,2025-04,32.9
1,TFM,2024-04-22,2025-11,33.9
1,TFM,2024-04-22,2025-12,35.0
2,TFM,2024-04-23,2024-05,28.588334771031015
2,TFM,2024-04-23,2024-06,28.63434441112548
2,TFM,2024-04-23,2024-07,28.81749596837122
2,TFM,2024-04-23,2024-08,29.128094481937275
2,TFM,2024-04-23,2024-09,29.84296590825418
2,TFM,2024-04-23,2024-10,30.639720253636703
2,TFM,2024-04-23,2024-11,33.540754543487665
2,TFM,2024-04-23,2024-12,34.775
2,TFM,2024-04-23,2025-01,35.14459160593114
1,TFM,2024-04-23,2025-02,35.22
1,TFM,2024-04-23,2025-03,34.65
1,TFM,2024-04-23,2025-04,32.335
1,TFM,2024-04-23,2025-09,32.3
1,TFM,2024-04-23,2025-12,34.5
2,TFM,2024-04-24,2024-05,29.12682961186872
2,TFM,2024-04-24,2024-06,29.161974427711634
2,TFM,2024-04-24,2024-07,29.344061884115096
2,TFM,2024-04-24,2024-08,29.672092276491465
2,TFM,2024-04-24,2024-09,30.25579833076295
2,TFM,2024-04-24,2024-10,31.235427078600637
2,TFM,2024-04-24,2024-11,33.9486090021692
2,TFM,2024-04-24,2024-12,35.12902567094516
1,TFM,2024-04-24,2025-01,35.61
2,TFM,2024-04-24,2025-02,35.685020034344596
1,TFM,2024-04-24,2025-03,34.35
1,TFM,2024-04-24,2025-04,32.45
1,TFM,2024-04-24,2025-11,33.75
1,TFM,2024-04-24,2025-12,34.5
2,TFM,2024-04-25,2024-05,29.9
2,TFM,2024-04-25,2024-06,29.909170674697712
2,TFM,2024-04-25,2024-07,30.104964588389766
2,TFM,2024-04-25,2024-08,30.374507679135228
2,TFM,2024-04-25,2024-09,31.05025833435847
2,TFM,2024-04-25,2024-10,31.89978297326625
2,TFM,2024-04-25,2024-11,34.687184673673926
2,TFM,2024-04-25,2024-12,35.96978440939521
2,TFM,2024-04-25,2025-01,36.29090623829149
1,TFM,2024-04-25,2025-02,36.33
1,TFM,2024-04-25,2025-03,35.705
2,TFM,2024-04-25,2025-04,33.64987267023436
2,TFM,2024-04-26,2024-05,29.347619319209315
2,TFM,2024-04-26,2024-06,29.414075962770998
2,TFM,2024-04-26,2024-07,29.561837506845226
2,TFM,2024-04-26,2024-08,29.832587661263645
2,TFM,2024-04-26,2024-09,30.540462408735124
2,TFM,2024-04-26,2024-10,31.46331010294252
2,TFM,2024-04-26,2024-11,34.28837106206376
2,TFM,2024-04-26,2024-12,35.538816581750815
2,TFM,2024-04-26,2025-01,35.78030800821355
1,TFM,2024-04-26,2025-02,35.725
1,TFM,2024-04-26,2025-03,35.35
1,TFM,2024-04-26,2025-04,33.35
1,TFM,2024-04-26,2025-06,32.4
1,TFM,2024-04-26,2025-12,35.15
2,TFM,2024-04-29,2024-05,28.16260148916789
2,TFM,2024-04-29,2024-06,28.259530593180756
2,TFM,2024-04-29,2024-07,28.512830188679246
2,TFM,2024-04-29,2024-08,28.763751099660677
2,TFM,2024-04-29,2024-09,29.419130558542605
2,TFM,2024-04-29,2024-10,30.24003085331453
2,TFM,2024-04-29,2024-11,33.11837427745665
2,TFM,2024-04-29,2024-12,34.34987930584552
2,TFM,2024-04-29,2025-01,34.62706480018063
1,TFM,2024-04-29,2025-02,34.68
1,TFM,2024-04-29,2025-03,34.13
2,TFM,2024-04-29,2025-04,32.38123436196831
1,TFM,2024-04-29,2025-11,33.65
1,TFM,2024-04-29,2025-12,34.35
1,TFM,2024-04-29,2027-01,29.5
1,TFM,2024-04-29,2027-03,28.0
2,TFM,2024-04-30,2024-06,29.378820369975475
2,TFM,2024-04-30,2024-07,29.531126615396815
2,TFM,2024-04-30,2024-08,29.858970921948387
2,TFM,2024-04-30,2024-09,30.481327231121284
2,TFM,2024-04-30,2024-10,31.430030113504753
2,TFM,2024-04-30,2024-11,34.307447944474106
2,TFM,2024-04-30,2024-12,35.58158486102898
2,TFM,2024-04-30,2025-01,35.96465546282827
1,TFM,2024-04-30,2025-02,36.035
1,TFM,2024-04-30,2025-03,35.495
2,TFM,2024-04-30,2025-04,33.676553135154656
1,TFM,2024-04-30,2026-02,35.25
2,TFM,2024-05-01,2024-06,28.900590349814106
2,TFM,2024-05-01,2024-07,29.00113278443941
2,TFM,2024-05-01,2024-08,29.355011433597188
2,TFM,2024-05-01,2024-09,30.03258475276997
2,TFM,2024-05-01,2024-10,30.965468819434157
2,TFM,2024-05-01,2024-11,33.82976987447699
2,TFM,2024-05-01,2024-12,34.95538779889638
2,TFM,2024-05-01,2025-01,35.33370588235294
2,TFM,2024-05-01,2025-02,35.35066766020865
2,TFM,2024-05-01,2025-03,34.77655669348939
2,TFM,2024-05-01,2025-04,33.34790840738209
2,TFM,2024-05-01,2025-05,32.40250121891759
1,TFM,2024-05-01,2025-06,32.37
1,TFM,2024-05-01,2025-07,32.45
1,TFM,2024-05-01,2025-08,32.58
1,TFM,2024-05-01,2025-09,32.75
1,TFM,2024-05-01,2025-10,32.89
1,TFM,2024-05-01,2025-11,34.17
1,TFM,2024-05-01,2025-12,35.2
1,TFM,2024-05-01,2026-01,35.13
1,TFM,2024-05-01,2026-02,34.79
1,TFM,2024-05-01,2026-03,33.045
1,TFM,2024-05-01,2026-04,28.65
2,TFM,2024-05-02,2024-06,30.896443616331823
2,TFM,2024-05-02,2024-07,30.97588572290065
2,TFM,2024-05-02,2024-08,31.250395580898076
2,TFM,2024-05-02,2024-09,31.865378622623872
2,TFM,2024-05-02,2024-10,32.69023096942095
2,TFM,2024-05-02,2024-11,35.48011754943991
2,TFM,2024-05-02,2024-12,36.71966386554622
2,TFM,2024-05-02,2025-01,37.19820491366852
1,TFM,2024-05-02,2025-02,37.4
1,TFM,2024-05-02,2025-03,36.925
2,TFM,2024-05-02,2025-04,34.56017176317502
1,TFM,2024-05-02,2025-10,34.65
2,TFM,2024-05-02,2025-12,36.40136186770428
1,TFM,2024-05-02,2026-03,34.125
1,TFM,2024-05-02,2026-05,27.67
1,TFM,2024-05-02,2026-06,27.084999999999997
1,TFM,2024-05-02,2026-07,27.125
1,TFM,2024-05-02,2026-08,27.290000000000003
1,TFM,2024-05-02,2026-09,27.675
1,TFM,2024-05-02,2026-10,28.35
1,TFM,2024-05-02,2026-11,29.545
1,TFM,2024-05-02,2026-12,30.17
2,TFM,2024-05-03,2024-06,30.07178650230238
2,TFM,2024-05-03,2024-07,30.251501733960865
2,TFM,2024-05-03,2024-08,30.63735878094247
2,TFM,2024-05-03,2024-09,31.307984870080038
2,TFM,2024-05-03,2024-10,32.21043299069046
2,TFM,2024-05-03,2024-11,34.94989770377625
2,TFM,2024-05-03,2024-12,36.2
2,TFM,2024-05-03,2025-01,36.45167233765294
1,TFM,2024-05-03,2025-02,37.1
1,TFM,2024-05-03,2025-03,36.5
2,TFM,2024-05-03,2025-04,34.82523142025919
1,TFM,2024-05-03,2025-05,34.75
1,TFM,2024-05-03,2025-06,34.505
1,TFM,2024-05-03,2025-09,34.75
1,TFM,2024-05-03,2025-10,35.1
2,TFM,2024-05-03,2025-11,36.44914221993481
1,TFM,2024-05-03,2025-12,36.75
1,TFM,2024-05-03,2026-01,36.85
1,TFM,2024-05-03,2026-03,34.5
2,TFM,2024-05-06,2024-06,31.829722705029816
2,TFM,2024-05-06,2024-07,31.89037418862161
2,TFM,2024-05-06,2024-08,32.19498641304348
2,TFM,2024-05-06,2024-09,32.78434264585045
1,TFM,2024-05-06,2024-10,33.67
2,TFM,2024-05-06,2024-11,36.300020032995526
1,TFM,2024-05-06,2024-12,37.45
1,TFM,2024-05-06,2025-01,37.78
1,TFM,2024-05-06,2025-02,37.89
1,TFM,2024-05-06,2025-03,37.345
1,TFM,2024-05-06,2025-06,35.0
2,TFM,2024-05-07,2024-06,30.72048655957378
2,TFM,2024-05-07,2024-07,30.868430753525654
2,TFM,2024-05-07,2024-08,31.095875118259222
2,TFM,2024-05-07,2024-09,31.74898789878988
2,TFM,2024-05-07,2024-10,32.60106606472377
2,TFM,2024-05-07,2024-11,35.305935918250405
2,TFM,2024-05-07,2024-12,36.56586782376502
2,TFM,2024-05-07,2025-01,37.17
1,TFM,2024-05-07,2025-02,37.325
1,TFM,2024-05-07,2025-03,36.725
1,TFM,2024-05-07,2025-04,35.03
1,TFM,2024-05-07,2026-01,36.6
1,TFM,2024-05-07,2026-03,35.0
2,TFM,2024-05-08,2024-06,30.708169282892698
2,TFM,2024-05-08,2024-07,30.877402637464336
2,TFM,2024-05-08,2024-08,31.173523333113934
2,TFM,2024-05-08,2024-09,31.86094064583606
2,TFM,2024-05-08,2024-10,32.81930098063867
2,TFM,2024-05-08,2024-11,35.502275528169015
2,TFM,2024-05-08,2024-12,36.77909389671362
2,TFM,2024-05-08,2025-01,37.099884754692134
1,TFM,2024-05-08,2025-02,37.25
1,TFM,2024-05-08,2025-03,36.785
1,TFM,2024-05-08,2025-04,35.2
2,TFM,2024-05-08,2025-06,33.89241272304112
2,TFM,2024-05-09,2024-06,30.977719819910625
2,TFM,2024-05-09,2024-07,31.150000000000002
2,TFM,2024-05-09,2024-08,31.495773185683213
2,TFM,2024-05-09,2024-09,32.22159713907619
2,TFM,2024-05-09,2024-10,33.228139457786945
2,TFM,2024-05-09,2024-11,35.93841571050309
2,TFM,2024-05-09,2024-12,37.20812773765835
2,TFM,2024-05-09,2025-01,37.491142966360854
2,TFM,2024-05-09,2025-02,37.552064693737094
1,TFM,2024-05-09,2025-03,36.98
2,TFM,2024-05-09,2025-04,35.5094067629029
1,TFM,2024-05-09,2025-06,34.66
2,TFM,2024-05-10,2024-06,29.86669460357392
2,TFM,2024-05-10,2024-07,30.024581654536
2,TFM,2024-05-10,2024-08,30.404600087892774
2,TFM,2024-05-10,2024-09,31.20857440715434
2,TFM,2024-05-10,2024-10,32.22596912404788
2,TFM,2024-05-10,2024-11,35.02470403424096
2,TFM,2024-05-10,2024-12,36.313642418032785
2,TFM,2024-05-10,2025-01,36.70401273885349
1,TFM,2024-05-10,2025-02,36.84
1,TFM,2024-05-10,2025-03,36.21
1,TFM,2024-05-10,2025-10,34.8
2,TFM,2024-05-13,2024-06,29.635563170393514
2,TFM,2024-05-13,2024-07,29.83
2,TFM,2024-05-13,2024-08,30.30822854352338
2,TFM,2024-05-13,2024-09,31.113485055275007
2,TFM,2024-05-13,2024-10,32.16609208220487
2,TFM,2024-05-13,2024-11,35.04471925854079
2,TFM,2024-05-13,2024-12,36.2791655917446
2,TFM,2024-05-13,2025-01,36.71982314300151
1,TFM,2024-05-13,2025-02,36.86
1,TFM,2024-05-13,2025-03,36.325
1,TFM,2024-05-13,2025-04,34.745
1,TFM,2024-05-13,2025-05,33.8
1,TFM,2024-05-13,2025-06,33.74
1,TFM,2024-05-13,2025-08,34.08
1,TFM,2024-05-13,2025-10,34.37
1,TFM,2024-05-13,2025-11,35.67
2,TFM,2024-05-14,2024-06,29.65690860295661
2,TFM,2024-05-14,2024-07,29.919451323030092
2,TFM,2024-05-14,2024-08,30.27388186029936
2,TFM,2024-05-14,2024-09,31.07074832962138
2,TFM,2024-05-14,2024-10,32.26102111060119
2,TFM,2024-05-14,2024-11,35.1
2,TFM,2024-05-14,2024-12,36.48826493159827
2,TFM,2024-05-14,2025-01,36.994789299420574
1,TFM,2024-05-14,2025-02,37.35
1,TFM,2024-05-14,2025-03,36.5
1,TFM,2024-05-14,2025-04,34.9
1,TFM,2024-05-14,2025-05,34.7
1,TFM,2024-05-14,2025-06,34.04
1,TFM,2024-05-14,2025-07,34.33
2,TFM,2024-05-15,2024-06,29.96952875795682
2,TFM,2024-05-15,2024-07,29.73567646958943
2,TFM,2024-05-15,2024-08,30.11043789963185
2,TFM,2024-05-15,2024-09,30.886028620102216
2,TFM,2024-05-15,2024-10,32.02548334143969
2,TFM,2024-05-15,2024-11,34.83958803783948
2,TFM,2024-05-15,2024-12,36.2298746150462
2,TFM,2024-05-15,2025-01,36.685954476123435
1,TFM,2024-05-15,2025-02,36.845
1,TFM,2024-05-15,2025-03,36.315
2,TFM,2024-05-15,2025-04,34.700373092142456
1,TFM,2024-05-15,2025-05,34.2
1,TFM,2024-05-15,2026-03,35.25
1,TFM,2024-05-15,2027-01,30.5
1,TFM,2024-05-15,2027-03,28.9
2,TFM,2024-05-16,2024-06,30.591799018765126
2,TFM,2024-05-16,2024-07,30.86
2,TFM,2024-05-16,2024-08,31.26728899308983
2,TFM,2024-05-16,2024-09,32.050402498975835
2,TFM,2024-05-16,2024-10,33.2
2,TFM,2024-05-16,2024-11,35.992171785811365
2,TFM,2024-05-16,2024-12,37.36151769568586
2,TFM,2024-05-16,2025-01,37.830026494277234
2,TFM,2024-05-16,2025-02,37.79974335283852
1,TFM,2024-05-16,2025-03,37.28
2,TFM,2024-05-16,2025-04,35.69994833710042
1,TFM,2024-05-16,2025-06,34.03
1,TFM,2024-05-16,2025-10,35.15
2,TFM,2024-05-17,2024-06,30.79962440238392
2,TFM,2024-05-17,2024-07,31.03206384647879
2,TFM,2024-05-17,2024-08,31.451640590075996
2,TFM,2024-05-17,2024-09,32.24635198068188
2,TFM,2024-05-17,2024-10,33.29008738203426
2,TFM,2024-05-17,2024-11,36.01950543056633
2,TFM,2024-05-17,2024-12,37.363972286374135
2,TFM,2024-05-17,2025-01,37.58447088656978
2,TFM,2024-05-17,2025-02,37.79052023712183
2,TFM,2024-05-17,2025-03,37.343356704645046
2,TFM,2024-05-17,2025-04,35.39391412689285
1,TFM,2024-05-17,2025-05,34.8
1,TFM,2024-05-17,2025-06,34.55
1,TFM,2024-05-17,2025-07,34.6
1,TFM,2024-05-17,2025-11,36.35
1,TFM,2024-05-17,2025-12,37.2
1,TFM,2024-05-17,2026-01,37.0
2,TFM,2024-05-20,2024-06,31.711555925012902
2,TFM,2024-05-20,2024-07,31.931768935079727
2,TFM,2024-05-20,2024-08,32.3408989697574
2,TFM,2024-05-20,2024-09,33.145550140304245
2,TFM,2024-05-20,2024-10,34.23280313375979
2,TFM,2024-05-20,2024-11,36.921558681550756
2,TFM,2024-05-20,2024-12,38.27
2,TFM,2024-05-20,2025-01,38.69033633266358
1,TFM,2024-05-20,2025-02,38.875
1,TFM,2024-05-20,2025-03,38.29
1,TFM,2024-05-20,2025-04,36.395
1,TFM,2024-05-20,2025-05,35.6
1,TFM,2024-05-20,2026-04,30.7
1,TFM,2024-05-20,2026-05,28.775
2,TFM,2024-05-21,2024-06,32.91313565700866
2,TFM,2024-05-21,2024-07,33.183015201456186
2,TFM,2024-05-21,2024-08,33.55906045019112
2,TFM,2024-05-21,2024-09,34.3456297301744
2,TFM,2024-05-21,2024-10,35.40824548585742
2,TFM,2024-05-21,2024-11,38.11112987804878
2,TFM,2024-05-21,2024-12,39.45356277884003
2,TFM,2024-05-21,2025-01,39.859844192634554
2,TFM,2024-05-21,2025-02,39.88506981382979
1,TFM,2024-05-21,2025-03,39.325
2,TFM,2024-05-21,2025-04,37.285648846495114
2,TFM,2024-05-21,2025-05,36.22969018440041
1,TFM,2024-05-21,2025-06,35.05
1,TFM,2024-05-21,2025-10,36.6
1,TFM,2024-05-21,2026-01,38.0
1,TFM,2024-05-21,2026-02,37.725
1,TFM,2024-05-21,2026-03,36.7
2,TFM,2024-05-22,2024-06,34.7600380696697
2,TFM,2024-05-22,2024-07,35.069004962779154
2,TFM,2024-05-22,2024-08,35.47708334627691
2,TFM,2024-05-22,2024-09,36.277367237019284
2,TFM,2024-05-22,2024-10,37.278008842091054
2,TFM,2024-05-22,2024-11,39.91186926403107
2,TFM,2024-05-22,2024-12,41.0403928043371
2,TFM,2024-05-22,2025-01,41.37502473136619
2,TFM,2024-05-22,2025-02,41.25922851608636
2,TFM,2024-05-22,2025-03,40.6194471178458
2,TFM,2024-05-22,2025-04,38.433043699186996
1,TFM,2024-05-22,2025-05,37.465
2,TFM,2024-05-22,2025-10,37.89920406809639
2,TFM,2024-05-22,2025-11,39.024163506580415
1,TFM,2024-05-22,2025-12,39.725
2,TFM,2024-05-23,2024-06,35.37158998922041
2,TFM,2024-05-23,2024-07,35.69200613001113
2,TFM,2024-05-23,2024-08,36.04169975414168
2,TFM,2024-05-23,2024-09,36.82555152549605
2,TFM,2024-05-23,2024-10,37.86402360168122
2,TFM,2024-05-23,2024-11,40.23739346496477
2,TFM,2024-05-23,2024-12,41.40961768265013
2,TFM,2024-05-23,2025-01,41.71504045959295
2,TFM,2024-05-23,2025-02,41.69508106430844
2,TFM,2024-05-23,2025-03,40.87512934879571
2,TFM,2024-05-23,2025-04,38.710708254774985
1,TFM,2024-05-23,2025-05,38.445
1,TFM,2024-05-23,2025-09,38.4
2,TFM,2024-05-23,2025-10,38.745476772616136
2,TFM,2024-05-23,2025-11,39.9979020979021
1,TFM,2024-05-23,2025-12,40.1
1,TFM,2024-05-23,2026-01,40.175
2,TFM,2024-05-24,2024-06,33.96905756435463
2,TFM,2024-05-24,2024-07,34.25085853384514
2,TFM,2024-05-24,2024-08,34.62624230951254
2,TFM,2024-05-24,2024-09,35.47553031819091
2,TFM,2024-05-24,2024-10,36.52924202031846
2,TFM,2024-05-24,2024-11,38.99215814453301
2,TFM,2024-05-24,2024-12,40.175845332094745
2,TFM,2024-05-24,2025-01,40.42830761043108
2,TFM,2024-05-24,2025-02,40.39491717440975
2,TFM,2024-05-24,2025-03,39.561352830001
2,TFM,2024-05-24,2025-04,37.3759685250293
1,TFM,2024-05-24,2025-09,37.6
1,TFM,2024-05-24,2025-10,37.85
1,TFM,2024-05-24,2026-04,31.4
2,TFM,2024-05-27,2024-06,34.998501872659176
2,TFM,2024-05-27,2024-07,35.20059865303068
2,TFM,2024-05-27,2024-08,35.63999657768651
2,TFM,2024-05-27,2024-09,36.43252962085309
1,TFM,2024-05-27,2024-10,37.305
2,TFM,2024-05-27,2024-11,39.76484962406015
1,TFM,2024-05-27,2024-12,40.955
1,TFM,2024-05-27,2025-01,41.165
1,TFM,2024-05-27,2025-02,41.375
1,TFM,2024-05-27,2025-03,40.575
1,TFM,2024-05-27,2025-04,38.25
2,TFM,2024-05-28,2024-06,33.530848653496165
2,TFM,2024-05-28,2024-07,33.845396531190765
2,TFM,2024-05-28,2024-08,34.22469609406138
2,TFM,2024-05-28,2024-09,35.04025626530997
2,TFM,2024-05-28,2024-10,36.04587783689137
2,TFM,2024-05-28,2024-11,38.60468401486988
2,TFM,2024-05-28,2024-12,39.880886287625415
2,TFM,2024-05-28,2025-01,40.13551082296351
2,TFM,2024-05-28,2025-02,40.043121864548496
2,TFM,2024-05-28,2025-03,39.305856867779205
2,TFM,2024-05-28,2025-04,37.65003588516747
1,TFM,2024-05-28,2025-05,37.1
1,TFM,2024-05-28,2027-06,25.99
1,TFM,2024-05-28,2027-07,25.689999999999998
2,TFM,2024-05-29,2024-06,33.84441126583902
2,TFM,2024-05-29,2024-07,34.130990735975296
2,TFM,2024-05-29,2024-08,34.47037091551369
2,TFM,2024-05-29,2024-09,35.27840251228837
2,TFM,2024-05-29,2024-10,36.3056245064963
2,TFM,2024-05-29,2024-11,38.9016110696981
2,TFM,2024-05-29,2024-12,40.0800848265345
2,TFM,2024-05-29,2025-01,40.524703065134105
2,TFM,2024-05-29,2025-02,40.335919460767364
2,TFM,2024-05-29,2025-03,39.60766201008925
2,TFM,2024-05-29,2025-04,37.47503427592116
1,TFM,2024-05-29,2025-05,36.8
2,TFM,2024-05-30,2024-06,34.85
2,TFM,2024-05-30,2024-07,35.02624320172707
2,TFM,2024-05-30,2024-08,35.363344694387635
2,TFM,2024-05-30,2024-09,36.15680896001904
2,TFM,2024-05-30,2024-10,37.086250135589545
2,TFM,2024-05-30,2024-11,39.63369191919191
2,TFM,2024-05-30,2024-12,40.72
2,TFM,2024-05-30,2025-01,41.04589894113129
2,TFM,2024-05-30,2025-02,40.973334036907495
2,TFM,2024-05-30,2025-03,40.164397850653664
2,TFM,2024-05-30,2025-04,38.30264800467767
2,TFM,2024-05-30,2025-05,37.65
1,TFM,2024-05-30,2025-06,36.4
1,TFM,2024-05-30,2025-12,39.26
2,TFM,2024-05-31,2024-07,34.68655635863248
2,TFM,2024-05-31,2024-08,34.957665609946886
2,TFM,2024-05-31,2024-09,35.697105356870324
2,TFM,2024-05-31,2024-10,36.59953176594902
2,TFM,2024-05-31,2024-11,39.0521568168128
2,TFM,2024-05-31,2024-12,40.13141262729124
2,TFM,2024-05-31,2025-01,40.34415716612378
2,TFM,2024-05-31,2025-02,40.29018528049408
2,TFM,2024-05-31,2025-03,39.180336299200725
1,TFM,2024-05-31,2025-04,37.45
1,TFM,2024-05-31,2025-05,36.725
1,TFM,2024-05-31,2025-06,35.74
1,TFM,2024-05-31,2025-07,36.365
1,TFM,2024-05-31,2025-08,35.75
1,TFM,2024-05-31,2025-09,36.45
2,TFM,2024-06-03,2024-07,36.150496270671866
2,TFM,2024-06-03,2024-08,36.4
2,TFM,2024-06-03,2024-09,37.10465065262696
2,TFM,2024-06-03,2024-10,37.73988209629668
2,TFM,2024-06-03,2024-11,40.150000000000006
2,TFM,2024-06-03,2024-12,41.08955902957009
2,TFM,2024-06-03,2025-01,41.41002897151135
2,TFM,2024-06-03,2025-02,41.35433750718711
2,TFM,2024-06-03,2025-03,40.33270988071123
2,TFM,2024-06-03,2025-04,37.99296044607075
2,TFM,2024-06-03,2025-05,37.08796914095079
2,TFM,2024-06-03,2025-06,36.634121660580426
2,TFM,2024-06-03,2025-07,36.81681318681319
2,TFM,2024-06-03,2025-08,37.439177330895795
2,TFM,2024-06-03,2025-09,37.9572864170264
1,TFM,2024-06-03,2025-10,37.73
1,TFM,2024-06-03,2025-11,38.97
1,TFM,2024-06-03,2025-12,39.3
1,TFM,2024-06-03,2026-01,39.89
1,TFM,2024-06-03,2026-02,39.66
1,TFM,2024-06-03,2026-03,37.6
1,TFM,2024-06-03,2026-04,32.2
1,TFM,2024-06-03,2026-05,30.17
1,TFM,2024-06-03,2026-06,29.73
1,TFM,2024-06-03,2026-07,29.76
1,TFM,2024-06-03,2026-08,29.9
1,TFM,2024-06-03,2026-09,30.29
2,TFM,2024-06-04,2024-07,34.095818364428425
2,TFM,2024-06-04,2024-08,34.322410958904115
2,TFM,2024-06-04,2024-09,35.014037926384944
2,TFM,2024-06-04,2024-10,35.88395079439085
2,TFM,2024-06-04,2024-11,38.18547232775439
2,TFM,2024-06-04,2024-12,39.20035163535459
2,TFM,2024-06-04,2025-01,39.48370209414922
2,TFM,2024-06-04,2025-02,39.43498942470389
2,TFM,2024-06-04,2025-03,38.66497903631556
1,TFM,2024-06-04,2025-04,36.465
1,TFM,2024-06-04,2025-05,35.57
1,TFM,2024-06-04,2025-06,35.335
1,TFM,2024-06-04,2025-10,36.48
1,TFM,2024-06-04,2025-11,37.6
1,TFM,2024-06-04,2025-12,38.25
2,TFM,2024-06-05,2024-07,33.39334292779828
2,TFM,2024-06-05,2024-08,33.60451792579935
2,TFM,2024-06-05,2024-09,34.34864640227974
2,TFM,2024-06-05,2024-10,35.15597990481226
2,TFM,2024-06-05,2024-11,37.4675659229209
2,TFM,2024-06-05,2024-12,38.408306020208876
2,TFM,2024-06-05,2025-01,38.69550769025901
2,TFM,2024-06-05,2025-02,38.67859638178415
1,TFM,2024-06-05,2025-03,37.915
1,TFM,2024-06-05,2025-04,35.545
2,TFM,2024-06-05,2025-05,35.19845713026229
2,TFM,2024-06-06,2024-07,33.114116474035484
2,TFM,2024-06-06,2024-08,33.35516063926188
2,TFM,2024-06-06,2024-09,34.08505322045646
2,TFM,2024-06-06,2024-10,34.861067471066235
2,TFM,2024-06-06,2024-11,37.052370567671055
2,TFM,2024-06-06,2024-12,38.08393633202956
2,TFM,2024-06-06,2025-01,38.36368880455408
2,TFM,2024-06-06,2025-02,38.323893039716864
1,TFM,2024-06-06,2025-03,37.645
1,TFM,2024-06-06,2025-04,35.8
1,TFM,2024-06-06,2025-05,34.555
1,TFM,2024-06-06,2025-06,34.16
1,TFM,2024-06-06,2025-11,35.9
1,TFM,2024-06-06,2025-12,36.875
2,TFM,2024-06-07,2024-07,33.19497775980591
2,TFM,2024-06-07,2024-08,33.434324601472916
2,TFM,2024-06-07,2024-09,34.16220730565095
2,TFM,2024-06-07,2024-10,35.031852131271215
2,TFM,2024-06-07,2024-11,37.254788946634555
2,TFM,2024-06-07,2024-12,38.24996113675006
2,TFM,2024-06-07,2025-01,38.48556284805091
1,TFM,2024-06-07,2025-02,38.38
2,TFM,2024-06-07,2025-03,37.692206235011994
1,TFM,2024-06-07,2025-04,35.35
1,TFM,2024-06-07,2025-05,34.85
1,TFM,2024-06-07,2025-08,34.5
1,TFM,2024-06-07,2025-09,34.77
2,TFM,2024-06-10,2024-07,34.44368503217454
2,TFM,2024-06-10,2024-08,34.67448764534884
2,TFM,2024-06-10,2024-09,35.512278461818404
2,TFM,2024-06-10,2024-10,36.39214564286171
2,TFM,2024-06-10,2024-11,38.58429037049262
2,TFM,2024-06-10,2024-12,39.50414627319258
2,TFM,2024-06-10,2025-01,39.75346786592866
1,TFM,2024-06-10,2025-02,39.775
2,TFM,2024-06-10,2025-03,38.686523469895505
2,TFM,2024-06-10,2025-04,36.601112111661415
1,TFM,2024-06-10,2025-05,35.955
1,TFM,2024-06-10,2025-06,35.57
1,TFM,2024-06-10,2025-07,34.6
1,TFM,2024-06-10,2025-09,34.45
2,TFM,2024-06-10,2025-10,35.187074303405566
1,TFM,2024-06-10,2025-12,36.6
2,TFM,2024-06-11,2024-07,34.148088894967174
2,TFM,2024-06-11,2024-08,34.45387988722969
2,TFM,2024-06-11,2024-09,35.11480993433689
2,TFM,2024-06-11,2024-10,35.974632817990155
2,TFM,2024-06-11,2024-11,38.08779057406095
2,TFM,2024-06-11,2024-12,38.961665800640866
2,TFM,2024-06-11,2025-01,39.19583026720551
2,TFM,2024-06-11,2025-02,39.09698306502195
2,TFM,2024-06-11,2025-03,38.24203229865771
1,TFM,2024-06-11,2025-04,36.295
1,TFM,2024-06-11,2025-05,35.5
2,TFM,2024-06-12,2024-07,35.0
2,TFM,2024-06-12,2024-08,35.165339987991594
2,TFM,2024-06-12,2024-09,35.8981051834699
2,TFM,2024-06-12,2024-10,36.76054330708662
2,TFM,2024-06-12,2024-11,38.79128553588481
2,TFM,2024-06-12,2024-12,39.69118583668209
2,TFM,2024-06-12,2025-01,39.90016710112961
2,TFM,2024-06-12,2025-02,39.890078466157206
2,TFM,2024-06-12,2025-03,39.40515081206497
2,TFM,2024-06-12,2025-04,36.87215132178669
2,TFM,2024-06-12,2025-05,36.58856401778589
1,TFM,2024-06-12,2025-06,35.8
1,TFM,2024-06-12,2025-10,36.6
1,TFM,2024-06-12,2025-12,38.0
1,TFM,2024-06-12,2026-08,29.0
1,TFM,2024-06-12,2026-09,29.525
2,TFM,2024-06-13,2024-07,35.79689234779008
2,TFM,2024-06-13,2024-08,36.10118265086207
2,TFM,2024-06-13,2024-09,36.7829769156781
2,TFM,2024-06-13,2024-10,37.57838116946551
2,TFM,2024-06-13,2024-11,39.47842950326142
2,TFM,2024-06-13,2024-12,40.35998343761502
2,TFM,2024-06-13,2025-01,40.594843442421265
2,TFM,2024-06-13,2025-02,40.398470613318175
2,TFM,2024-06-13,2025-03,39.534329094572996
2,TFM,2024-06-13,2025-04,37.11093617382448
2,TFM,2024-06-13,2025-05,36.42328589909444
1,TFM,2024-06-13,2025-07,36.0
1,TFM,2024-06-13,2025-10,36.65
2,TFM,2024-06-14,2024-07,37.38976887376596
2,TFM,2024-06-14,2024-08,37.693576341469466
2,TFM,2024-06-14,2024-09,36.563947713029656
2,TFM,2024-06-14,2024-10,37.361586863452004
2,TFM,2024-06-14,2024-11,39.28241894469167
2,TFM,2024-06-14,2024-12,40.1847989575577
2,TFM,2024-06-14,2025-01,40.409339363592316
2,TFM,2024-06-14,2025-02,40.29124460670428
2,TFM,2024-06-14,2025-03,39.43003699693196
2,TFM,2024-06-14,2025-04,36.606046561758994
1,TFM,2024-06-14,2025-05,36.33
1,TFM,2024-06-14,2025-06,35.5
1,TFM,2024-06-14,2025-07,35.5
2,TFM,2024-06-14,2025-10,36.35027736686391
1,TFM,2024-06-14,2025-11,37.525
1,TFM,2024-06-14,2025-12,38.55
1,TFM,2024-06-14,2026-01,38.5
1,TFM,2024-06-14,2026-02,38.25
1,TFM,2024-06-14,2026-03,36.35
2,TFM,2024-06-17,2024-07,34.32966942148761
2,TFM,2024-06-17,2024-08,34.66364823725817
2,TFM,2024-06-17,2024-09,35.42
2,TFM,2024-06-17,2024-10,36.29898722706481
2,TFM,2024-06-17,2024-11,38.41720367735581
2,TFM,2024-06-17,2024-12,39.20059045819556
2,TFM,2024-06-17,2025-01,39.46204882668631
2,TFM,2024-06-17,2025-02,39.39920785298482
2,TFM,2024-06-17,2025-03,38.632999184054086
2,TFM,2024-06-17,2025-04,36.17076248513675
2,TFM,2024-06-17,2025-05,35.7
1,TFM,2024-06-17,2025-10,35.9
1,TFM,2024-06-17,2025-11,37.15
2,TFM,2024-06-18,2024-07,34.67189771994685
2,TFM,2024-06-18,2024-08,35.06455944663745
2,TFM,2024-06-18,2024-09,35.93398846755278
2,TFM,2024-06-18,2024-10,36.81028438769587
2,TFM,2024-06-18,2024-11,38.90446676146463
2,TFM,2024-06-18,2024-12,39.662345767575324
2,TFM,2024-06-18,2025-01,39.75766903914591
1,TFM,2024-06-18,2025-02,39.735
2,TFM,2024-06-18,2025-03,38.94833813427875
2,TFM,2024-06-18,2025-04,36.859800780161606
2,TFM,2024-06-19,2024-07,35.35400034839738
2,TFM,2024-06-19,2024-08,35.691225550878926
2,TFM,2024-06-19,2024-09,36.569218156713845
2,TFM,2024-06-19,2024-10,37.51399587750294
2,TFM,2024-06-19,2024-11,39.75357942315971
2,TFM,2024-06-19,2024-12,40.56530226700252
2,TFM,2024-06-19,2025-01,40.682632340179346
2,TFM,2024-06-19,2025-02,40.60115961380444
2,TFM,2024-06-19,2025-03,39.79382493052798
2,TFM,2024-06-19,2025-04,37.653259827420904
1,TFM,2024-06-19,2025-06,36.65
1,TFM,2024-06-19,2025-07,36.625
1,TFM,2024-06-19,2025-08,36.65
1,TFM,2024-06-19,2025-09,36.95
2,TFM,2024-06-20,2024-07,34.424655032929245
2,TFM,2024-06-20,2024-08,34.81106919396394
2,TFM,2024-06-20,2024-09,35.82183268783889
2,TFM,2024-06-20,2024-10,36.864663884128476
2,TFM,2024-06-20,2024-11,39.22798938679245
2,TFM,2024-06-20,2024-12,40.06516853507044
2,TFM,2024-06-20,2025-01,40.28234387606907
2,TFM,2024-06-20,2025-02,40.246768921297466
2,TFM,2024-06-20,2025-03,39.37585764587525
2,TFM,2024-06-20,2025-04,37.42532561505065
2,TFM,2024-06-20,2025-05,36.72031109781633
1,TFM,2024-06-20,2025-06,36.85
1,TFM,2024-06-20,2025-07,36.55
1,TFM,2024-06-20,2025-09,36.935
1,TFM,2024-06-20,2025-10,37.5
1,TFM,2024-06-20,2025-12,39.495
2,TFM,2024-06-21,2024-07,33.943739234980136
2,TFM,2024-06-21,2024-08,34.35098525710176
2,TFM,2024-06-21,2024-09,35.32440546967896
2,TFM,2024-06-21,2024-10,36.304501629288865
2,TFM,2024-06-21,2024-11,38.625
2,TFM,2024-06-21,2024-12,39.44715162552273
1,TFM,2024-06-21,2025-01,39.795
1,TFM,2024-06-21,2025-02,39.69
2,TFM,2024-06-21,2025-03,38.8795957309185
2,TFM,2024-06-21,2025-04,37.09534174125305
1,TFM,2024-06-21,2025-05,36.18
1,TFM,2024-06-21,2025-07,36.0
1,TFM,2024-06-21,2025-08,36.15
2,TFM,2024-06-24,2024-07,34.6
2,TFM,2024-06-24,2024-08,34.86457956390629
2,TFM,2024-06-24,2024-09,35.83986155207412
2,TFM,2024-06-24,2024-10,36.82618512573569
2,TFM,2024-06-24,2024-11,39.084515771997786
2,TFM,2024-06-24,2024-12,40.1
2,TFM,2024-06-24,2025-01,40.33505099872503
2,TFM,2024-06-24,2025-02,40.199823547307574
2,TFM,2024-06-24,2025-03,39.42032636194974
1,TFM,2024-06-24,2025-04,37.35
1,TFM,2024-06-24,2025-06,36.3
1,TFM,2024-06-24,2025-10,36.8
1,TFM,2024-06-24,2026-03,36.6
1,TFM,2024-06-24,2026-04,32.2
2,TFM,2024-06-25,2024-07,34.54116642958748
2,TFM,2024-06-25,2024-08,34.89442371564534
2,TFM,2024-06-25,2024-09,35.829975324536
2,TFM,2024-06-25,2024-10,36.7999816631521
2,TFM,2024-06-25,2024-11,39.125681959725966
2,TFM,2024-06-25,2024-12,40.04017333037988
2,TFM,2024-06-25,2025-01,40.36690102630647
2,TFM,2024-06-25,2025-02,40.42996269399124
2,TFM,2024-06-25,2025-03,39.535
2,TFM,2024-06-25,2025-04,37.35
1,TFM,2024-06-25,2025-05,36.625
1,TFM,2024-06-25,2025-06,36.335
1,TFM,2024-06-25,2025-07,36.25
2,TFM,2024-06-26,2024-07,34.05145084248121
2,TFM,2024-06-26,2024-08,34.407431181959566
2,TFM,2024-06-26,2024-09,35.29999999999999
2,TFM,2024-06-26,2024-10,36.20907243816254
2,TFM,2024-06-26,2024-11,38.5336093418259
2,TFM,2024-06-26,2024-12,39.40421445091315
2,TFM,2024-06-26,2025-01,39.82387420370507
2,TFM,2024-06-26,2025-02,39.79948941929134
2,TFM,2024-06-26,2025-03,39.0706654850145
2,TFM,2024-06-26,2025-04,36.96010826904859
2,TFM,2024-06-26,2025-05,36.23005260204797
2,TFM,2024-06-26,2025-06,35.975
1,TFM,2024-06-26,2026-01,39.5
1,TFM,2024-06-26,2026-03,37.45
1,TFM,2024-06-26,2026-04,31.95
1,TFM,2024-06-26,2027-04,27.87
2,TFM,2024-06-27,2024-07,34.33670385615251
2,TFM,2024-06-27,2024-08,34.55793778075498
2,TFM,2024-06-27,2024-09,35.449848960589
2,TFM,2024-06-27,2024-10,36.32530667179389
2,TFM,2024-06-27,2024-11,38.67133940470902
2,TFM,2024-06-27,2024-12,39.678502424468476
1,TFM,2024-06-27,2025-01,40.0
1,TFM,2024-06-27,2025-02,40.0
1,TFM,2024-06-27,2025-03,39.135
1,TFM,2024-06-27,2025-04,37.36
1,TFM,2024-06-27,2025-05,36.86
1,TFM,2024-06-27,2025-06,36.5
2,TFM,2024-06-27,2025-10,37.0
2,TFM,2024-06-27,2025-11,38.00616016427105
2,TFM,2024-06-28,2024-08,34.504138152470354
2,TFM,2024-06-28,2024-09,35.434478133356336
2,TFM,2024-06-28,2024-10,36.418903335217635
2,TFM,2024-06-28,2024-11,38.93256307769173
2,TFM,2024-06-28,2024-12,39.88435604293047
2,TFM,2024-06-28,2025-01,40.27209544032186
2,TFM,2024-06-28,2025-02,40.23989431627786
1,TFM,2024-06-28,2025-03,39.55
2,TFM,2024-06-28,2025-04,37.700918452546624
1,TFM,2024-06-28,2025-05,36.615
2,TFM,2024-07-01,2024-08,33.44520091225022
2,TFM,2024-07-01,2024-09,34.5
2,TFM,2024-07-01,2024-10,35.671617289946575
2,TFM,2024-07-01,2024-11,38.29428061277301
2,TFM,2024-07-01,2024-12,39.22494995308101
2,TFM,2024-07-01,2025-01,39.60775526597644
2,TFM,2024-07-01,2025-02,39.66049264104661
2,TFM,2024-07-01,2025-03,38.988222778473094
2,TFM,2024-07-01,2025-04,37.23298452687959
1,TFM,2024-07-01,2025-05,36.72
1,TFM,2024-07-01,2025-06,36.41
1,TFM,2024-07-01,2025-07,36.42
1,TFM,2024-07-01,2025-08,36.44
1,TFM,2024-07-01,2025-09,36.66
1,TFM,2024-07-01,2025-10,36.98
1,TFM,2024-07-01,2025-11,38.05
1,TFM,2024-07-01,2025-12,38.81
1,TFM,2024-07-01,2026-01,39.14
1,TFM,2024-07-01,2026-02,38.73
1,TFM,2024-07-01,2026-03,37.02
1,TFM,2024-07-01,2026-04,32.29
1,TFM,2024-07-01,2026-05,30.49
1,TFM,2024-07-01,2026-06,30.1
1,TFM,2024-07-01,2026-07,30.229999999999997
1,TFM,2024-07-01,2026-08,30.270000000000003
1,TFM,2024-07-01,2026-09,30.67
2,TFM,2024-07-02,2024-08,33.56411673016972
2,TFM,2024-07-02,2024-09,34.658492944527154
2,TFM,2024-07-02,2024-10,35.92424641754596
2,TFM,2024-07-02,2024-11,38.72421539041871
2,TFM,2024-07-02,2024-12,39.804186796087734
2,TFM,2024-07-02,2025-01,40.2493174993175
1,TFM,2024-07-02,2025-02,40.265
2,TFM,2024-07-02,2025-03,39.59458711808423
1,TFM,2024-07-02,2025-04,37.835
1,TFM,2024-07-02,2025-05,36.835
1,TFM,2024-07-02,2025-09,37.15
2,TFM,2024-07-02,2025-10,37.09384632819583
1,TFM,2024-07-02,2025-11,38.5
2,TFM,2024-07-02,2025-12,38.96869216533005
2,TFM,2024-07-03,2024-08,32.79091567655575
2,TFM,2024-07-03,2024-09,33.8589639696989
2,TFM,2024-07-03,2024-10,35.24839318150063
2,TFM,2024-07-03,2024-11,38.08386779505947
2,TFM,2024-07-03,2024-12,39.2099812542604
2,TFM,2024-07-03,2025-01,39.58209519700891
2,TFM,2024-07-03,2025-02,39.61243604342215
2,TFM,2024-07-03,2025-03,38.96976486980754
2,TFM,2024-07-03,2025-04,37.32555601317958
1,TFM,2024-07-03,2025-05,36.805
1,TFM,2024-07-03,2025-06,36.7
1,TFM,2024-07-03,2025-07,36.6
1,TFM,2024-07-03,2025-10,37.15
1,TFM,2024-07-03,2025-11,38.24
1,TFM,2024-07-03,2025-12,38.95
1,TFM,2024-07-03,2026-01,39.16
2,TFM,2024-07-04,2024-08,33.50896981664316
2,TFM,2024-07-04,2024-09,34.57230588235294
2,TFM,2024-07-04,2024-10,35.81503975065499
2,TFM,2024-07-04,2024-11,38.514901410379295
2,TFM,2024-07-04,2024-12,39.61592440999738
2,TFM,2024-07-04,2025-01,40.1235039893617
1,TFM,2024-07-04,2025-02,39.82
1,TFM,2024-07-04,2025-03,39.43
1,TFM,2024-07-04,2025-04,37.85
1,TFM,2024-07-04,2025-05,37.03
1,TFM,2024-07-04,2025-06,36.75
1,TFM,2024-07-04,2025-07,36.99
1,TFM,2024-07-04,2025-08,36.95
1,TFM,2024-07-04,2025-09,37.275
1,TFM,2024-07-04,2025-12,39.4
1,TFM,2024-07-04,2026-01,39.535
1,TFM,2024-07-04,2026-03,37.65
2,TFM,2024-07-05,2024-08,33.04617173783192
2,TFM,2024-07-05,2024-09,34.12960057723032
2,TFM,2024-07-05,2024-10,35.39751309814879
2,TFM,2024-07-05,2024-11,38.11830456496976
2,TFM,2024-07-05,2024-12,39.12644455125404
2,TFM,2024-07-05,2025-01,39.46776707530648
1,TFM,2024-07-05,2025-02,39.55
2,TFM,2024-07-05,2025-03,38.87995037220844
1,TFM,2024-07-05,2025-04,37.205
1,TFM,2024-07-05,2025-06,36.4
1,TFM,2024-07-05,2025-07,36.7
1,TFM,2024-07-05,2025-10,37.3
1,TFM,2024-07-05,2025-11,38.3
1,TFM,2024-07-05,2025-12,39.05
1,TFM,2024-07-05,2026-01,39.4
2,TFM,2024-07-08,2024-08,32.151498376758504
2,TFM,2024-07-08,2024-09,33.27028576642336
2,TFM,2024-07-08,2024-10,34.65172214461197
2,TFM,2024-07-08,2024-11,37.48067498071483
2,TFM,2024-07-08,2024-12,38.5617724849408
2,TFM,2024-07-08,2025-01,38.92
2,TFM,2024-07-08,2025-02,38.969959655728886
1,TFM,2024-07-08,2025-03,38.36
1,TFM,2024-07-08,2025-04,36.825
1,TFM,2024-07-08,2025-06,36.15
1,TFM,2024-07-08,2025-11,38.2
1,TFM,2024-07-08,2025-12,39.0
1,TFM,2024-07-08,2026-01,39.15
1,TFM,2024-07-08,2026-03,37.7
1,TFM,2024-07-08,2026-04,33.025
2,TFM,2024-07-09,2024-08,31.09793773814967
2,TFM,2024-07-09,2024-09,32.2
2,TFM,2024-07-09,2024-10,33.56991780118161
2,TFM,2024-07-09,2024-11,36.33044362857579
2,TFM,2024-07-09,2024-12,37.39629079396006
2,TFM,2024-07-09,2025-01,37.76049975706253
2,TFM,2024-07-09,2025-02,38.05478145261164
2,TFM,2024-07-09,2025-03,37.357128136200714
2,TFM,2024-07-09,2025-04,35.777752852075544
1,TFM,2024-07-09,2025-05,35.45
2,TFM,2024-07-09,2025-06,35.73476235741445
1,TFM,2024-07-09,2025-10,35.85
1,TFM,2024-07-09,2025-11,37.025
1,TFM,2024-07-09,2026-01,38.035
2,TFM,2024-07-09,2026-02,37.77611619994766
2,TFM,2024-07-10,2024-08,30.662955359529537
2,TFM,2024-07-10,2024-09,31.777338902631897
2,TFM,2024-07-10,2024-10,33.2
2,TFM,2024-07-10,2024-11,36.0407370694429
2,TFM,2024-07-10,2024-12,37.10080363209587
2,TFM,2024-07-10,2025-01,37.48102190546064
2,TFM,2024-07-10,2025-02,37.50009100837277
1,TFM,2024-07-10,2025-03,36.9
2,TFM,2024-07-10,2025-04,35.59914097325409
1,TFM,2024-07-10,2025-10,35.6
1,TFM,2024-07-10,2025-12,37.45
1,TFM,2024-07-10,2026-03,35.8
2,TFM,2024-07-11,2024-08,31.10620975771656
2,TFM,2024-07-11,2024-09,32.175
2,TFM,2024-07-11,2024-10,33.631695786228164
2,TFM,2024-07-11,2024-11,36.40500000000001
2,TFM,2024-07-11,2024-12,37.51706534379998
2,TFM,2024-07-11,2025-01,37.83840390879479
2,TFM,2024-07-11,2025-02,37.984428934010154
1,TFM,2024-07-11,2025-03,37.43
1,TFM,2024-07-11,2025-04,35.78
1,TFM,2024-07-11,2025-10,35.725
2,TFM,2024-07-12,2024-08,31.58712890269779
2,TFM,2024-07-12,2024-09,32.627553530751705
2,TFM,2024-07-12,2024-10,34.115146063412894
2,TFM,2024-07-12,2024-11,36.88793796263659
2,TFM,2024-07-12,2024-12,38.001361117901084
2,TFM,2024-07-12,2025-01,38.330247886680375
2,TFM,2024-07-12,2025-02,38.43032899656049
1,TFM,2024-07-12,2025-03,38.06
2,TFM,2024-07-12,2025-04,36.44140302135787
1,TFM,2024-07-12,2025-05,35.635
2,TFM,2024-07-12,2025-09,35.88327425786443
1,TFM,2024-07-12,2025-12,37.85
1,TFM,2024-07-12,2026-01,38.25
1,TFM,2024-07-12,2026-02,38.20000000000001
1,TFM,2024-07-12,2026-03,36.5
2,TFM,2024-07-15,2024-08,31.680922330097086
2,TFM,2024-07-15,2024-09,32.60022369322073
2,TFM,2024-07-15,2024-10,34.009379172229636
2,TFM,2024-07-15,2024-11,36.76726906860867
2,TFM,2024-07-15,2024-12,37.87085180756141
2,TFM,2024-07-15,2025-01,38.0619387755102
1,TFM,2024-07-15,2025-02,38.085
1,TFM,2024-07-15,2025-03,37.535
1,TFM,2024-07-15,2025-04,36.11
1,TFM,2024-07-15,2025-05,35.515
1,TFM,2024-07-15,2025-09,35.8
2,TFM,2024-07-15,2025-10,36.253807106598984
1,TFM,2024-07-15,2025-11,37.275
2,TFM,2024-07-15,2025-12,38.006068965517244
2,TFM,2024-07-16,2024-08,32.797709807572936
2,TFM,2024-07-16,2024-09,33.76167406174894
2,TFM,2024-07-16,2024-10,35.040559371085486
2,TFM,2024-07-16,2024-11,37.62707874466866
2,TFM,2024-07-16,2024-12,38.680915455035
2,TFM,2024-07-16,2025-01,39.01296951956137
2,TFM,2024-07-16,2025-02,39.0175828943291
2,TFM,2024-07-16,2025-03,38.52296665311102
2,TFM,2024-07-16,2025-04,37.094821276595745
1,TFM,2024-07-16,2025-05,36.405
2,TFM,2024-07-16,2025-07,36.29678054015382
1,TFM,2024-07-16,2025-08,36.4
1,TFM,2024-07-16,2025-09,36.1
1,TFM,2024-07-16,2025-10,36.9
1,TFM,2024-07-16,2025-11,38.0
1,TFM,2024-07-16,2025-12,38.75
1,TFM,2024-07-16,2026-03,36.75
1,TFM,2024-07-16,2026-04,32.55
2,TFM,2024-07-17,2024-08,31.55939429631775
2,TFM,2024-07-17,2024-09,32.5
2,TFM,2024-07-17,2024-10,33.82825743673943
2,TFM,2024-07-17,2024-11,36.46912005866276
2,TFM,2024-07-17,2024-12,37.57009029060978
2,TFM,2024-07-17,2025-01,38.04632323124533
2,TFM,2024-07-17,2025-02,38.0856589785832
2,TFM,2024-07-17,2025-03,37.49538213744315
2,TFM,2024-07-17,2025-04,36.69835635359115
2,TFM,2024-07-17,2025-05,35.63471708579881
1,TFM,2024-07-17,2025-07,35.4
2,TFM,2024-07-18,2024-08,32.352157332432
2,TFM,2024-07-18,2024-09,33.2448635900051
2,TFM,2024-07-18,2024-10,34.46457536118704
2,TFM,2024-07-18,2024-11,37.02325309543952
2,TFM,2024-07-18,2024-12,38.1475076142132
2,TFM,2024-07-18,2025-01,38.4783185840708
2,TFM,2024-07-18,2025-02,38.51054914108702
2,TFM,2024-07-18,2025-03,38.124935828154555
2,TFM,2024-07-18,2025-04,36.699999999999996
1,TFM,2024-07-18,2025-05,35.85
1,TFM,2024-07-18,2025-07,35.9
1,TFM,2024-07-18,2025-08,35.9
1,TFM,2024-07-18,2025-09,36.2
1,TFM,2024-07-18,2025-10,36.0
1,TFM,2024-07-18,2025-11,37.125
1,TFM,2024-07-18,2025-12,37.825
1,TFM,2024-07-18,2026-01,38.19
1,TFM,2024-07-18,2026-04,32.1
1,TFM,2024-07-18,2026-09,30.7
1,TFM,2024-07-18,2026-12,33.15
2,TFM,2024-07-19,2024-08,31.729642830344414
2,TFM,2024-07-19,2024-09,32.6
2,TFM,2024-07-19,2024-10,33.899830677290836
2,TFM,2024-07-19,2024-11,36.505187775795704
2,TFM,2024-07-19,2024-12,37.589172813487885
1,TFM,2024-07-19,2025-01,37.975
1,TFM,2024-07-19,2025-02,38.02
1,TFM,2024-07-19,2025-03,37.47
2,TFM,2024-07-19,2025-04,36.46979291119076
1,TFM,2024-07-19,2025-05,35.75
1,TFM,2024-07-19,2025-06,35.43
2,TFM,2024-07-22,2024-08,31.884625654688023
2,TFM,2024-07-22,2024-09,32.73970878295315
2,TFM,2024-07-22,2024-10,34.01698745602973
2,TFM,2024-07-22,2024-11,36.62307692307692
2,TFM,2024-07-22,2024-12,37.69126182629957
2,TFM,2024-07-22,2025-01,38.05560294363606
2,TFM,2024-07-22,2025-02,38.13665306122449
1,TFM,2024-07-22,2025-03,37.645
2,TFM,2024-07-22,2025-04,36.105140927774514
2,TFM,2024-07-23,2024-08,31.371764679794218
2,TFM,2024-07-23,2024-09,32.29234394106138
2,TFM,2024-07-23,2024-10,33.6
2,TFM,2024-07-23,2024-11,36.26978254116185
2,TFM,2024-07-23,2024-12,37.35
2,TFM,2024-07-23,2025-01,37.68660404394205
2,TFM,2024-07-23,2025-02,37.73577747062889
1,TFM,2024-07-23,2025-03,37.215
1,TFM,2024-07-23,2025-04,36.01
1,TFM,2024-07-23,2025-08,35.2
1,TFM,2024-07-23,2025-09,35.475
1,TFM,2024-07-23,2025-10,35.805
1,TFM,2024-07-23,2025-11,37.0
2,TFM,2024-07-24,2024-08,32.70657292118937
2,TFM,2024-07-24,2024-09,33.55559637305699
2,TFM,2024-07-24,2024-10,34.79699537912204
2,TFM,2024-07-24,2024-11,37.43137953420433
2,TFM,2024-07-24,2024-12,38.518915529950014
2,TFM,2024-07-24,2025-01,38.85474060682282
2,TFM,2024-07-24,2025-02,38.87001067577666
2,TFM,2024-07-24,2025-03,38.375869845360825
2,TFM,2024-07-24,2025-04,37.11475285643318
1,TFM,2024-07-24,2025-06,35.8
1,TFM,2024-07-24,2025-08,36.3
1,TFM,2024-07-24,2025-09,36.55
1,TFM,2024-07-24,2025-11,37.7
1,TFM,2024-07-24,2025-12,38.8
1,TFM,2024-07-24,2026-01,39.05
2,TFM,2024-07-25,2024-08,32.03013087248322
2,TFM,2024-07-25,2024-09,32.92191096178077
2,TFM,2024-07-25,2024-10,34.0842637345758
2,TFM,2024-07-25,2024-11,36.74918647845468
2,TFM,2024-07-25,2024-12,37.91
2,TFM,2024-07-25,2025-01,38.31
2,TFM,2024-07-25,2025-02,38.36594000729394
2,TFM,2024-07-25,2025-03,37.87069747166521
2,TFM,2024-07-25,2025-04,36.699985683607736
1,TFM,2024-07-25,2025-06,35.75
1,TFM,2024-07-25,2025-10,36.55
2,TFM,2024-07-26,2024-08,32.373693241348185
2,TFM,2024-07-26,2024-09,33.252412806607296
2,TFM,2024-07-26,2024-10,34.4996456290375
2,TFM,2024-07-26,2024-11,37.082160254147546
2,TFM,2024-07-26,2024-12,38.13742197253433
2,TFM,2024-07-26,2025-01,38.505048237715464
2,TFM,2024-07-26,2025-02,38.56611719536757
2,TFM,2024-07-26,2025-03,38.11727228564488
1,TFM,2024-07-26,2025-04,36.94
1,TFM,2024-07-26,2025-05,36.545
1,TFM,2024-07-26,2025-06,36.7
2,TFM,2024-07-26,2025-10,36.94994366831906
2,TFM,2024-07-26,2025-11,38.12497539370079
2,TFM,2024-07-26,2025-12,38.75999999999999
1,TFM,2024-07-26,2026-01,39.0
1,TFM,2024-07-26,2026-04,32.56
1,TFM,2024-07-26,2026-12,33.6
1,TFM,2024-07-26,2027-02,33.7
2,TFM,2024-07-29,2024-08,33.85
2,TFM,2024-07-29,2024-09,34.72591822554784
2,TFM,2024-07-29,2024-10,35.85
2,TFM,2024-07-29,2024-11,38.185172771413754
2,TFM,2024-07-29,2024-12,39.17971649107404
2,TFM,2024-07-29,2025-01,39.50637095307385
2,TFM,2024-07-29,2025-02,39.55489937506619
1,TFM,2024-07-29,2025-03,39.005
2,TFM,2024-07-29,2025-04,37.81003307607498
1,TFM,2024-07-29,2025-05,37.345
1,TFM,2024-07-29,2025-06,37.235
1,TFM,2024-07-29,2025-07,37.45
2,TFM,2024-07-29,2025-09,37.59421017402945
1,TFM,2024-07-29,2025-11,38.9
1,TFM,2024-07-29,2025-12,39.225
1,TFM,2024-07-29,2026-03,37.7
1,TFM,2024-07-29,2026-04,33.05
2,TFM,2024-07-30,2024-08,34.51612707327776
2,TFM,2024-07-30,2024-09,35.2
2,TFM,2024-07-30,2024-10,36.26171202048148
2,TFM,2024-07-30,2024-11,38.59826818096254
2,TFM,2024-07-30,2024-12,39.52287466397849
2,TFM,2024-07-30,2025-01,39.8347079926581
2,TFM,2024-07-30,2025-02,39.825730994152046
2,TFM,2024-07-30,2025-03,39.32987742787102
1,TFM,2024-07-30,2025-04,38.285
2,TFM,2024-07-30,2025-05,37.85690258751902
1,TFM,2024-07-30,2025-06,37.76
1,TFM,2024-07-30,2025-07,37.84
2,TFM,2024-07-30,2025-08,37.74676133532636
2,TFM,2024-07-30,2025-09,37.938529411764705
1,TFM,2024-07-30,2025-12,39.65
1,TFM,2024-07-30,2026-02,38.78
2,TFM,2024-07-31,2024-09,35.72094132817538
2,TFM,2024-07-31,2024-10,36.68970014716703
2,TFM,2024-07-31,2024-11,39.13369025791468
2,TFM,2024-07-31,2024-12,39.955927989981205
2,TFM,2024-07-31,2025-01,40.35097396151496
2,TFM,2024-07-31,2025-02,40.383973707359985
2,TFM,2024-07-31,2025-03,39.88958751828376
2,TFM,2024-07-31,2025-04,38.73782674580124
1,TFM,2024-07-31,2025-05,38.305
1,TFM,2024-07-31,2025-06,38.205
1,TFM,2024-07-31,2025-07,38.21
2,TFM,2024-08-01,2024-09,36.91820274966007
2,TFM,2024-08-01,2024-10,37.851596784977986
2,TFM,2024-08-01,2024-11,40.21762520284259
2,TFM,2024-08-01,2024-12,41.09263944412717
2,TFM,2024-08-01,2025-01,41.327442214289896
2,TFM,2024-08-01,2025-02,41.34857189077262
2,TFM,2024-08-01,2025-03,40.771530481739376
2,TFM,2024-08-01,2025-04,39.558549422336334
2,TFM,2024-08-01,2025-05,38.99873998804543
1,TFM,2024-08-01,2025-06,38.68
1,TFM,2024-08-01,2025-07,38.69
1,TFM,2024-08-01,2025-08,38.63
1,TFM,2024-08-01,2025-09,38.86
2,TFM,2024-08-01,2025-10,39.38255247376312
2,TFM,2024-08-01,2025-11,40.4859705704495
2,TFM,2024-08-01,2025-12,41.0673971460341
1,TFM,2024-08-01,2026-01,40.94
1,TFM,2024-08-01,2026-02,40.72
2,TFM,2024-08-01,2026-03,39.548590059055115
1,TFM,2024-08-01,2026-04,33.92
1,TFM,2024-08-01,2026-05,32.45
1,TFM,2024-08-01,2026-06,31.71
1,TFM,2024-08-01,2026-07,31.740000000000002
1,TFM,2024-08-01,2026-08,31.68
1,TFM,2024-08-01,2026-09,33.04
2,TFM,2024-08-02,2024-09,37.10099455443454
2,TFM,2024-08-02,2024-10,38.04026376146789
2,TFM,2024-08-02,2024-11,40.364848500816784
2,TFM,2024-08-02,2024-12,41.315740218887214
2,TFM,2024-08-02,2025-01,41.506383975759285
1,TFM,2024-08-02,2025-02,41.425
2,TFM,2024-08-02,2025-03,40.90976100811123
1,TFM,2024-08-02,2025-04,39.125
1,TFM,2024-08-02,2025-05,38.73
1,TFM,2024-08-02,2025-06,38.58
1,TFM,2024-08-02,2025-07,38.6
1,TFM,2024-08-02,2025-09,38.75
2,TFM,2024-08-02,2025-12,40.699431961625855
2,TFM,2024-08-05,2024-09,35.8184926599888
2,TFM,2024-08-05,2024-10,36.69813702984284
2,TFM,2024-08-05,2024-11,39.18968075539568
2,TFM,2024-08-05,2024-12,40.01612213941833
2,TFM,2024-08-05,2025-01,40.35485624673287
2,TFM,2024-08-05,2025-02,40.24970456494806
2,TFM,2024-08-05,2025-03,39.6997440718688
2,TFM,2024-08-05,2025-04,38.12913223140496
1,TFM,2024-08-05,2025-05,37.6
1,TFM,2024-08-05,2025-06,37.5
1,TFM,2024-08-05,2025-12,39.5
1,TFM,2024-08-05,2026-01,40.0
2,TFM,2024-08-06,2024-09,36.60051055430447
2,TFM,2024-08-06,2024-10,37.366647120036
2,TFM,2024-08-06,2024-11,39.525243482895625
2,TFM,2024-08-06,2024-12,40.34528986326138
2,TFM,2024-08-06,2025-01,40.56255615942029
2,TFM,2024-08-06,2025-02,40.63333832896216
2,TFM,2024-08-06,2025-03,40.05979393939394
1,TFM,2024-08-06,2025-04,38.835
1,TFM,2024-08-06,2025-05,38.62
1,TFM,2024-08-06,2025-06,38.5
1,TFM,2024-08-06,2025-08,38.35
1,TFM,2024-08-06,2025-09,38.25
1,TFM,2024-08-06,2025-10,38.74
1,TFM,2024-08-06,2025-12,40.4
1,TFM,2024-08-06,2026-01,40.25
2,TFM,2024-08-07,2024-09,38.726050599201066
2,TFM,2024-08-07,2024-10,39.42746533490012
2,TFM,2024-08-07,2024-11,41.44373642830401
2,TFM,2024-08-07,2024-12,42.16395559147232
2,TFM,2024-08-07,2025-01,42.36295373665481
2,TFM,2024-08-07,2025-02,42.33461623940459
2,TFM,2024-08-07,2025-03,41.73780048563335
2,TFM,2024-08-07,2025-04,40.19339546956112
2,TFM,2024-08-07,2025-05,39.16127853881279
1,TFM,2024-08-07,2025-07,38.3
1,TFM,2024-08-07,2025-09,38.4
1,TFM,2024-08-07,2025-12,40.9
2,TFM,2024-08-08,2024-09,40.30859195195812
2,TFM,2024-08-08,2024-10,41.057955020556065
2,TFM,2024-08-08,2024-11,42.755408208296565
2,TFM,2024-08-08,2024-12,43.427378967670236
2,TFM,2024-08-08,2025-01,43.62296230571534
2,TFM,2024-08-08,2025-02,43.50876019396076
2,TFM,2024-08-08,2025-03,42.827863646710675
2,TFM,2024-08-08,2025-04,41.44450189753321
2,TFM,2024-08-08,2025-05,40.779681558057966
1,TFM,2024-08-08,2025-06,39.7
1,TFM,2024-08-08,2025-11,40.7
1,TFM,2024-08-08,2025-12,41.5
1,TFM,2024-08-08,2026-01,41.885
1,TFM,2024-08-08,2026-02,42.1
1,TFM,2024-08-08,2026-03,40.525
1,TFM,2024-08-08,2026-04,35.185
2,TFM,2024-08-09,2024-09,40.063692168946346
2,TFM,2024-08-09,2024-10,40.94015205938698
2,TFM,2024-08-09,2024-11,42.78561471765229
2,TFM,2024-08-09,2024-12,43.55238916579224
2,TFM,2024-08-09,2025-01,43.78511499540018
2,TFM,2024-08-09,2025-02,43.71421346948699
2,TFM,2024-08-09,2025-03,43.07047034438776
1,TFM,2024-08-09,2025-04,41.99
1,TFM,2024-08-09,2025-05,40.995
2,TFM,2024-08-09,2025-06,40.589667017174904
1,TFM,2024-08-09,2025-07,40.62
1,TFM,2024-08-09,2025-08,40.48
1,TFM,2024-08-09,2026-04,35.2
2,TFM,2024-08-12,2024-09,39.8067310447286
2,TFM,2024-08-12,2024-10,40.61344899951196
2,TFM,2024-08-12,2024-11,42.73346561565643
2,TFM,2024-08-12,2024-12,43.44561372589674
2,TFM,2024-08-12,2025-01,43.70898792052382
2,TFM,2024-08-12,2025-02,43.63980537862703
2,TFM,2024-08-12,2025-03,43.02259701990437
2,TFM,2024-08-12,2025-04,41.5508018327606
2,TFM,2024-08-12,2025-05,40.996377159799614
2,TFM,2024-08-12,2025-06,42.38296267333959
2,TFM,2024-08-12,2025-10,42.322402200489
1,TFM,2024-08-12,2025-11,43.02
1,TFM,2024-08-12,2026-01,44.6
2,TFM,2024-08-13,2024-09,39.3576247054949
2,TFM,2024-08-13,2024-10,40.19838039679147
2,TFM,2024-08-13,2024-11,42.436159078076074
2,TFM,2024-08-13,2024-12,43.199535063928714
2,TFM,2024-08-13,2025-01,43.38413002806361
2,TFM,2024-08-13,2025-02,43.32593952483801
2,TFM,2024-08-13,2025-03,42.69590611353711
2,TFM,2024-08-13,2025-04,41.29211159737418
1,TFM,2024-08-13,2025-05,40.65
2,TFM,2024-08-13,2025-06,40.801606012658226
1,TFM,2024-08-13,2025-07,40.79
1,TFM,2024-08-13,2025-08,40.645
1,TFM,2024-08-13,2025-09,40.75
1,TFM,2024-08-13,2025-10,41.255
1,TFM,2024-08-13,2026-01,42.6
1,TFM,2024-08-13,2026-02,42.49
2,TFM,2024-08-14,2024-09,38.92012288786482
2,TFM,2024-08-14,2024-10,39.81000000000001
2,TFM,2024-08-14,2024-11,42.1494013230883
2,TFM,2024-08-14,2024-12,43.02568909005776
2,TFM,2024-08-14,2025-01,43.2553599968352
2,TFM,2024-08-14,2025-02,43.27496581274501
2,TFM,2024-08-14,2025-03,42.74620208458955
2,TFM,2024-08-14,2025-04,41.475
2,TFM,2024-08-14,2025-05,40.89
1,TFM,2024-08-14,2025-06,40.55
1,TFM,2024-08-14,2025-08,40.6
1,TFM,2024-08-14,2026-04,34.5
2,TFM,2024-08-15,2024-09,39.651960719947475
2,TFM,2024-08-15,2024-10,40.56798551344417
2,TFM,2024-08-15,2024-11,42.8256215299198
2,TFM,2024-08-15,2024-12,43.72812877596623
2,TFM,2024-08-15,2025-01,44.024351541043636
2,TFM,2024-08-15,2025-02,43.88585448392555
2,TFM,2024-08-15,2025-03,43.25728613108263
2,TFM,2024-08-15,2025-04,41.91462174278509
1,TFM,2024-08-15,2025-05,41.31
1,TFM,2024-08-15,2025-06,41.075
1,TFM,2024-08-15,2025-09,41.2
1,TFM,2024-08-15,2025-12,43.05
2,TFM,2024-08-16,2024-09,39.501698647123355
2,TFM,2024-08-16,2024-10,40.47407705462227
2,TFM,2024-08-16,2024-11,42.71500000000001
2,TFM,2024-08-16,2024-12,43.64743517869657
2,TFM,2024-08-16,2025-01,43.895293919203844
1,TFM,2024-08-16,2025-02,43.85
1,TFM,2024-08-16,2025-03,43.28
2,TFM,2024-08-16,2025-04,42.115
1,TFM,2024-08-16,2025-05,41.535
1,TFM,2024-08-16,2025-06,41.4
2,TFM,2024-08-19,2024-09,39.52641386310904
2,TFM,2024-08-19,2024-10,40.33730202890683
2,TFM,2024-08-19,2024-11,42.4527531464531
2,TFM,2024-08-19,2024-12,43.346489517531815
2,TFM,2024-08-19,2025-01,43.601480770835074
2,TFM,2024-08-19,2025-02,43.574582470344566
1,TFM,2024-08-19,2025-03,43.025
2,TFM,2024-08-19,2025-04,41.763647662793836
1,TFM,2024-08-19,2025-05,41.175
2,TFM,2024-08-20,2024-09,38.163505878112645
2,TFM,2024-08-20,2024-10,38.90698547191887
2,TFM,2024-08-20,2024-11,41.14669129606395
2,TFM,2024-08-20,2024-12,41.94819847552037
2,TFM,2024-08-20,2025-01,42.353011401008544
2,TFM,2024-08-20,2025-02,42.18014795619828
2,TFM,2024-08-20,2025-03,41.633097063559
2,TFM,2024-08-20,2025-04,40.5188039030532
2,TFM,2024-08-20,2025-05,39.80576106326106
1,TFM,2024-08-20,2025-06,39.67
1,TFM,2024-08-20,2025-07,41.4
1,TFM,2024-08-20,2025-10,41.3
1,TFM,2024-08-20,2025-12,42.97
1,TFM,2024-08-20,2026-01,42.8
2,TFM,2024-08-21,2024-09,37.23085383975274
2,TFM,2024-08-21,2024-10,37.9203093762721
2,TFM,2024-08-21,2024-11,40.14229675019149
2,TFM,2024-08-21,2024-12,41.007400000000004
2,TFM,2024-08-21,2025-01,41.39379781420765
2,TFM,2024-08-21,2025-02,41.37379103282626
2,TFM,2024-08-21,2025-03,40.7063536742587
2,TFM,2024-08-21,2025-04,39.595388247639036
2,TFM,2024-08-21,2025-05,39.036417384494904
1,TFM,2024-08-21,2025-06,38.945
1,TFM,2024-08-21,2025-11,40.49000000000001
1,TFM,2024-08-21,2025-12,40.75
1,TFM,2024-08-21,2026-04,33.5
2,TFM,2024-08-22,2024-09,36.72715412817128
2,TFM,2024-08-22,2024-10,37.41406771232621
2,TFM,2024-08-22,2024-11,39.81533383545258
2,TFM,2024-08-22,2024-12,40.6251961940911
2,TFM,2024-08-22,2025-01,41.12812801495418
2,TFM,2024-08-22,2025-02,41.17142573821067
2,TFM,2024-08-22,2025-03,40.70873582559076
2,TFM,2024-08-22,2025-04,39.6741649474408
1,TFM,2024-08-22,2025-05,38.925
1,TFM,2024-08-22,2025-06,38.535
1,TFM,2024-08-22,2025-07,38.6
2,TFM,2024-08-23,2024-09,36.6253756383255
2,TFM,2024-08-23,2024-10,37.25443593837158
2,TFM,2024-08-23,2024-11,39.66519452099205
2,TFM,2024-08-23,2024-12,40.61
2,TFM,2024-08-23,2025-01,40.90618131868131
2,TFM,2024-08-23,2025-02,40.99858162129339
2,TFM,2024-08-23,2025-03,40.53538096232126
2,TFM,2024-08-23,2025-04,40.07864908330653
1,TFM,2024-08-23,2025-05,39.485
1,TFM,2024-08-23,2025-09,39.275
2,TFM,2024-08-23,2025-10,39.07277006937562
1,TFM,2024-08-23,2025-12,40.65
2,TFM,2024-08-26,2024-09,37.759893570262456
2,TFM,2024-08-26,2024-10,38.27851695900991
2,TFM,2024-08-26,2024-11,40.54072259136213
2,TFM,2024-08-26,2024-12,41.474031141868515
2,TFM,2024-08-26,2025-01,41.83402676399027
1,TFM,2024-08-26,2025-02,41.91
1,TFM,2024-08-26,2025-03,41.455
2,TFM,2024-08-26,2025-04,40.39969382948658
1,TFM,2024-08-26,2025-05,39.965
1,TFM,2024-08-26,2025-06,39.895
1,TFM,2024-08-26,2025-10,39.05
2,TFM,2024-08-27,2024-09,38.72937644891285
2,TFM,2024-08-27,2024-10,39.2
2,TFM,2024-08-27,2024-11,41.1481943180185
2,TFM,2024-08-27,2024-12,42.15451853144818
2,TFM,2024-08-27,2025-01,42.444440480051895
2,TFM,2024-08-27,2025-02,42.51892139889197
2,TFM,2024-08-27,2025-03,41.982992007596735
1,TFM,2024-08-27,2025-04,40.86
2,TFM,2024-08-27,2025-05,40.30995937711578
1,TFM,2024-08-27,2025-06,40.185
1,TFM,2024-08-27,2025-10,40.35
2,TFM,2024-08-28,2024-09,38.3
2,TFM,2024-08-28,2024-10,38.71197363060208
2,TFM,2024-08-28,2024-11,40.685087322236875
2,TFM,2024-08-28,2024-12,41.602369477911644
2,TFM,2024-08-28,2025-01,41.961260422094846
2,TFM,2024-08-28,2025-02,42.080484145562885
2,TFM,2024-08-28,2025-03,41.58
2,TFM,2024-08-28,2025-04,40.591468380345766
2,TFM,2024-08-28,2025-05,40.47890098062665
2,TFM,2024-08-28,2025-06,39.875243996404265
1,TFM,2024-08-28,2025-10,40.0
1,TFM,2024-08-28,2025-12,41.95
1,TFM,2024-08-28,2026-02,41.8
1,TFM,2024-08-28,2026-04,34.25
2,TFM,2024-08-29,2024-09,38.93684072940576
2,TFM,2024-08-29,2024-10,39.25975759720441
2,TFM,2024-08-29,2024-11,40.99437776852307
2,TFM,2024-08-29,2024-12,41.754539831932775
2,TFM,2024-08-29,2025-01,42.18883638511518
2,TFM,2024-08-29,2025-02,42.193123643270624
2,TFM,2024-08-29,2025-03,41.666393011459704
2,TFM,2024-08-29,2025-04,40.56483900195149
1,TFM,2024-08-29,2025-05,40.035
1,TFM,2024-08-29,2025-06,39.775
1,TFM,2024-08-29,2025-07,39.75
1,TFM,2024-08-29,2025-08,39.45
1,TFM,2024-08-29,2025-09,39.7
1,TFM,2024-08-29,2025-10,39.9
2,TFM,2024-08-30,2024-10,39.41030809607323
2,TFM,2024-08-30,2024-11,40.97074564650594
2,TFM,2024-08-30,2024-12,41.77710864012957
2,TFM,2024-08-30,2025-01,42.192277195281775
2,TFM,2024-08-30,2025-02,42.225416874687966
2,TFM,2024-08-30,2025-03,41.715586838060645
2,TFM,2024-08-30,2025-04,40.7
1,TFM,2024-08-30,2025-05,40.085
1,TFM,2024-08-30,2025-06,39.915
1,TFM,2024-08-30,2025-11,41.0
1,TFM,2024-08-30,2025-12,41.8
2,TFM,2024-09-02,2024-10,38.58832321818728
2,TFM,2024-09-02,2024-11,40.32330244365558
2,TFM,2024-09-02,2024-12,41.19348454011742
2,TFM,2024-09-02,2025-01,41.582991406015786
2,TFM,2024-09-02,2025-02,41.63507516913054
2,TFM,2024-09-02,2025-03,41.17868576242628
2,TFM,2024-09-02,2025-04,40.02000000000001
1,TFM,2024-09-02,2025-05,39.55
2,TFM,2024-09-02,2025-06,39.49802687411598
1,TFM,2024-09-02,2025-09,39.305
1,TFM,2024-09-02,2025-10,39.45
2,TFM,2024-09-03,2024-10,37.0
2,TFM,2024-09-03,2024-11,38.93362556274411
2,TFM,2024-09-03,2024-12,39.856187993520955
2,TFM,2024-09-03,2025-01,40.250306917930146
2,TFM,2024-09-03,2025-02,40.34546410183066
2,TFM,2024-09-03,2025-03,39.822567428906474
2,TFM,2024-09-03,2025-04,38.81194047069681
2,TFM,2024-09-03,2025-05,38.5911974617904
2,TFM,2024-09-03,2025-06,38.32892818574515
1,TFM,2024-09-03,2025-07,38.82
1,TFM,2024-09-03,2025-08,38.72
1,TFM,2024-09-03,2025-09,38.9
2,TFM,2024-09-03,2025-10,38.98382669537136
2,TFM,2024-09-03,2025-11,39.999811083123426
2,TFM,2024-09-03,2025-12,40.54960102960102
1,TFM,2024-09-03,2026-01,40.79
1,TFM,2024-09-03,2026-02,40.64
2,TFM,2024-09-03,2026-03,38.60849447513812
2,TFM,2024-09-03,2026-04,33.10693573667711
1,TFM,2024-09-03,2026-05,32.07
1,TFM,2024-09-03,2026-06,31.530000000000005
1,TFM,2024-09-03,2026-07,31.469999999999995
1,TFM,2024-09-03,2026-08,31.69
1,TFM,2024-09-03,2026-09,32.11
2,TFM,2024-09-04,2024-10,35.70730517700103
2,TFM,2024-09-04,2024-11,37.8231198149731
2,TFM,2024-09-04,2024-12,38.8783061256524
2,TFM,2024-09-04,2025-01,39.22627059059864
2,TFM,2024-09-04,2025-02,39.29976042931067
2,TFM,2024-09-04,2025-03,38.857332979851535
2,TFM,2024-09-04,2025-04,38.00942443621676
1,TFM,2024-09-04,2025-05,37.65
2,TFM,2024-09-04,2025-06,37.58528137480334
1,TFM,2024-09-04,2025-10,37.6
1,TFM,2024-09-04,2025-11,39.1
1,TFM,2024-09-04,2025-12,39.95
2,TFM,2024-09-05,2024-10,35.88581641115057
2,TFM,2024-09-05,2024-11,38.01714488724127
2,TFM,2024-09-05,2024-12,38.96624197381061
2,TFM,2024-09-05,2025-01,39.369335063897765
2,TFM,2024-09-05,2025-02,39.50708244065473
2,TFM,2024-09-05,2025-03,39.11101819169156
2,TFM,2024-09-05,2025-04,38.24574331020813
1,TFM,2024-09-05,2025-05,37.72
2,TFM,2024-09-05,2025-06,37.63042401064184
1,TFM,2024-09-05,2025-07,37.95
1,TFM,2024-09-05,2025-08,37.8
2,TFM,2024-09-05,2025-09,37.78315868263473
2,TFM,2024-09-05,2025-10,37.741318570709616
1,TFM,2024-09-05,2025-12,39.525
2,TFM,2024-09-06,2024-10,36.35103714579917
2,TFM,2024-09-06,2024-11,38.2
2,TFM,2024-09-06,2024-12,39.13234823156783
2,TFM,2024-09-06,2025-01,39.555704110581274
2,TFM,2024-09-06,2025-02,39.71130429034177
2,TFM,2024-09-06,2025-03,39.286526756886715
2,TFM,2024-09-06,2025-04,38.335666859122405
2,TFM,2024-09-06,2025-05,37.82538092189501
2,TFM,2024-09-06,2025-06,37.80898813241724
2,TFM,2024-09-06,2025-07,37.836926483613816
2,TFM,2024-09-06,2025-08,38.4718975069252
1,TFM,2024-09-06,2025-09,38.5
1,TFM,2024-09-06,2025-11,39.525
1,TFM,2024-09-06,2025-12,39.55
2,TFM,2024-09-09,2024-10,37.2
2,TFM,2024-09-09,2024-11,38.948416191015646
2,TFM,2024-09-09,2024-12,39.84103423054418
2,TFM,2024-09-09,2025-01,40.13360929696505
2,TFM,2024-09-09,2025-02,40.236273062730625
2,TFM,2024-09-09,2025-03,39.850048321464904
2,TFM,2024-09-09,2025-04,38.808985494733214
1,TFM,2024-09-09,2025-05,38.265
1,TFM,2024-09-09,2025-06,38.05
1,TFM,2024-09-09,2025-10,38.265
2,TFM,2024-09-09,2025-11,39.075
2,TFM,2024-09-09,2025-12,39.60513415038092
1,TFM,2024-09-09,2026-01,39.8
1,TFM,2024-09-09,2026-12,33.2
2,TFM,2024-09-10,2024-10,35.564713235688615
2,TFM,2024-09-10,2024-11,37.399628420198916
2,TFM,2024-09-10,2024-12,38.330974283448505
2,TFM,2024-09-10,2025-01,38.75520389339289
2,TFM,2024-09-10,2025-02,38.81991003148898
2,TFM,2024-09-10,2025-03,38.35015852191975
2,TFM,2024-09-10,2025-04,37.4204981884058
2,TFM,2024-09-10,2025-05,36.880119493348204
2,TFM,2024-09-10,2025-06,36.699515576714276
1,TFM,2024-09-10,2025-07,36.825
1,TFM,2024-09-10,2025-08,36.795
1,TFM,2024-09-10,2025-09,36.7
2,TFM,2024-09-10,2025-10,37.14462187655138
1,TFM,2024-09-10,2025-11,38.85
2,TFM,2024-09-10,2025-12,39.37554719562243
1,TFM,2024-09-10,2026-02,38.9
2,TFM,2024-09-11,2024-10,36.16044503306282
2,TFM,2024-09-11,2024-11,37.80563684128792
2,TFM,2024-09-11,2024-12,38.63656396501983
2,TFM,2024-09-11,2025-01,39.05512287395718
2,TFM,2024-09-11,2025-02,39.146125911593984
2,TFM,2024-09-11,2025-03,38.69426272101498
2,TFM,2024-09-11,2025-04,37.74993067590989
2,TFM,2024-09-11,2025-05,37.12438335046249
1,TFM,2024-09-11,2025-06,36.95
1,TFM,2024-09-11,2025-07,36.935
1,TFM,2024-09-11,2025-08,36.91
1,TFM,2024-09-11,2025-09,37.105
1,TFM,2024-09-11,2025-10,36.945
1,TFM,2024-09-11,2025-12,38.1
1,TFM,2024-09-11,2026-01,38.2
1,TFM,2024-09-11,2026-02,38.4
1,TFM,2024-09-11,2026-03,36.75
2,TFM,2024-09-12,2024-10,35.246560255070314
2,TFM,2024-09-12,2024-11,37.01963162360652
2,TFM,2024-09-12,2024-12,37.77947259226906
2,TFM,2024-09-12,2025-01,38.18258136757241
2,TFM,2024-09-12,2025-02,38.28516496945009
2,TFM,2024-09-12,2025-03,37.78022391043583
2,TFM,2024-09-12,2025-04,36.74361776738749
2,TFM,2024-09-12,2025-05,36.179984375
2,TFM,2024-09-12,2025-06,36.000247066090175
1,TFM,2024-09-12,2025-09,36.5
1,TFM,2024-09-12,2025-10,36.45
1,TFM,2024-09-12,2025-11,37.7
2,TFM,2024-09-12,2025-12,37.94529116308272
1,TFM,2024-09-12,2026-01,38.3
1,TFM,2024-09-12,2026-04,31.85
2,TFM,2024-09-13,2024-10,35.74613662390468
2,TFM,2024-09-13,2024-11,37.27748239334148
2,TFM,2024-09-13,2024-12,38.086202103681444
2,TFM,2024-09-13,2025-01,38.466370946595575
2,TFM,2024-09-13,2025-02,38.5685890052356
2,TFM,2024-09-13,2025-03,38.094898225469734
2,TFM,2024-09-13,2025-04,37.17648166403785
2,TFM,2024-09-13,2025-05,36.665
1,TFM,2024-09-13,2025-06,36.47
1,TFM,2024-09-13,2025-12,38.075
1,TFM,2024-09-13,2026-01,38.255
1,TFM,2024-09-13,2026-02,38.25
2,TFM,2024-09-16,2024-10,34.325
2,TFM,2024-09-16,2024-11,35.97120386220981
2,TFM,2024-09-16,2024-12,36.81454333810888
2,TFM,2024-09-16,2025-01,37.254503234750466
2,TFM,2024-09-16,2025-02,37.38194722778891
2,TFM,2024-09-16,2025-03,36.87429407713499
2,TFM,2024-09-16,2025-04,35.98403565537369
2,TFM,2024-09-16,2025-05,35.42045478865704
2,TFM,2024-09-16,2025-06,35.30038612654112
1,TFM,2024-09-16,2025-07,35.25
1,TFM,2024-09-16,2025-08,35.135
1,TFM,2024-09-16,2025-09,35.65
1,TFM,2024-09-16,2025-10,35.775
1,TFM,2024-09-16,2025-11,36.35
2,TFM,2024-09-16,2025-12,36.90102236421725
1,TFM,2024-09-16,2026-01,37.3
1,TFM,2024-09-16,2026-02,37.15
2,TFM,2024-09-17,2024-10,35.56171203236627
2,TFM,2024-09-17,2024-11,37.20870695062576
2,TFM,2024-09-17,2024-12,38.05642736200474
2,TFM,2024-09-17,2025-01,38.51851729241315
2,TFM,2024-09-17,2025-02,38.680940809123
2,TFM,2024-09-17,2025-03,38.24268722466961
2,TFM,2024-09-17,2025-04,37.12488164124145
1,TFM,2024-09-17,2025-05,36.625
1,TFM,2024-09-17,2025-06,36.445
1,TFM,2024-09-17,2025-07,36.4
1,TFM,2024-09-17,2025-08,36.455
1,TFM,2024-09-17,2025-09,36.59
1,TFM,2024-09-17,2025-10,36.15
1,TFM,2024-09-17,2025-11,37.15
1,TFM,2024-09-17,2025-12,37.7
2,TFM,2024-09-18,2024-10,35.63093996394069
2,TFM,2024-09-18,2024-11,37.39118518325698
2,TFM,2024-09-18,2024-12,38.3237227628517
2,TFM,2024-09-18,2025-01,38.7465262940244
2,TFM,2024-09-18,2025-02,38.87508543658881
2,TFM,2024-09-18,2025-03,38.469747947517845
2,TFM,2024-09-18,2025-04,37.505
2,TFM,2024-09-18,2025-05,37.08
2,TFM,2024-09-18,2025-06,36.81575106223444
2,TFM,2024-09-18,2025-07,36.16500596353723
1,TFM,2024-09-18,2025-08,36.115
2,TFM,2024-09-18,2025-09,36.30746521886664
1,TFM,2024-09-18,2025-10,36.8
1,TFM,2024-09-18,2025-11,37.5
1,TFM,2024-09-18,2025-12,38.0
1,TFM,2024-09-18,2026-01,38.25
1,TFM,2024-09-18,2026-02,38.1
2,TFM,2024-09-19,2024-10,33.05059196859315
2,TFM,2024-09-19,2024-11,34.44320865060989
2,TFM,2024-09-19,2024-12,35.256330436581834
2,TFM,2024-09-19,2025-01,35.64448994356823
2,TFM,2024-09-19,2025-02,35.72487292785768
2,TFM,2024-09-19,2025-03,35.39441508672852
2,TFM,2024-09-19,2025-04,34.412301601637765
2,TFM,2024-09-19,2025-05,33.98505057529397
2,TFM,2024-09-19,2025-06,33.8200479600972
1,TFM,2024-09-19,2025-07,34.315
2,TFM,2024-09-19,2025-08,33.84984963482744
2,TFM,2024-09-19,2025-09,33.98
1,TFM,2024-09-19,2025-10,34.1
1,TFM,2024-09-19,2025-11,35.07
1,TFM,2024-09-19,2025-12,35.69
2,TFM,2024-09-20,2024-10,34.61689498303945
2,TFM,2024-09-20,2024-11,35.89668281075973
2,TFM,2024-09-20,2024-12,36.590396521936164
2,TFM,2024-09-20,2025-01,37.04471116816431
2,TFM,2024-09-20,2025-02,37.26990280410167
2,TFM,2024-09-20,2025-03,36.77939167974883
2,TFM,2024-09-20,2025-04,35.8953068098446
2,TFM,2024-09-20,2025-05,35.52981778693955
2,TFM,2024-09-20,2025-06,35.334646961616464
1,TFM,2024-09-20,2025-07,35.455
2,TFM,2024-09-20,2025-08,35.38981206255941
2,TFM,2024-09-20,2025-09,35.564810230311394
1,TFM,2024-09-20,2025-10,35.66
1,TFM,2024-09-20,2025-11,36.62
1,TFM,2024-09-20,2025-12,37.095
2,TFM,2024-09-23,2024-10,36.17188456083477
2,TFM,2024-09-23,2024-11,36.98336473621579
2,TFM,2024-09-23,2024-12,37.58629061803122
2,TFM,2024-09-23,2025-01,37.94218497957473
2,TFM,2024-09-23,2025-02,38.031497707590425
2,TFM,2024-09-23,2025-03,37.7185605091252
2,TFM,2024-09-23,2025-04,36.6002495697074
1,TFM,2024-09-23,2025-05,36.015
2,TFM,2024-09-23,2025-06,35.844118142985614
2,TFM,2024-09-23,2025-07,35.84682087941732
2,TFM,2024-09-23,2025-08,35.80996810320386
2,TFM,2024-09-23,2025-09,36.149842193856074
1,TFM,2024-09-23,2025-10,35.9
1,TFM,2024-09-23,2025-11,37.1
1,TFM,2024-09-23,2025-12,37.65
2,TFM,2024-09-24,2024-10,36.11100224056489
2,TFM,2024-09-24,2024-11,36.8748563750738
2,TFM,2024-09-24,2024-12,37.46625269799103
2,TFM,2024-09-24,2025-01,37.78368627730972
2,TFM,2024-09-24,2025-02,37.8448534010946
2,TFM,2024-09-24,2025-03,37.59686154949785
2,TFM,2024-09-24,2025-04,36.57566009104705
2,TFM,2024-09-24,2025-05,36.049729320051966
1,TFM,2024-09-24,2025-06,35.725
1,TFM,2024-09-24,2025-08,35.9
1,TFM,2024-09-24,2025-11,37.05
1,TFM,2024-09-24,2025-12,37.49
1,TFM,2024-09-24,2026-01,37.455
1,TFM,2024-09-24,2026-02,37.495
2,TFM,2024-09-25,2024-10,37.536388469664956
2,TFM,2024-09-25,2024-11,38.15
2,TFM,2024-09-25,2024-12,38.583439621887905
2,TFM,2024-09-25,2025-01,38.880126619408465
2,TFM,2024-09-25,2025-02,38.9876728158003
2,TFM,2024-09-25,2025-03,38.63289035638268
2,TFM,2024-09-25,2025-04,37.595
2,TFM,2024-09-25,2025-05,37.105000000000004
2,TFM,2024-09-25,2025-06,36.92
1,TFM,2024-09-25,2025-07,36.88
1,TFM,2024-09-25,2025-08,36.595
1,TFM,2024-09-25,2025-09,36.865
1,TFM,2024-09-25,2025-10,36.2
1,TFM,2024-09-25,2025-11,37.43
1,TFM,2024-09-25,2025-12,37.89
2,TFM,2024-09-26,2024-10,37.57208132648239
2,TFM,2024-09-26,2024-11,38.1
2,TFM,2024-09-26,2024-12,38.51442784226558
2,TFM,2024-09-26,2025-01,38.84202881976212
2,TFM,2024-09-26,2025-02,38.787867132867135
2,TFM,2024-09-26,2025-03,38.41138368472102
2,TFM,2024-09-26,2025-04,37.30078439807844
2,TFM,2024-09-26,2025-05,36.85327505926176
2,TFM,2024-09-26,2025-06,36.653240201616406
1,TFM,2024-09-26,2025-07,36.485
2,TFM,2024-09-26,2025-08,36.84
1,TFM,2024-09-26,2025-09,35.945
2,TFM,2024-09-26,2025-10,36.97446996466431
1,TFM,2024-09-26,2025-11,37.99
1,TFM,2024-09-26,2025-12,37.5
1,TFM,2024-09-26,2026-01,37.8
2,TFM,2024-09-27,2024-10,38.04000136633354
2,TFM,2024-09-27,2024-11,38.652280856096226
2,TFM,2024-09-27,2024-12,39.12740202346924
2,TFM,2024-09-27,2025-01,39.419565637065645
2,TFM,2024-09-27,2025-02,39.5174844974845
2,TFM,2024-09-27,2025-03,39.1106528024911
2,TFM,2024-09-27,2025-04,37.97978369166229
2,TFM,2024-09-27,2025-05,37.47492557308723
2,TFM,2024-09-27,2025-06,37.255
1,TFM,2024-09-27,2025-07,37.22
1,TFM,2024-09-27,2025-08,37.18
1,TFM,2024-09-27,2025-09,37.335
1,TFM,2024-09-27,2026-03,36.915
1,TFM,2024-09-27,2026-04,33.215
2,TFM,2024-09-30,2024-11,38.71137561991061
2,TFM,2024-09-30,2024-12,39.16341542808009
2,TFM,2024-09-30,2025-01,39.45736375668988
2,TFM,2024-09-30,2025-02,39.539574446747345
2,TFM,2024-09-30,2025-03,39.241631212926976
2,TFM,2024-09-30,2025-04,38.086970102206514
2,TFM,2024-09-30,2025-05,37.58011112483022
1,TFM,2024-09-30,2025-06,37.235
1,TFM,2024-09-30,2025-07,37.37
1,TFM,2024-09-30,2025-08,37.325
2,TFM,2024-09-30,2025-09,37.451570306923635
2,TFM,2024-09-30,2025-10,38.07797356828194
2,TFM,2024-09-30,2025-11,38.825947521865885
1,TFM,2024-09-30,2025-12,39.0
2,TFM,2024-10-01,2024-11,39.283308786312304
2,TFM,2024-10-01,2024-12,39.74820767862119
2,TFM,2024-10-01,2025-01,40.03345575674752
2,TFM,2024-10-01,2025-02,40.06875467846206
2,TFM,2024-10-01,2025-03,39.627666683008144
2,TFM,2024-10-01,2025-04,38.46226152014964
2,TFM,2024-10-01,2025-05,37.94293282876063
2,TFM,2024-10-01,2025-06,37.6949130914609
2,TFM,2024-10-01,2025-07,38.064726548827444
1,TFM,2024-10-01,2025-08,37.74
2,TFM,2024-10-01,2025-09,37.3896569544685
1,TFM,2024-10-01,2025-11,38.75
1,TFM,2024-10-01,2025-12,38.5
1,TFM,2024-10-01,2026-03,37.3
1,TFM,2024-10-01,2026-04,33.35
1,TFM,2024-10-01,2026-06,30.6
2,TFM,2024-10-02,2024-11,38.88607492687907
2,TFM,2024-10-02,2024-12,39.504920639999995
2,TFM,2024-10-02,2025-01,39.92022228974802
2,TFM,2024-10-02,2025-02,40.0
2,TFM,2024-10-02,2025-03,39.579564507348934
2,TFM,2024-10-02,2025-04,38.42377757054817
2,TFM,2024-10-02,2025-05,38.01481395552443
2,TFM,2024-10-02,2025-06,37.82516192300675
1,TFM,2024-10-02,2025-07,37.855
1,TFM,2024-10-02,2025-08,38.135
2,TFM,2024-10-02,2025-09,38.28400294213795
1,TFM,2024-10-02,2025-10,38.055
1,TFM,2024-10-02,2025-11,38.525
1,TFM,2024-10-02,2025-12,39.4
2,TFM,2024-10-03,2024-11,39.75
2,TFM,2024-10-03,2024-12,40.27314971797463
2,TFM,2024-10-03,2025-01,40.598785327088045
2,TFM,2024-10-03,2025-02,40.63390667852642
2,TFM,2024-10-03,2025-03,40.270206455164825
2,TFM,2024-10-03,2025-04,39.0
2,TFM,2024-10-03,2025-05,38.469789851749965
2,TFM,2024-10-03,2025-06,38.239425468282704
1,TFM,2024-10-03,2025-07,38.49
1,TFM,2024-10-03,2025-08,37.935
2,TFM,2024-10-03,2025-09,38.08185976913211
1,TFM,2024-10-03,2025-10,37.75
1,TFM,2024-10-03,2025-12,38.7
2,TFM,2024-10-04,2024-11,40.75097319131111
2,TFM,2024-10-04,2024-12,41.30434234099731
2,TFM,2024-10-04,2025-01,41.60554422137818
2,TFM,2024-10-04,2025-02,41.695093476531426
2,TFM,2024-10-04,2025-03,41.226237857953834
2,TFM,2024-10-04,2025-04,39.91964086909679
2,TFM,2024-10-04,2025-05,39.240637379878414
2,TFM,2024-10-04,2025-06,39.01200790891116
1,TFM,2024-10-04,2025-07,39.015
1,TFM,2024-10-04,2025-08,39.09
1,TFM,2024-10-04,2025-09,39.0
1,TFM,2024-10-04,2025-10,38.55
1,TFM,2024-10-04,2025-11,39.95
2,TFM,2024-10-04,2025-12,39.947219838682
2,TFM,2024-10-07,2024-11,41.0
2,TFM,2024-10-07,2024-12,41.53317590509306
2,TFM,2024-10-07,2025-01,41.79636058782917
2,TFM,2024-10-07,2025-02,41.86242173170578
2,TFM,2024-10-07,2025-03,41.444340549390574
2,TFM,2024-10-07,2025-04,39.92999999999999
2,TFM,2024-10-07,2025-05,39.384864253393665
2,TFM,2024-10-07,2025-06,39.13987266857963
1,TFM,2024-10-07,2025-07,38.43
2,TFM,2024-10-07,2025-08,38.55994438017265
1,TFM,2024-10-07,2025-09,38.695
1,TFM,2024-10-07,2025-10,38.755
1,TFM,2024-10-07,2025-12,40.4
1,TFM,2024-10-07,2026-01,39.9
1,TFM,2024-10-07,2026-02,39.95
1,TFM,2024-10-07,2026-04,34.0
2,TFM,2024-10-08,2024-11,38.573166995682335
2,TFM,2024-10-08,2024-12,39.194223418350454
2,TFM,2024-10-08,2025-01,39.583451242829824
2,TFM,2024-10-08,2025-02,39.680776429809356
2,TFM,2024-10-08,2025-03,39.313780329990294
2,TFM,2024-10-08,2025-04,38.165606552426965
2,TFM,2024-10-08,2025-05,37.695832885545414
1,TFM,2024-10-08,2025-06,37.745
1,TFM,2024-10-08,2025-07,37.7
1,TFM,2024-10-08,2025-08,37.97
1,TFM,2024-10-08,2025-09,38.09
1,TFM,2024-10-08,2025-10,37.75
1,TFM,2024-10-08,2025-12,39.295
1,TFM,2024-10-08,2026-01,39.75
2,TFM,2024-10-08,2026-12,33.48477961432507
2,TFM,2024-10-09,2024-11,38.559278718508466
2,TFM,2024-10-09,2024-12,39.14261573803683
2,TFM,2024-10-09,2025-01,39.48976184630493
2,TFM,2024-10-09,2025-02,39.634428141735754
2,TFM,2024-10-09,2025-03,39.29867179835484
2,TFM,2024-10-09,2025-04,38.125
2,TFM,2024-10-09,2025-05,37.804565910701626
2,TFM,2024-10-09,2025-06,37.62815860215054
2,TFM,2024-10-09,2025-07,37.66646243548078
2,TFM,2024-10-09,2025-08,37.601544769714884
2,TFM,2024-10-09,2025-09,37.78387539598733
2,TFM,2024-10-09,2025-10,37.75932799733201
2,TFM,2024-10-09,2025-11,38.48333779488037
2,TFM,2024-10-09,2025-12,38.56325985879111
1,TFM,2024-10-09,2026-01,39.4
2,TFM,2024-10-10,2024-11,40.08
2,TFM,2024-10-10,2024-12,40.62837065813528
2,TFM,2024-10-10,2025-01,40.95950079872205
2,TFM,2024-10-10,2025-02,41.04116676487919
2,TFM,2024-10-10,2025-03,40.711283543403134
2,TFM,2024-10-10,2025-04,39.3490159318266
2,TFM,2024-10-10,2025-05,38.835585974123376
2,TFM,2024-10-10,2025-06,38.554974909674826
1,TFM,2024-10-10,2025-07,38.66
1,TFM,2024-10-10,2025-08,38.5
2,TFM,2024-10-10,2025-09,38.3216306156406
2,TFM,2024-10-10,2025-10,38.69772382397573
1,TFM,2024-10-10,2025-11,39.5
1,TFM,2024-10-10,2026-03,38.65
2,TFM,2024-10-11,2024-11,39.73828014324459
2,TFM,2024-10-11,2024-12,40.292433104787335
2,TFM,2024-10-11,2025-01,40.63339067570147
2,TFM,2024-10-11,2025-02,40.77689964732286
2,TFM,2024-10-11,2025-03,40.4146801304566
2,TFM,2024-10-11,2025-04,39.19935738174868
2,TFM,2024-10-11,2025-05,38.52027648070779
1,TFM,2024-10-11,2025-06,38.585
1,TFM,2024-10-11,2025-07,38.41
2,TFM,2024-10-11,2025-08,38.34499999999999
2,TFM,2024-10-11,2025-09,38.510268774703555
1,TFM,2024-10-11,2025-10,38.7
1,TFM,2024-10-11,2025-11,39.60000000000001
1,TFM,2024-10-11,2026-02,40.0
2,TFM,2024-10-14,2024-11,40.56938758516276
2,TFM,2024-10-14,2024-12,41.03496872556684
2,TFM,2024-10-14,2025-01,41.36413313085295
2,TFM,2024-10-14,2025-02,41.512717968577114
2,TFM,2024-10-14,2025-03,41.17126802374894
2,TFM,2024-10-14,2025-04,39.788592726766055
2,TFM,2024-10-14,2025-05,39.26039173789173
2,TFM,2024-10-14,2025-06,39.18935670633644
1,TFM,2024-10-14,2025-07,38.8
1,TFM,2024-10-14,2025-08,38.985
1,TFM,2024-10-14,2025-09,39.125
1,TFM,2024-10-14,2025-10,39.15
1,TFM,2024-10-14,2026-01,40.5
1,TFM,2024-10-14,2026-02,40.5
1,TFM,2024-10-14,2026-12,34.0
2,TFM,2024-10-15,2024-11,40.120553265527754
2,TFM,2024-10-15,2024-12,40.51791696848967
2,TFM,2024-10-15,2025-01,40.67860067045916
2,TFM,2024-10-15,2025-02,40.9513352990733
2,TFM,2024-10-15,2025-03,40.555166905102524
2,TFM,2024-10-15,2025-04,39.31
2,TFM,2024-10-15,2025-05,38.88300884955752
2,TFM,2024-10-15,2025-06,38.738375856366645
1,TFM,2024-10-15,2025-07,38.485
1,TFM,2024-10-15,2025-08,38.6
1,TFM,2024-10-15,2025-09,38.8
1,TFM,2024-10-15,2025-10,38.7
2,TFM,2024-10-15,2025-11,39.355331610680444
1,TFM,2024-10-15,2025-12,39.95
1,TFM,2024-10-15,2026-02,39.5
1,TFM,2024-10-15,2026-12,33.8
2,TFM,2024-10-16,2024-11,39.4887231824197
2,TFM,2024-10-16,2024-12,39.91613758668515
2,TFM,2024-10-16,2025-01,40.22784786336059
2,TFM,2024-10-16,2025-02,40.38143904320988
2,TFM,2024-10-16,2025-03,40.06039717327131
2,TFM,2024-10-16,2025-04,38.80416102583659
2,TFM,2024-10-16,2025-05,38.41587865603094
2,TFM,2024-10-16,2025-06,38.18848433929291
1,TFM,2024-10-16,2025-07,38.725
1,TFM,2024-10-16,2025-08,38.27
1,TFM,2024-10-16,2025-09,38.075
2,TFM,2024-10-16,2025-10,38.760955056179775
1,TFM,2024-10-16,2025-11,39.15
1,TFM,2024-10-16,2025-12,39.64
2,TFM,2024-10-17,2024-11,39.60381435908748
2,TFM,2024-10-17,2024-12,39.97424934268186
2,TFM,2024-10-17,2025-01,40.32942234096324
2,TFM,2024-10-17,2025-02,40.44458988525287
2,TFM,2024-10-17,2025-03,40.080197368421054
2,TFM,2024-10-17,2025-04,38.72062658227848
2,TFM,2024-10-17,2025-05,38.235021270561546
2,TFM,2024-10-17,2025-06,38.120471219370735
1,TFM,2024-10-17,2025-07,38.28
1,TFM,2024-10-17,2025-08,38.31
1,TFM,2024-10-17,2025-11,39.2
1,TFM,2024-10-17,2025-12,39.55
1,TFM,2024-10-17,2026-01,39.9
1,TFM,2024-10-17,2026-02,39.915
2,TFM,2024-10-18,2024-11,39.38801942611404
2,TFM,2024-10-18,2024-12,39.80839103448276
2,TFM,2024-10-18,2025-01,40.152700098007195
2,TFM,2024-10-18,2025-02,40.29989030023095
2,TFM,2024-10-18,2025-03,39.81887902729325
2,TFM,2024-10-18,2025-04,38.60986929657794
1,TFM,2024-10-18,2025-05,38.025
1,TFM,2024-10-18,2025-06,37.805
1,TFM,2024-10-18,2025-07,37.9
1,TFM,2024-10-18,2025-08,37.81
1,TFM,2024-10-18,2025-09,37.9
1,TFM,2024-10-18,2025-10,38.05
1,TFM,2024-10-18,2025-11,38.665
1,TFM,2024-10-18,2025-12,39.325
2,TFM,2024-10-21,2024-11,40.02392673679061
2,TFM,2024-10-21,2024-12,40.3710720677215
2,TFM,2024-10-21,2025-01,40.66484904425853
2,TFM,2024-10-21,2025-02,40.79958851674641
2,TFM,2024-10-21,2025-03,40.449221770091555
2,TFM,2024-10-21,2025-04,39.12994613727301
2,TFM,2024-10-21,2025-05,38.67973585548739
2,TFM,2024-10-21,2025-06,38.4963789622451
1,TFM,2024-10-21,2025-07,38.505
2,TFM,2024-10-21,2025-08,38.44994956626993
1,TFM,2024-10-21,2025-09,38.54
1,TFM,2024-10-21,2025-10,38.62
1,TFM,2024-10-21,2025-11,38.85
1,TFM,2024-10-21,2025-12,39.4
1,TFM,2024-10-21,2026-02,39.75
2,TFM,2024-10-22,2024-11,41.06747805361526
2,TFM,2024-10-22,2024-12,41.3
2,TFM,2024-10-22,2025-01,41.55469172932331
2,TFM,2024-10-22,2025-02,41.65778981626432
2,TFM,2024-10-22,2025-03,41.29158399233166
2,TFM,2024-10-22,2025-04,39.88145359019264
2,TFM,2024-10-22,2025-05,39.50495350803044
2,TFM,2024-10-22,2025-06,39.3117033735361
1,TFM,2024-10-22,2025-07,39.24
1,TFM,2024-10-22,2025-08,39.12
2,TFM,2024-10-22,2025-09,39.205
1,TFM,2024-10-22,2026-04,34.5
2,TFM,2024-10-23,2024-11,41.42463361877012
2,TFM,2024-10-23,2024-12,41.68924194797504
2,TFM,2024-10-23,2025-01,41.91725551114102
2,TFM,2024-10-23,2025-02,42.05812252720079
2,TFM,2024-10-23,2025-03,41.63618497109826
2,TFM,2024-10-23,2025-04,40.31406797213331
2,TFM,2024-10-23,2025-05,39.90523359634551
2,TFM,2024-10-23,2025-06,39.748996980155304
1,TFM,2024-10-23,2025-07,39.77
1,TFM,2024-10-23,2025-08,39.675
1,TFM,2024-10-23,2025-09,39.745
2,TFM,2024-10-23,2025-10,39.693060678167754
1,TFM,2024-10-23,2025-11,39.92
1,TFM,2024-10-23,2025-12,40.37
1,TFM,2024-10-23,2026-01,40.7
1,TFM,2024-10-23,2026-02,40.65
2,TFM,2024-10-24,2024-11,42.30393572531647
2,TFM,2024-10-24,2024-12,42.53838372040789
2,TFM,2024-10-24,2025-01,42.79210449564601
2,TFM,2024-10-24,2025-02,42.84126300934909
2,TFM,2024-10-24,2025-03,42.441747035058
2,TFM,2024-10-24,2025-04,41.19381747677187
2,TFM,2024-10-24,2025-05,40.734605693402585
2,TFM,2024-10-24,2025-06,40.52991311295316
1,TFM,2024-10-24,2025-07,40.02
1,TFM,2024-10-24,2025-08,39.895
1,TFM,2024-10-24,2025-09,40.39
2,TFM,2024-10-25,2024-11,43.6
2,TFM,2024-10-25,2024-12,43.81193601198735
2,TFM,2024-10-25,2025-01,43.99379850038394
2,TFM,2024-10-25,2025-02,44.00454264717379
2,TFM,2024-10-25,2025-03,43.63286105199149
2,TFM,2024-10-25,2025-04,42.18660581859669
2,TFM,2024-10-25,2025-05,41.6129734562505
1,TFM,2024-10-25,2025-06,41.375
1,TFM,2024-10-25,2025-07,41.365
1,TFM,2024-10-25,2025-08,41.16
1,TFM,2024-10-25,2025-09,41.15
1,TFM,2024-10-25,2025-10,41.075
1,TFM,2024-10-25,2025-11,41.45
2,TFM,2024-10-25,2025-12,42.108899237933954
1,TFM,2024-10-25,2026-01,42.23500000000001
1,TFM,2024-10-25,2026-02,42.31499999999999
1,TFM,2024-10-25,2026-03,40.99
2,TFM,2024-10-25,2026-04,35.200071724577626
1,TFM,2024-10-25,2026-06,32.765
2,TFM,2024-10-28,2024-11,42.65
2,TFM,2024-10-28,2024-12,42.95395395712455
2,TFM,2024-10-28,2025-01,43.2072272857245
2,TFM,2024-10-28,2025-02,43.1654735368688
2,TFM,2024-10-28,2025-03,42.81628180508882
2,TFM,2024-10-28,2025-04,41.380330438977325
1,TFM,2024-10-28,2025-05,40.865
2,TFM,2024-10-28,2025-06,40.649598108747035
2,TFM,2024-10-28,2025-07,40.65251824817518
1,TFM,2024-10-28,2025-08,40.47
2,TFM,2024-10-28,2025-09,40.46329798730245
2,TFM,2024-10-28,2025-10,40.47905980822363
2,TFM,2024-10-28,2025-11,40.498776161759494
2,TFM,2024-10-28,2025-12,40.785092561141305
1,TFM,2024-10-28,2026-02,40.9
1,TFM,2024-10-28,2026-03,39.6
1,TFM,2024-10-28,2026-06,32.35
2,TFM,2024-10-29,2024-11,42.31081255068938
2,TFM,2024-10-29,2024-12,42.685
2,TFM,2024-10-29,2025-01,42.96168405608086
2,TFM,2024-10-29,2025-02,43.0109960266323
2,TFM,2024-10-29,2025-03,42.60474654280139
2,TFM,2024-10-29,2025-04,41.36598666666667
2,TFM,2024-10-29,2025-05,40.9201494836021
2,TFM,2024-10-29,2025-06,40.73047159012865
1,TFM,2024-10-29,2025-07,41.015
1,TFM,2024-10-29,2025-08,40.855
1,TFM,2024-10-29,2025-09,40.5
1,TFM,2024-10-29,2025-10,40.47
1,TFM,2024-10-29,2025-11,40.625
1,TFM,2024-10-29,2025-12,40.5
1,TFM,2024-10-29,2026-01,41.25
1,TFM,2024-10-29,2026-03,39.9
1,TFM,2024-10-29,2026-12,34.24
2,TFM,2024-10-30,2024-11,41.07573695102323
2,TFM,2024-10-30,2024-12,41.557334997052955
2,TFM,2024-10-30,2025-01,41.81958793969849
2,TFM,2024-10-30,2025-02,41.90048875208561
2,TFM,2024-10-30,2025-03,41.52745547073792
2,TFM,2024-10-30,2025-04,40.40784196377137
2,TFM,2024-10-30,2025-05,40.00407092543114
2,TFM,2024-10-30,2025-06,39.880350701402804
2,TFM,2024-10-30,2025-07,39.91199461952345
1,TFM,2024-10-30,2025-08,39.775
1,TFM,2024-10-30,2025-09,39.685
2,TFM,2024-10-30,2025-10,39.31539497738863
1,TFM,2024-10-30,2025-11,39.755
2,TFM,2024-10-30,2025-12,40.12273681024917
2,TFM,2024-10-30,2026-04,34.6
2,TFM,2024-10-30,2026-05,32.59506243310738
1,TFM,2024-10-30,2026-06,32.1
2,TFM,2024-10-31,2024-12,38.648047000714215
2,TFM,2024-10-31,2025-01,38.84802914807917
2,TFM,2024-10-31,2025-02,39.13006635031865
2,TFM,2024-10-31,2025-03,38.70401633118117
2,TFM,2024-10-31,2025-04,37.78347627872498
2,TFM,2024-10-31,2025-05,37.373340198586476
2,TFM,2024-10-31,2025-06,37.17649633363886
1,TFM,2024-10-31,2025-07,37.33
1,TFM,2024-10-31,2025-08,37.07
1,TFM,2024-10-31,2025-09,37.32
1,TFM,2024-10-31,2025-10,37.78
1,TFM,2024-10-31,2025-11,37.5
1,TFM,2024-10-31,2025-12,39.0
1,TFM,2024-10-31,2026-01,38.975
1,TFM,2024-10-31,2026-05,32.0
2,TFM,2024-11-01,2024-12,38.93402179682402
2,TFM,2024-11-01,2025-01,39.35611161939616
2,TFM,2024-11-01,2025-02,39.44348861283644
2,TFM,2024-11-01,2025-03,39.10981549815498
2,TFM,2024-11-01,2025-04,38.17612295402249
2,TFM,2024-11-01,2025-05,37.828528843366506
2,TFM,2024-11-01,2025-06,37.644302314274604
2,TFM,2024-11-01,2025-07,37.66087816408354
2,TFM,2024-11-01,2025-08,37.45029971624498
2,TFM,2024-11-01,2025-09,37.52804011614126
2,TFM,2024-11-01,2025-10,37.694715229423316
2,TFM,2024-11-01,2025-11,38.13712423312884
1,TFM,2024-11-01,2025-12,38.0
1,TFM,2024-11-01,2026-01,38.19
2,TFM,2024-11-01,2026-02,38.20934352009055
1,TFM,2024-11-01,2026-03,36.75
1,TFM,2024-11-01,2026-04,33.4
1,TFM,2024-11-01,2026-05,31.599999999999998
1,TFM,2024-11-01,2026-06,30.84
1,TFM,2024-11-01,2026-07,31.22
1,TFM,2024-11-01,2026-08,31.170000000000005
1,TFM,2024-11-01,2026-09,31.270000000000003
2,TFM,2024-11-04,2024-12,40.51150648369634
2,TFM,2024-11-04,2025-01,40.76212128712871
2,TFM,2024-11-04,2025-02,40.847023589682486
2,TFM,2024-11-04,2025-03,40.47592583169009
2,TFM,2024-11-04,2025-04,39.54959201119055
2,TFM,2024-11-04,2025-05,39.09883999638206
1,TFM,2024-11-04,2025-06,38.965
1,TFM,2024-11-04,2025-07,38.905
1,TFM,2024-11-04,2025-08,38.825
1,TFM,2024-11-04,2025-09,38.72
1,TFM,2024-11-04,2025-10,38.48
1,TFM,2024-11-04,2025-11,38.48
1,TFM,2024-11-04,2026-01,38.65
1,TFM,2024-11-04,2026-02,38.9
1,TFM,2024-11-04,2026-03,37.5
1,TFM,2024-11-04,2026-04,33.985
2,TFM,2024-11-05,2024-12,40.4040082052296
2,TFM,2024-11-05,2025-01,40.6952502929851
2,TFM,2024-11-05,2025-02,40.77152119829999
2,TFM,2024-11-05,2025-03,40.42513969425409
2,TFM,2024-11-05,2025-04,39.51517033750594
1,TFM,2024-11-05,2025-05,39.105
1,TFM,2024-11-05,2025-06,38.98
1,TFM,2024-11-05,2025-07,38.995
1,TFM,2024-11-05,2025-08,38.71
1,TFM,2024-11-05,2025-09,38.6
2,TFM,2024-11-05,2025-10,38.336152771308804
1,TFM,2024-11-05,2025-11,38.45
2,TFM,2024-11-05,2025-12,38.530261848651485
2,TFM,2024-11-05,2026-01,38.700296033155716
1,TFM,2024-11-05,2026-02,38.785
2,TFM,2024-11-05,2026-03,37.480066118131056
2,TFM,2024-11-06,2024-12,40.69555700561503
2,TFM,2024-11-06,2025-01,40.985531569993256
2,TFM,2024-11-06,2025-02,41.01092836946277
2,TFM,2024-11-06,2025-03,40.60771395416304
2,TFM,2024-11-06,2025-04,39.82968485188038
2,TFM,2024-11-06,2025-05,39.2741858462502
2,TFM,2024-11-06,2025-06,39.1143319660123
1,TFM,2024-11-06,2025-07,38.795
1,TFM,2024-11-06,2025-08,38.675
1,TFM,2024-11-06,2025-09,38.505
1,TFM,2024-11-06,2025-10,37.905
2,TFM,2024-11-06,2025-11,37.85585513720485
1,TFM,2024-11-06,2025-12,38.1
1,TFM,2024-11-06,2026-01,37.92
1,TFM,2024-11-06,2026-03,36.55
2,TFM,2024-11-07,2024-12,41.579836387434554
2,TFM,2024-11-07,2025-01,41.88804277685262
2,TFM,2024-11-07,2025-02,41.92928266681836
2,TFM,2024-11-07,2025-03,41.589211657079495
2,TFM,2024-11-07,2025-04,40.77845118564409
2,TFM,2024-11-07,2025-05,40.384248741912295
1,TFM,2024-11-07,2025-06,40.28
1,TFM,2024-11-07,2025-07,40.175
2,TFM,2024-11-07,2025-08,40.07554852048068
2,TFM,2024-11-07,2025-09,39.617487260586884
2,TFM,2024-11-07,2025-10,38.41809329561155
2,TFM,2024-11-07,2025-11,38.51939058171745
1,TFM,2024-11-07,2025-12,38.5
1,TFM,2024-11-07,2026-01,38.75
1,TFM,2024-11-07,2026-06,32.1
2,TFM,2024-11-08,2024-12,42.06375129714791
2,TFM,2024-11-08,2025-01,42.29406764618874
2,TFM,2024-11-08,2025-02,42.34648076688736
2,TFM,2024-11-08,2025-03,42.028626616209394
2,TFM,2024-11-08,2025-04,41.30973636742056
2,TFM,2024-11-08,2025-05,40.91966217945437
2,TFM,2024-11-08,2025-06,40.76714732119011
2,TFM,2024-11-08,2025-07,40.74695700110253
2,TFM,2024-11-08,2025-08,40.651835756031765
2,TFM,2024-11-08,2025-09,40.22794424928145
2,TFM,2024-11-08,2025-10,39.0
2,TFM,2024-11-08,2025-11,38.60237967755369
2,TFM,2024-11-08,2025-12,38.652230862387654
1,TFM,2024-11-08,2026-01,38.85
1,TFM,2024-11-08,2026-02,38.6
2,TFM,2024-11-11,2024-12,43.96013297652599
2,TFM,2024-11-11,2025-01,44.2
2,TFM,2024-11-11,2025-02,44.23030067941984
2,TFM,2024-11-11,2025-03,43.83880797017012
2,TFM,2024-11-11,2025-04,43.06949160887062
2,TFM,2024-11-11,2025-05,42.8046601611807
2,TFM,2024-11-11,2025-06,42.664934551678996
2,TFM,2024-11-11,2025-07,42.599744897959184
2,TFM,2024-11-11,2025-08,42.44989375320021
2,TFM,2024-11-11,2025-09,42.10989516321182
2,TFM,2024-11-11,2025-10,40.174884983437614
1,TFM,2024-11-11,2025-11,39.4
2,TFM,2024-11-11,2025-12,39.23462664714495
1,TFM,2024-11-11,2026-01,38.8
1,TFM,2024-11-11,2026-02,39.1
2,TFM,2024-11-11,2026-03,37.7016486104569
1,TFM,2024-11-11,2026-04,34.4
1,TFM,2024-11-11,2026-06,32.625
2,TFM,2024-11-12,2024-12,43.5417505340351
2,TFM,2024-11-12,2025-01,43.698935224331876
2,TFM,2024-11-12,2025-02,43.79011761575306
2,TFM,2024-11-12,2025-03,43.31678625115634
2,TFM,2024-11-12,2025-04,42.465
2,TFM,2024-11-12,2025-05,42.17236312003029
2,TFM,2024-11-12,2025-06,41.98123751522533
2,TFM,2024-11-12,2025-07,42.54036045778138
1,TFM,2024-11-12,2025-08,42.39
2,TFM,2024-11-12,2025-09,41.50731411406725
2,TFM,2024-11-12,2025-10,40.31346718903036
2,TFM,2024-11-12,2025-11,39.978455284552844
2,TFM,2024-11-12,2025-12,40.11206896551724
1,TFM,2024-11-12,2026-01,40.185
1,TFM,2024-11-12,2026-02,39.6
1,TFM,2024-11-12,2026-03,38.275
2,TFM,2024-11-13,2024-12,43.90418525612137
2,TFM,2024-11-13,2025-01,44.196310907562534
2,TFM,2024-11-13,2025-02,44.251367041198506
2,TFM,2024-11-13,2025-03,43.88884956907808
2,TFM,2024-11-13,2025-04,42.96981072555205
2,TFM,2024-11-13,2025-05,42.462954936360504
2,TFM,2024-11-13,2025-06,42.26854838709678
2,TFM,2024-11-13,2025-07,41.984197539850065
2,TFM,2024-11-13,2025-08,41.85489039816012
2,TFM,2024-11-13,2025-09,41.61575061160946
1,TFM,2024-11-13,2025-10,40.0
1,TFM,2024-11-13,2025-11,39.85
1,TFM,2024-11-13,2025-12,39.6
2,TFM,2024-11-13,2026-01,39.7028569552082
1,TFM,2024-11-13,2026-03,38.15500000000001
1,TFM,2024-11-13,2026-04,35.25
2,TFM,2024-11-14,2024-12,46.37702411262543
2,TFM,2024-11-14,2025-01,46.57828861223586
2,TFM,2024-11-14,2025-02,46.61301696444685
2,TFM,2024-11-14,2025-03,46.19573993978713
2,TFM,2024-11-14,2025-04,45.05775729354747
2,TFM,2024-11-14,2025-05,44.397457434733255
2,TFM,2024-11-14,2025-06,44.14941880489065
1,TFM,2024-11-14,2025-07,43.94
1,TFM,2024-11-14,2025-08,43.75
2,TFM,2024-11-14,2025-09,43.39131778620843
2,TFM,2024-11-14,2025-10,41.44715397021155
1,TFM,2024-11-14,2025-11,41.4
1,TFM,2024-11-14,2025-12,41.55
1,TFM,2024-11-14,2026-02,40.975
2,TFM,2024-11-15,2024-12,45.741899881294756
2,TFM,2024-11-15,2025-01,45.97457201379905
2,TFM,2024-11-15,2025-02,45.966058484689796
2,TFM,2024-11-15,2025-03,45.56633217686834
2,TFM,2024-11-15,2025-04,44.67745056523876
2,TFM,2024-11-15,2025-05,44.11046626984127
2,TFM,2024-11-15,2025-06,43.841329586350916
1,TFM,2024-11-15,2025-07,43.875
1,TFM,2024-11-15,2025-08,43.69
2,TFM,2024-11-15,2025-09,43.61
2,TFM,2024-11-15,2025-10,42.00239424479511
2,TFM,2024-11-15,2025-11,41.840547269137964
2,TFM,2024-11-15,2025-12,41.317730818323646
2,TFM,2024-11-15,2026-01,41.09528376041503
1,TFM,2024-11-15,2026-03,39.35
2,TFM,2024-11-15,2026-04,34.62575539568345
1,TFM,2024-11-15,2026-05,33.175
2,TFM,2024-11-18,2024-12,47.13837294332724
2,TFM,2024-11-18,2025-01,47.40775696968089
2,TFM,2024-11-18,2025-02,47.2866932539881
2,TFM,2024-11-18,2025-03,46.956210142015
2,TFM,2024-11-18,2025-04,46.09768059490085
2,TFM,2024-11-18,2025-05,45.40918247515808
2,TFM,2024-11-18,2025-06,45.27858728023825
2,TFM,2024-11-18,2025-07,45.09420861127956
1,TFM,2024-11-18,2025-08,44.625
1,TFM,2024-11-18,2025-09,44.35
1,TFM,2024-11-18,2025-10,42.3
1,TFM,2024-11-18,2025-11,41.25
1,TFM,2024-11-18,2025-12,41.5
1,TFM,2024-11-18,2026-01,41.75
1,TFM,2024-11-18,2026-02,41.35
1,TFM,2024-11-18,2026-03,39.5
1,TFM,2024-11-18,2026-04,35.2
2,TFM,2024-11-19,2024-12,45.97490005306916
2,TFM,2024-11-19,2025-01,46.29201575902653
2,TFM,2024-11-19,2025-02,46.292078243644774
2,TFM,2024-11-19,2025-03,45.88446771887082
2,TFM,2024-11-19,2025-04,45.05653966597077
2,TFM,2024-11-19,2025-05,44.50368943606037
2,TFM,2024-11-19,2025-06,44.21948674080411
2,TFM,2024-11-19,2025-07,44.04999999999999
1,TFM,2024-11-19,2025-08,43.85
2,TFM,2024-11-19,2025-09,43.65495047216536
2,TFM,2024-11-19,2025-10,41.76528357892505
1,TFM,2024-11-19,2025-11,41.15
1,TFM,2024-11-19,2025-12,41.5
1,TFM,2024-11-19,2026-03,39.7
1,TFM,2024-11-19,2026-05,33.75
1,TFM,2024-11-19,2026-12,34.375
2,TFM,2024-11-20,2024-12,46.634605648064806
2,TFM,2024-11-20,2025-01,47.00383694712394
2,TFM,2024-11-20,2025-02,46.95438554216867
2,TFM,2024-11-20,2025-03,46.66926726639582
2,TFM,2024-11-20,2025-04,45.734279255319144
2,TFM,2024-11-20,2025-05,45.13447478991596
2,TFM,2024-11-20,2025-06,44.81996763754045
2,TFM,2024-11-20,2025-07,44.60002526273242
2,TFM,2024-11-20,2025-08,44.34986557237866
1,TFM,2024-11-20,2025-09,44.075
1,TFM,2024-11-20,2025-10,42.39999999999999
1,TFM,2024-11-20,2025-11,41.4
1,TFM,2024-11-20,2025-12,41.35
2,TFM,2024-11-20,2026-01,41.2622643760439
2,TFM,2024-11-20,2026-02,40.7272568298799
1,TFM,2024-11-20,2026-04,35.425
2,TFM,2024-11-21,2024-12,48.69519916533963
2,TFM,2024-11-21,2025-01,49.075
2,TFM,2024-11-21,2025-02,49.05972129890054
2,TFM,2024-11-21,2025-03,48.685066551239046
2,TFM,2024-11-21,2025-04,47.64865819803146
2,TFM,2024-11-21,2025-05,46.938908963952166
2,TFM,2024-11-21,2025-06,46.60423111111111
2,TFM,2024-11-21,2025-07,46.32244723217841
2,TFM,2024-11-21,2025-08,46.06478943650492
1,TFM,2024-11-21,2025-09,45.595
1,TFM,2024-11-21,2025-10,44.3
1,TFM,2024-11-21,2025-11,43.075
2,TFM,2024-11-21,2025-12,42.206853661632195
2,TFM,2024-11-21,2026-01,42.37388682745826
1,TFM,2024-11-21,2026-03,39.75
2,TFM,2024-11-22,2024-12,46.9224590593185
2,TFM,2024-11-22,2025-01,47.400610177865616
2,TFM,2024-11-22,2025-02,47.400446406366584
2,TFM,2024-11-22,2025-03,47.01499999999999
2,TFM,2024-11-22,2025-04,46.22138191211826
2,TFM,2024-11-22,2025-05,45.485394402804644
2,TFM,2024-11-22,2025-06,45.1655475103041
2,TFM,2024-11-22,2025-07,44.70178351930306
2,TFM,2024-11-22,2025-08,44.479967221712336
2,TFM,2024-11-22,2025-09,44.27497022690234
2,TFM,2024-11-22,2025-10,43.855184458765294
1,TFM,2024-11-22,2025-11,42.5
1,TFM,2024-11-22,2025-12,42.44
1,TFM,2024-11-22,2026-01,42.6
2,TFM,2024-11-22,2026-03,39.354244016345596
1,TFM,2024-11-22,2026-04,36.15
2,TFM,2024-11-25,2024-12,47.91190389607545
2,TFM,2024-11-25,2025-01,48.4283502615205
2,TFM,2024-11-25,2025-02,48.35000000000001
2,TFM,2024-11-25,2025-03,48.03056134820563
2,TFM,2024-11-25,2025-04,47.1913897675698
2,TFM,2024-11-25,2025-05,46.47534690101758
2,TFM,2024-11-25,2025-06,46.18031521065675
2,TFM,2024-11-25,2025-07,45.64514798737174
1,TFM,2024-11-25,2025-08,45.355
1,TFM,2024-11-25,2025-09,45.275
2,TFM,2024-11-25,2025-10,43.76671623890621
2,TFM,2024-11-25,2025-11,42.991324614787
2,TFM,2024-11-25,2025-12,42.25175598335068
2,TFM,2024-11-25,2026-01,42.13397285399853
2,TFM,2024-11-25,2026-02,41.2159159637116
2,TFM,2024-11-25,2026-03,39.6353655234657
2,TFM,2024-11-26,2024-12,46.578494626157365
2,TFM,2024-11-26,2025-01,47.1
2,TFM,2024-11-26,2025-02,47.13583393786469
2,TFM,2024-11-26,2025-03,46.8701813132315
2,TFM,2024-11-26,2025-04,45.93072035463612
2,TFM,2024-11-26,2025-05,45.28240353172008
2,TFM,2024-11-26,2025-06,44.96680175627014
2,TFM,2024-11-26,2025-07,45.624123882319005
2,TFM,2024-11-26,2025-08,45.20388083973981
2,TFM,2024-11-26,2025-09,44.85779080867312
2,TFM,2024-11-26,2025-10,43.68704644145139
2,TFM,2024-11-26,2025-11,42.61119181737327
2,TFM,2024-11-26,2025-12,42.15951700270839
2,TFM,2024-11-26,2026-02,40.65267404766373
2,TFM,2024-11-26,2026-03,38.62702338129497
1,TFM,2024-11-26,2026-04,36.0
2,TFM,2024-11-27,2024-12,46.45
2,TFM,2024-11-27,2025-01,46.99671099665884
2,TFM,2024-11-27,2025-02,47.0219972693583
2,TFM,2024-11-27,2025-03,46.80121678842306
2,TFM,2024-11-27,2025-04,45.99483564918572
2,TFM,2024-11-27,2025-05,45.344918614974844
1,TFM,2024-11-27,2025-06,45.065
2,TFM,2024-11-27,2025-07,44.645328338475096
2,TFM,2024-11-27,2025-08,44.33576816927323
1,TFM,2024-11-27,2025-09,44.515
2,TFM,2024-11-27,2025-10,43.05617616309461
2,TFM,2024-11-27,2025-11,42.19627190257239
1,TFM,2024-11-27,2025-12,42.1
1,TFM,2024-11-27,2026-03,38.7
1,TFM,2024-11-27,2026-04,35.5
1,TFM,2024-11-27,2027-10,27.75
1,TFM,2024-11-27,2027-11,28.0
2,TFM,2024-11-28,2024-12,46.269198346364696
2,TFM,2024-11-28,2025-01,46.74791535004843
2,TFM,2024-11-28,2025-02,46.79901589448765
2,TFM,2024-11-28,2025-03,46.50538373367886
2,TFM,2024-11-28,2025-04,45.75204069653688
2,TFM,2024-11-28,2025-05,45.20512098548174
2,TFM,2024-11-28,2025-06,45.0596056929538
2,TFM,2024-11-28,2025-07,44.475253093363335
2,TFM,2024-11-28,2025-08,44.442287853577376
2,TFM,2024-11-28,2025-09,44.39838969977454
2,TFM,2024-11-28,2025-10,43.41296129612961
2,TFM,2024-11-28,2025-11,42.32277676950998
1,TFM,2024-11-28,2025-12,42.0
1,TFM,2024-11-28,2026-01,41.775
1,TFM,2024-11-28,2026-02,40.79
1,TFM,2024-11-28,2026-03,38.815
2,TFM,2024-11-29,2025-01,47.905503974562805
2,TFM,2024-11-29,2025-02,47.92416074109748
2,TFM,2024-11-29,2025-03,47.577883592066485
2,TFM,2024-11-29,2025-04,46.75820128737291
2,TFM,2024-11-29,2025-05,46.13116104168226
2,TFM,2024-11-29,2025-06,45.94927542482532
2,TFM,2024-11-29,2025-07,45.576692060946264
2,TFM,2024-11-29,2025-08,45.31681623719033
1,TFM,2024-11-29,2025-09,45.24
1,TFM,2024-11-29,2025-10,44.434999999999995
2,TFM,2024-11-29,2025-11,42.88471846846846
1,TFM,2024-11-29,2025-12,42.61
1,TFM,2024-11-29,2026-01,41.4
2,TFM,2024-12-02,2025-01,48.5326905260836
2,TFM,2024-12-02,2025-02,48.479372126920055
2,TFM,2024-12-02,2025-03,48.08408622466507
2,TFM,2024-12-02,2025-04,47.226384254266314
2,TFM,2024-12-02,2025-05,46.624781485618534
2,TFM,2024-12-02,2025-06,46.3967229911918
2,TFM,2024-12-02,2025-07,45.95565976358471
2,TFM,2024-12-02,2025-08,45.899732773430046
2,TFM,2024-12-02,2025-09,45.76815841811367
2,TFM,2024-12-02,2025-10,44.600847102019415
2,TFM,2024-12-02,2025-11,43.69956106377486
2,TFM,2024-12-02,2025-12,43.34958592132505
2,TFM,2024-12-02,2026-01,42.72
1,TFM,2024-12-02,2026-02,41.98
2,TFM,2024-12-02,2026-03,39.9368544600939
1,TFM,2024-12-02,2026-04,36.4
1,TFM,2024-12-02,2026-05,35.1
1,TFM,2024-12-02,2026-06,34.69
1,TFM,2024-12-02,2026-07,34.65
1,TFM,2024-12-02,2026-08,34.67
1,TFM,2024-12-02,2026-09,34.7
1,TFM,2024-12-02,2026-10,34.5
1,TFM,2024-12-02,2026-12,35.15
2,TFM,2024-12-03,2025-01,48.45448042704626
2,TFM,2024-12-03,2025-02,48.40489182133534
2,TFM,2024-12-03,2025-03,48.00163406633459
2,TFM,2024-12-03,2025-04,47.07597303308313
2,TFM,2024-12-03,2025-05,46.35
2,TFM,2024-12-03,2025-06,46.11825159914712
2,TFM,2024-12-03,2025-07,45.68516129032258
1,TFM,2024-12-03,2025-08,45.43
2,TFM,2024-12-03,2025-09,45.33138167564919
2,TFM,2024-12-03,2025-10,44.259117303520775
1,TFM,2024-12-03,2025-11,43.03
2,TFM,2024-12-03,2025-12,42.697996035023955
2,TFM,2024-12-03,2026-01,42.2531541218638
2,TFM,2024-12-03,2026-03,39.2
1,TFM,2024-12-03,2026-04,35.9
2,TFM,2024-12-04,2025-01,47.27939106534074
2,TFM,2024-12-04,2025-02,47.292980216117414
2,TFM,2024-12-04,2025-03,47.004313795408954
2,TFM,2024-12-04,2025-04,46.15326977401129
2,TFM,2024-12-04,2025-05,45.527970818436565
2,TFM,2024-12-04,2025-06,45.21544272087869
2,TFM,2024-12-04,2025-07,44.67
1,TFM,2024-12-04,2025-08,44.405
2,TFM,2024-12-04,2025-09,44.06387954923333
2,TFM,2024-12-04,2025-10,43.42987364620939
2,TFM,2024-12-04,2025-11,42.519911504424776
2,TFM,2024-12-04,2025-12,42.150000000000006
2,TFM,2024-12-04,2026-01,41.65
2,TFM,2024-12-04,2026-02,41.0
1,TFM,2024-12-04,2026-03,38.75
2,TFM,2024-12-05,2025-01,46.476589645863115
2,TFM,2024-12-05,2025-02,46.55
2,TFM,2024-12-05,2025-03,46.28910354745925
2,TFM,2024-12-05,2025-04,45.450620115027284
2,TFM,2024-12-05,2025-05,44.834967170059095
2,TFM,2024-12-05,2025-06,44.594565511248426
2,TFM,2024-12-05,2025-07,44.36483635328717
1,TFM,2024-12-05,2025-08,43.87
2,TFM,2024-12-05,2025-09,44.01664237888933
2,TFM,2024-12-05,2025-10,43.00767166295321
2,TFM,2024-12-05,2025-11,42.299269141531326
2,TFM,2024-12-05,2025-12,41.65
1,TFM,2024-12-05,2026-01,41.45
1,TFM,2024-12-05,2026-02,40.67999999999999
1,TFM,2024-12-05,2026-04,35.8
1,TFM,2024-12-05,2026-06,34.34
2,TFM,2024-12-06,2025-01,46.55
2,TFM,2024-12-06,2025-02,46.5900492477906
2,TFM,2024-12-06,2025-03,46.37828562909958
2,TFM,2024-12-06,2025-04,45.594615505335845
1,TFM,2024-12-06,2025-05,44.985
2,TFM,2024-12-06,2025-06,44.65472030981067
2,TFM,2024-12-06,2025-07,44.20954642916048
2,TFM,2024-12-06,2025-08,44.03969258889997
2,TFM,2024-12-06,2025-09,43.79
2,TFM,2024-12-06,2025-10,43.21047153536516
2,TFM,2024-12-06,2025-11,41.701382934587194
1,TFM,2024-12-06,2025-12,41.535
1,TFM,2024-12-06,2026-01,41.2
2,TFM,2024-12-06,2026-02,40.27910863509749
2,TFM,2024-12-06,2026-03,38.36969140337987
1,TFM,2024-12-06,2026-04,35.425
1,TFM,2024-12-06,2026-06,33.95
2,TFM,2024-12-09,2025-01,44.94150295857988
2,TFM,2024-12-09,2025-02,44.998911601891365
2,TFM,2024-12-09,2025-03,44.795289771080846
2,TFM,2024-12-09,2025-04,44.0349227145591
2,TFM,2024-12-09,2025-05,43.45654166666666
2,TFM,2024-12-09,2025-06,43.2863319359756
1,TFM,2024-12-09,2025-07,43.05
1,TFM,2024-12-09,2025-08,42.795
2,TFM,2024-12-09,2025-09,42.770217161016944
2,TFM,2024-12-09,2025-10,42.180095678520175
2,TFM,2024-12-09,2025-11,41.2
1,TFM,2024-12-09,2025-12,40.97
1,TFM,2024-12-09,2026-01,40.875
1,TFM,2024-12-09,2026-11,34.1
2,TFM,2024-12-09,2026-12,34.70946327683616
2,TFM,2024-12-10,2025-01,45.668553520850274
2,TFM,2024-12-10,2025-02,45.698506236352195
2,TFM,2024-12-10,2025-03,45.50333108356853
2,TFM,2024-12-10,2025-04,44.723371741154565
2,TFM,2024-12-10,2025-05,44.22024756594825
2,TFM,2024-12-10,2025-06,44.00009145533269
2,TFM,2024-12-10,2025-07,43.78022128060263
2,TFM,2024-12-10,2025-08,43.61404693584751
2,TFM,2024-12-10,2025-09,43.61445680289706
2,TFM,2024-12-10,2025-10,42.71336585365854
2,TFM,2024-12-10,2025-11,41.380723905723904
1,TFM,2024-12-10,2025-12,41.0
1,TFM,2024-12-10,2026-01,41.15
2,TFM,2024-12-11,2025-01,44.71887227827934
2,TFM,2024-12-11,2025-02,44.7775613113509
2,TFM,2024-12-11,2025-03,44.63782067734196
2,TFM,2024-12-11,2025-04,44.028082794859046
2,TFM,2024-12-11,2025-05,43.5990701381509
2,TFM,2024-12-11,2025-06,43.43586653480268
1,TFM,2024-12-11,2025-07,43.15
1,TFM,2024-12-11,2025-08,43.015
1,TFM,2024-12-11,2025-09,42.805
1,TFM,2024-12-11,2025-10,42.455
1,TFM,2024-12-11,2025-11,41.45
1,TFM,2024-12-11,2025-12,41.23
2,TFM,2024-12-11,2026-01,40.800000000000004
1,TFM,2024-12-11,2026-02,39.9
1,TFM,2024-12-11,2026-03,38.1
1,TFM,2024-12-11,2026-04,35.7
2,TFM,2024-12-12,2025-01,42.55269593854963
2,TFM,2024-12-12,2025-02,42.69533718322968
2,TFM,2024-12-12,2025-03,42.57030515257628
2,TFM,2024-12-12,2025-04,42.184360783602386
2,TFM,2024-12-12,2025-05,41.8786182262537
2,TFM,2024-12-12,2025-06,41.76176951733074
1,TFM,2024-12-12,2025-07,41.55
1,TFM,2024-12-12,2025-08,41.425
1,TFM,2024-12-12,2025-09,41.525
2,TFM,2024-12-12,2025-10,40.97996807695582
2,TFM,2024-12-12,2025-11,40.06998610081542
2,TFM,2024-12-12,2025-12,39.69016561392698
1,TFM,2024-12-12,2026-01,39.4
1,TFM,2024-12-12,2026-03,37.45
2,TFM,2024-12-12,2026-04,34.95505359877489
1,TFM,2024-12-12,2026-06,33.7
2,TFM,2024-12-13,2025-01,41.12144259966014
2,TFM,2024-12-13,2025-02,41.31398228936059
2,TFM,2024-12-13,2025-03,41.228172369293006
2,TFM,2024-12-13,2025-04,40.978529862174575
2,TFM,2024-12-13,2025-05,40.64665805925524
2,TFM,2024-12-13,2025-06,40.550102564102566
1,TFM,2024-12-13,2025-07,40.3
1,TFM,2024-12-13,2025-08,40.215
2,TFM,2024-12-13,2025-09,40.337785280216075
2,TFM,2024-12-13,2025-10,39.77399263369367
2,TFM,2024-12-13,2025-11,38.908695473813765
2,TFM,2024-12-13,2025-12,38.72059264634736
2,TFM,2024-12-13,2026-01,38.751788617886184
2,TFM,2024-12-13,2026-02,39.295473595976524
2,TFM,2024-12-16,2025-01,39.5
2,TFM,2024-12-16,2025-02,39.718468320670965
2,TFM,2024-12-16,2025-03,39.69420268080719
2,TFM,2024-12-16,2025-04,39.46742186637218
2,TFM,2024-12-16,2025-05,39.26575339433293
2,TFM,2024-12-16,2025-06,39.21
1,TFM,2024-12-16,2025-07,39.015
2,TFM,2024-12-16,2025-08,38.871721579103585
2,TFM,2024-12-16,2025-09,39.13108689499009
2,TFM,2024-12-16,2025-10,38.84012249725438
1,TFM,2024-12-16,2025-11,38.32
2,TFM,2024-12-16,2025-12,38.16969044811321
1,TFM,2024-12-16,2026-01,37.7
1,TFM,2024-12-16,2026-12,33.3
2,TFM,2024-12-17,2025-01,42.00518906462763
2,TFM,2024-12-17,2025-02,42.225895971136495
2,TFM,2024-12-17,2025-03,42.1755951379864
2,TFM,2024-12-17,2025-04,41.949688793909445
2,TFM,2024-12-17,2025-05,41.77462081946642
2,TFM,2024-12-17,2025-06,41.590134847409516
2,TFM,2024-12-17,2025-07,41.36763885408837
2,TFM,2024-12-17,2025-08,41.31342167169008
1,TFM,2024-12-17,2025-09,41.45
2,TFM,2024-12-17,2025-10,40.96373655573832
2,TFM,2024-12-17,2025-11,39.84684260131951
2,TFM,2024-12-17,2025-12,39.721256871331406
2,TFM,2024-12-17,2026-01,39.270560215387796
1,TFM,2024-12-17,2026-02,37.75
2,TFM,2024-12-17,2026-03,37.52321364773133
1,TFM,2024-12-17,2026-04,34.7
2,TFM,2024-12-17,2026-12,34.57903067020068
2,TFM,2024-12-18,2025-01,41.13565316985183
2,TFM,2024-12-18,2025-02,41.39556190373524
2,TFM,2024-12-18,2025-03,41.31551649638574
2,TFM,2024-12-18,2025-04,41.17869085527201
2,TFM,2024-12-18,2025-05,41.10154739392507
2,TFM,2024-12-18,2025-06,40.95343833422317
2,TFM,2024-12-18,2025-07,40.795057222787385
1,TFM,2024-12-18,2025-08,40.645
2,TFM,2024-12-18,2025-09,40.94040084574046
1,TFM,2024-12-18,2025-10,40.45
2,TFM,2024-12-18,2025-11,39.52508019674936
1,TFM,2024-12-18,2025-12,39.315
1,TFM,2024-12-18,2026-01,38.9
1,TFM,2024-12-18,2026-02,39.275
1,TFM,2024-12-18,2026-03,37.15
1,TFM,2024-12-18,2026-04,34.6
2,TFM,2024-12-19,2025-01,43.52419072115003
2,TFM,2024-12-19,2025-02,43.82481849080088
2,TFM,2024-12-19,2025-03,43.80729727424693
2,TFM,2024-12-19,2025-04,43.67323146085952
2,TFM,2024-12-19,2025-05,43.42003707929264
2,TFM,2024-12-19,2025-06,43.42038846755052
1,TFM,2024-12-19,2025-07,43.33
1,TFM,2024-12-19,2025-08,43.115
2,TFM,2024-12-19,2025-09,43.28744977985691
1,TFM,2024-12-19,2025-10,41.22
2,TFM,2024-12-19,2025-11,40.480837890387654
2,TFM,2024-12-19,2025-12,40.65
2,TFM,2024-12-19,2026-01,39.76509744715893
1,TFM,2024-12-19,2026-02,39.23
1,TFM,2024-12-19,2026-03,37.85
1,TFM,2024-12-19,2026-04,35.3
2,TFM,2024-12-20,2025-01,43.83488751814224
2,TFM,2024-12-20,2025-02,44.01274893378227
2,TFM,2024-12-20,2025-03,44.03654575919196
2,TFM,2024-12-20,2025-04,43.90852071005917
2,TFM,2024-12-20,2025-05,43.761007194244606
2,TFM,2024-12-20,2025-06,43.65526315789474
1,TFM,2024-12-20,2025-07,43.535
1,TFM,2024-12-20,2025-08,43.37
1,TFM,2024-12-20,2025-09,43.575
2,TFM,2024-12-20,2025-10,42.84372860635697
2,TFM,2024-12-20,2025-11,41.69861111111111
2,TFM,2024-12-20,2025-12,41.26560975609756
1,TFM,2024-12-20,2026-01,40.65
1,TFM,2024-12-20,2026-02,40.22
2,TFM,2024-12-20,2026-03,38.80494252873563
1,TFM,2024-12-20,2026-04,35.3
2,TFM,2024-12-23,2025-01,45.747732394366196
2,TFM,2024-12-23,2025-02,45.96427179130591
2,TFM,2024-12-23,2025-03,45.869156853815625
2,TFM,2024-12-23,2025-04,45.638158929239985
2,TFM,2024-12-23,2025-05,45.49966059508994
2,TFM,2024-12-23,2025-06,45.46874902267396
1,TFM,2024-12-23,2025-07,45.015
1,TFM,2024-12-23,2025-08,44.865
2,TFM,2024-12-23,2025-09,44.98556467399489
2,TFM,2024-12-23,2025-10,43.94371859296483
1,TFM,2024-12-23,2025-11,42.684999999999995
2,TFM,2024-12-23,2025-12,42.265822784810126
1,TFM,2024-12-23,2026-01,41.57
1,TFM,2024-12-23,2026-05,35.8
1,TFM,2024-12-23,2026-06,35.39
1,TFM,2024-12-23,2026-07,35.0
1,TFM,2024-12-23,2026-08,34.8
1,TFM,2024-12-23,2026-10,34.7
1,TFM,2024-12-23,2026-11,34.575
1,TFM,2024-12-23,2026-12,35.375
1,TFM,2024-12-23,2027-02,34.45
1,TFM,2024-12-23,2027-03,33.0
1,TFM,2024-12-23,2027-04,30.0
1,TFM,2024-12-23,2027-06,28.4
1,TFM,2024-12-23,2028-01,29.95
1,TFM,2024-12-23,2028-03,29.2
2,TFM,2024-12-24,2025-01,46.17196393695781
2,TFM,2024-12-24,2025-02,46.31050495049505
2,TFM,2024-12-24,2025-03,46.3275404376784
2,TFM,2024-12-24,2025-04,46.145631865755554
2,TFM,2024-12-24,2025-05,46.1575914852906
2,TFM,2024-12-24,2025-06,46.114788262043476
1,TFM,2024-12-24,2025-07,44.755
1,TFM,2024-12-24,2025-08,44.585
1,TFM,2024-12-24,2025-09,44.9
1,TFM,2024-12-24,2025-10,43.74
2,TFM,2024-12-24,2025-11,43.020516389762015
1,TFM,2024-12-24,2025-12,42.85
2,TFM,2024-12-27,2025-01,47.76238550349718
2,TFM,2024-12-27,2025-02,48.001658927115066
2,TFM,2024-12-27,2025-03,47.8468154648049
2,TFM,2024-12-27,2025-04,47.60406006709285
2,TFM,2024-12-27,2025-05,47.35977137258104
2,TFM,2024-12-27,2025-06,47.29007154355214
2,TFM,2024-12-27,2025-07,46.959560546875004
1,TFM,2024-12-27,2025-08,46.815
1,TFM,2024-12-27,2025-09,46.935
1,TFM,2024-12-27,2025-10,45.7
2,TFM,2024-12-27,2025-11,44.60449935815147
2,TFM,2024-12-30,2025-01,47.92359915581798
2,TFM,2024-12-30,2025-02,48.22562493723008
2,TFM,2024-12-30,2025-03,48.03
2,TFM,2024-12-30,2025-04,47.78284573699422
2,TFM,2024-12-30,2025-05,47.514242722265934
2,TFM,2024-12-30,2025-06,47.37798206278027
1,TFM,2024-12-30,2025-07,47.17
1,TFM,2024-12-30,2025-08,47.010000000000005
2,TFM,2024-12-30,2025-09,47.09206566347469
2,TFM,2024-12-30,2025-10,45.56499422766105
2,TFM,2024-12-30,2025-11,44.096118223917195
1,TFM,2024-12-30,2025-12,43.635
1,TFM,2024-12-30,2026-01,43.0
1,TFM,2024-12-30,2026-02,42.79
1,TFM,2024-12-30,2026-03,41.20000000000001
2,TFM,2024-12-31,2025-02,50.52484620144075
2,TFM,2024-12-31,2025-03,50.30672847775506
2,TFM,2024-12-31,2025-04,49.949999999999996
2,TFM,2024-12-31,2025-05,49.68621025127864
2,TFM,2024-12-31,2025-06,49.549805142302716
1,TFM,2024-12-31,2025-07,48.985
1,TFM,2024-12-31,2025-08,48.835
2,TFM,2024-12-31,2025-09,48.939002379644876
1,TFM,2024-12-31,2025-10,47.09
1,TFM,2024-12-31,2025-11,45.68000000000001
1,TFM,2024-12-31,2025-12,44.89
1,TFM,2024-12-31,2026-12,37.375
2,TFM,2025-01-02,2025-02,49.730102861941084
2,TFM,2025-01-02,2025-03,49.63725498882811
2,TFM,2025-01-02,2025-04,49.23189716230511
2,TFM,2025-01-02,2025-05,49.01378919509809
2,TFM,2025-01-02,2025-06,48.88201234756876
2,TFM,2025-01-02,2025-07,48.64966877739892
2,TFM,2025-01-02,2025-08,48.503020509633316
2,TFM,2025-01-02,2025-09,49.04965131216737
2,TFM,2025-01-02,2025-10,47.97221698113208
2,TFM,2025-01-02,2025-11,46.17569988335278
2,TFM,2025-01-02,2025-12,45.70312799233961
2,TFM,2025-01-02,2026-01,45.69836109458655
2,TFM,2025-01-02,2026-02,44.68065759637188
1,TFM,2025-01-02,2026-03,43.4
1,TFM,2025-01-02,2026-04,39.48
1,TFM,2025-01-02,2026-05,38.48
1,TFM,2025-01-02,2026-06,38.0
1,TFM,2025-01-02,2026-07,37.75
1,TFM,2025-01-02,2026-08,37.83
1,TFM,2025-01-02,2026-09,37.97
1,TFM,2025-01-02,2026-11,37.15
2,TFM,2025-01-03,2025-02,49.59961125876589
2,TFM,2025-01-03,2025-03,49.50245865124876
2,TFM,2025-01-03,2025-04,49.21989877261799
2,TFM,2025-01-03,2025-05,48.99567463799912
2,TFM,2025-01-03,2025-06,48.92491075678248
2,TFM,2025-01-03,2025-07,48.66581348958983
1,TFM,2025-01-03,2025-08,48.625
2,TFM,2025-01-03,2025-09,48.695884097650016
1,TFM,2025-01-03,2025-10,47.2
1,TFM,2025-01-03,2025-11,46.23
1,TFM,2025-01-03,2025-12,45.84
1,TFM,2025-01-03,2026-01,45.55500000000001
1,TFM,2025-01-03,2026-03,43.4
2,TFM,2025-01-06,2025-02,47.20447084765114
2,TFM,2025-01-06,2025-03,47.215495531679885
2,TFM,2025-01-06,2025-04,47.12163131628197
2,TFM,2025-01-06,2025-05,46.89826335877863
2,TFM,2025-01-06,2025-06,46.95230637813212
2,TFM,2025-01-06,2025-07,46.729882684185824
2,TFM,2025-01-06,2025-08,46.56744226962833
1,TFM,2025-01-06,2025-09,46.65
1,TFM,2025-01-06,2025-10,45.68
1,TFM,2025-01-06,2025-11,44.635
1,TFM,2025-01-06,2025-12,45.14
1,TFM,2025-01-06,2026-01,45.175
1,TFM,2025-01-06,2026-02,44.24
1,TFM,2025-01-06,2026-03,42.5
1,TFM,2025-01-06,2026-10,37.7
2,TFM,2025-01-07,2025-02,47.918442450174815
2,TFM,2025-01-07,2025-03,47.98529771877819
2,TFM,2025-01-07,2025-04,47.88969860592971
2,TFM,2025-01-07,2025-05,47.7853777802307
2,TFM,2025-01-07,2025-06,47.83198642049636
2,TFM,2025-01-07,2025-07,47.66691246431969
1,TFM,2025-01-07,2025-08,47.435
2,TFM,2025-01-07,2025-09,47.591938356164384
1,TFM,2025-01-07,2025-10,46.32
1,TFM,2025-01-07,2025-11,45.245
1,TFM,2025-01-07,2025-12,44.83
2,TFM,2025-01-07,2026-01,44.51418338108882
2,TFM,2025-01-07,2026-02,44.02594433399602
2,TFM,2025-01-07,2026-03,42.73186369029961
1,TFM,2025-01-07,2026-11,36.51
2,TFM,2025-01-08,2025-02,45.1
2,TFM,2025-01-08,2025-03,45.15814835948645
2,TFM,2025-01-08,2025-04,45.11655552078295
2,TFM,2025-01-08,2025-05,44.94252514477294
2,TFM,2025-01-08,2025-06,45.071692293179886
2,TFM,2025-01-08,2025-07,44.94559343043075
2,TFM,2025-01-08,2025-08,44.88109579831933
2,TFM,2025-01-08,2025-09,45.054761826000664
1,TFM,2025-01-08,2025-10,44.065
2,TFM,2025-01-08,2025-11,43.31998667554963
1,TFM,2025-01-08,2025-12,43.575
1,TFM,2025-01-08,2026-01,43.5
1,TFM,2025-01-08,2026-02,42.5
1,TFM,2025-01-08,2026-03,41.25
1,TFM,2025-01-08,2026-04,38.125
2,TFM,2025-01-08,2026-10,37.00193423597679
2,TFM,2025-01-09,2025-02,45.222731508132426
2,TFM,2025-01-09,2025-03,45.28341766920745
2,TFM,2025-01-09,2025-04,45.4134410989316
2,TFM,2025-01-09,2025-05,45.42108138843206
2,TFM,2025-01-09,2025-06,45.58145031948197
2,TFM,2025-01-09,2025-07,45.47835072963113
2,TFM,2025-01-09,2025-08,45.184362163029526
2,TFM,2025-01-09,2025-09,45.26001691093574
1,TFM,2025-01-09,2025-10,44.25
2,TFM,2025-01-09,2025-11,43.09961641653392
1,TFM,2025-01-09,2025-12,42.905
2,TFM,2025-01-09,2026-01,42.849547818891125
1,TFM,2025-01-09,2026-02,41.825
2,TFM,2025-01-10,2025-02,45.44280455512913
2,TFM,2025-01-10,2025-03,45.51165584598882
2,TFM,2025-01-10,2025-04,45.60253618446882
2,TFM,2025-01-10,2025-05,45.59363432407814
2,TFM,2025-01-10,2025-06,45.72149281202775
2,TFM,2025-01-10,2025-07,45.71763002094909
2,TFM,2025-01-10,2025-08,45.7139753364376
2,TFM,2025-01-10,2025-09,45.91669953247234
2,TFM,2025-01-10,2025-10,44.70387889236074
2,TFM,2025-01-10,2025-11,43.92
2,TFM,2025-01-10,2025-12,43.78049875311721
1,TFM,2025-01-10,2026-01,43.12
2,TFM,2025-01-10,2026-02,41.91189554055549
1,TFM,2025-01-10,2026-04,38.0
1,TFM,2025-01-10,2026-05,37.15
1,TFM,2025-01-10,2026-12,36.65
2,TFM,2025-01-13,2025-02,48.2619544878105
2,TFM,2025-01-13,2025-03,48.27528793714374
2,TFM,2025-01-13,2025-04,48.4511912767063
2,TFM,2025-01-13,2025-05,48.61166337935569
2,TFM,2025-01-13,2025-06,48.70639111265808
2,TFM,2025-01-13,2025-07,48.679415367483294
2,TFM,2025-01-13,2025-08,48.61896626768226
2,TFM,2025-01-13,2025-09,48.519498815381816
2,TFM,2025-01-13,2025-10,47.354661055678264
2,TFM,2025-01-13,2025-11,46.244319164596554
2,TFM,2025-01-13,2025-12,45.87992787768055
1,TFM,2025-01-13,2026-01,45.3
2,TFM,2025-01-13,2026-02,44.604362416107385
2,TFM,2025-01-13,2026-03,43.55427272727273
1,TFM,2025-01-13,2026-11,37.575
1,TFM,2025-01-13,2026-12,37.575
2,TFM,2025-01-14,2025-02,47.3
2,TFM,2025-01-14,2025-03,47.28923359526482
2,TFM,2025-01-14,2025-04,47.33823087736141
2,TFM,2025-01-14,2025-05,47.40716635784335
2,TFM,2025-01-14,2025-06,47.484630584192445
2,TFM,2025-01-14,2025-07,47.482069722755966
2,TFM,2025-01-14,2025-08,47.3997900188983
2,TFM,2025-01-14,2025-09,47.44909537789309
2,TFM,2025-01-14,2025-10,46.318565965583176
2,TFM,2025-01-14,2025-11,45.1165676123421
2,TFM,2025-01-14,2025-12,44.95817449326451
2,TFM,2025-01-14,2026-01,44.71992415048544
1,TFM,2025-01-14,2026-02,44.6
1,TFM,2025-01-14,2026-03,42.65
1,TFM,2025-01-14,2026-04,39.8
1,TFM,2025-01-14,2026-12,37.35
2,TFM,2025-01-15,2025-02,47.10571612849098
2,TFM,2025-01-15,2025-03,47.1
2,TFM,2025-01-15,2025-04,47.15
2,TFM,2025-01-15,2025-05,47.15
2,TFM,2025-01-15,2025-06,47.274636390620365
2,TFM,2025-01-15,2025-07,47.26471554176364
2,TFM,2025-01-15,2025-08,47.23932438322727
2,TFM,2025-01-15,2025-09,47.30406625457078
2,TFM,2025-01-15,2025-10,45.82718754557387
2,TFM,2025-01-15,2025-11,44.82473626733647
2,TFM,2025-01-15,2025-12,44.70286955172949
1,TFM,2025-01-15,2026-01,45.0
1,TFM,2025-01-15,2026-02,44.17
1,TFM,2025-01-15,2026-03,42.45000000000001
2,TFM,2025-01-16,2025-02,46.428133679169996
2,TFM,2025-01-16,2025-03,46.48290136290136
2,TFM,2025-01-16,2025-04,46.52647998910972
2,TFM,2025-01-16,2025-05,46.53966380276429
2,TFM,2025-01-16,2025-06,46.69979879275654
2,TFM,2025-01-16,2025-07,46.674768856447685
2,TFM,2025-01-16,2025-08,46.624364351245084
2,TFM,2025-01-16,2025-09,46.670075581395345
2,TFM,2025-01-16,2025-10,45.672725835145286
2,TFM,2025-01-16,2025-11,44.74626805778492
1,TFM,2025-01-16,2025-12,44.365
1,TFM,2025-01-16,2026-01,43.8
1,TFM,2025-01-16,2026-02,43.65
2,TFM,2025-01-16,2026-03,42.400845864661655
1,TFM,2025-01-16,2026-04,39.45
1,TFM,2025-01-16,2026-12,37.25
2,TFM,2025-01-17,2025-02,47.4
2,TFM,2025-01-17,2025-03,47.346199393879495
2,TFM,2025-01-17,2025-04,47.417196241725385
2,TFM,2025-01-17,2025-05,47.38992290748899
2,TFM,2025-01-17,2025-06,47.51009375
2,TFM,2025-01-17,2025-07,47.465302648171495
2,TFM,2025-01-17,2025-08,47.41953623188407
2,TFM,2025-01-17,2025-09,47.53460122699386
2,TFM,2025-01-17,2025-10,46.66900170648465
2,TFM,2025-01-17,2025-11,45.277717917675545
1,TFM,2025-01-17,2025-12,44.65
1,TFM,2025-01-17,2026-02,44.555
1,TFM,2025-01-17,2026-03,43.305
1,TFM,2025-01-17,2026-04,40.1
1,TFM,2025-01-17,2026-12,37.47
2,TFM,2025-01-20,2025-02,47.75033108336145
2,TFM,2025-01-20,2025-03,47.692966086488426
2,TFM,2025-01-20,2025-04,47.68933078244573
2,TFM,2025-01-20,2025-05,47.71561178709809
2,TFM,2025-01-20,2025-06,47.690629522431266
2,TFM,2025-01-20,2025-07,47.67892595606184
2,TFM,2025-01-20,2025-08,47.75111706881143
2,TFM,2025-01-20,2025-09,47.80799651567945
2,TFM,2025-01-20,2025-10,46.89218094667466
2,TFM,2025-01-20,2025-11,45.93649668874172
2,TFM,2025-01-20,2025-12,45.60627870150436
2,TFM,2025-01-20,2026-01,45.37549682034976
2,TFM,2025-01-20,2026-02,44.7
2,TFM,2025-01-20,2026-03,43.366421618852456
1,TFM,2025-01-20,2026-04,39.82
2,TFM,2025-01-21,2025-02,49.730449006320825
2,TFM,2025-01-21,2025-03,49.68038902431655
2,TFM,2025-01-21,2025-04,49.67639495129765
2,TFM,2025-01-21,2025-05,49.60083346364347
2,TFM,2025-01-21,2025-06,49.64270593211378
2,TFM,2025-01-21,2025-07,49.61516629076035
2,TFM,2025-01-21,2025-08,49.83455813152761
2,TFM,2025-01-21,2025-09,49.72634033104562
2,TFM,2025-01-21,2025-10,48.0885742949504
2,TFM,2025-01-21,2025-11,46.189835847382426
2,TFM,2025-01-21,2025-12,45.851407758037745
1,TFM,2025-01-21,2026-01,45.545
1,TFM,2025-01-21,2026-02,44.4
1,TFM,2025-01-21,2026-03,43.0
1,TFM,2025-01-21,2026-04,39.75
2,TFM,2025-01-22,2025-02,48.78856238832638
2,TFM,2025-01-22,2025-03,48.763017377216535
2,TFM,2025-01-22,2025-04,48.69097948285554
2,TFM,2025-01-22,2025-05,48.6562720091049
2,TFM,2025-01-22,2025-06,48.6296721189314
2,TFM,2025-01-22,2025-07,48.46663180877959
2,TFM,2025-01-22,2025-08,48.30054483188044
2,TFM,2025-01-22,2025-09,48.295176012266104
2,TFM,2025-01-22,2025-10,46.96500000000001
2,TFM,2025-01-22,2025-11,44.85837805605248
2,TFM,2025-01-22,2025-12,44.285028571428576
1,TFM,2025-01-22,2026-01,44.665
1,TFM,2025-01-22,2026-02,43.775
1,TFM,2025-01-22,2026-08,38.0
1,TFM,2025-01-22,2026-09,38.0
2,TFM,2025-01-23,2025-02,49.32749186904285
2,TFM,2025-01-23,2025-03,49.37383201153569
2,TFM,2025-01-23,2025-04,49.49066990676917
2,TFM,2025-01-23,2025-05,49.42913758487259
2,TFM,2025-01-23,2025-06,49.48463284909106
2,TFM,2025-01-23,2025-07,49.47680178209157
2,TFM,2025-01-23,2025-08,49.324388385767634
2,TFM,2025-01-23,2025-09,49.27403626088178
2,TFM,2025-01-23,2025-10,47.567663064833006
2,TFM,2025-01-23,2025-11,44.89453659634679
2,TFM,2025-01-23,2025-12,44.66957008016551
1,TFM,2025-01-23,2026-01,44.18
1,TFM,2025-01-23,2026-02,43.3
2,TFM,2025-01-23,2026-03,41.87626220127903
2,TFM,2025-01-23,2026-04,39.31525800903031
1,TFM,2025-01-23,2026-12,37.1
2,TFM,2025-01-24,2025-02,49.78220303896431
2,TFM,2025-01-24,2025-03,49.86422537832957
2,TFM,2025-01-24,2025-04,49.97279399524376
2,TFM,2025-01-24,2025-05,49.826316495566964
2,TFM,2025-01-24,2025-06,50.02180710517717
2,TFM,2025-01-24,2025-07,49.988847437063995
2,TFM,2025-01-24,2025-08,49.9086384161167
2,TFM,2025-01-24,2025-09,49.847246105919
2,TFM,2025-01-24,2025-10,48.31400067125357
2,TFM,2025-01-24,2025-11,45.16412095057933
2,TFM,2025-01-24,2025-12,44.85707602339181
1,TFM,2025-01-24,2026-01,43.8
1,TFM,2025-01-24,2026-02,42.6
1,TFM,2025-01-24,2026-06,38.41
1,TFM,2025-01-24,2026-12,37.25
2,TFM,2025-01-27,2025-02,47.92015665886539
2,TFM,2025-01-27,2025-03,47.98089155784323
2,TFM,2025-01-27,2025-04,48.21489009186352
2,TFM,2025-01-27,2025-05,48.223897116955676
2,TFM,2025-01-27,2025-06,48.32513691128149
2,TFM,2025-01-27,2025-07,48.244859346041835
2,TFM,2025-01-27,2025-08,48.219939172749385
2,TFM,2025-01-27,2025-09,48.40839894649293
2,TFM,2025-01-27,2025-10,46.63706715958103
2,TFM,2025-01-27,2025-11,43.87440449438201
2,TFM,2025-01-27,2025-12,43.65
1,TFM,2025-01-27,2026-01,43.27499999999999
1,TFM,2025-01-27,2026-02,42.74
1,TFM,2025-01-27,2026-06,37.45
1,TFM,2025-01-27,2026-12,36.45
2,TFM,2025-01-28,2025-02,48.459999999999994
2,TFM,2025-01-28,2025-03,48.48315279650817
2,TFM,2025-01-28,2025-04,48.61736650789671
2,TFM,2025-01-28,2025-05,48.58933064740206
2,TFM,2025-01-28,2025-06,48.677948259418216
2,TFM,2025-01-28,2025-07,48.69960607566187
1,TFM,2025-01-28,2025-08,48.67
2,TFM,2025-01-28,2025-09,48.74659725057847
2,TFM,2025-01-28,2025-10,47.350934789111584
2,TFM,2025-01-28,2025-11,43.82091147631543
2,TFM,2025-01-28,2025-12,43.73904802857899
2,TFM,2025-01-28,2026-01,43.45324002073613
2,TFM,2025-01-28,2026-02,42.666015863331296
2,TFM,2025-01-28,2026-03,41.413072950290506
1,TFM,2025-01-28,2026-04,38.9
1,TFM,2025-01-28,2026-06,37.9
1,TFM,2025-01-28,2026-12,36.88
2,TFM,2025-01-29,2025-02,51.48348897220212
2,TFM,2025-01-29,2025-03,51.37708149942867
2,TFM,2025-01-29,2025-04,51.40123970209401
2,TFM,2025-01-29,2025-05,51.339916953998824
2,TFM,2025-01-29,2025-06,51.36856476750128
2,TFM,2025-01-29,2025-07,51.27471854050458
2,TFM,2025-01-29,2025-08,51.25836765994741
2,TFM,2025-01-29,2025-09,51.29366759195004
2,TFM,2025-01-29,2025-10,49.91853414246155
2,TFM,2025-01-29,2025-11,45.601504813137026
2,TFM,2025-01-29,2025-12,45.09182154936382
2,TFM,2025-01-29,2026-01,45.00908618795565
2,TFM,2025-01-29,2026-02,43.58293177660605
2,TFM,2025-01-29,2026-03,41.885200794588215
1,TFM,2025-01-29,2026-04,39.275
1,TFM,2025-01-29,2026-06,39.0
1,TFM,2025-01-29,2026-12,37.6
2,TFM,2025-01-30,2025-02,51.578365528565215
2,TFM,2025-01-30,2025-03,51.325015291941284
2,TFM,2025-01-30,2025-04,51.3012280921382
2,TFM,2025-01-30,2025-05,51.18631623931624
2,TFM,2025-01-30,2025-06,51.13099223215595
2,TFM,2025-01-30,2025-07,51.09018425286761
2,TFM,2025-01-30,2025-08,51.048251977093
2,TFM,2025-01-30,2025-09,50.97030136739835
2,TFM,2025-01-30,2025-10,50.00450487457553
2,TFM,2025-01-30,2025-11,44.48887477887288
2,TFM,2025-01-30,2025-12,44.18596139209853
2,TFM,2025-01-30,2026-01,44.4975905549755
2,TFM,2025-01-30,2026-02,43.602334685407044
1,TFM,2025-01-30,2026-03,42.64
1,TFM,2025-01-30,2026-04,39.84
1,TFM,2025-01-30,2026-06,38.8
1,TFM,2025-01-30,2026-12,37.25
2,TFM,2025-01-31,2025-03,53.65
2,TFM,2025-01-31,2025-04,53.558273752147855
2,TFM,2025-01-31,2025-05,53.4150447177194
2,TFM,2025-01-31,2025-06,53.45445493547139
2,TFM,2025-01-31,2025-07,53.39557522961841
2,TFM,2025-01-31,2025-08,53.32213836028045
2,TFM,2025-01-31,2025-09,53.308127589237145
2,TFM,2025-01-31,2025-10,52.58764030957406
2,TFM,2025-01-31,2025-11,46.7549734656927
2,TFM,2025-01-31,2025-12,46.831083564057394
1,TFM,2025-01-31,2026-01,46.565
2,TFM,2025-01-31,2026-02,44.518485841525916
1,TFM,2025-01-31,2026-03,43.525
1,TFM,2025-01-31,2026-06,38.8
1,TFM,2025-01-31,2026-10,38.3
1,TFM,2025-01-31,2027-04,31.3
1,TFM,2025-01-31,2027-05,29.8
2,TFM,2025-02-03,2025-03,53.84217253334901
2,TFM,2025-02-03,2025-04,53.67658509912749
2,TFM,2025-02-03,2025-05,53.49733291786651
2,TFM,2025-02-03,2025-06,53.522514526943134
2,TFM,2025-02-03,2025-07,53.417656075808246
2,TFM,2025-02-03,2025-08,53.280151160584396
2,TFM,2025-02-03,2025-09,53.16911510542689
2,TFM,2025-02-03,2025-10,52.015
2,TFM,2025-02-03,2025-11,47.27217859494028
2,TFM,2025-02-03,2025-12,46.99570324305475
2,TFM,2025-02-03,2026-01,46.51827388320018
2,TFM,2025-02-03,2026-02,45.963386686067665
2,TFM,2025-02-03,2026-03,44.40139508255996
2,TFM,2025-02-03,2026-04,41.599790301441686
1,TFM,2025-02-03,2026-05,40.68
1,TFM,2025-02-03,2026-06,40.4
1,TFM,2025-02-03,2026-07,40.06
1,TFM,2025-02-03,2026-08,40.05
1,TFM,2025-02-03,2026-09,40.07
2,TFM,2025-02-04,2025-03,52.355640834921665
2,TFM,2025-02-04,2025-04,52.267867927802854
2,TFM,2025-02-04,2025-05,51.99086424903722
2,TFM,2025-02-04,2025-06,51.94978805006056
2,TFM,2025-02-04,2025-07,51.89856300172972
2,TFM,2025-02-04,2025-08,51.73270296548371
2,TFM,2025-02-04,2025-09,51.67274017827667
2,TFM,2025-02-04,2025-10,50.902285742692385
2,TFM,2025-02-04,2025-11,47.00265240563627
2,TFM,2025-02-04,2025-12,46.60612340494266
2,TFM,2025-02-04,2026-01,46.65788066514509
2,TFM,2025-02-04,2026-02,45.33516551321604
2,TFM,2025-02-04,2026-03,44.249788726443
1,TFM,2025-02-04,2026-06,40.5
1,TFM,2025-02-04,2026-12,38.2
2,TFM,2025-02-05,2025-03,53.407854218583125
2,TFM,2025-02-05,2025-04,53.18239210323903
2,TFM,2025-02-05,2025-05,53.03389945652174
2,TFM,2025-02-05,2025-06,52.95036686838124
2,TFM,2025-02-05,2025-07,52.86999999999999
2,TFM,2025-02-05,2025-08,52.72133902418613
2,TFM,2025-02-05,2025-09,52.69087018365895
2,TFM,2025-02-05,2025-10,52.201199328620106
2,TFM,2025-02-05,2025-11,48.46996569468268
2,TFM,2025-02-05,2025-12,48.265201693519934
2,TFM,2025-02-05,2026-01,47.95885841876847
1,TFM,2025-02-05,2026-02,47.1
1,TFM,2025-02-05,2026-10,40.5
1,TFM,2025-02-05,2026-12,39.2
2,TFM,2025-02-06,2025-03,54.20157472799335
2,TFM,2025-02-06,2025-04,53.91187918955153
2,TFM,2025-02-06,2025-05,53.6063260415165
2,TFM,2025-02-06,2025-06,53.505937838162794
2,TFM,2025-02-06,2025-07,53.33037602251737
2,TFM,2025-02-06,2025-08,53.201046881579565
2,TFM,2025-02-06,2025-09,53.28556014150943
2,TFM,2025-02-06,2025-10,52.93170168067227
2,TFM,2025-02-06,2025-11,48.9014958659704
2,TFM,2025-02-06,2025-12,48.84115972430327
2,TFM,2025-02-06,2026-01,48.507765918292236
1,TFM,2025-02-06,2026-02,47.7
1,TFM,2025-02-06,2026-03,46.2
1,TFM,2025-02-06,2026-05,42.0
1,TFM,2025-02-06,2026-06,41.35
1,TFM,2025-02-06,2026-11,40.4
1,TFM,2025-02-06,2026-12,40.0
2,TFM,2025-02-07,2025-03,55.97909873643131
2,TFM,2025-02-07,2025-04,55.77321597826088
2,TFM,2025-02-07,2025-05,55.422133208794364
2,TFM,2025-02-07,2025-06,55.29290292829145
2,TFM,2025-02-07,2025-07,55.13340285038243
2,TFM,2025-02-07,2025-08,54.99994281980069
2,TFM,2025-02-07,2025-09,54.919122453096634
2,TFM,2025-02-07,2025-10,54.20680693069307
2,TFM,2025-02-07,2025-11,50.314564163400036
2,TFM,2025-02-07,2025-12,49.789256254225826
2,TFM,2025-02-07,2026-01,49.21419574643816
2,TFM,2025-02-07,2026-02,48.36960680689145
1,TFM,2025-02-07,2026-03,47.6
2,TFM,2025-02-07,2026-06,42.010709334565625
1,TFM,2025-02-07,2026-11,40.1
2,TFM,2025-02-07,2026-12,40.020295202952035
2,TFM,2025-02-10,2025-03,58.238762607861936
2,TFM,2025-02-10,2025-04,57.97618812947256
2,TFM,2025-02-10,2025-05,57.5
2,TFM,2025-02-10,2025-06,57.38626981262101
2,TFM,2025-02-10,2025-07,57.06862576848472
2,TFM,2025-02-10,2025-08,56.856729789995676
1,TFM,2025-02-10,2025-09,56.785
2,TFM,2025-02-10,2025-10,55.876210602877
2,TFM,2025-02-10,2025-11,52.0801446471347
2,TFM,2025-02-10,2025-12,51.73304759510641
2,TFM,2025-02-10,2026-01,51.496770295049174
2,TFM,2025-02-10,2026-02,50.51728374142167
2,TFM,2025-02-10,2026-03,48.804815838758586
1,TFM,2025-02-10,2026-04,44.975
1,TFM,2025-02-10,2026-06,43.15
2,TFM,2025-02-11,2025-03,56.41693130665352
2,TFM,2025-02-11,2025-04,56.251751212290586
2,TFM,2025-02-11,2025-05,56.04896598030439
2,TFM,2025-02-11,2025-06,55.958528635291636
2,TFM,2025-02-11,2025-07,55.82997043918919
2,TFM,2025-02-11,2025-08,55.64535433070867
2,TFM,2025-02-11,2025-09,55.68145047762695
2,TFM,2025-02-11,2025-10,54.853865539252254
1,TFM,2025-02-11,2025-11,51.48
2,TFM,2025-02-11,2025-12,51.195244228673346
1,TFM,2025-02-11,2026-01,50.95
2,TFM,2025-02-11,2026-02,51.349999999999994
2,TFM,2025-02-11,2026-03,49.54999999999999
2,TFM,2025-02-11,2026-06,42.96031446540881
1,TFM,2025-02-11,2026-11,40.75
1,TFM,2025-02-11,2026-12,41.5
2,TFM,2025-02-12,2025-03,55.89612251456116
2,TFM,2025-02-12,2025-04,56.00666274504344
2,TFM,2025-02-12,2025-05,55.94773390436748
2,TFM,2025-02-12,2025-06,56.012913327146435
2,TFM,2025-02-12,2025-07,55.935
2,TFM,2025-02-12,2025-08,55.79
2,TFM,2025-02-12,2025-09,55.63448869841479
2,TFM,2025-02-12,2025-10,55.19990299395917
2,TFM,2025-02-12,2025-11,52.672314502144744
2,TFM,2025-02-12,2025-12,52.42
1,TFM,2025-02-12,2026-01,52.21000000000001
2,TFM,2025-02-12,2026-02,51.47571552471813
2,TFM,2025-02-12,2026-03,49.82432226404307
2,TFM,2025-02-12,2026-04,43.87770809578107
2,TFM,2025-02-12,2026-05,42.376851642129104
2,TFM,2025-02-12,2026-06,41.84665862900448
2,TFM,2025-02-12,2026-12,40.510553633217995
2,TFM,2025-02-13,2025-03,51.01142336576896
2,TFM,2025-02-13,2025-04,51.004027065033746
2,TFM,2025-02-13,2025-05,50.8155753789714
2,TFM,2025-02-13,2025-06,50.80572101236021
2,TFM,2025-02-13,2025-07,50.752489760724295
2,TFM,2025-02-13,2025-08,50.7
2,TFM,2025-02-13,2025-09,50.661207204493124
2,TFM,2025-02-13,2025-10,50.404094795260235
2,TFM,2025-02-13,2025-11,49.45850486470051
2,TFM,2025-02-13,2025-12,48.96427962758403
2,TFM,2025-02-13,2026-01,48.58222624382397
2,TFM,2025-02-13,2026-02,48.994787059269555
2,TFM,2025-02-13,2026-03,47.500645431955334
1,TFM,2025-02-13,2026-04,40.45
1,TFM,2025-02-13,2026-06,38.0
1,TFM,2025-02-13,2026-07,39.0
1,TFM,2025-02-13,2026-09,38.0
1,TFM,2025-02-13,2026-11,38.0
1,TFM,2025-02-13,2026-12,38.95
2,TFM,2025-02-14,2025-03,50.88106308568354
2,TFM,2025-02-14,2025-04,50.91999739092807
2,TFM,2025-02-14,2025-05,50.80786513282073
2,TFM,2025-02-14,2025-06,50.80768218917563
2,TFM,2025-02-14,2025-07,50.7
2,TFM,2025-02-14,2025-08,50.52476892503928
2,TFM,2025-02-14,2025-09,50.53980840581473
2,TFM,2025-02-14,2025-10,50.04826281992895
2,TFM,2025-02-14,2025-11,48.28684814320328
2,TFM,2025-02-14,2025-12,47.9712909632572
1,TFM,2025-02-14,2026-01,47.74
1,TFM,2025-02-14,2026-02,47.2
1,TFM,2025-02-14,2026-03,46.0
2,TFM,2025-02-14,2026-04,39.0806511670148
1,TFM,2025-02-14,2026-05,37.95
1,TFM,2025-02-14,2026-06,37.955
1,TFM,2025-02-14,2026-07,36.75
1,TFM,2025-02-14,2026-10,38.0
1,TFM,2025-02-14,2026-12,37.25
1,TFM,2025-02-14,2027-08,29.2
2,TFM,2025-02-17,2025-03,47.7321637714537
2,TFM,2025-02-17,2025-04,47.73062283576193
2,TFM,2025-02-17,2025-05,47.65450993846562
2,TFM,2025-02-17,2025-06,47.68235846339918
2,TFM,2025-02-17,2025-07,47.56541958958893
2,TFM,2025-02-17,2025-08,47.599975252775224
2,TFM,2025-02-17,2025-09,47.46051920388737
2,TFM,2025-02-17,2025-10,47.60709639266706
2,TFM,2025-02-17,2025-11,45.843600746268656
2,TFM,2025-02-17,2025-12,45.300019186492705
2,TFM,2025-02-17,2026-01,44.89416121189453
1,TFM,2025-02-17,2026-02,44.675
1,TFM,2025-02-17,2026-03,43.235
1,TFM,2025-02-17,2026-04,38.6
1,TFM,2025-02-17,2026-06,36.785
1,TFM,2025-02-17,2026-07,35.0
1,TFM,2025-02-17,2026-08,35.0
1,TFM,2025-02-17,2027-02,35.0
2,TFM,2025-02-18,2025-03,49.874115035967456
2,TFM,2025-02-18,2025-04,50.024426999116784
2,TFM,2025-02-18,2025-05,50.0427206162946
2,TFM,2025-02-18,2025-06,50.1250846191327
2,TFM,2025-02-18,2025-07,49.89873958333334
2,TFM,2025-02-18,2025-08,49.99822222222222
2,TFM,2025-02-18,2025-09,49.618810696548046
2,TFM,2025-02-18,2025-10,49.042905921829366
2,TFM,2025-02-18,2025-11,46.983352576738945
2,TFM,2025-02-18,2025-12,46.303135934462645
2,TFM,2025-02-18,2026-01,45.3
1,TFM,2025-02-18,2026-02,44.28
1,TFM,2025-02-18,2026-03,43.45
1,TFM,2025-02-18,2026-05,36.435
2,TFM,2025-02-19,2025-03,47.053694050144124
2,TFM,2025-02-19,2025-04,47.24989815788113
2,TFM,2025-02-19,2025-05,47.280632875143176
2,TFM,2025-02-19,2025-06,47.32544903851111
2,TFM,2025-02-19,2025-07,47.26799473652368
2,TFM,2025-02-19,2025-08,47.23752022978565
2,TFM,2025-02-19,2025-09,47.15244910709637
2,TFM,2025-02-19,2025-10,46.67939801764118
2,TFM,2025-02-19,2025-11,45.000395052310374
2,TFM,2025-02-19,2025-12,44.7008729887025
1,TFM,2025-02-19,2026-01,45.05
1,TFM,2025-02-19,2026-02,45.92
1,TFM,2025-02-19,2026-03,43.39
1,TFM,2025-02-19,2026-04,38.95
2,TFM,2025-02-20,2025-03,47.491254613674826
2,TFM,2025-02-20,2025-04,47.65353445216774
2,TFM,2025-02-20,2025-05,47.72231332059672
2,TFM,2025-02-20,2025-06,47.81577137609687
2,TFM,2025-02-20,2025-07,47.85067125451263
2,TFM,2025-02-20,2025-08,47.79074841797826
2,TFM,2025-02-20,2025-09,47.891649499082824
2,TFM,2025-02-20,2025-10,47.162850143292964
2,TFM,2025-02-20,2025-11,45.6175932779834
2,TFM,2025-02-20,2025-12,45.29678501595143
1,TFM,2025-02-20,2026-01,45.04500000000001
2,TFM,2025-02-20,2026-02,44.42037322795133
1,TFM,2025-02-20,2026-03,43.57
1,TFM,2025-02-20,2026-04,38.5
2,TFM,2025-02-21,2025-03,45.94407203723864
2,TFM,2025-02-21,2025-04,46.131651121106
2,TFM,2025-02-21,2025-05,46.29102355159301
2,TFM,2025-02-21,2025-06,46.36458209220646
2,TFM,2025-02-21,2025-07,46.36568306641436
2,TFM,2025-02-21,2025-08,46.35159940944882
2,TFM,2025-02-21,2025-09,46.26734860919143
2,TFM,2025-02-21,2025-10,46.025
2,TFM,2025-02-21,2025-11,44.790228649680465
2,TFM,2025-02-21,2025-12,44.53535566233276
2,TFM,2025-02-21,2026-01,44.600411057909476
1,TFM,2025-02-21,2026-02,44.79
1,TFM,2025-02-21,2026-03,43.15
2,TFM,2025-02-24,2025-03,47.34048799999999
2,TFM,2025-02-24,2025-04,47.543875611862944
2,TFM,2025-02-24,2025-05,47.55532021618566
2,TFM,2025-02-24,2025-06,47.68287230880292
2,TFM,2025-02-24,2025-07,47.629716458811025
2,TFM,2025-02-24,2025-08,47.46857856845362
2,TFM,2025-02-24,2025-09,47.381347521522905
2,TFM,2025-02-24,2025-10,46.69312042581504
2,TFM,2025-02-24,2025-11,45.07242122719735
1,TFM,2025-02-24,2025-12,45.35
1,TFM,2025-02-24,2026-01,44.2
1,TFM,2025-02-24,2026-02,43.77
1,TFM,2025-02-24,2026-03,42.14
1,TFM,2025-02-24,2026-04,37.35
2,TFM,2025-02-25,2025-03,43.988255265200515
2,TFM,2025-02-25,2025-04,44.25523569672724
2,TFM,2025-02-25,2025-05,44.31132576277703
2,TFM,2025-02-25,2025-06,44.18405747126436
2,TFM,2025-02-25,2025-07,44.249743548828306
2,TFM,2025-02-25,2025-08,44.3362363574352
2,TFM,2025-02-25,2025-09,44.245
2,TFM,2025-02-25,2025-10,44.10424532099014
2,TFM,2025-02-25,2025-11,43.08382352941177
2,TFM,2025-02-25,2025-12,42.792489368165256
1,TFM,2025-02-25,2026-01,42.98
1,TFM,2025-02-25,2026-02,42.515
1,TFM,2025-02-25,2026-03,40.55
1,TFM,2025-02-25,2026-04,36.1
1,TFM,2025-02-25,2026-05,34.71
1,TFM,2025-02-25,2026-06,34.0
1,TFM,2025-02-25,2026-09,34.9
1,TFM,2025-02-25,2027-01,35.3
1,TFM,2025-02-25,2027-03,33.6
2,TFM,2025-02-26,2025-03,41.40707464037099
2,TFM,2025-02-26,2025-04,41.699999999999996
2,TFM,2025-02-26,2025-05,41.76968884882733
2,TFM,2025-02-26,2025-06,41.83299487251858
2,TFM,2025-02-26,2025-07,41.75994709249194
2,TFM,2025-02-26,2025-08,41.73428044883891
2,TFM,2025-02-26,2025-09,41.828193804750285
2,TFM,2025-02-26,2025-10,41.82821075626755
2,TFM,2025-02-26,2025-11,41.51391579991915
2,TFM,2025-02-26,2025-12,41.449323235578476
2,TFM,2025-02-26,2026-01,41.050170726155244
2,TFM,2025-02-26,2026-02,40.70167088607595
2,TFM,2025-02-26,2026-03,39.96035315502468
1,TFM,2025-02-26,2026-04,34.8
1,TFM,2025-02-26,2026-06,33.15
1,TFM,2025-02-26,2026-10,33.775
1,TFM,2025-02-26,2027-04,29.75
2,TFM,2025-02-27,2025-03,45.05079579307734
2,TFM,2025-02-27,2025-04,45.25
2,TFM,2025-02-27,2025-05,45.30942351183683
2,TFM,2025-02-27,2025-06,45.41741549876339
2,TFM,2025-02-27,2025-07,45.4043454080126
2,TFM,2025-02-27,2025-08,45.687483910721625
2,TFM,2025-02-27,2025-09,45.7043801026037
2,TFM,2025-02-27,2025-10,45.78862315937093
2,TFM,2025-02-27,2025-11,44.67428135980695
2,TFM,2025-02-27,2025-12,44.34155611588535
2,TFM,2025-02-27,2026-01,43.799516151489826
2,TFM,2025-02-27,2026-02,42.731599564003
2,TFM,2025-02-27,2026-03,41.90612876078266
1,TFM,2025-02-27,2026-04,36.6
1,TFM,2025-02-27,2026-05,35.3
1,TFM,2025-02-27,2026-06,34.395
2,TFM,2025-02-28,2025-04,44.30060546788421
2,TFM,2025-02-28,2025-05,44.30365431069189
2,TFM,2025-02-28,2025-06,44.45587438639551
2,TFM,2025-02-28,2025-07,44.490080013765805
2,TFM,2025-02-28,2025-08,44.44092509531285
2,TFM,2025-02-28,2025-09,44.480401085645354
2,TFM,2025-02-28,2025-10,44.60099833610649
2,TFM,2025-02-28,2025-11,43.505754633715796
1,TFM,2025-02-28,2025-12,43.345
1,TFM,2025-02-28,2026-01,43.14
2,TFM,2025-02-28,2026-02,42.85006317562824
1,TFM,2025-02-28,2026-03,41.24
1,TFM,2025-02-28,2026-04,36.81
1,TFM,2025-02-28,2026-06,34.395
1,TFM,2025-02-28,2026-10,35.55
2,TFM,2025-03-03,2025-04,45.76941756061473
2,TFM,2025-03-03,2025-05,45.708415743670884
2,TFM,2025-03-03,2025-06,45.791150783777056
2,TFM,2025-03-03,2025-07,45.87642796967144
2,TFM,2025-03-03,2025-08,45.92110837438423
2,TFM,2025-03-03,2025-09,45.9062456793406
2,TFM,2025-03-03,2025-10,45.633424599474445
2,TFM,2025-03-03,2025-11,44.09926294569737
2,TFM,2025-03-03,2025-12,44.350447316103384
1,TFM,2025-03-03,2026-01,43.660000000000004
1,TFM,2025-03-03,2026-02,43.525
2,TFM,2025-03-03,2026-03,41.290000000000006
1,TFM,2025-03-03,2026-04,37.2
1,TFM,2025-03-03,2026-06,34.745
2,TFM,2025-03-04,2025-04,42.84569086691896
2,TFM,2025-03-04,2025-05,42.80223603016798
2,TFM,2025-03-04,2025-06,42.93234388475421
2,TFM,2025-03-04,2025-07,43.03612268835281
2,TFM,2025-03-04,2025-08,43.115699153533185
2,TFM,2025-03-04,2025-09,43.14745485535287
2,TFM,2025-03-04,2025-10,43.0521114533744
2,TFM,2025-03-04,2025-11,42.04927680798005
2,TFM,2025-03-04,2025-12,42.00941954887218
2,TFM,2025-03-04,2026-01,41.77545063990867
2,TFM,2025-03-04,2026-02,40.80169095492836
2,TFM,2025-03-04,2026-03,39.50055665512122
1,TFM,2025-03-04,2026-04,34.5
1,TFM,2025-03-04,2026-05,33.0
1,TFM,2025-03-04,2026-06,32.72
1,TFM,2025-03-04,2026-12,33.5
1,TFM,2025-03-04,2027-01,33.7
1,TFM,2025-03-04,2027-02,33.275
2,TFM,2025-03-05,2025-04,41.0
2,TFM,2025-03-05,2025-05,40.94990224570674
2,TFM,2025-03-05,2025-06,41.04144533802463
2,TFM,2025-03-05,2025-07,41.16546653906623
2,TFM,2025-03-05,2025-08,41.07657822747519
2,TFM,2025-03-05,2025-09,41.20074639849677
2,TFM,2025-03-05,2025-10,41.05194618956568
2,TFM,2025-03-05,2025-11,39.742532245827014
2,TFM,2025-03-05,2025-12,39.5027438671045
2,TFM,2025-03-05,2026-01,39.75960108443068
1,TFM,2025-03-05,2026-02,39.77
1,TFM,2025-03-05,2026-03,37.705
2,TFM,2025-03-05,2026-04,33.655
2,TFM,2025-03-05,2026-05,32.22
1,TFM,2025-03-05,2026-06,31.51
1,TFM,2025-03-05,2026-12,33.25
1,TFM,2025-03-05,2027-01,33.3
2,TFM,2025-03-06,2025-04,37.83135708051656
2,TFM,2025-03-06,2025-05,37.77802487901183
2,TFM,2025-03-06,2025-06,37.87165605403966
2,TFM,2025-03-06,2025-07,38.04897088516902
2,TFM,2025-03-06,2025-08,38.05154052717122
2,TFM,2025-03-06,2025-09,38.18520107238606
2,TFM,2025-03-06,2025-10,38.03249658469945
2,TFM,2025-03-06,2025-11,36.90260960334029
2,TFM,2025-03-06,2025-12,36.7041520979021
2,TFM,2025-03-06,2026-01,36.61686637305978
1,TFM,2025-03-06,2026-02,36.115
1,TFM,2025-03-06,2026-03,34.89
1,TFM,2025-03-06,2026-05,30.7
1,TFM,2025-03-06,2026-09,31.46
2,TFM,2025-03-07,2025-04,38.76424759693179
2,TFM,2025-03-07,2025-05,38.674616581462544
2,TFM,2025-03-07,2025-06,38.66712600697089
2,TFM,2025-03-07,2025-07,38.827753274063035
2,TFM,2025-03-07,2025-08,38.942399235482604
2,TFM,2025-03-07,2025-09,39.00239462131213
2,TFM,2025-03-07,2025-10,39.0372166935862
2,TFM,2025-03-07,2025-11,38.19387327215705
2,TFM,2025-03-07,2025-12,37.9224333353398
1,TFM,2025-03-07,2026-01,39.78
1,TFM,2025-03-07,2026-02,38.47
1,TFM,2025-03-07,2026-03,37.1
1,TFM,2025-03-07,2026-04,31.45
1,TFM,2025-03-07,2026-05,30.42
1,TFM,2025-03-07,2026-06,32.355
1,TFM,2025-03-07,2026-09,30.65
2,TFM,2025-03-07,2026-12,32.4579295154185
2,TFM,2025-03-10,2025-04,41.08668995931551
2,TFM,2025-03-10,2025-05,40.90237039302646
2,TFM,2025-03-10,2025-06,40.988679137628885
2,TFM,2025-03-10,2025-07,40.99596482383913
2,TFM,2025-03-10,2025-08,41.11082410747605
2,TFM,2025-03-10,2025-09,41.149788434414674
2,TFM,2025-03-10,2025-10,41.046416909620994
2,TFM,2025-03-10,2025-11,40.04056281771969
2,TFM,2025-03-10,2025-12,39.790316698656426
2,TFM,2025-03-10,2026-01,39.69894350696992
1,TFM,2025-03-10,2026-02,39.255
1,TFM,2025-03-10,2026-03,37.22
2,TFM,2025-03-11,2025-04,43.54147020575656
2,TFM,2025-03-11,2025-05,43.388249968148806
2,TFM,2025-03-11,2025-06,43.384332981263775
2,TFM,2025-03-11,2025-07,43.425222524536
2,TFM,2025-03-11,2025-08,43.391812977099235
2,TFM,2025-03-11,2025-09,43.52000526814878
2,TFM,2025-03-11,2025-10,43.40048359240069
2,TFM,2025-03-11,2025-11,42.099268018018016
2,TFM,2025-03-11,2025-12,42.039007670182166
1,TFM,2025-03-11,2026-01,41.35
1,TFM,2025-03-11,2026-02,39.6
2,TFM,2025-03-12,2025-04,41.82308530544358
2,TFM,2025-03-12,2025-05,41.71039292525538
2,TFM,2025-03-12,2025-06,41.74155547627542
2,TFM,2025-03-12,2025-07,41.75979737695255
2,TFM,2025-03-12,2025-08,41.84748901318418
2,TFM,2025-03-12,2025-09,41.88039143730887
2,TFM,2025-03-12,2025-10,41.79328382838284
2,TFM,2025-03-12,2025-11,40.69
2,TFM,2025-03-12,2025-12,40.43040582267313
2,TFM,2025-03-12,2026-01,40.189777142376585
1,TFM,2025-03-12,2026-03,39.125
1,TFM,2025-03-12,2026-04,34.5
1,TFM,2025-03-12,2026-06,32.7
1,TFM,2025-03-12,2026-09,33.0
1,TFM,2025-03-12,2026-11,33.85
1,TFM,2025-03-12,2026-12,33.465
1,TFM,2025-03-12,2027-12,28.325
2,TFM,2025-03-13,2025-04,40.630140177873415
2,TFM,2025-03-13,2025-05,40.62542579498079
2,TFM,2025-03-13,2025-06,40.60606342754514
2,TFM,2025-03-13,2025-07,40.60035373385738
2,TFM,2025-03-13,2025-08,40.620072976559044
1,TFM,2025-03-13,2025-09,40.645
2,TFM,2025-03-13,2025-10,40.531437520606666
2,TFM,2025-03-13,2025-11,38.79517169614984
2,TFM,2025-03-13,2025-12,38.60626662725391
2,TFM,2025-03-13,2026-01,38.50579676596887
1,TFM,2025-03-13,2026-02,40.195
1,TFM,2025-03-13,2026-03,38.745
1,TFM,2025-03-13,2026-04,34.95
1,TFM,2025-03-13,2026-11,34.3
2,TFM,2025-03-14,2025-04,42.21681099702783
2,TFM,2025-03-14,2025-05,42.146201041978834
2,TFM,2025-03-14,2025-06,42.2
2,TFM,2025-03-14,2025-07,42.19846951555534
2,TFM,2025-03-14,2025-08,42.030065074039804
2,TFM,2025-03-14,2025-09,42.07372665534805
2,TFM,2025-03-14,2025-10,41.948537000722474
2,TFM,2025-03-14,2025-11,40.21547065337763
2,TFM,2025-03-14,2025-12,39.902787844995814
1,TFM,2025-03-14,2026-01,39.71
1,TFM,2025-03-14,2026-02,38.74
1,TFM,2025-03-14,2026-04,33.86
1,TFM,2025-03-14,2026-06,31.645
1,TFM,2025-03-14,2026-11,33.0
1,TFM,2025-03-14,2026-12,32.75
2,TFM,2025-03-17,2025-04,41.28695112938793
2,TFM,2025-03-17,2025-05,41.24550384286935
2,TFM,2025-03-17,2025-06,41.3210135894554
2,TFM,2025-03-17,2025-07,41.367982594936706
2,TFM,2025-03-17,2025-08,41.3745893946504
2,TFM,2025-03-17,2025-09,41.339665378034105
2,TFM,2025-03-17,2025-10,41.425413525851994
2,TFM,2025-03-17,2025-11,39.61347935973041
2,TFM,2025-03-17,2025-12,39.28348989998039
1,TFM,2025-03-17,2026-01,39.3
2,TFM,2025-03-17,2026-02,38.29852402083735
2,TFM,2025-03-17,2026-03,37.54487048134545
1,TFM,2025-03-17,2026-04,33.0
2,TFM,2025-03-18,2025-04,40.547797403082875
2,TFM,2025-03-18,2025-05,40.517024045193374
2,TFM,2025-03-18,2025-06,40.64401599612216
2,TFM,2025-03-18,2025-07,40.71468913067614
2,TFM,2025-03-18,2025-08,40.7479024
2,TFM,2025-03-18,2025-09,40.70051523857107
2,TFM,2025-03-18,2025-10,40.656055591707734
2,TFM,2025-03-18,2025-11,39.202362574438844
2,TFM,2025-03-18,2025-12,38.885903496137225
2,TFM,2025-03-18,2026-01,38.67449106525817
2,TFM,2025-03-18,2026-02,38.53937918826652
1,TFM,2025-03-18,2026-03,36.9
2,TFM,2025-03-18,2026-04,32.89814509480626
2,TFM,2025-03-18,2026-05,31.502925639983747
1,TFM,2025-03-18,2026-06,31.125
2,TFM,2025-03-19,2025-04,41.437528314457026
2,TFM,2025-03-19,2025-05,41.50956913657237
2,TFM,2025-03-19,2025-06,43.994129945373274
2,TFM,2025-03-19,2025-07,44.04132823698041
2,TFM,2025-03-19,2025-08,44.09887675875931
2,TFM,2025-03-19,2025-09,44.12809561920809
2,TFM,2025-03-19,2025-10,43.841022241231826
2,TFM,2025-03-19,2025-11,42.57717019133938
2,TFM,2025-03-19,2025-12,42.14068013799901
1,TFM,2025-03-19,2026-01,41.935
2,TFM,2025-03-19,2026-02,41.362921779141104
1,TFM,2025-03-19,2026-03,39.87
1,TFM,2025-03-19,2026-04,34.1
1,TFM,2025-03-19,2026-07,32.6
2,TFM,2025-03-20,2025-04,42.854841871814024
2,TFM,2025-03-20,2025-05,42.88270560831393
2,TFM,2025-03-20,2025-06,43.049112766558395
2,TFM,2025-03-20,2025-07,43.094449971051105
2,TFM,2025-03-20,2025-08,43.133198859500126
2,TFM,2025-03-20,2025-09,43.27816731307378
2,TFM,2025-03-20,2025-10,42.91226363770034
2,TFM,2025-03-20,2025-11,41.90033425088478
2,TFM,2025-03-20,2025-12,41.62631898280046
2,TFM,2025-03-20,2026-01,41.45534043013076
2,TFM,2025-03-20,2026-02,40.911199834076534
1,TFM,2025-03-20,2026-03,39.345
2,TFM,2025-03-20,2026-04,35.28675941273976
1,TFM,2025-03-20,2026-05,33.87
1,TFM,2025-03-20,2026-06,33.465
2,TFM,2025-03-21,2025-04,42.550358569100744
2,TFM,2025-03-21,2025-05,42.68147986497084
2,TFM,2025-03-21,2025-06,42.86752602381101
2,TFM,2025-03-21,2025-07,42.97162438625204
2,TFM,2025-03-21,2025-08,43.149286047324864
2,TFM,2025-03-21,2025-09,43.12609321788276
2,TFM,2025-03-21,2025-10,43.044058408862035
2,TFM,2025-03-21,2025-11,42.19517603129446
2,TFM,2025-03-21,2025-12,41.85016187778227
2,TFM,2025-03-21,2026-01,41.50010163411718
2,TFM,2025-03-21,2026-02,41.13366694011484
2,TFM,2025-03-21,2026-03,39.70183170420739
1,TFM,2025-03-21,2026-05,34.27
1,TFM,2025-03-21,2026-12,34.5
2,TFM,2025-03-24,2025-04,42.2248581310377
2,TFM,2025-03-24,2025-05,42.36218037824571
2,TFM,2025-03-24,2025-06,42.61403332426021
2,TFM,2025-03-24,2025-07,42.72511537865882
2,TFM,2025-03-24,2025-08,42.78746058142399
2,TFM,2025-03-24,2025-09,42.91458347484354
2,TFM,2025-03-24,2025-10,42.80382284382284
2,TFM,2025-03-24,2025-11,42.60769798327594
2,TFM,2025-03-24,2025-12,42.35863117870723
2,TFM,2025-03-24,2026-01,42.24848484848485
1,TFM,2025-03-24,2026-02,40.66
2,TFM,2025-03-24,2026-03,39.95929993136583
1,TFM,2025-03-24,2026-04,35.625
2,TFM,2025-03-25,2025-04,41.15126291488084
2,TFM,2025-03-25,2025-05,41.276813831171246
2,TFM,2025-03-25,2025-06,41.45460926493744
2,TFM,2025-03-25,2025-07,41.58232479784366
2,TFM,2025-03-25,2025-08,41.71526954177898
2,TFM,2025-03-25,2025-09,41.8287503471258
2,TFM,2025-03-25,2025-10,41.76968115942029
2,TFM,2025-03-25,2025-11,41.03545519203414
2,TFM,2025-03-25,2025-12,40.97065843621399
2,TFM,2025-03-25,2026-01,40.770515166104964
1,TFM,2025-03-25,2026-02,40.925
1,TFM,2025-03-25,2026-03,39.31
2,TFM,2025-03-25,2026-04,35.179737226277375
1,TFM,2025-03-25,2026-08,33.08
1,TFM,2025-03-25,2026-10,33.75
1,TFM,2025-03-25,2026-11,34.225
2,TFM,2025-03-26,2025-04,40.75306186939937
2,TFM,2025-03-26,2025-05,40.91597010933164
2,TFM,2025-03-26,2025-06,41.16579065315841
2,TFM,2025-03-26,2025-07,41.33920580894033
2,TFM,2025-03-26,2025-08,41.450322361723785
2,TFM,2025-03-26,2025-09,41.57425486529134
2,TFM,2025-03-26,2025-10,41.440456191165815
2,TFM,2025-03-26,2025-11,40.65659817692768
1,TFM,2025-03-26,2025-12,40.575
2,TFM,2025-03-26,2026-01,40.26
1,TFM,2025-03-26,2026-02,39.915
1,TFM,2025-03-26,2026-04,34.7
1,TFM,2025-03-26,2026-10,33.35
1,TFM,2025-03-26,2026-12,33.875
1,TFM,2025-03-26,2027-01,33.585
1,TFM,2025-03-26,2027-02,33.35
2,TFM,2025-03-27,2025-04,40.933388094236435
2,TFM,2025-03-27,2025-05,41.106200082515336
2,TFM,2025-03-27,2025-06,41.32691676436108
2,TFM,2025-03-27,2025-07,41.548414064420946
2,TFM,2025-03-27,2025-08,41.724764114462495
2,TFM,2025-03-27,2025-09,41.77446081955428
2,TFM,2025-03-27,2025-10,41.609501710199005
2,TFM,2025-03-27,2025-11,40.96884663903406
2,TFM,2025-03-27,2025-12,40.7105723876743
1,TFM,2025-03-27,2026-01,40.605
1,TFM,2025-03-27,2026-02,40.36
1,TFM,2025-03-27,2026-03,38.895
1,TFM,2025-03-27,2026-04,35.1
2,TFM,2025-03-27,2026-09,33.56955710955712
2,TFM,2025-03-27,2026-10,33.39603159406414
1,TFM,2025-03-27,2027-01,34.1
1,TFM,2025-03-27,2027-03,32.1
2,TFM,2025-03-28,2025-04,40.39039370929824
2,TFM,2025-03-28,2025-05,40.66799762012528
2,TFM,2025-03-28,2025-06,40.818916703372
2,TFM,2025-03-28,2025-07,40.982888609188166
2,TFM,2025-03-28,2025-08,41.13141498024672
2,TFM,2025-03-28,2025-09,41.269363099146425
2,TFM,2025-03-28,2025-10,41.19067176268098
2,TFM,2025-03-28,2025-11,40.32354703940582
2,TFM,2025-03-28,2025-12,40.21860907759882
2,TFM,2025-03-28,2026-01,40.14488500940833
2,TFM,2025-03-28,2026-02,39.88493921711646
2,TFM,2025-03-28,2026-03,38.42595682334649
1,TFM,2025-03-28,2026-04,34.65
1,TFM,2025-03-28,2026-05,33.615
1,TFM,2025-03-28,2026-10,33.4
1,TFM,2025-03-28,2027-02,32.95
1,TFM,2025-03-28,2027-03,31.7
1,TFM,2025-03-28,2027-04,28.25
1,TFM,2025-03-28,2027-05,27.215
1,TFM,2025-03-28,2027-06,26.675
1,TFM,2025-03-28,2027-07,26.7
1,TFM,2025-03-28,2027-08,26.765000000000004
1,TFM,2025-03-28,2027-09,26.67
2,TFM,2025-03-31,2025-05,40.476784185627395
2,TFM,2025-03-31,2025-06,40.74033171892614
2,TFM,2025-03-31,2025-07,41.11968573570924
2,TFM,2025-03-31,2025-08,41.35014830025097
2,TFM,2025-03-31,2025-09,41.503073049194235
2,TFM,2025-03-31,2025-10,41.495
2,TFM,2025-03-31,2025-11,41.205
2,TFM,2025-03-31,2025-12,41.095
2,TFM,2025-03-31,2026-01,41.00398116283282
2,TFM,2025-03-31,2026-02,40.764491176789
2,TFM,2025-03-31,2026-03,38.6121758290184
2,TFM,2025-03-31,2026-04,34.95761088946257
1,TFM,2025-03-31,2026-05,33.75
1,TFM,2025-03-31,2026-06,33.7
1,TFM,2025-03-31,2026-08,33.15
1,TFM,2025-03-31,2026-09,33.35
2,TFM,2025-04-01,2025-05,42.656440855678674
2,TFM,2025-04-01,2025-06,42.825
2,TFM,2025-04-01,2025-07,43.096910529233654
2,TFM,2025-04-01,2025-08,43.373426557526145
2,TFM,2025-04-01,2025-09,43.537464004346646
2,TFM,2025-04-01,2025-10,43.57335847220532
2,TFM,2025-04-01,2025-11,43.17719532100109
2,TFM,2025-04-01,2025-12,42.955559528065784
2,TFM,2025-04-01,2026-01,42.9229577142109
2,TFM,2025-04-01,2026-02,42.23446944185713
2,TFM,2025-04-01,2026-03,41.32848518725546
1,TFM,2025-04-01,2026-04,36.45
1,TFM,2025-04-01,2026-11,35.25
2,TFM,2025-04-01,2026-12,34.936002976872
1,TFM,2025-04-01,2027-03,32.375
2,TFM,2025-04-02,2025-05,41.02372582201833
2,TFM,2025-04-02,2025-06,41.30476654535006
2,TFM,2025-04-02,2025-07,41.57425352974158
2,TFM,2025-04-02,2025-08,41.8411208026621
2,TFM,2025-04-02,2025-09,42.15918741955342
2,TFM,2025-04-02,2025-10,42.35524901773388
2,TFM,2025-04-02,2025-11,41.931447921924956
2,TFM,2025-04-02,2025-12,41.84541636407649
2,TFM,2025-04-02,2026-01,41.81405899371956
2,TFM,2025-04-02,2026-02,41.61614836206119
2,TFM,2025-04-02,2026-03,40.463812154696136
2,TFM,2025-04-02,2026-04,35.845860148514845
1,TFM,2025-04-02,2026-05,35.005
1,TFM,2025-04-02,2026-06,34.575
1,TFM,2025-04-02,2026-11,35.15
1,TFM,2025-04-02,2027-12,28.26
2,TFM,2025-04-03,2025-05,39.55778839180059
2,TFM,2025-04-03,2025-06,39.832432557185356
2,TFM,2025-04-03,2025-07,40.049778160559555
2,TFM,2025-04-03,2025-08,40.29358286756253
2,TFM,2025-04-03,2025-09,40.26199791159067
2,TFM,2025-04-03,2025-10,40.634097186819304
2,TFM,2025-04-03,2025-11,39.944775175518515
2,TFM,2025-04-03,2025-12,39.69944856868191
2,TFM,2025-04-03,2026-01,39.927564102564105
2,TFM,2025-04-03,2026-02,39.51476783123117
1,TFM,2025-04-03,2026-03,38.75
2,TFM,2025-04-03,2026-04,34.64912305122494
1,TFM,2025-04-03,2026-06,32.725
1,TFM,2025-04-03,2026-10,33.595
1,TFM,2025-04-03,2026-12,34.1
2,TFM,2025-04-04,2025-05,36.54624756803498
2,TFM,2025-04-04,2025-06,36.727066060443974
2,TFM,2025-04-04,2025-07,36.95624808575805
2,TFM,2025-04-04,2025-08,37.271360427925444
2,TFM,2025-04-04,2025-09,37.48233549507503
2,TFM,2025-04-04,2025-10,37.664296423526395
2,TFM,2025-04-04,2025-11,37.31839742021184
2,TFM,2025-04-04,2025-12,37.4127960078633
2,TFM,2025-04-04,2026-01,37.388299922206926
2,TFM,2025-04-04,2026-02,37.04770962732919
1,TFM,2025-04-04,2026-03,36.1
2,TFM,2025-04-04,2026-04,32.99998020585907
1,TFM,2025-04-04,2026-05,32.55
1,TFM,2025-04-04,2026-06,30.85
1,TFM,2025-04-04,2026-07,31.43
1,TFM,2025-04-04,2026-09,30.98
1,TFM,2025-04-04,2026-10,32.005
1,TFM,2025-04-04,2026-11,32.69
2,TFM,2025-04-07,2025-05,35.86436878976899
2,TFM,2025-04-07,2025-06,36.10370975398621
2,TFM,2025-04-07,2025-07,36.39877673200356
2,TFM,2025-04-07,2025-08,36.6639428608364
2,TFM,2025-04-07,2025-09,36.92
2,TFM,2025-04-07,2025-10,37.03180707356011
2,TFM,2025-04-07,2025-11,36.44497591432045
2,TFM,2025-04-07,2025-12,36.70531481201873
2,TFM,2025-04-07,2026-01,36.62071187199739
2,TFM,2025-04-07,2026-02,36.594296277300515
1,TFM,2025-04-07,2026-03,36.575
1,TFM,2025-04-07,2026-04,32.85
1,TFM,2025-04-07,2026-06,31.200000000000003
1,TFM,2025-04-07,2026-09,31.4
1,TFM,2025-04-07,2026-10,32.75
1,TFM,2025-04-07,2026-11,32.5
1,TFM,2025-04-07,2027-09,26.19
1,TFM,2025-04-07,2027-10,26.53
2,TFM,2025-04-08,2025-05,35.55625287022937
2,TFM,2025-04-08,2025-06,35.85921542179509
2,TFM,2025-04-08,2025-07,36.020202966680436
2,TFM,2025-04-08,2025-08,36.250241864555846
2,TFM,2025-04-08,2025-09,36.535513898842076
2,TFM,2025-04-08,2025-10,36.72746107403876
2,TFM,2025-04-08,2025-11,36.45800898820813
2,TFM,2025-04-08,2025-12,36.44051233144073
2,TFM,2025-04-08,2026-01,36.40623181064653
2,TFM,2025-04-08,2026-02,36.305700366631505
2,TFM,2025-04-08,2026-03,35.65494413131613
2,TFM,2025-04-08,2026-04,33.02987624940505
1,TFM,2025-04-08,2026-10,32.4
1,TFM,2025-04-08,2026-11,32.8
1,TFM,2025-04-08,2026-12,33.0
1,TFM,2025-04-08,2027-01,32.75
1,TFM,2025-04-08,2027-06,26.36
1,TFM,2025-04-08,2027-10,26.755
1,TFM,2025-04-08,2027-11,26.925
2,TFM,2025-04-09,2025-05,33.48695479688965
2,TFM,2025-04-09,2025-06,33.79368061599001
2,TFM,2025-04-09,2025-07,34.02082751264495
2,TFM,2025-04-09,2025-08,34.27658377131137
2,TFM,2025-04-09,2025-09,34.484105428158024
2,TFM,2025-04-09,2025-10,34.70478636076615
2,TFM,2025-04-09,2025-11,34.65453202563979
2,TFM,2025-04-09,2025-12,34.981670106295624
2,TFM,2025-04-09,2026-01,34.91042080226867
2,TFM,2025-04-09,2026-02,34.7710192690385
2,TFM,2025-04-09,2026-03,34.21014179033936
2,TFM,2025-04-09,2026-04,32.31090080822924
1,TFM,2025-04-09,2026-06,31.025
1,TFM,2025-04-09,2026-09,31.739999999999995
1,TFM,2025-04-09,2026-11,32.0
1,TFM,2025-04-09,2026-12,32.2
1,TFM,2025-04-09,2027-01,32.15
1,TFM,2025-04-09,2027-02,31.8
1,TFM,2025-04-09,2027-04,28.35
1,TFM,2025-04-09,2027-05,26.39
1,TFM,2025-04-09,2027-12,28.25
2,TFM,2025-04-10,2025-05,33.53080065206394
2,TFM,2025-04-10,2025-06,33.574556256126314
2,TFM,2025-04-10,2025-07,33.74176431405485
2,TFM,2025-04-10,2025-08,34.015028390943286
2,TFM,2025-04-10,2025-09,34.17692515515484
2,TFM,2025-04-10,2025-10,34.564099744245524
2,TFM,2025-04-10,2025-11,34.71110744474077
2,TFM,2025-04-10,2025-12,34.874104860528035
2,TFM,2025-04-10,2026-01,34.700288366708115
1,TFM,2025-04-10,2026-02,34.685
2,TFM,2025-04-10,2026-03,34.09542626881577
2,TFM,2025-04-10,2026-04,31.97835690627518
2,TFM,2025-04-11,2025-05,33.60755823553694
2,TFM,2025-04-11,2025-06,33.776829085232215
2,TFM,2025-04-11,2025-07,34.008094547701674
2,TFM,2025-04-11,2025-08,34.25296635767108
2,TFM,2025-04-11,2025-09,34.57635292155445
2,TFM,2025-04-11,2025-10,34.71632258064516
2,TFM,2025-04-11,2025-11,35.04181845872677
2,TFM,2025-04-11,2025-12,35.1787476866132
2,TFM,2025-04-11,2026-01,35.04959533357638
2,TFM,2025-04-11,2026-02,34.86979909021986
2,TFM,2025-04-11,2026-03,33.72011828764551
1,TFM,2025-04-11,2026-04,32.31
1,TFM,2025-04-11,2026-05,31.15
1,TFM,2025-04-11,2026-06,31.1
1,TFM,2025-04-11,2026-07,30.84
1,TFM,2025-04-11,2026-08,31.0
1,TFM,2025-04-11,2026-09,31.2
1,TFM,2025-04-11,2026-10,31.37
1,TFM,2025-04-11,2027-01,32.295
1,TFM,2025-04-11,2027-02,31.050000000000004
1,TFM,2025-04-11,2027-03,29.824999999999996
1,TFM,2025-04-11,2027-05,26.67
2,TFM,2025-04-14,2025-05,34.631075181430624
2,TFM,2025-04-14,2025-06,34.73
2,TFM,2025-04-14,2025-07,34.89894832807961
2,TFM,2025-04-14,2025-08,35.1496173748269
2,TFM,2025-04-14,2025-09,35.354187172246874
2,TFM,2025-04-14,2025-10,35.68931145727717
1,TFM,2025-04-14,2025-11,35.85
2,TFM,2025-04-14,2025-12,35.95039974619289
2,TFM,2025-04-14,2026-01,35.8732442785581
2,TFM,2025-04-14,2026-02,35.78449497111063
2,TFM,2025-04-14,2026-03,35.184957023174846
2,TFM,2025-04-14,2026-04,32.14990240728692
1,TFM,2025-04-14,2026-05,31.65
1,TFM,2025-04-14,2026-06,31.325
1,TFM,2025-04-14,2026-11,32.2
1,TFM,2025-04-14,2026-12,32.19
1,TFM,2025-04-14,2027-01,32.265
1,TFM,2025-04-14,2027-02,31.98
1,TFM,2025-04-14,2027-03,30.63
2,TFM,2025-04-15,2025-05,34.292272677747775
2,TFM,2025-04-15,2025-06,34.37288590400534
2,TFM,2025-04-15,2025-07,34.63048730548731
2,TFM,2025-04-15,2025-08,34.92016488046167
2,TFM,2025-04-15,2025-09,35.211708459010495
2,TFM,2025-04-15,2025-10,35.48015629788537
2,TFM,2025-04-15,2025-11,35.7048806482225
2,TFM,2025-04-15,2025-12,35.83279038802942
2,TFM,2025-04-15,2026-01,35.82472783561271
2,TFM,2025-04-15,2026-02,35.74981079901033
2,TFM,2025-04-15,2026-03,35.05046563782879
1,TFM,2025-04-15,2026-04,33.025
1,TFM,2025-04-15,2026-10,32.05
1,TFM,2025-04-15,2027-03,31.3
1,TFM,2025-04-15,2027-04,29.075
2,TFM,2025-04-16,2025-05,35.382505698570405
2,TFM,2025-04-16,2025-06,35.43863567202029
2,TFM,2025-04-16,2025-07,35.55388024883359
2,TFM,2025-04-16,2025-08,35.79581698973774
2,TFM,2025-04-16,2025-09,36.12951070652736
2,TFM,2025-04-16,2025-10,36.31909448818898
2,TFM,2025-04-16,2025-11,36.481572769953054
2,TFM,2025-04-16,2025-12,36.5
2,TFM,2025-04-16,2026-01,36.48156795131846
1,TFM,2025-04-16,2026-02,36.53
1,TFM,2025-04-16,2026-03,35.945
1,TFM,2025-04-16,2026-04,32.75
2,TFM,2025-04-17,2025-05,35.37584853928335
2,TFM,2025-04-17,2025-06,35.495465181144816
2,TFM,2025-04-17,2025-07,35.645289435600574
2,TFM,2025-04-17,2025-08,35.877600307160684
2,TFM,2025-04-17,2025-09,36.13452597648843
2,TFM,2025-04-17,2025-10,36.2877863862756
2,TFM,2025-04-17,2025-11,36.40429833958222
2,TFM,2025-04-17,2025-12,36.54125076640098
2,TFM,2025-04-17,2026-01,36.640894338261816
2,TFM,2025-04-17,2026-02,36.628715409467624
2,TFM,2025-04-17,2026-03,36.09033915427912
2,TFM,2025-04-17,2026-04,33.06100244498777
2,TFM,2025-04-22,2025-05,33.85580246413775
2,TFM,2025-04-22,2025-06,34.35258141862308
2,TFM,2025-04-22,2025-07,34.502881466416355
2,TFM,2025-04-22,2025-08,34.75316748329621
2,TFM,2025-04-22,2025-09,35.00530035667356
2,TFM,2025-04-22,2025-10,35.12817400101164
1,TFM,2025-04-22,2025-11,35.25
2,TFM,2025-04-22,2025-12,35.5016479400749
2,TFM,2025-04-22,2026-01,35.47532467532467
1,TFM,2025-04-22,2026-02,35.15
1,TFM,2025-04-22,2026-03,34.8
1,TFM,2025-04-22,2026-04,32.09
2,TFM,2025-04-22,2026-10,31.19584487534626
2,TFM,2025-04-22,2026-11,31.935457063711908
1,TFM,2025-04-22,2026-12,32.0
1,TFM,2025-04-22,2027-04,27.825
1,TFM,2025-04-22,2027-05,25.875
1,TFM,2025-04-22,2027-06,26.075
1,TFM,2025-04-22,2027-07,25.975
2,TFM,2025-04-23,2025-05,34.06895543824658
2,TFM,2025-04-23,2025-06,34.127877279102385
2,TFM,2025-04-23,2025-07,34.18816033739733
2,TFM,2025-04-23,2025-08,34.46568754774638
2,TFM,2025-04-23,2025-09,34.67483920367535
2,TFM,2025-04-23,2025-10,34.913426304029585
2,TFM,2025-04-23,2025-11,35.025071939309385
2,TFM,2025-04-23,2025-12,35.168981663888474
2,TFM,2025-04-23,2026-01,35.05067642845774
2,TFM,2025-04-23,2026-02,34.96609432666724
2,TFM,2025-04-23,2026-03,34.465999477397446
1,TFM,2025-04-23,2026-04,31.9
1,TFM,2025-04-23,2026-06,31.02
1,TFM,2025-04-23,2026-09,31.33
1,TFM,2025-04-23,2026-12,32.35
1,TFM,2025-04-23,2027-10,27.25
1,TFM,2025-04-23,2027-12,28.95
2,TFM,2025-04-24,2025-05,33.6443014879857
2,TFM,2025-04-24,2025-06,33.69314858253468
2,TFM,2025-04-24,2025-07,33.737099088264905
2,TFM,2025-04-24,2025-08,33.90768620537681
2,TFM,2025-04-24,2025-09,34.23948654390935
2,TFM,2025-04-24,2025-10,34.48590895911858
2,TFM,2025-04-24,2025-11,34.6646886666197
2,TFM,2025-04-24,2025-12,34.907754122938535
2,TFM,2025-04-24,2026-01,34.86504311635427
2,TFM,2025-04-24,2026-02,34.820793795006395
1,TFM,2025-04-24,2026-03,34.3
1,TFM,2025-04-24,2026-04,31.16
1,TFM,2025-04-24,2026-06,30.38
1,TFM,2025-04-24,2026-10,30.9
1,TFM,2025-04-24,2026-11,31.25
1,TFM,2025-04-24,2026-12,31.4
1,TFM,2025-04-24,2027-07,26.225
2,TFM,2025-04-25,2025-05,31.95314106212268
2,TFM,2025-04-25,2025-06,32.0684799797812
2,TFM,2025-04-25,2025-07,32.13124312911798
2,TFM,2025-04-25,2025-08,32.365
2,TFM,2025-04-25,2025-09,32.64429115997732
2,TFM,2025-04-25,2025-10,32.907002005586996
2,TFM,2025-04-25,2025-11,33.160049854590774
2,TFM,2025-04-25,2025-12,33.31591525423729
2,TFM,2025-04-25,2026-01,33.17501560116489
1,TFM,2025-04-25,2026-02,33.45
1,TFM,2025-04-25,2026-03,33.075
2,TFM,2025-04-25,2026-04,30.70711849325226
1,TFM,2025-04-25,2026-05,29.7
1,TFM,2025-04-25,2026-06,30.0
1,TFM,2025-04-25,2026-09,29.649999999999995
2,TFM,2025-04-28,2025-05,31.779553643452537
2,TFM,2025-04-28,2025-06,31.927091634904134
2,TFM,2025-04-28,2025-07,32.03570737027399
2,TFM,2025-04-28,2025-08,32.22470501389533
2,TFM,2025-04-28,2025-09,32.46354710743802
2,TFM,2025-04-28,2025-10,32.66424229328723
2,TFM,2025-04-28,2025-11,32.98
2,TFM,2025-04-28,2025-12,33.29
2,TFM,2025-04-28,2026-01,33.290680285379864
2,TFM,2025-04-28,2026-02,33.266934420223485
2,TFM,2025-04-28,2026-03,32.700401832703854
1,TFM,2025-04-28,2026-04,30.55
1,TFM,2025-04-28,2027-01,30.8
1,TFM,2025-04-28,2027-03,29.225000000000005
1,TFM,2025-04-28,2027-04,27.55
2,TFM,2025-04-29,2025-05,31.779098367531834
2,TFM,2025-04-29,2025-06,31.829135189472403
2,TFM,2025-04-29,2025-07,31.92598399102682
2,TFM,2025-04-29,2025-08,32.161289699210215
2,TFM,2025-04-29,2025-09,32.405
2,TFM,2025-04-29,2025-10,32.67413984587488
2,TFM,2025-04-29,2025-11,33.065362388173945
2,TFM,2025-04-29,2025-12,33.244179782649425
2,TFM,2025-04-29,2026-01,33.22804103926779
2,TFM,2025-04-29,2026-02,33.284458742371974
2,TFM,2025-04-29,2026-03,32.79885090491238
2,TFM,2025-04-29,2026-04,30.414594421517005
1,TFM,2025-04-29,2026-05,29.77
1,TFM,2025-04-29,2026-12,30.75
1,TFM,2025-04-29,2027-12,27.7
2,TFM,2025-04-30,2025-06,32.02012924125941
2,TFM,2025-04-30,2025-07,32.09214139688585
2,TFM,2025-04-30,2025-08,32.29344276606976
2,TFM,2025-04-30,2025-09,32.50625019626315
2,TFM,2025-04-30,2025-10,32.99975593811288
2,TFM,2025-04-30,2025-11,33.515
2,TFM,2025-04-30,2025-12,33.720175
2,TFM,2025-04-30,2026-01,33.79183594906722
2,TFM,2025-04-30,2026-02,33.98320208333334
2,TFM,2025-04-30,2026-03,33.476950354609926
1,TFM,2025-04-30,2026-04,30.95
1,TFM,2025-04-30,2026-05,30.100000000000005
1,TFM,2025-04-30,2026-11,31.199999999999996
1,TFM,2025-04-30,2027-03,30.1
1,TFM,2025-04-30,2027-04,28.3
1,TFM,2025-04-30,2027-06,26.58
2,TFM,2025-05-01,2025-06,31.905898406335737
2,TFM,2025-05-01,2025-07,31.99625991835986
2,TFM,2025-05-01,2025-08,32.21394551088922
2,TFM,2025-05-01,2025-09,32.65135654061274
2,TFM,2025-05-01,2025-10,32.97947821159987
2,TFM,2025-05-01,2025-11,33.534069794859704
2,TFM,2025-05-01,2025-12,33.78478285768827
2,TFM,2025-05-01,2026-01,33.7906261757592
2,TFM,2025-05-01,2026-02,33.94492388546575
1,TFM,2025-05-01,2026-03,33.47
1,TFM,2025-05-01,2026-05,30.1
1,TFM,2025-05-01,2026-06,30.0
1,TFM,2025-05-01,2026-07,30.1
1,TFM,2025-05-01,2026-11,31.425
1,TFM,2025-05-01,2027-08,26.75
1,TFM,2025-05-01,2027-09,26.625
2,TFM,2025-05-02,2025-06,32.662424234963936
2,TFM,2025-05-02,2025-07,32.72585922009253
2,TFM,2025-05-02,2025-08,32.91640113350125
2,TFM,2025-05-02,2025-09,33.33109393817744
2,TFM,2025-05-02,2025-10,33.665620568727604
2,TFM,2025-05-02,2025-11,34.38632362897765
2,TFM,2025-05-02,2025-12,34.553755864388776
2,TFM,2025-05-02,2026-01,34.50001981767737
1,TFM,2025-05-02,2026-02,34.46
2,TFM,2025-05-02,2026-03,33.94113543275364
1,TFM,2025-05-02,2026-04,31.45
1,TFM,2025-05-02,2027-03,30.65
1,TFM,2025-05-02,2027-05,27.35
1,TFM,2025-05-02,2028-04,25.25
2,TFM,2025-05-05,2025-06,33.079640820980615
2,TFM,2025-05-05,2025-07,33.13
2,TFM,2025-05-05,2025-08,33.2897965116279
2,TFM,2025-05-05,2025-09,33.72304177545692
2,TFM,2025-05-05,2025-10,34.004728171334435
1,TFM,2025-05-05,2025-11,34.655
2,TFM,2025-05-05,2025-12,34.78310690423162
2,TFM,2025-05-05,2026-01,34.774658944658945
1,TFM,2025-05-05,2026-02,34.7
1,TFM,2025-05-05,2026-03,34.07
1,TFM,2025-05-05,2026-04,31.65
2,TFM,2025-05-06,2025-06,34.92900557887684
2,TFM,2025-05-06,2025-07,34.97189813494553
2,TFM,2025-05-06,2025-08,35.14272601907255
2,TFM,2025-05-06,2025-09,35.6439154459008
2,TFM,2025-05-06,2025-10,35.876293992048296
2,TFM,2025-05-06,2025-11,36.389838395803366
2,TFM,2025-05-06,2025-12,36.52263605904192
2,TFM,2025-05-06,2026-01,36.28587015423093
2,TFM,2025-05-06,2026-02,36.22664447357527
2,TFM,2025-05-06,2026-03,35.623107569721114
1,TFM,2025-05-06,2026-04,32.9
2,TFM,2025-05-07,2025-06,34.22030819392599
2,TFM,2025-05-07,2025-07,34.34385987827586
2,TFM,2025-05-07,2025-08,34.58
2,TFM,2025-05-07,2025-09,35.059895543175486
2,TFM,2025-05-07,2025-10,35.3368051387847
2,TFM,2025-05-07,2025-11,35.86526538280883
2,TFM,2025-05-07,2025-12,36.0
2,TFM,2025-05-07,2026-01,36.03684951516658
2,TFM,2025-05-07,2026-02,36.02451898112414
2,TFM,2025-05-07,2026-03,35.46505204074047
1,TFM,2025-05-07,2026-04,32.92
1,TFM,2025-05-07,2028-04,25.25
2,TFM,2025-05-08,2025-06,35.67896861523718
2,TFM,2025-05-08,2025-07,35.707575015309246
2,TFM,2025-05-08,2025-08,35.91398702429318
2,TFM,2025-05-08,2025-09,36.304428594498575
2,TFM,2025-05-08,2025-10,36.56994072708114
2,TFM,2025-05-08,2025-11,37.15766500622665
2,TFM,2025-05-08,2025-12,37.176123188405796
2,TFM,2025-05-08,2026-01,37.33229046005901
2,TFM,2025-05-08,2026-02,37.29915031183842
2,TFM,2025-05-08,2026-03,36.720000000000006
1,TFM,2025-05-08,2026-04,33.7
2,TFM,2025-05-08,2026-05,32.5984126984127
1,TFM,2025-05-08,2027-04,29.0
1,TFM,2025-05-08,2027-06,27.15
1,TFM,2025-05-08,2027-07,28.35
1,TFM,2025-05-08,2027-08,28.3
1,TFM,2025-05-08,2028-04,25.25
2,TFM,2025-05-09,2025-06,34.61308199882304
2,TFM,2025-05-09,2025-07,34.75
2,TFM,2025-05-09,2025-08,34.90807805441749
2,TFM,2025-05-09,2025-09,35.34072945019053
2,TFM,2025-05-09,2025-10,35.63941562803195
2,TFM,2025-05-09,2025-11,36.299079679501446
2,TFM,2025-05-09,2025-12,36.48304289656326
2,TFM,2025-05-09,2026-01,36.49997822659359
2,TFM,2025-05-09,2026-02,36.32415774371894
1,TFM,2025-05-09,2026-03,35.805
2,TFM,2025-05-09,2026-04,33.12696735395188
2,TFM,2025-05-09,2026-05,32.5072639011474
2,TFM,2025-05-09,2026-06,32.26938650306749
2,TFM,2025-05-09,2026-07,32.496902746231676
2,TFM,2025-05-09,2026-08,32.546382802811074
2,TFM,2025-05-09,2026-09,32.67000315590153
2,TFM,2025-05-12,2025-06,35.171673684210525
2,TFM,2025-05-12,2025-07,35.25063233692364
2,TFM,2025-05-12,2025-08,35.41585802581349
2,TFM,2025-05-12,2025-09,35.805302904564314
2,TFM,2025-05-12,2025-10,36.24153514976321
2,TFM,2025-05-12,2025-11,36.754918937433395
2,TFM,2025-05-12,2025-12,36.95470082981511
2,TFM,2025-05-12,2026-01,37.00468020022248
2,TFM,2025-05-12,2026-02,36.845
2,TFM,2025-05-12,2026-03,36.54620973463886
2,TFM,2025-05-12,2026-04,34.52763440860215
1,TFM,2025-05-12,2026-05,33.0
1,TFM,2025-05-12,2026-06,33.15
1,TFM,2025-05-12,2026-09,33.4
1,TFM,2025-05-12,2026-10,33.1
1,TFM,2025-05-12,2026-11,34.575
2,TFM,2025-05-13,2025-06,35.657730806681144
2,TFM,2025-05-13,2025-07,35.77458313872022
2,TFM,2025-05-13,2025-08,35.89514369862127
2,TFM,2025-05-13,2025-09,36.305222021215364
1,TFM,2025-05-13,2025-10,36.64
2,TFM,2025-05-13,2025-11,37.13764030878364
2,TFM,2025-05-13,2025-12,37.30342889908256
2,TFM,2025-05-13,2026-01,37.30065841979249
2,TFM,2025-05-13,2026-02,37.267867653950695
2,TFM,2025-05-13,2026-03,36.750269716258494
1,TFM,2025-05-13,2026-04,34.1
1,TFM,2025-05-13,2026-06,32.85
1,TFM,2025-05-13,2026-09,33.4
1,TFM,2025-05-13,2026-10,33.4
1,TFM,2025-05-13,2027-03,32.85
1,TFM,2025-05-13,2027-04,29.945
1,TFM,2025-05-13,2027-10,28.225
1,TFM,2025-05-13,2027-11,29.05
1,TFM,2025-05-13,2027-12,29.7
2,TFM,2025-05-14,2025-06,34.78606674449441
2,TFM,2025-05-14,2025-07,34.921362158733515
2,TFM,2025-05-14,2025-08,35.13325469455669
2,TFM,2025-05-14,2025-09,35.58051986632008
2,TFM,2025-05-14,2025-10,35.94541097677656
2,TFM,2025-05-14,2025-11,36.594880060680765
2,TFM,2025-05-14,2025-12,36.7492351134002
2,TFM,2025-05-14,2026-01,36.80741648898365
2,TFM,2025-05-14,2026-02,36.65001605308219
2,TFM,2025-05-14,2026-03,36.19957712231737
1,TFM,2025-05-14,2026-04,33.49
1,TFM,2025-05-14,2026-05,32.55
1,TFM,2025-05-14,2026-08,32.2
1,TFM,2025-05-14,2026-10,32.65
1,TFM,2025-05-14,2026-11,33.375
1,TFM,2025-05-14,2028-09,24.3
2,TFM,2025-05-15,2025-06,35.380421827065106
2,TFM,2025-05-15,2025-07,35.48646897384527
2,TFM,2025-05-15,2025-08,35.636892462859485
2,TFM,2025-05-15,2025-09,36.05975111996018
2,TFM,2025-05-15,2025-10,36.41383322962041
2,TFM,2025-05-15,2025-11,36.98766617909963
2,TFM,2025-05-15,2025-12,37.147520661157024
2,TFM,2025-05-15,2026-01,37.099571087572734
2,TFM,2025-05-15,2026-02,36.925339023612
2,TFM,2025-05-15,2026-03,36.37143558683909
1,TFM,2025-05-15,2026-04,33.7
1,TFM,2025-05-15,2026-05,32.85
1,TFM,2025-05-15,2026-11,33.15
1,TFM,2025-05-15,2027-11,28.3
2,TFM,2025-05-16,2025-06,35.13256709598504
2,TFM,2025-05-16,2025-07,35.20461938371492
2,TFM,2025-05-16,2025-08,35.42970074966203
2,TFM,2025-05-16,2025-09,35.84213314426992
2,TFM,2025-05-16,2025-10,36.170761098195506
2,TFM,2025-05-16,2025-11,36.80027257240205
2,TFM,2025-05-16,2025-12,36.989936440677965
2,TFM,2025-05-16,2026-01,37.00818105537945
2,TFM,2025-05-16,2026-02,36.95503737929602
1,TFM,2025-05-16,2026-03,36.445
2,TFM,2025-05-19,2025-06,35.18796977961479
2,TFM,2025-05-19,2025-07,35.28971662709658
2,TFM,2025-05-19,2025-08,35.438721091874136
2,TFM,2025-05-19,2025-09,35.83729068503081
2,TFM,2025-05-19,2025-10,36.176788800175
2,TFM,2025-05-19,2025-11,36.8234376283719
2,TFM,2025-05-19,2025-12,36.92941970114609
2,TFM,2025-05-19,2026-01,36.998677914882904
2,TFM,2025-05-19,2026-02,36.85513473457289
1,TFM,2025-05-19,2026-03,36.295
1,TFM,2025-05-19,2026-04,33.7
1,TFM,2025-05-19,2026-12,33.85
2,TFM,2025-05-20,2025-06,37.05325210842436
2,TFM,2025-05-20,2025-07,37.108471903481735
2,TFM,2025-05-20,2025-08,37.26229354874986
2,TFM,2025-05-20,2025-09,37.54191703671613
2,TFM,2025-05-20,2025-10,37.824901269821986
2,TFM,2025-05-20,2025-11,38.30149066841571
2,TFM,2025-05-20,2025-12,38.49365542881894
2,TFM,2025-05-20,2026-01,38.51485904593444
2,TFM,2025-05-20,2026-02,38.53480292280638
1,TFM,2025-05-20,2026-03,37.965
1,TFM,2025-05-20,2026-04,34.655
1,TFM,2025-05-20,2026-05,33.77
1,TFM,2025-05-20,2026-11,34.575
2,TFM,2025-05-21,2025-06,36.54890618396957
2,TFM,2025-05-21,2025-07,36.73274992494746
2,TFM,2025-05-21,2025-08,36.79487636572743
2,TFM,2025-05-21,2025-09,37.17735294117647
2,TFM,2025-05-21,2025-10,37.48812146820751
2,TFM,2025-05-21,2025-11,37.90341264986542
2,TFM,2025-05-21,2025-12,38.09044150915858
2,TFM,2025-05-21,2026-01,38.16095332018409
2,TFM,2025-05-21,2026-02,38.10033888093983
1,TFM,2025-05-21,2026-03,37.665
1,TFM,2025-05-21,2026-04,34.915
1,TFM,2025-05-21,2026-05,33.915
1,TFM,2025-05-21,2026-06,33.65
1,TFM,2025-05-21,2026-09,33.95
1,TFM,2025-05-21,2026-12,35.0
2,TFM,2025-05-22,2025-06,36.377882808849364
2,TFM,2025-05-22,2025-07,36.466474907493065
2,TFM,2025-05-22,2025-08,36.60469079665332
2,TFM,2025-05-22,2025-09,36.97373365260638
2,TFM,2025-05-22,2025-10,37.24939727388897
2,TFM,2025-05-22,2025-11,37.73023503550896
2,TFM,2025-05-22,2025-12,37.881560742171104
2,TFM,2025-05-22,2026-01,37.97613221509619
2,TFM,2025-05-22,2026-02,37.84203181118522
1,TFM,2025-05-22,2026-03,37.265
1,TFM,2025-05-22,2026-04,34.6
1,TFM,2025-05-22,2026-05,33.875
1,TFM,2025-05-22,2026-08,33.5
1,TFM,2025-05-22,2026-10,34.0
1,TFM,2025-05-22,2026-12,35.0
1,TFM,2025-05-22,2027-11,28.35
1,TFM,2025-05-22,2027-12,28.975
2,TFM,2025-05-23,2025-06,36.52947990021158
2,TFM,2025-05-23,2025-07,36.639665723381675
2,TFM,2025-05-23,2025-08,36.791368725244524
2,TFM,2025-05-23,2025-09,37.199771681997376
2,TFM,2025-05-23,2025-10,37.535943930526706
2,TFM,2025-05-23,2025-11,38.05471672458075
2,TFM,2025-05-23,2025-12,38.237892701606846
1,TFM,2025-05-23,2026-01,38.315
2,TFM,2025-05-23,2026-02,38.314386147787815
1,TFM,2025-05-23,2026-03,37.7
2,TFM,2025-05-23,2026-04,35.04536819855448
1,TFM,2025-05-23,2027-02,34.3
2,TFM,2025-05-26,2025-06,37.13135015069698
2,TFM,2025-05-26,2025-07,37.254936128853096
2,TFM,2025-05-26,2025-08,37.204952348536416
2,TFM,2025-05-26,2025-09,37.622257053291534
1,TFM,2025-05-26,2025-10,37.955
1,TFM,2025-05-26,2025-11,38.795
2,TFM,2025-05-26,2025-12,38.97414594594594
1,TFM,2025-05-26,2026-01,38.675
1,TFM,2025-05-26,2026-02,38.55
1,TFM,2025-05-26,2026-03,38.2
1,TFM,2025-05-26,2026-04,35.47
2,TFM,2025-05-27,2025-06,36.73914986275087
2,TFM,2025-05-27,2025-07,36.82661166101877
2,TFM,2025-05-27,2025-08,36.968745506149475
2,TFM,2025-05-27,2025-09,37.375
2,TFM,2025-05-27,2025-10,37.67135902636917
2,TFM,2025-05-27,2025-11,38.12224646983312
2,TFM,2025-05-27,2025-12,38.3103808439853
2,TFM,2025-05-27,2026-01,38.1184522224072
2,TFM,2025-05-27,2026-02,38.04793423124016
1,TFM,2025-05-27,2026-03,37.445
2,TFM,2025-05-27,2026-04,35.7098296757288
1,TFM,2025-05-27,2026-05,34.55
1,TFM,2025-05-27,2026-10,34.3
1,TFM,2025-05-27,2026-12,35.2
1,TFM,2025-05-27,2027-07,28.89
1,TFM,2025-05-27,2027-09,29.05
1,TFM,2025-05-27,2027-10,28.925
2,TFM,2025-05-28,2025-06,36.51786396473614
2,TFM,2025-05-28,2025-07,36.71943047582902
2,TFM,2025-05-28,2025-08,36.89582753599741
2,TFM,2025-05-28,2025-09,37.26906899064739
2,TFM,2025-05-28,2025-10,37.5466127519925
2,TFM,2025-05-28,2025-11,38.080140291806956
2,TFM,2025-05-28,2025-12,38.18639084507042
2,TFM,2025-05-28,2026-01,38.201646944003905
2,TFM,2025-05-28,2026-02,38.33143375436711
1,TFM,2025-05-28,2026-03,37.75
1,TFM,2025-05-28,2026-04,35.225
1,TFM,2025-05-28,2026-05,34.25
1,TFM,2025-05-28,2026-09,34.15
1,TFM,2025-05-28,2026-11,34.9
1,TFM,2025-05-28,2026-12,35.25
1,TFM,2025-05-28,2027-01,35.04
1,TFM,2025-05-28,2027-04,30.15
1,TFM,2025-05-28,2027-08,28.175000000000004
2,TFM,2025-05-29,2025-06,34.837060853577675
2,TFM,2025-05-29,2025-07,35.0545740548378
2,TFM,2025-05-29,2025-08,35.28421873243132
2,TFM,2025-05-29,2025-09,35.745235251538176
2,TFM,2025-05-29,2025-10,36.13680089485459
2,TFM,2025-05-29,2025-11,36.70181931690028
2,TFM,2025-05-29,2025-12,36.8084562539482
2,TFM,2025-05-29,2026-01,36.84419161676647
2,TFM,2025-05-29,2026-02,36.76958298582152
1,TFM,2025-05-29,2026-03,36.225
1,TFM,2025-05-29,2026-04,34.55
1,TFM,2025-05-29,2026-09,33.78
1,TFM,2025-05-29,2027-01,34.85
2,TFM,2025-05-30,2025-07,33.87201601963697
2,TFM,2025-05-30,2025-08,34.08126275341195
2,TFM,2025-05-30,2025-09,34.55032735426009
2,TFM,2025-05-30,2025-10,34.911250087885826
2,TFM,2025-05-30,2025-11,35.42296213808463
2,TFM,2025-05-30,2025-12,35.69527935452481
2,TFM,2025-05-30,2026-01,35.68098917117868
2,TFM,2025-05-30,2026-02,35.65129240710824
2,TFM,2025-05-30,2026-03,35.06109401709402
1,TFM,2025-05-30,2026-04,32.83
1,TFM,2025-05-30,2026-06,32.12
1,TFM,2025-05-30,2026-10,32.5
2,TFM,2025-06-02,2025-07,34.986039643963416
2,TFM,2025-06-02,2025-08,35.2018447663296
2,TFM,2025-06-02,2025-09,35.61282465675057
2,TFM,2025-06-02,2025-10,35.914839557892854
2,TFM,2025-06-02,2025-11,36.44054028163617
2,TFM,2025-06-02,2025-12,36.65473813924831
2,TFM,2025-06-02,2026-01,36.73645891226677
2,TFM,2025-06-02,2026-02,36.625295242379934
2,TFM,2025-06-02,2026-03,36.01
1,TFM,2025-06-02,2026-04,33.9
1,TFM,2025-06-02,2026-05,32.925
1,TFM,2025-06-02,2026-11,33.6
2,TFM,2025-06-03,2025-07,36.074969094407834
2,TFM,2025-06-03,2025-08,36.33514549957434
2,TFM,2025-06-03,2025-09,36.658881343817015
2,TFM,2025-06-03,2025-10,37.025
2,TFM,2025-06-03,2025-11,37.52918653432928
2,TFM,2025-06-03,2025-12,37.68270793279278
2,TFM,2025-06-03,2026-01,37.79923314516987
2,TFM,2025-06-03,2026-02,37.624559499724114
2,TFM,2025-06-03,2026-03,36.775
2,TFM,2025-06-03,2026-04,34.315195895522386
1,TFM,2025-06-03,2026-05,33.43
1,TFM,2025-06-03,2026-06,33.09
1,TFM,2025-06-03,2026-09,32.9
1,TFM,2025-06-03,2026-12,34.425
1,TFM,2025-06-03,2027-04,29.8
1,TFM,2025-06-03,2027-12,28.725
2,TFM,2025-06-04,2025-07,35.68264254740794
2,TFM,2025-06-04,2025-08,35.91638977050781
2,TFM,2025-06-04,2025-09,36.27791515265915
2,TFM,2025-06-04,2025-10,36.63082589442609
2,TFM,2025-06-04,2025-11,37.068185668240766
2,TFM,2025-06-04,2025-12,37.30716374813711
2,TFM,2025-06-04,2026-01,37.33034883720931
2,TFM,2025-06-04,2026-02,37.11509044657999
2,TFM,2025-06-04,2026-03,36.55907284768212
1,TFM,2025-06-04,2026-04,34.145
1,TFM,2025-06-04,2026-05,33.75
1,TFM,2025-06-04,2026-10,33.3
1,TFM,2025-06-04,2026-11,34.0
1,TFM,2025-06-04,2026-12,34.4
1,TFM,2025-06-04,2027-11,28.425
2,TFM,2025-06-05,2025-07,36.66596242016273
2,TFM,2025-06-05,2025-08,36.84296220253492
2,TFM,2025-06-05,2025-09,37.166151272803305
2,TFM,2025-06-05,2025-10,37.506759581881525
2,TFM,2025-06-05,2025-11,37.89408282807523
2,TFM,2025-06-05,2025-12,38.077953846153854
2,TFM,2025-06-05,2026-01,38.177262073476506
2,TFM,2025-06-05,2026-02,38.07779929187873
2,TFM,2025-06-05,2026-03,37.26170988654781
2,TFM,2025-06-05,2026-04,34.60112057373376
1,TFM,2025-06-05,2026-05,33.7
2,TFM,2025-06-05,2026-06,33.35682988389702
1,TFM,2025-06-05,2026-12,34.65
1,TFM,2025-06-05,2027-04,30.0
1,TFM,2025-06-05,2027-05,28.6
2,TFM,2025-06-06,2025-07,36.50482086893633
2,TFM,2025-06-06,2025-08,36.73184097881144
2,TFM,2025-06-06,2025-09,37.025628219805384
2,TFM,2025-06-06,2025-10,37.357075095898495
2,TFM,2025-06-06,2025-11,37.84336424523442
2,TFM,2025-06-06,2025-12,38.123793946082294
2,TFM,2025-06-06,2026-01,38.099999999999994
2,TFM,2025-06-06,2026-02,38.05314091680815
2,TFM,2025-06-06,2026-03,37.2294696969697
2,TFM,2025-06-06,2026-04,34.53403515944399
2,TFM,2025-06-06,2026-05,33.340990338164254
2,TFM,2025-06-06,2026-06,33.12212276214834
1,TFM,2025-06-06,2026-12,34.55
1,TFM,2025-06-06,2027-01,34.15
1,TFM,2025-06-06,2027-04,29.75
1,TFM,2025-06-06,2027-05,29.0
1,TFM,2025-06-06,2027-06,28.45
2,TFM,2025-06-09,2025-07,35.55
2,TFM,2025-06-09,2025-08,35.810686327077754
2,TFM,2025-06-09,2025-09,36.17832229408556
2,TFM,2025-06-09,2025-10,36.54830012717253
2,TFM,2025-06-09,2025-11,37.098178523263655
2,TFM,2025-06-09,2025-12,37.360864100549875
1,TFM,2025-06-09,2026-01,37.425
1,TFM,2025-06-09,2026-02,37.345
2,TFM,2025-06-09,2026-03,36.75081190798376
1,TFM,2025-06-09,2026-04,34.435
1,TFM,2025-06-09,2026-06,33.4
2,TFM,2025-06-10,2025-07,34.77221755357716
2,TFM,2025-06-10,2025-08,35.08649801918762
2,TFM,2025-06-10,2025-09,35.48048996402196
2,TFM,2025-06-10,2025-10,35.88245784436595
2,TFM,2025-06-10,2025-11,36.4652320887992
2,TFM,2025-06-10,2025-12,36.703219025601506
2,TFM,2025-06-10,2026-01,36.75
2,TFM,2025-06-10,2026-02,36.65955459404429
2,TFM,2025-06-10,2026-03,36.0459944476672
1,TFM,2025-06-10,2026-04,33.445
1,TFM,2025-06-10,2026-05,32.85
1,TFM,2025-06-10,2026-06,32.77
1,TFM,2025-06-10,2026-10,32.85
1,TFM,2025-06-10,2026-11,34.1
1,TFM,2025-06-10,2026-12,33.83
1,TFM,2025-06-10,2027-09,28.45
1,TFM,2025-06-10,2028-01,29.75
1,TFM,2025-06-10,2028-02,29.6
2,TFM,2025-06-11,2025-07,36.0
2,TFM,2025-06-11,2025-08,36.278549352963516
2,TFM,2025-06-11,2025-09,36.623595523946236
2,TFM,2025-06-11,2025-10,37.040756447983384
2,TFM,2025-06-11,2025-11,37.49981692432873
2,TFM,2025-06-11,2025-12,37.7047605880766
2,TFM,2025-06-11,2026-01,37.64488713750096
2,TFM,2025-06-11,2026-02,37.689882430744355
2,TFM,2025-06-11,2026-03,36.94499422365989
2,TFM,2025-06-11,2026-04,34.397519977955355
2,TFM,2025-06-11,2026-06,32.9
1,TFM,2025-06-11,2026-09,33.25
2,TFM,2025-06-12,2025-07,36.40545236188951
2,TFM,2025-06-12,2025-08,36.70732627784704
2,TFM,2025-06-12,2025-09,37.04784544671072
2,TFM,2025-06-12,2025-10,37.42655068880255
2,TFM,2025-06-12,2025-11,37.993563440860214
2,TFM,2025-06-12,2025-12,38.12
2,TFM,2025-06-12,2026-01,38.2990328820116
2,TFM,2025-06-12,2026-02,38.08306302335831
1,TFM,2025-06-12,2026-03,37.33
1,TFM,2025-06-12,2026-04,34.84
2,TFM,2025-06-12,2026-05,33.78143585386576
1,TFM,2025-06-12,2026-06,33.45
1,TFM,2025-06-12,2026-08,33.55
1,TFM,2025-06-12,2026-11,34.45
1,TFM,2025-06-12,2026-12,34.8
2,TFM,2025-06-13,2025-07,37.56774385705901
2,TFM,2025-06-13,2025-08,37.87692902735765
2,TFM,2025-06-13,2025-09,38.21925972504073
2,TFM,2025-06-13,2025-10,38.59986138220796
2,TFM,2025-06-13,2025-11,39.155165559184596
2,TFM,2025-06-13,2025-12,39.300350732566415
2,TFM,2025-06-13,2026-01,39.22527066010521
2,TFM,2025-06-13,2026-02,39.116921074727124
2,TFM,2025-06-13,2026-03,38.57491859329209
1,TFM,2025-06-13,2026-04,35.91
1,TFM,2025-06-13,2026-05,34.79
1,TFM,2025-06-13,2026-06,34.38
1,TFM,2025-06-13,2026-07,34.74
1,TFM,2025-06-13,2026-10,34.88
1,TFM,2025-06-13,2027-05,29.745
1,TFM,2025-06-13,2027-06,29.445
1,TFM,2025-06-13,2027-07,29.75
1,TFM,2025-06-13,2027-08,29.825
1,TFM,2025-06-13,2027-09,29.85
1,TFM,2025-06-13,2027-10,29.665
2,TFM,2025-06-16,2025-07,37.98181116722783
2,TFM,2025-06-16,2025-08,38.32416558772756
2,TFM,2025-06-16,2025-09,38.540414924162036
2,TFM,2025-06-16,2025-10,38.783366311331775
2,TFM,2025-06-16,2025-11,39.4847515464963
2,TFM,2025-06-16,2025-12,39.72734482232729
2,TFM,2025-06-16,2026-01,39.670240363604584
2,TFM,2025-06-16,2026-02,39.525309984070255
2,TFM,2025-06-16,2026-03,38.80017975169704
1,TFM,2025-06-16,2026-04,36.555
2,TFM,2025-06-16,2026-05,35.860518638573744
2,TFM,2025-06-16,2026-06,36.05
2,TFM,2025-06-17,2025-07,39.209469289966606
2,TFM,2025-06-17,2025-08,39.601133421688054
2,TFM,2025-06-17,2025-09,39.961070284127324
2,TFM,2025-06-17,2025-10,40.232390367833865
2,TFM,2025-06-17,2025-11,40.872173913043476
2,TFM,2025-06-17,2025-12,41.07005969300739
2,TFM,2025-06-17,2026-01,41.105
2,TFM,2025-06-17,2026-02,40.959999999999994
2,TFM,2025-06-17,2026-03,40.23
2,TFM,2025-06-17,2026-04,36.401546640889315
1,TFM,2025-06-17,2026-05,35.76
2,TFM,2025-06-17,2026-06,35.05076155462185
1,TFM,2025-06-17,2026-11,36.455
1,TFM,2025-06-17,2027-11,30.19
2,TFM,2025-06-18,2025-07,39.02301987962794
2,TFM,2025-06-18,2025-08,39.422491458300975
2,TFM,2025-06-18,2025-09,39.823353372106034
2,TFM,2025-06-18,2025-10,40.1
2,TFM,2025-06-18,2025-11,40.63266846968672
2,TFM,2025-06-18,2025-12,40.911238899718434
2,TFM,2025-06-18,2026-01,40.99507162776483
2,TFM,2025-06-18,2026-02,40.88476377456744
2,TFM,2025-06-18,2026-03,40.171877852460376
2,TFM,2025-06-18,2026-04,36.70392432253801
2,TFM,2025-06-18,2026-05,35.57011227221694
2,TFM,2025-06-18,2026-06,35.168967215973495
1,TFM,2025-06-18,2026-09,36.25
1,TFM,2025-06-18,2026-10,36.2
1,TFM,2025-06-18,2026-11,36.8
1,TFM,2025-06-18,2026-12,37.1
2,TFM,2025-06-18,2027-01,36.894461538461535
1,TFM,2025-06-18,2027-12,31.1
2,TFM,2025-06-19,2025-07,41.50799051628628
2,TFM,2025-06-19,2025-08,41.92420965130221
2,TFM,2025-06-19,2025-09,42.4362905538034
2,TFM,2025-06-19,2025-10,42.69017524776408
2,TFM,2025-06-19,2025-11,43.14000000000001
2,TFM,2025-06-19,2025-12,43.379329195034046
2,TFM,2025-06-19,2026-01,43.350096149223596
2,TFM,2025-06-19,2026-02,43.22029295444559
2,TFM,2025-06-19,2026-03,42.358933194253474
1,TFM,2025-06-19,2026-04,38.55
1,TFM,2025-06-19,2026-05,36.89
1,TFM,2025-06-19,2026-06,36.88
1,TFM,2025-06-19,2026-07,36.6
1,TFM,2025-06-19,2026-08,36.35
1,TFM,2025-06-19,2026-09,36.85
1,TFM,2025-06-19,2026-11,37.55
1,TFM,2025-06-19,2026-12,37.85
1,TFM,2025-06-19,2027-01,37.55
1,TFM,2025-06-19,2027-04,32.0
2,TFM,2025-06-20,2025-07,40.937385623210794
2,TFM,2025-06-20,2025-08,41.42580247351704
2,TFM,2025-06-20,2025-09,41.97264122466581
2,TFM,2025-06-20,2025-10,42.4033377213978
2,TFM,2025-06-20,2025-11,42.75481649692633
2,TFM,2025-06-20,2025-12,42.89023946360153
2,TFM,2025-06-20,2026-01,42.806719800696754
2,TFM,2025-06-20,2026-02,42.70002852718233
2,TFM,2025-06-20,2026-03,41.90394573356373
2,TFM,2025-06-20,2026-04,37.82881404174573
2,TFM,2025-06-20,2026-05,36.349976828251
2,TFM,2025-06-20,2026-06,35.939340345050276
1,TFM,2025-06-20,2026-07,35.9
1,TFM,2025-06-20,2026-11,36.5
1,TFM,2025-06-20,2027-01,36.35
1,TFM,2025-06-20,2027-02,35.95
1,TFM,2025-06-20,2027-03,34.985
1,TFM,2025-06-20,2027-04,31.025
1,TFM,2025-06-20,2027-05,29.25
1,TFM,2025-06-20,2027-07,29.25
1,TFM,2025-06-20,2027-08,29.3
2,TFM,2025-06-23,2025-07,40.66510832468279
2,TFM,2025-06-23,2025-08,41.10234085781944
2,TFM,2025-06-23,2025-09,41.67595194757918
2,TFM,2025-06-23,2025-10,42.080574924209614
2,TFM,2025-06-23,2025-11,42.491759529366
2,TFM,2025-06-23,2025-12,42.542945407598665
2,TFM,2025-06-23,2026-01,42.52518251404805
2,TFM,2025-06-23,2026-02,42.405159192213226
2,TFM,2025-06-23,2026-03,41.490468552892416
2,TFM,2025-06-23,2026-04,37.45175685832394
2,TFM,2025-06-23,2026-05,36.75
1,TFM,2025-06-23,2026-06,36.31
1,TFM,2025-06-23,2026-07,36.75
1,TFM,2025-06-23,2026-08,36.825
1,TFM,2025-06-23,2026-09,36.85
1,TFM,2025-06-23,2026-11,36.5
1,TFM,2025-06-23,2026-12,36.875
1,TFM,2025-06-23,2027-03,34.925
1,TFM,2025-06-23,2027-04,31.3
1,TFM,2025-06-23,2027-11,30.065
2,TFM,2025-06-24,2025-07,35.10922369015357
2,TFM,2025-06-24,2025-08,35.5904128696495
2,TFM,2025-06-24,2025-09,36.14641114982579
2,TFM,2025-06-24,2025-10,36.5936534630259
2,TFM,2025-06-24,2025-11,37.16722984942427
2,TFM,2025-06-24,2025-12,37.426902394622594
2,TFM,2025-06-24,2026-01,37.529538804920065
2,TFM,2025-06-24,2026-02,37.280979101963474
2,TFM,2025-06-24,2026-03,36.53967454988095
2,TFM,2025-06-24,2026-04,34.30549159663865
2,TFM,2025-06-24,2026-05,33.39
2,TFM,2025-06-24,2026-06,33.08
2,TFM,2025-06-24,2026-07,34.20078023407022
1,TFM,2025-06-24,2026-08,34.5
2,TFM,2025-06-24,2026-09,34.25064102564102
2,TFM,2025-06-24,2026-10,34.19088679110348
2,TFM,2025-06-24,2026-11,34.699422299248994
2,TFM,2025-06-24,2026-12,34.5
1,TFM,2025-06-24,2027-01,34.5
2,TFM,2025-06-25,2025-07,35.368222804268015
2,TFM,2025-06-25,2025-08,35.79188714205503
2,TFM,2025-06-25,2025-09,36.5
2,TFM,2025-06-25,2025-10,36.84803529128358
2,TFM,2025-06-25,2025-11,37.50147081671759
2,TFM,2025-06-25,2025-12,37.77986136783734
2,TFM,2025-06-25,2026-01,37.81091306646162
2,TFM,2025-06-25,2026-02,37.75340806273248
2,TFM,2025-06-25,2026-03,37.100189784188274
2,TFM,2025-06-25,2026-04,34.909412887127544
1,TFM,2025-06-25,2026-05,33.76
1,TFM,2025-06-25,2026-06,33.68
1,TFM,2025-06-25,2026-09,33.95
1,TFM,2025-06-25,2026-12,34.9
1,TFM,2025-06-25,2027-04,30.12
2,TFM,2025-06-26,2025-07,33.487371187899655
2,TFM,2025-06-26,2025-08,34.02478744891729
2,TFM,2025-06-26,2025-09,34.90108918264755
2,TFM,2025-06-26,2025-10,35.415388219218194
2,TFM,2025-06-26,2025-11,36.34
2,TFM,2025-06-26,2025-12,36.66243369063453
2,TFM,2025-06-26,2026-01,36.589997970614505
2,TFM,2025-06-26,2026-02,36.315091771868566
2,TFM,2025-06-26,2026-03,35.904705608564115
2,TFM,2025-06-26,2026-04,33.73001642755448
2,TFM,2025-06-26,2026-05,32.96
2,TFM,2025-06-26,2026-06,32.72003903635958
1,TFM,2025-06-26,2026-10,33.27
1,TFM,2025-06-26,2026-11,34.2
2,TFM,2025-06-27,2025-07,32.95822217000041
2,TFM,2025-06-27,2025-08,33.459044115951386
2,TFM,2025-06-27,2025-09,34.131492105064346
2,TFM,2025-06-27,2025-10,34.6460697139766
2,TFM,2025-06-27,2025-11,35.519884100727005
2,TFM,2025-06-27,2025-12,35.84944287936762
2,TFM,2025-06-27,2026-01,35.92663689682752
2,TFM,2025-06-27,2026-02,35.99384021877136
2,TFM,2025-06-27,2026-03,35.40495720471252
1,TFM,2025-06-27,2026-04,33.48
1,TFM,2025-06-27,2026-05,32.93
1,TFM,2025-06-27,2026-06,32.565
1,TFM,2025-06-27,2026-08,32.765
1,TFM,2025-06-27,2026-09,32.955
1,TFM,2025-06-27,2026-10,33.05
1,TFM,2025-06-27,2026-12,33.9
2,TFM,2025-06-30,2025-08,33.02638885449768
2,TFM,2025-06-30,2025-09,33.602796083600076
2,TFM,2025-06-30,2025-10,34.08568149701418
2,TFM,2025-06-30,2025-11,35.07436184695673
2,TFM,2025-06-30,2025-12,35.384734015489855
2,TFM,2025-06-30,2026-01,35.52097252670367
2,TFM,2025-06-30,2026-02,35.47428547872925
2,TFM,2025-06-30,2026-03,34.75270534368195
1,TFM,2025-06-30,2026-04,32.935
2,TFM,2025-06-30,2026-05,32.50029616954061
1,TFM,2025-06-30,2026-10,32.55
1,TFM,2025-06-30,2026-11,33.2
1,TFM,2025-06-30,2027-04,29.3
1,TFM,2025-06-30,2027-06,27.725
1,TFM,2025-06-30,2027-09,27.95
1,TFM,2025-06-30,2027-10,27.825
2,TFM,2025-07-01,2025-08,33.959098373099216
2,TFM,2025-07-01,2025-09,34.499315237127995
2,TFM,2025-07-01,2025-10,34.937206513047904
2,TFM,2025-07-01,2025-11,35.77165665999556
2,TFM,2025-07-01,2025-12,36.0
2,TFM,2025-07-01,2026-01,36.19965225765033
2,TFM,2025-07-01,2026-02,36.09985597842741
2,TFM,2025-07-01,2026-03,35.56495033112583
2,TFM,2025-07-01,2026-04,33.34777419901678
2,TFM,2025-07-01,2026-05,32.60446377728567
2,TFM,2025-07-01,2026-06,31.912070292009094
2,TFM,2025-07-01,2026-07,32.628451086956524
1,TFM,2025-07-01,2026-08,32.57
1,TFM,2025-07-01,2026-09,32.4
1,TFM,2025-07-01,2026-10,32.575
1,TFM,2025-07-01,2026-11,33.15
1,TFM,2025-07-01,2026-12,33.775
1,TFM,2025-07-01,2027-01,33.775
1,TFM,2025-07-01,2027-05,28.35
1,TFM,2025-07-01,2027-06,28.1
1,TFM,2025-07-01,2027-12,29.014999999999997
2,TFM,2025-07-02,2025-08,33.29999999999999
2,TFM,2025-07-02,2025-09,33.93079705672146
2,TFM,2025-07-02,2025-10,34.39747349823322
2,TFM,2025-07-02,2025-11,35.44338830620284
2,TFM,2025-07-02,2025-12,35.81570285714285
2,TFM,2025-07-02,2026-01,35.84405105403893
2,TFM,2025-07-02,2026-02,35.768604671977094
2,TFM,2025-07-02,2026-03,35.19211302211302
2,TFM,2025-07-02,2026-04,33.35389421074552
1,TFM,2025-07-02,2026-05,32.845
1,TFM,2025-07-02,2026-06,32.55
1,TFM,2025-07-02,2026-07,32.62
1,TFM,2025-07-02,2026-09,32.95
2,TFM,2025-07-02,2026-10,32.9248349961627
1,TFM,2025-07-02,2026-12,33.97
2,TFM,2025-07-03,2025-08,33.7491479547044
2,TFM,2025-07-03,2025-09,34.322399498986044
2,TFM,2025-07-03,2025-10,34.862966339410946
2,TFM,2025-07-03,2025-11,35.85003319502075
2,TFM,2025-07-03,2025-12,36.21841792656587
2,TFM,2025-07-03,2026-01,36.30791038283063
2,TFM,2025-07-03,2026-02,36.28403622851835
2,TFM,2025-07-03,2026-03,35.680595229193145
2,TFM,2025-07-03,2026-04,33.577208807792566
1,TFM,2025-07-03,2026-05,32.8
1,TFM,2025-07-03,2026-06,32.525
1,TFM,2025-07-03,2026-07,32.95
1,TFM,2025-07-03,2026-09,32.92
1,TFM,2025-07-03,2026-10,33.28
1,TFM,2025-07-03,2026-12,34.25
2,TFM,2025-07-04,2025-08,33.38035332742717
2,TFM,2025-07-04,2025-09,34.01380952380952
2,TFM,2025-07-04,2025-10,34.618906173444394
2,TFM,2025-07-04,2025-11,35.659643981925235
2,TFM,2025-07-04,2025-12,36.05795204051237
2,TFM,2025-07-04,2026-01,36.11030529953917
2,TFM,2025-07-04,2026-02,36.00020318969483
2,TFM,2025-07-04,2026-03,35.485386012715715
1,TFM,2025-07-04,2026-04,33.395
1,TFM,2025-07-04,2026-05,32.635
1,TFM,2025-07-04,2026-06,32.39
1,TFM,2025-07-04,2026-07,32.69
1,TFM,2025-07-04,2027-08,28.5
2,TFM,2025-07-07,2025-08,34.142406779661016
2,TFM,2025-07-07,2025-09,34.70754168094097
2,TFM,2025-07-07,2025-10,35.17850956363335
2,TFM,2025-07-07,2025-11,36.14926286692115
2,TFM,2025-07-07,2025-12,36.47339132659588
2,TFM,2025-07-07,2026-01,36.599000971277924
2,TFM,2025-07-07,2026-02,36.49611562034123
2,TFM,2025-07-07,2026-03,35.535173423770615
2,TFM,2025-07-07,2026-04,33.68524288688411
1,TFM,2025-07-07,2026-05,32.97
1,TFM,2025-07-07,2026-06,32.75
1,TFM,2025-07-07,2026-07,32.82
1,TFM,2025-07-07,2027-01,34.125
1,TFM,2025-07-07,2027-03,32.75
1,TFM,2025-07-07,2027-04,29.635
2,TFM,2025-07-08,2025-08,34.57745410719798
2,TFM,2025-07-08,2025-09,35.05562954306116
2,TFM,2025-07-08,2025-10,35.416689339875106
2,TFM,2025-07-08,2025-11,36.27411395856052
2,TFM,2025-07-08,2025-12,36.59103044496487
2,TFM,2025-07-08,2026-01,36.67194575799722
2,TFM,2025-07-08,2026-02,36.525
2,TFM,2025-07-08,2026-03,35.95148629655657
2,TFM,2025-07-08,2026-04,33.94711503786513
1,TFM,2025-07-08,2026-05,33.28
1,TFM,2025-07-08,2026-08,33.27
1,TFM,2025-07-08,2026-09,33.41
2,TFM,2025-07-09,2025-08,34.612431546831466
2,TFM,2025-07-09,2025-09,35.12679301362544
2,TFM,2025-07-09,2025-10,35.574137317193404
2,TFM,2025-07-09,2025-11,36.4628230850459
2,TFM,2025-07-09,2025-12,36.76715266222962
2,TFM,2025-07-09,2026-01,36.83067009157918
2,TFM,2025-07-09,2026-02,36.709465305626445
2,TFM,2025-07-09,2026-03,36.125
1,TFM,2025-07-09,2026-04,34.415
1,TFM,2025-07-09,2026-07,33.2
2,TFM,2025-07-09,2026-09,33.49219081272084
2,TFM,2025-07-09,2026-10,33.677769516728624
1,TFM,2025-07-09,2026-12,34.6
1,TFM,2025-07-09,2027-03,33.375
1,TFM,2025-07-09,2027-04,30.200000000000003
2,TFM,2025-07-10,2025-08,35.0515209414917
2,TFM,2025-07-10,2025-09,35.512010540896654
2,TFM,2025-07-10,2025-10,35.93742739997911
2,TFM,2025-07-10,2025-11,36.7893009868421
2,TFM,2025-07-10,2025-12,37.08727067050597
2,TFM,2025-07-10,2026-01,37.12640131720237
2,TFM,2025-07-10,2026-02,37.04183224027426
2,TFM,2025-07-10,2026-03,36.479928840680046
2,TFM,2025-07-10,2026-04,34.519985976721365
1,TFM,2025-07-10,2026-05,33.76
1,TFM,2025-07-10,2026-06,33.55
2,TFM,2025-07-10,2026-12,34.64993821057835
1,TFM,2025-07-10,2027-04,30.5
1,TFM,2025-07-10,2027-12,30.15
2,TFM,2025-07-11,2025-08,35.60107078333162
2,TFM,2025-07-11,2025-09,36.004561248319305
2,TFM,2025-07-11,2025-10,36.34938290926978
2,TFM,2025-07-11,2025-11,37.110411295273174
2,TFM,2025-07-11,2025-12,37.533756345177665
2,TFM,2025-07-11,2026-01,37.55355373393037
2,TFM,2025-07-11,2026-02,37.43144617491015
2,TFM,2025-07-11,2026-03,36.884505687974
1,TFM,2025-07-11,2026-04,34.735
1,TFM,2025-07-11,2026-05,33.975
1,TFM,2025-07-11,2026-06,33.58
1,TFM,2025-07-11,2026-12,34.6
1,TFM,2025-07-11,2027-04,30.36
2,TFM,2025-07-14,2025-08,35.245400404200886
2,TFM,2025-07-14,2025-09,35.72227626401585
2,TFM,2025-07-14,2025-10,36.14865289627301
2,TFM,2025-07-14,2025-11,36.931046650717704
2,TFM,2025-07-14,2025-12,37.28103448275862
2,TFM,2025-07-14,2026-01,37.38006555619692
2,TFM,2025-07-14,2026-02,37.286945719417275
2,TFM,2025-07-14,2026-03,36.69020321072953
1,TFM,2025-07-14,2026-04,34.625
1,TFM,2025-07-14,2026-05,34.025
1,TFM,2025-07-14,2026-08,34.0
1,TFM,2025-07-14,2026-09,34.0
1,TFM,2025-07-14,2026-12,35.0
1,TFM,2025-07-14,2027-03,33.55
1,TFM,2025-07-14,2027-04,30.65
2,TFM,2025-07-15,2025-08,34.35635172929962
2,TFM,2025-07-15,2025-09,34.796136117890576
2,TFM,2025-07-15,2025-10,35.201378305692515
2,TFM,2025-07-15,2025-11,36.053884467618005
2,TFM,2025-07-15,2025-12,36.407539410555174
2,TFM,2025-07-15,2026-01,36.6089202110122
2,TFM,2025-07-15,2026-02,36.51028182701652
2,TFM,2025-07-15,2026-03,35.95017289073306
1,TFM,2025-07-15,2026-04,33.92
1,TFM,2025-07-15,2026-05,33.215
1,TFM,2025-07-15,2026-07,33.5
2,TFM,2025-07-15,2026-12,34.494102309411474
2,TFM,2025-07-16,2025-08,34.74063745785138
2,TFM,2025-07-16,2025-09,35.179801352751205
2,TFM,2025-07-16,2025-10,35.485768353091785
2,TFM,2025-07-16,2025-11,36.2296017699115
2,TFM,2025-07-16,2025-12,36.56175858785615
2,TFM,2025-07-16,2026-01,36.66188442211055
2,TFM,2025-07-16,2026-02,36.539488644090845
1,TFM,2025-07-16,2026-03,36.065
2,TFM,2025-07-16,2026-04,34.1338284452854
1,TFM,2025-07-16,2026-05,33.62
1,TFM,2025-07-16,2026-06,33.15
1,TFM,2025-07-16,2026-08,33.29
1,TFM,2025-07-16,2026-10,33.44
2,TFM,2025-07-16,2026-12,34.482315244068715
2,TFM,2025-07-17,2025-08,34.49101669941061
2,TFM,2025-07-17,2025-09,34.90910381701012
2,TFM,2025-07-17,2025-10,35.304706698907395
2,TFM,2025-07-17,2025-11,36.051248526357156
2,TFM,2025-07-17,2025-12,36.40591981690474
2,TFM,2025-07-17,2026-01,36.479870970471275
2,TFM,2025-07-17,2026-02,36.38828611755218
2,TFM,2025-07-17,2026-03,35.810489525213185
1,TFM,2025-07-17,2026-04,34.02
1,TFM,2025-07-17,2026-05,33.475
1,TFM,2025-07-17,2026-06,33.125
1,TFM,2025-07-17,2026-09,33.8
1,TFM,2025-07-17,2026-11,34.375
1,TFM,2025-07-17,2026-12,34.3
2,TFM,2025-07-18,2025-08,33.70441505964021
2,TFM,2025-07-18,2025-09,34.15
2,TFM,2025-07-18,2025-10,34.531089972115346
2,TFM,2025-07-18,2025-11,35.32583208125487
2,TFM,2025-07-18,2025-12,35.74058710430543
2,TFM,2025-07-18,2026-01,35.934999999999995
2,TFM,2025-07-18,2026-02,35.87535833731486
2,TFM,2025-07-18,2026-03,35.334932199211046
2,TFM,2025-07-18,2026-04,33.515786383335666
2,TFM,2025-07-18,2026-05,32.95527581641659
2,TFM,2025-07-18,2026-06,32.710280732860525
1,TFM,2025-07-18,2026-07,32.825
1,TFM,2025-07-18,2026-12,34.03
2,TFM,2025-07-21,2025-08,33.337155585876125
2,TFM,2025-07-21,2025-09,33.76692921830314
2,TFM,2025-07-21,2025-10,34.10974268593585
2,TFM,2025-07-21,2025-11,34.92065019505851
2,TFM,2025-07-21,2025-12,35.315039969707165
2,TFM,2025-07-21,2026-01,35.47640568682419
2,TFM,2025-07-21,2026-02,35.430809061488674
2,TFM,2025-07-21,2026-03,34.905435910742085
2,TFM,2025-07-21,2026-04,33.01524584929757
1,TFM,2025-07-21,2026-05,32.09
1,TFM,2025-07-21,2026-06,32.175
1,TFM,2025-07-21,2026-10,32.63
1,TFM,2025-07-21,2026-11,33.0
1,TFM,2025-07-21,2026-12,33.27
2,TFM,2025-07-22,2025-08,33.329120820628745
2,TFM,2025-07-22,2025-09,33.73737384530539
2,TFM,2025-07-22,2025-10,34.04226430315716
2,TFM,2025-07-22,2025-11,34.86466116777329
2,TFM,2025-07-22,2025-12,35.31967521922702
2,TFM,2025-07-22,2026-01,35.37355670103093
2,TFM,2025-07-22,2026-02,35.315021333333334
1,TFM,2025-07-22,2026-03,34.82
2,TFM,2025-07-22,2026-04,32.90384420519317
2,TFM,2025-07-22,2026-05,32.26
1,TFM,2025-07-22,2026-07,32.2
1,TFM,2025-07-22,2026-11,33.2
1,TFM,2025-07-22,2026-12,33.55
2,TFM,2025-07-23,2025-08,32.915333247372836
2,TFM,2025-07-23,2025-09,33.3487500396561
2,TFM,2025-07-23,2025-10,33.734050879103776
2,TFM,2025-07-23,2025-11,34.59
2,TFM,2025-07-23,2025-12,35.065136846024956
2,TFM,2025-07-23,2026-01,34.96758709997871
2,TFM,2025-07-23,2026-02,34.90017672869099
2,TFM,2025-07-23,2026-03,34.39639737300205
1,TFM,2025-07-23,2026-04,32.745
1,TFM,2025-07-23,2026-05,32.475
2,TFM,2025-07-23,2026-12,33.244996143958865
2,TFM,2025-07-24,2025-08,32.28430125102156
2,TFM,2025-07-24,2025-09,32.74095184363525
2,TFM,2025-07-24,2025-10,33.234314349314346
2,TFM,2025-07-24,2025-11,34.27183035019455
2,TFM,2025-07-24,2025-12,34.74164823209429
2,TFM,2025-07-24,2026-01,34.892643957407216
2,TFM,2025-07-24,2026-02,34.86971480195564
2,TFM,2025-07-24,2026-03,34.39978016699918
2,TFM,2025-07-24,2026-04,32.740178546902904
1,TFM,2025-07-24,2026-05,32.22
1,TFM,2025-07-24,2026-06,32.03
1,TFM,2025-07-24,2026-07,32.25
1,TFM,2025-07-24,2026-08,31.925000000000004
1,TFM,2025-07-24,2026-09,32.075
1,TFM,2025-07-24,2026-10,32.275
1,TFM,2025-07-24,2026-12,33.5
2,TFM,2025-07-25,2025-08,32.44454703626083
2,TFM,2025-07-25,2025-09,32.93885172656525
2,TFM,2025-07-25,2025-10,33.49962964980121
2,TFM,2025-07-25,2025-11,34.442596234060304
2,TFM,2025-07-25,2025-12,34.884825844653435
2,TFM,2025-07-25,2026-01,35.04516998827667
2,TFM,2025-07-25,2026-02,35.13438862848991
1,TFM,2025-07-25,2026-03,34.47
2,TFM,2025-07-25,2026-04,32.765
1,TFM,2025-07-25,2026-05,32.195
1,TFM,2025-07-25,2026-06,32.065
2,TFM,2025-07-28,2025-08,33.1132171691889
2,TFM,2025-07-28,2025-09,33.70457266887484
2,TFM,2025-07-28,2025-10,34.27
2,TFM,2025-07-28,2025-11,35.259210570516764
2,TFM,2025-07-28,2025-12,35.69504669965846
2,TFM,2025-07-28,2026-01,35.829445933222274
2,TFM,2025-07-28,2026-02,35.728003417573525
2,TFM,2025-07-28,2026-03,35.28418123785734
2,TFM,2025-07-28,2026-04,33.44959452153542
1,TFM,2025-07-28,2026-05,32.2
1,TFM,2025-07-28,2026-06,31.99
2,TFM,2025-07-29,2025-08,34.186637864309944
2,TFM,2025-07-29,2025-09,34.84142888071011
2,TFM,2025-07-29,2025-10,35.35437599531997
2,TFM,2025-07-29,2025-11,36.21736740009976
2,TFM,2025-07-29,2025-12,36.648089021795386
2,TFM,2025-07-29,2026-01,36.7992600422833
2,TFM,2025-07-29,2026-02,36.7196505740569
2,TFM,2025-07-29,2026-03,36.23962047278248
2,TFM,2025-07-29,2026-04,34.139748641304344
1,TFM,2025-07-29,2026-05,33.52
2,TFM,2025-07-29,2026-06,33.35934691011236
2,TFM,2025-07-30,2025-08,34.411115785537326
2,TFM,2025-07-30,2025-09,35.02736763024661
2,TFM,2025-07-30,2025-10,35.52211074403907
2,TFM,2025-07-30,2025-11,36.39518229476946
2,TFM,2025-07-30,2025-12,36.84419240870435
2,TFM,2025-07-30,2026-01,37.02502596053998
2,TFM,2025-07-30,2026-02,36.969529611351014
2,TFM,2025-07-30,2026-03,36.53173048714583
2,TFM,2025-07-30,2026-04,34.37614762595895
1,TFM,2025-07-30,2026-05,33.79
1,TFM,2025-07-30,2026-06,33.635
1,TFM,2025-07-30,2026-07,33.55
1,TFM,2025-07-30,2026-12,34.8
2,TFM,2025-07-31,2025-09,35.195901268245315
2,TFM,2025-07-31,2025-10,35.700815341736345
2,TFM,2025-07-31,2025-11,36.50875058902726
2,TFM,2025-07-31,2025-12,36.920460871969766
2,TFM,2025-07-31,2026-01,37.070456026058636
2,TFM,2025-07-31,2026-02,36.99564814814815
2,TFM,2025-07-31,2026-03,36.47508998875141
1,TFM,2025-07-31,2026-04,34.465
1,TFM,2025-07-31,2026-05,33.885
1,TFM,2025-07-31,2026-06,33.72
1,TFM,2025-07-31,2026-07,33.675
1,TFM,2025-07-31,2026-09,33.83
1,TFM,2025-07-31,2026-10,33.935
1,TFM,2025-07-31,2026-12,34.6
1,TFM,2025-07-31,2027-01,35.03
2,TFM,2025-08-01,2025-09,33.80610851929607
2,TFM,2025-08-01,2025-10,34.34906824512535
2,TFM,2025-08-01,2025-11,35.275964111922136
2,TFM,2025-08-01,2025-12,35.71445311243365
2,TFM,2025-08-01,2026-01,35.85743180648481
2,TFM,2025-08-01,2026-02,35.860334414268344
2,TFM,2025-08-01,2026-03,35.389912679932266
2,TFM,2025-08-01,2026-04,33.546148762064625
1,TFM,2025-08-01,2026-05,33.155
1,TFM,2025-08-01,2026-06,33.03
1,TFM,2025-08-01,2026-07,33.45
2,TFM,2025-08-01,2026-09,33.48101237345331
1,TFM,2025-08-01,2026-12,34.0
2,TFM,2025-08-01,2027-01,34.79215481171548
1,TFM,2025-08-01,2027-03,33.6
1,TFM,2025-08-01,2027-04,30.45
2,TFM,2025-08-04,2025-09,34.253330330822145
2,TFM,2025-08-04,2025-10,34.77603054787725
2,TFM,2025-08-04,2025-11,35.61503870458136
2,TFM,2025-08-04,2025-12,36.05603695532267
2,TFM,2025-08-04,2026-01,36.259398285814235
2,TFM,2025-08-04,2026-02,36.25
2,TFM,2025-08-04,2026-03,35.764895522388066
2,TFM,2025-08-04,2026-04,33.765682846886214
1,TFM,2025-08-04,2026-05,33.105
1,TFM,2025-08-04,2026-06,32.96
1,TFM,2025-08-04,2026-08,33.1
1,TFM,2025-08-04,2026-09,33.3
1,TFM,2025-08-04,2026-10,33.525
2,TFM,2025-08-05,2025-09,34.39257208189225
2,TFM,2025-08-05,2025-10,34.914568759143506
2,TFM,2025-08-05,2025-11,35.72402833143508
2,TFM,2025-08-05,2025-12,36.14872343410255
2,TFM,2025-08-05,2026-01,36.31597503095336
2,TFM,2025-08-05,2026-02,36.27497297946439
2,TFM,2025-08-05,2026-03,35.73989645651174
2,TFM,2025-08-05,2026-04,33.70502104672373
1,TFM,2025-08-05,2026-05,33.08
1,TFM,2025-08-05,2026-06,32.96
1,TFM,2025-08-05,2026-07,32.63
1,TFM,2025-08-05,2026-08,32.825
2,TFM,2025-08-05,2026-09,32.80996810207336
1,TFM,2025-08-05,2026-12,34.05
2,TFM,2025-08-06,2025-09,33.11549419765411
2,TFM,2025-08-06,2025-10,33.65945425550765
2,TFM,2025-08-06,2025-11,34.555594073245736
2,TFM,2025-08-06,2025-12,34.97602880658436
2,TFM,2025-08-06,2026-01,35.192862970787495
2,TFM,2025-08-06,2026-02,35.19008885503934
2,TFM,2025-08-06,2026-03,34.67665649520488
2,TFM,2025-08-06,2026-04,32.92095967096996
2,TFM,2025-08-06,2026-05,32.350300339514234
1,TFM,2025-08-06,2026-06,32.35
1,TFM,2025-08-06,2026-09,32.95
1,TFM,2025-08-06,2026-10,32.68
1,TFM,2025-08-06,2026-12,33.8
1,TFM,2025-08-06,2027-01,33.8
1,TFM,2025-08-06,2027-12,29.65
2,TFM,2025-08-07,2025-09,33.00245691686301
2,TFM,2025-08-07,2025-10,33.531181723738364
2,TFM,2025-08-07,2025-11,34.46072023014487
2,TFM,2025-08-07,2025-12,34.85172245891661
2,TFM,2025-08-07,2026-01,35.05561066355083
2,TFM,2025-08-07,2026-02,35.005702733923755
1,TFM,2025-08-07,2026-03,34.49
2,TFM,2025-08-07,2026-04,32.78290588814979
1,TFM,2025-08-07,2026-05,32.33
2,TFM,2025-08-07,2026-06,32.141053347849756
2,TFM,2025-08-07,2026-08,32.2
1,TFM,2025-08-07,2026-09,32.42
2,TFM,2025-08-07,2026-10,32.31003613006824
2,TFM,2025-08-07,2026-11,33.0
1,TFM,2025-08-07,2026-12,33.55
1,TFM,2025-08-07,2027-01,33.75
1,TFM,2025-08-07,2027-11,28.8
1,TFM,2025-08-07,2027-12,29.5
2,TFM,2025-08-08,2025-09,32.2019154103589
2,TFM,2025-08-08,2025-10,32.70313582682144
2,TFM,2025-08-08,2025-11,33.61649517322266
2,TFM,2025-08-08,2025-12,34.055
2,TFM,2025-08-08,2026-01,34.23602003104442
2,TFM,2025-08-08,2026-02,34.23978330470092
2,TFM,2025-08-08,2026-03,33.68185242960767
2,TFM,2025-08-08,2026-04,32.02445041671699
2,TFM,2025-08-08,2026-05,31.821118300745535
2,TFM,2025-08-08,2026-06,31.675300608289717
1,TFM,2025-08-08,2026-08,32.17
1,TFM,2025-08-08,2026-09,32.35
2,TFM,2025-08-11,2025-09,33.13209563604072
2,TFM,2025-08-11,2025-10,33.53156360771957
2,TFM,2025-08-11,2025-11,34.35118504435995
2,TFM,2025-08-11,2025-12,34.76499999999999
2,TFM,2025-08-11,2026-01,34.91975566414927
2,TFM,2025-08-11,2026-02,34.887481193735354
2,TFM,2025-08-11,2026-03,34.370020383204235
1,TFM,2025-08-11,2026-04,32.455
2,TFM,2025-08-11,2026-05,31.894999999999996
1,TFM,2025-08-11,2026-06,31.745
1,TFM,2025-08-11,2026-09,32.15
1,TFM,2025-08-11,2026-12,33.25
1,TFM,2025-08-11,2027-01,33.425
1,TFM,2025-08-11,2027-03,32.425
2,TFM,2025-08-12,2025-09,32.43033736954016
2,TFM,2025-08-12,2025-10,32.83
2,TFM,2025-08-12,2025-11,33.74912495976827
2,TFM,2025-08-12,2025-12,34.15241707288075
2,TFM,2025-08-12,2026-01,34.296252236135956
2,TFM,2025-08-12,2026-02,34.31087838739821
2,TFM,2025-08-12,2026-03,33.78546107643386
2,TFM,2025-08-12,2026-04,32.27875444839858
1,TFM,2025-08-12,2026-05,31.640000000000004
1,TFM,2025-08-12,2026-06,31.550000000000004
1,TFM,2025-08-12,2026-09,31.95
1,TFM,2025-08-12,2026-10,32.0
2,TFM,2025-08-12,2026-12,33.294228477807565
2,TFM,2025-08-13,2025-09,32.69194510317488
2,TFM,2025-08-13,2025-10,33.0915414493397
2,TFM,2025-08-13,2025-11,33.95472861842105
2,TFM,2025-08-13,2025-12,34.37071928554188
2,TFM,2025-08-13,2026-01,34.533559833229845
2,TFM,2025-08-13,2026-02,34.499969448857385
2,TFM,2025-08-13,2026-03,34.0434573703417
1,TFM,2025-08-13,2026-04,32.4
1,TFM,2025-08-13,2026-05,31.89
1,TFM,2025-08-13,2026-06,31.720000000000002
1,TFM,2025-08-13,2026-07,31.65
1,TFM,2025-08-13,2026-10,31.95
1,TFM,2025-08-13,2026-12,33.275
2,TFM,2025-08-14,2025-09,32.31141036567502
2,TFM,2025-08-14,2025-10,32.74520902337846
2,TFM,2025-08-14,2025-11,33.65542058327308
2,TFM,2025-08-14,2025-12,34.03768910934423
2,TFM,2025-08-14,2026-01,34.21892471219719
2,TFM,2025-08-14,2026-02,34.17443149210904
2,TFM,2025-08-14,2026-03,33.7136797752809
2,TFM,2025-08-14,2026-04,32.104614945807185
1,TFM,2025-08-14,2026-05,31.61
1,TFM,2025-08-14,2026-06,31.15
1,TFM,2025-08-14,2026-09,31.75
2,TFM,2025-08-15,2025-09,30.922290350898585
2,TFM,2025-08-15,2025-10,31.306304874210028
2,TFM,2025-08-15,2025-11,32.3238323788358
2,TFM,2025-08-15,2025-12,32.77
2,TFM,2025-08-15,2026-01,32.894189117802426
2,TFM,2025-08-15,2026-02,32.89993745574699
2,TFM,2025-08-15,2026-03,32.34993027383368
2,TFM,2025-08-15,2026-04,30.905055167340937
1,TFM,2025-08-15,2026-05,30.28
1,TFM,2025-08-15,2026-06,30.36
1,TFM,2025-08-15,2026-07,31.060000000000002
1,TFM,2025-08-15,2026-08,31.0
1,TFM,2025-08-15,2026-09,30.52
2,TFM,2025-08-15,2026-10,31.424797742238948
2,TFM,2025-08-15,2026-11,32.20098911968348
1,TFM,2025-08-15,2026-12,31.7
2,TFM,2025-08-18,2025-09,30.92469316724675
2,TFM,2025-08-18,2025-10,31.266329941860462
2,TFM,2025-08-18,2025-11,32.235370004933394
2,TFM,2025-08-18,2025-12,32.731369097513266
2,TFM,2025-08-18,2026-01,32.84015419209766
2,TFM,2025-08-18,2026-02,32.85087774294671
1,TFM,2025-08-18,2026-03,32.455
2,TFM,2025-08-18,2026-04,30.773570257251205
2,TFM,2025-08-18,2026-05,30.347422855205153
2,TFM,2025-08-18,2026-06,30.259954633095155
1,TFM,2025-08-18,2026-07,30.049999999999997
1,TFM,2025-08-18,2026-09,30.435
1,TFM,2025-08-18,2026-11,31.0
2,TFM,2025-08-19,2025-09,31.146986154974957
2,TFM,2025-08-19,2025-10,31.498290408763026
2,TFM,2025-08-19,2025-11,32.48809816540198
2,TFM,2025-08-19,2025-12,32.89547480024585
2,TFM,2025-08-19,2026-01,33.043296869106
2,TFM,2025-08-19,2026-02,33.043452220726785
1,TFM,2025-08-19,2026-03,32.525
2,TFM,2025-08-19,2026-04,30.97289354018992
1,TFM,2025-08-19,2026-05,30.345
1,TFM,2025-08-19,2026-06,30.125
1,TFM,2025-08-19,2026-07,30.049999999999997
1,TFM,2025-08-19,2026-08,30.149999999999995
1,TFM,2025-08-19,2026-09,30.475000000000005
1,TFM,2025-08-19,2026-10,30.4
1,TFM,2025-08-19,2026-11,31.3
1,TFM,2025-08-19,2026-12,31.5
1,TFM,2025-08-19,2027-03,30.7
2,TFM,2025-08-20,2025-09,32.21524104555003
2,TFM,2025-08-20,2025-10,32.49056939793457
2,TFM,2025-08-20,2025-11,33.35885492847615
2,TFM,2025-08-20,2025-12,33.76347355193873
2,TFM,2025-08-20,2026-01,33.92170511846377
2,TFM,2025-08-20,2026-02,33.90470361016194
2,TFM,2025-08-20,2026-03,33.35
2,TFM,2025-08-20,2026-04,31.233223945902942
1,TFM,2025-08-20,2026-05,30.55
2,TFM,2025-08-20,2026-06,30.539126984126987
1,TFM,2025-08-20,2026-07,30.429999999999996
1,TFM,2025-08-20,2026-08,30.81
1,TFM,2025-08-20,2026-09,30.7
1,TFM,2025-08-20,2026-10,31.1
1,TFM,2025-08-20,2026-11,31.55
1,TFM,2025-08-20,2026-12,31.9
2,TFM,2025-08-21,2025-09,33.12681388976949
2,TFM,2025-08-21,2025-10,33.53965461513598
2,TFM,2025-08-21,2025-11,34.24881867698137
2,TFM,2025-08-21,2025-12,34.715
2,TFM,2025-08-21,2026-01,34.88589993998582
2,TFM,2025-08-21,2026-02,34.76004924491136
2,TFM,2025-08-21,2026-03,34.22
2,TFM,2025-08-21,2026-04,32.33517668615304
2,TFM,2025-08-21,2026-05,31.79509840367374
2,TFM,2025-08-21,2026-06,31.65507766655161
1,TFM,2025-08-21,2026-07,31.62
1,TFM,2025-08-21,2026-08,31.5
1,TFM,2025-08-21,2026-10,31.879999999999995
1,TFM,2025-08-21,2026-11,32.55
2,TFM,2025-08-22,2025-09,33.46048217732461
2,TFM,2025-08-22,2025-10,33.69430318257957
2,TFM,2025-08-22,2025-11,34.41950968947
2,TFM,2025-08-22,2025-12,34.75940983151268
2,TFM,2025-08-22,2026-01,34.87482667547045
2,TFM,2025-08-22,2026-02,34.83040904198062
2,TFM,2025-08-22,2026-03,34.30483199415632
2,TFM,2025-08-22,2026-04,32.42585669781931
2,TFM,2025-08-22,2026-05,31.864976693598507
1,TFM,2025-08-22,2026-06,31.7
1,TFM,2025-08-22,2026-07,31.75
1,TFM,2025-08-22,2026-11,32.55
2,TFM,2025-08-25,2025-09,33.79381578612349
2,TFM,2025-08-25,2025-10,33.998763376932224
2,TFM,2025-08-25,2025-11,34.545
2,TFM,2025-08-25,2025-12,34.94474522292994
2,TFM,2025-08-25,2026-01,35.0
2,TFM,2025-08-25,2026-02,35.025000000000006
1,TFM,2025-08-25,2026-03,34.445
1,TFM,2025-08-25,2026-04,32.67
1,TFM,2025-08-25,2026-05,32.11
1,TFM,2025-08-25,2026-06,31.925
1,TFM,2025-08-25,2026-07,31.805
1,TFM,2025-08-25,2026-12,33.2
1,TFM,2025-08-25,2027-01,32.925
1,TFM,2025-08-25,2027-02,32.45
1,TFM,2025-08-25,2027-03,31.975
1,TFM,2025-08-25,2027-04,28.9
1,TFM,2025-08-25,2027-06,27.625
1,TFM,2025-08-25,2027-07,27.85
1,TFM,2025-08-25,2027-08,27.85
1,TFM,2025-08-25,2027-09,27.95
1,TFM,2025-08-25,2027-10,27.925
1,TFM,2025-08-25,2027-11,28.8
1,TFM,2025-08-25,2027-12,29.425
2,TFM,2025-08-26,2025-09,33.258213328346116
2,TFM,2025-08-26,2025-10,33.45396337011619
2,TFM,2025-08-26,2025-11,34.089739695118595
2,TFM,2025-08-26,2025-12,34.464329940957114
2,TFM,2025-08-26,2026-01,34.545350979818664
2,TFM,2025-08-26,2026-02,34.4584223785032
2,TFM,2025-08-26,2026-03,33.960434947049926
2,TFM,2025-08-26,2026-04,32.09084046454768
2,TFM,2025-08-26,2026-05,31.70502135383301
1,TFM,2025-08-26,2026-06,31.36
1,TFM,2025-08-26,2026-07,31.55
1,TFM,2025-08-26,2026-08,31.639999999999997
1,TFM,2025-08-26,2026-09,31.875
1,TFM,2025-08-26,2027-05,28.025
2,TFM,2025-08-27,2025-09,32.55206985112605
2,TFM,2025-08-27,2025-10,32.732214234758274
2,TFM,2025-08-27,2025-11,33.3682675029666
2,TFM,2025-08-27,2025-12,33.79550612526601
2,TFM,2025-08-27,2026-01,33.90489891135303
2,TFM,2025-08-27,2026-02,33.85573577235772
2,TFM,2025-08-27,2026-03,33.395
2,TFM,2025-08-27,2026-04,31.604664229219523
2,TFM,2025-08-27,2026-05,31.104921616443132
2,TFM,2025-08-27,2026-06,30.796321087065927
1,TFM,2025-08-27,2026-07,30.905
2,TFM,2025-08-27,2026-08,31.00757148651389
2,TFM,2025-08-27,2026-09,31.182089063523247
1,TFM,2025-08-27,2026-11,32.025
1,TFM,2025-08-27,2026-12,32.6
1,TFM,2025-08-27,2027-03,31.52
1,TFM,2025-08-27,2027-06,27.99
2,TFM,2025-08-28,2025-09,31.7
2,TFM,2025-08-28,2025-10,31.86
2,TFM,2025-08-28,2025-11,32.61488119765606
2,TFM,2025-08-28,2025-12,33.05878320305891
2,TFM,2025-08-28,2026-01,33.17370410099843
2,TFM,2025-08-28,2026-02,33.11718279371805
2,TFM,2025-08-28,2026-03,32.60973143547737
2,TFM,2025-08-28,2026-04,31.085
2,TFM,2025-08-28,2026-05,30.584551585593342
1,TFM,2025-08-28,2026-06,30.345
2,TFM,2025-08-28,2026-07,30.099999999999998
1,TFM,2025-08-28,2026-08,30.185
1,TFM,2025-08-28,2026-09,30.575
1,TFM,2025-08-28,2026-10,31.0
1,TFM,2025-08-28,2026-11,31.12
1,TFM,2025-08-28,2026-12,31.675
1,TFM,2025-08-28,2027-04,28.48
2,TFM,2025-08-29,2025-10,31.73723702298315
2,TFM,2025-08-29,2025-11,32.53284743830679
2,TFM,2025-08-29,2025-12,32.98166551708281
2,TFM,2025-08-29,2026-01,33.15
2,TFM,2025-08-29,2026-02,33.11063548131519
2,TFM,2025-08-29,2026-03,32.550185556079164
2,TFM,2025-08-29,2026-04,31.089839328288587
1,TFM,2025-08-29,2026-05,30.5
1,TFM,2025-08-29,2026-06,30.345
1,TFM,2025-08-29,2026-09,30.7
1,TFM,2025-08-29,2026-10,31.1
1,TFM,2025-08-29,2026-11,31.45
1,TFM,2025-08-29,2027-04,28.35
1,TFM,2025-08-29,2027-10,27.83
2,TFM,2025-09-01,2025-10,32.33887028982324
2,TFM,2025-09-01,2025-11,33.13952332348854
2,TFM,2025-09-01,2025-12,33.594856959177115
2,TFM,2025-09-01,2026-01,33.778685424354244
2,TFM,2025-09-01,2026-02,33.708257773902936
2,TFM,2025-09-01,2026-03,33.17482823235477
1,TFM,2025-09-01,2026-04,31.64
1,TFM,2025-09-01,2026-05,30.954999999999995
1,TFM,2025-09-01,2026-06,30.950000000000003
1,TFM,2025-09-01,2026-07,30.75
1,TFM,2025-09-01,2026-08,30.8
1,TFM,2025-09-01,2026-11,31.9
1,TFM,2025-09-01,2026-12,32.6
1,TFM,2025-09-01,2027-01,32.3
1,TFM,2025-09-01,2027-02,32.4
1,TFM,2025-09-01,2027-03,31.7
2,TFM,2025-09-02,2025-10,31.875703788836116
2,TFM,2025-09-02,2025-11,32.72725961538462
2,TFM,2025-09-02,2025-12,33.12844985205141
2,TFM,2025-09-02,2026-01,33.34526031639742
2,TFM,2025-09-02,2026-02,33.32056518034649
2,TFM,2025-09-02,2026-03,32.79995155273484
2,TFM,2025-09-02,2026-04,31.435320647699204
1,TFM,2025-09-02,2026-05,31.025
1,TFM,2025-09-02,2026-06,30.69
1,TFM,2025-09-02,2026-11,32.3
1,TFM,2025-09-02,2026-12,32.7
1,TFM,2025-09-02,2027-02,32.6
1,TFM,2025-09-02,2027-03,31.875
2,TFM,2025-09-03,2025-10,32.40314801455881
2,TFM,2025-09-03,2025-11,33.13072854358492
2,TFM,2025-09-03,2025-12,33.54341070465576
2,TFM,2025-09-03,2026-01,33.804009184700554
2,TFM,2025-09-03,2026-02,33.61890007332844
2,TFM,2025-09-03,2026-03,33.06971080095561
2,TFM,2025-09-03,2026-04,31.57360851391486
2,TFM,2025-09-03,2026-05,31.288685736374177
2,TFM,2025-09-03,2026-06,31.020630218152437
1,TFM,2025-09-03,2026-07,30.925000000000004
2,TFM,2025-09-03,2026-08,31.085985006642623
2,TFM,2025-09-03,2026-09,31.288708933314695
1,TFM,2025-09-03,2026-10,31.225
1,TFM,2025-09-03,2026-11,32.24
1,TFM,2025-09-03,2026-12,32.5
1,TFM,2025-09-03,2027-01,32.6
2,TFM,2025-09-03,2027-02,32.49842607636069
1,TFM,2025-09-03,2027-06,27.835
2,TFM,2025-09-04,2025-10,32.56714295165578
2,TFM,2025-09-04,2025-11,33.36105328824244
2,TFM,2025-09-04,2025-12,33.771990243902444
2,TFM,2025-09-04,2026-01,33.92179379819252
2,TFM,2025-09-04,2026-02,33.875128458498025
2,TFM,2025-09-04,2026-03,33.34822318288394
2,TFM,2025-09-04,2026-04,31.969647574647574
2,TFM,2025-09-04,2026-05,31.514790085116175
2,TFM,2025-09-04,2026-06,31.414871626462862
1,TFM,2025-09-04,2026-07,30.995
1,TFM,2025-09-04,2026-08,31.06
1,TFM,2025-09-04,2026-11,32.2
2,TFM,2025-09-05,2025-10,32.06140107470612
2,TFM,2025-09-05,2025-11,32.861167019027484
2,TFM,2025-09-05,2025-12,33.292957576880326
2,TFM,2025-09-05,2026-01,33.48684456786366
2,TFM,2025-09-05,2026-02,33.48198407172078
2,TFM,2025-09-05,2026-03,32.94983378185848
1,TFM,2025-09-05,2026-04,31.47
2,TFM,2025-09-05,2026-05,30.98496570056594
1,TFM,2025-09-05,2026-06,30.85
1,TFM,2025-09-05,2026-07,30.96
1,TFM,2025-09-05,2026-10,31.68
1,TFM,2025-09-05,2026-11,32.14
1,TFM,2025-09-05,2026-12,32.48
1,TFM,2025-09-05,2027-02,32.515
1,TFM,2025-09-05,2027-08,27.91
2,TFM,2025-09-08,2025-10,33.10949605193893
2,TFM,2025-09-08,2025-11,33.79307138384471
2,TFM,2025-09-08,2025-12,34.21909270616859
2,TFM,2025-09-08,2026-01,34.33772267206478
2,TFM,2025-09-08,2026-02,34.32725672877847
2,TFM,2025-09-08,2026-03,33.76986381925101
1,TFM,2025-09-08,2026-04,32.19
1,TFM,2025-09-08,2026-05,31.640000000000004
1,TFM,2025-09-08,2026-06,31.54
1,TFM,2025-09-08,2026-07,31.56
1,TFM,2025-09-08,2026-08,31.65
1,TFM,2025-09-08,2026-09,31.85
1,TFM,2025-09-08,2026-10,31.85
2,TFM,2025-09-08,2026-11,32.5
1,TFM,2025-09-08,2026-12,33.0
1,TFM,2025-09-08,2027-02,33.06
1,TFM,2025-09-08,2027-03,32.335
1,TFM,2025-09-08,2027-07,28.1
1,TFM,2025-09-08,2027-08,28.195
2,TFM,2025-09-09,2025-10,32.67425679054928
2,TFM,2025-09-09,2025-11,33.29255304984605
2,TFM,2025-09-09,2025-12,33.725
2,TFM,2025-09-09,2026-01,33.97833933963183
2,TFM,2025-09-09,2026-02,33.89769113149847
2,TFM,2025-09-09,2026-03,33.336663871184165
2,TFM,2025-09-09,2026-04,31.966248937074827
2,TFM,2025-09-09,2026-05,31.620632329271096
2,TFM,2025-09-09,2026-06,31.439676569238138
1,TFM,2025-09-09,2026-07,31.455000000000002
1,TFM,2025-09-09,2026-08,31.5
1,TFM,2025-09-09,2026-09,31.7
1,TFM,2025-09-09,2026-10,31.85
1,TFM,2025-09-09,2026-12,32.8
1,TFM,2025-09-09,2027-01,32.56
1,TFM,2025-09-09,2027-07,28.015
1,TFM,2025-09-09,2027-09,28.19
1,TFM,2025-09-09,2027-10,28.245
2,TFM,2025-09-10,2025-10,33.368988922846476
2,TFM,2025-09-10,2025-11,33.94
2,TFM,2025-09-10,2025-12,34.35
2,TFM,2025-09-10,2026-01,34.52363511868533
2,TFM,2025-09-10,2026-02,34.47368510575359
2,TFM,2025-09-10,2026-03,33.94302845528455
2,TFM,2025-09-10,2026-04,32.385066326530605
2,TFM,2025-09-10,2026-05,31.83499233520695
1,TFM,2025-09-10,2026-06,31.660000000000004
1,TFM,2025-09-10,2026-07,31.68
1,TFM,2025-09-10,2026-10,32.07
1,TFM,2025-09-10,2026-11,32.73
1,TFM,2025-09-10,2026-12,33.05
2,TFM,2025-09-11,2025-10,32.296573834125475
2,TFM,2025-09-11,2025-11,33.06080333133175
2,TFM,2025-09-11,2025-12,33.50048038738957
2,TFM,2025-09-11,2026-01,33.721372426699936
2,TFM,2025-09-11,2026-02,33.72128728183224
2,TFM,2025-09-11,2026-03,33.19514041514041
2,TFM,2025-09-11,2026-04,31.71510294583465
2,TFM,2025-09-11,2026-05,31.180085631101218
1,TFM,2025-09-11,2026-06,31.099999999999998
2,TFM,2025-09-11,2026-10,31.71328437917223
1,TFM,2025-09-11,2026-12,32.95
1,TFM,2025-09-11,2027-07,28.0
2,TFM,2025-09-12,2025-10,32.64224515989185
2,TFM,2025-09-12,2025-11,33.34796400274503
2,TFM,2025-09-12,2025-12,33.75152225067478
2,TFM,2025-09-12,2026-01,34.00181409813407
2,TFM,2025-09-12,2026-02,33.94311941510967
2,TFM,2025-09-12,2026-03,33.428966654452175
2,TFM,2025-09-12,2026-04,31.971412606730286
2,TFM,2025-09-12,2026-05,31.529498080897547
1,TFM,2025-09-12,2026-06,31.465
1,TFM,2025-09-12,2026-07,31.350000000000005
1,TFM,2025-09-12,2026-08,31.45
1,TFM,2025-09-12,2026-09,31.61
1,TFM,2025-09-12,2026-12,32.8
1,TFM,2025-09-12,2027-03,32.14
1,TFM,2025-09-12,2027-05,28.444999999999997
2,TFM,2025-09-15,2025-10,32.06797529132499
2,TFM,2025-09-15,2025-11,32.81360622917749
2,TFM,2025-09-15,2025-12,33.33849034234057
2,TFM,2025-09-15,2026-01,33.55663179578318
2,TFM,2025-09-15,2026-02,33.56481351469942
2,TFM,2025-09-15,2026-03,32.995017689722275
2,TFM,2025-09-15,2026-04,31.625299962504684
1,TFM,2025-09-15,2026-05,31.39
1,TFM,2025-09-15,2026-06,31.045000000000005
1,TFM,2025-09-15,2026-07,31.130000000000003
1,TFM,2025-09-15,2026-10,31.525000000000002
2,TFM,2025-09-15,2026-12,32.58014187751241
2,TFM,2025-09-16,2025-10,32.4180748513644
2,TFM,2025-09-16,2025-11,33.132327177100024
2,TFM,2025-09-16,2025-12,33.640741444866926
2,TFM,2025-09-16,2026-01,33.823402549612304
2,TFM,2025-09-16,2026-02,33.84392720306513
2,TFM,2025-09-16,2026-03,33.2940590177466
2,TFM,2025-09-16,2026-04,31.874071024189398
1,TFM,2025-09-16,2026-05,31.345000000000002
1,TFM,2025-09-16,2026-06,31.25
1,TFM,2025-09-16,2026-07,31.024999999999995
1,TFM,2025-09-16,2026-09,31.125
1,TFM,2025-09-16,2026-11,32.475
1,TFM,2025-09-16,2026-12,32.83
2,TFM,2025-09-17,2025-10,32.49926699152599
2,TFM,2025-09-17,2025-11,33.154124996575064
2,TFM,2025-09-17,2025-12,33.6849137072685
2,TFM,2025-09-17,2026-01,33.894298990971855
2,TFM,2025-09-17,2026-02,33.90524038461538
2,TFM,2025-09-17,2026-03,33.35893935345979
2,TFM,2025-09-17,2026-04,31.890189801341265
2,TFM,2025-09-17,2026-05,31.51499149254747
1,TFM,2025-09-17,2026-06,31.315
1,TFM,2025-09-17,2026-08,31.45
1,TFM,2025-09-17,2026-09,31.7
1,TFM,2025-09-17,2026-10,31.949999999999996
1,TFM,2025-09-17,2026-11,32.57
1,TFM,2025-09-17,2026-12,32.78
1,TFM,2025-09-17,2027-02,32.85
2,TFM,2025-09-18,2025-10,32.83285895337698
2,TFM,2025-09-18,2025-11,33.35161077888249
2,TFM,2025-09-18,2025-12,33.78405766982725
2,TFM,2025-09-18,2026-01,34.044981329350264
2,TFM,2025-09-18,2026-02,34.01500176865935
2,TFM,2025-09-18,2026-03,33.483876244665716
2,TFM,2025-09-18,2026-04,32.09519120458891
2,TFM,2025-09-18,2026-05,31.81968944099379
1,TFM,2025-09-18,2026-06,31.76
1,TFM,2025-09-18,2026-07,31.855
1,TFM,2025-09-18,2026-08,31.825
1,TFM,2025-09-18,2026-09,32.03
1,TFM,2025-09-18,2026-12,33.12
2,TFM,2025-09-19,2025-10,32.31414225918133
2,TFM,2025-09-19,2025-11,32.88024094598318
2,TFM,2025-09-19,2025-12,33.33727586710124
2,TFM,2025-09-19,2026-01,33.55496339434276
2,TFM,2025-09-19,2026-02,33.57599213000073
2,TFM,2025-09-19,2026-03,33.063815256765395
2,TFM,2025-09-19,2026-04,31.69860376044568
2,TFM,2025-09-19,2026-05,31.329915349887134
1,TFM,2025-09-19,2026-06,31.319999999999997
1,TFM,2025-09-19,2026-08,31.4
1,TFM,2025-09-19,2026-12,32.9
1,TFM,2025-09-19,2027-10,28.7
1,TFM,2025-09-19,2027-12,30.075
2,TFM,2025-09-22,2025-10,31.913883134230552
2,TFM,2025-09-22,2025-11,32.45220660520233
2,TFM,2025-09-22,2025-12,32.90372017962392
2,TFM,2025-09-22,2026-01,33.16379026998826
2,TFM,2025-09-22,2026-02,33.188746612466126
2,TFM,2025-09-22,2026-03,32.64003739405019
2,TFM,2025-09-22,2026-04,31.385045383817427
2,TFM,2025-09-22,2026-05,30.97506449763509
1,TFM,2025-09-22,2026-06,30.955
1,TFM,2025-09-22,2026-07,31.405
1,TFM,2025-09-22,2026-08,31.25
1,TFM,2025-09-22,2026-09,31.35
1,TFM,2025-09-22,2026-10,31.599999999999998
1,TFM,2025-09-22,2026-12,32.6
1,TFM,2025-09-22,2027-02,32.67
1,TFM,2025-09-22,2027-03,31.96
1,TFM,2025-09-22,2027-08,28.180000000000003
2,TFM,2025-09-23,2025-10,32.28
2,TFM,2025-09-23,2025-11,32.790298969271525
2,TFM,2025-09-23,2025-12,33.16566857688634
2,TFM,2025-09-23,2026-01,33.39022354694486
2,TFM,2025-09-23,2026-02,33.39747315535415
2,TFM,2025-09-23,2026-03,32.86968348359869
2,TFM,2025-09-23,2026-04,31.585338345864663
2,TFM,2025-09-23,2026-05,31.24
1,TFM,2025-09-23,2026-06,31.105
1,TFM,2025-09-23,2026-07,31.115
1,TFM,2025-09-23,2026-08,31.225
1,TFM,2025-09-23,2026-09,31.425
1,TFM,2025-09-23,2026-12,32.8
2,TFM,2025-09-24,2025-10,32.0
2,TFM,2025-09-24,2025-11,32.493894488726234
2,TFM,2025-09-24,2025-12,32.91358526719183
2,TFM,2025-09-24,2026-01,33.17753978619456
2,TFM,2025-09-24,2026-02,33.15894039524687
2,TFM,2025-09-24,2026-03,32.60745832155976
2,TFM,2025-09-24,2026-04,31.50990549692865
2,TFM,2025-09-24,2026-05,31.083750821827746
2,TFM,2025-09-24,2026-06,31.075
1,TFM,2025-09-24,2026-07,31.13
1,TFM,2025-09-24,2026-08,31.2
1,TFM,2025-09-24,2026-09,31.375
1,TFM,2025-09-24,2026-10,31.6
2,TFM,2025-09-24,2026-11,32.37047008547008
2,TFM,2025-09-24,2026-12,32.76036319612591
1,TFM,2025-09-24,2027-01,33.0
1,TFM,2025-09-24,2027-02,32.695
1,TFM,2025-09-24,2027-03,31.94
1,TFM,2025-09-24,2027-07,27.97
2,TFM,2025-09-25,2025-10,32.42493326508662
2,TFM,2025-09-25,2025-11,32.839157131960334
2,TFM,2025-09-25,2025-12,33.22381524336561
2,TFM,2025-09-25,2026-01,33.445527386423564
2,TFM,2025-09-25,2026-02,33.49028003360403
1,TFM,2025-09-25,2026-03,33.025
2,TFM,2025-09-25,2026-04,31.750138223368964
2,TFM,2025-09-25,2026-05,31.324851331260977
1,TFM,2025-09-25,2026-06,31.18
1,TFM,2025-09-25,2026-08,31.425
1,TFM,2025-09-25,2026-09,31.55
1,TFM,2025-09-25,2026-10,31.835
1,TFM,2025-09-25,2026-11,32.6
2,TFM,2025-09-25,2026-12,32.99951923076923
1,TFM,2025-09-25,2027-01,33.17
1,TFM,2025-09-25,2027-03,32.22
1,TFM,2025-09-25,2027-04,29.260000000000005
2,TFM,2025-09-26,2025-10,32.59234947689323
2,TFM,2025-09-26,2025-11,33.0664253983245
2,TFM,2025-09-26,2025-12,33.46640741457748
2,TFM,2025-09-26,2026-01,33.744399403545586
2,TFM,2025-09-26,2026-02,33.673002726164
2,TFM,2025-09-26,2026-03,33.169963410171974
2,TFM,2025-09-26,2026-04,31.95950911640954
2,TFM,2025-09-26,2026-05,31.473462999437256
1,TFM,2025-09-26,2026-06,31.45
1,TFM,2025-09-26,2026-08,31.65
1,TFM,2025-09-26,2026-09,31.600000000000005
1,TFM,2025-09-26,2026-12,32.95
1,TFM,2025-09-26,2027-02,33.05
2,TFM,2025-09-29,2025-10,32.0
2,TFM,2025-09-29,2025-11,32.48765361890694
2,TFM,2025-09-29,2025-12,32.91385653785071
2,TFM,2025-09-29,2026-01,33.134617644898256
2,TFM,2025-09-29,2026-02,33.12493726745695
2,TFM,2025-09-29,2026-03,32.64355479328398
2,TFM,2025-09-29,2026-04,31.405583753226008
2,TFM,2025-09-29,2026-05,30.92288497564631
1,TFM,2025-09-29,2026-06,31.025
2,TFM,2025-09-29,2026-07,31.06664500406174
2,TFM,2025-09-29,2026-08,31.18508941877794
2,TFM,2025-09-29,2026-09,31.45
1,TFM,2025-09-29,2026-10,31.58
1,TFM,2025-09-29,2026-11,32.4
1,TFM,2025-09-29,2026-12,32.815
1,TFM,2025-09-29,2027-03,31.975
2,TFM,2025-09-30,2025-11,31.42099196778726
2,TFM,2025-09-30,2025-12,31.8726147611254
2,TFM,2025-09-30,2026-01,32.12528883717064
2,TFM,2025-09-30,2026-02,32.19927447122479
2,TFM,2025-09-30,2026-03,31.78469676281504
2,TFM,2025-09-30,2026-04,30.784106738300217
2,TFM,2025-09-30,2026-05,30.41452737940026
2,TFM,2025-09-30,2026-06,30.35998806587636
1,TFM,2025-09-30,2026-07,30.395
2,TFM,2025-09-30,2026-08,30.467454758356393
2,TFM,2025-09-30,2026-09,30.735929802955667
1,TFM,2025-09-30,2026-10,30.955
2,TFM,2025-09-30,2026-11,31.681777150916783
2,TFM,2025-09-30,2026-12,32.1411320754717
1,TFM,2025-09-30,2027-03,31.475000000000005
1,TFM,2025-09-30,2028-09,25.5
2,TFM,2025-10-01,2025-11,31.43643056224623
2,TFM,2025-10-01,2025-12,31.85
2,TFM,2025-10-01,2026-01,32.093504987241936
2,TFM,2025-10-01,2026-02,32.15173242117175
2,TFM,2025-10-01,2026-03,31.70728367251825
2,TFM,2025-10-01,2026-04,30.727286135693216
2,TFM,2025-10-01,2026-05,30.406056701030927
2,TFM,2025-10-01,2026-06,30.45226708074534
1,TFM,2025-10-01,2026-07,30.535000000000004
1,TFM,2025-10-01,2026-08,30.625
1,TFM,2025-10-01,2026-09,30.85
2,TFM,2025-10-01,2026-10,30.888173515981737
1,TFM,2025-10-01,2026-11,31.625
2,TFM,2025-10-01,2026-12,31.97410778015703
2,TFM,2025-10-02,2025-11,31.049210696798493
2,TFM,2025-10-02,2025-12,31.5
2,TFM,2025-10-02,2026-01,31.770246545496242
2,TFM,2025-10-02,2026-02,31.82634355241876
2,TFM,2025-10-02,2026-03,31.475281067306252
2,TFM,2025-10-02,2026-04,30.49555357142857
2,TFM,2025-10-02,2026-05,30.205340343110127
1,TFM,2025-10-02,2026-06,30.234999999999996
1,TFM,2025-10-02,2026-07,30.445
1,TFM,2025-10-02,2026-08,30.45
1,TFM,2025-10-02,2026-09,30.8
1,TFM,2025-10-02,2026-10,30.634999999999998
1,TFM,2025-10-02,2026-11,31.400000000000002
1,TFM,2025-10-02,2026-12,31.96
1,TFM,2025-10-02,2027-02,31.85
1,TFM,2025-10-02,2027-03,31.1
2,TFM,2025-10-03,2025-11,31.645
2,TFM,2025-10-03,2025-12,31.993803285968028
2,TFM,2025-10-03,2026-01,32.306465108765885
2,TFM,2025-10-03,2026-02,32.327573117610456
2,TFM,2025-10-03,2026-03,31.950857470025596
2,TFM,2025-10-03,2026-04,30.828390891126375
2,TFM,2025-10-03,2026-05,30.42485417638824
1,TFM,2025-10-03,2026-06,30.39
2,TFM,2025-10-03,2026-07,30.3
2,TFM,2025-10-03,2026-08,30.4
2,TFM,2025-10-03,2026-09,30.65
1,TFM,2025-10-03,2026-10,30.825
1,TFM,2025-10-03,2026-11,31.66
1,TFM,2025-10-03,2026-12,32.205
1,TFM,2025-10-03,2027-02,32.05
2,TFM,2025-10-06,2025-11,33.11548239698633
2,TFM,2025-10-06,2025-12,33.33828634085213
2,TFM,2025-10-06,2026-01,33.51464584517911
2,TFM,2025-10-06,2026-02,33.55630240286298
2,TFM,2025-10-06,2026-03,33.04991091155299
2,TFM,2025-10-06,2026-04,31.765186670995266
2,TFM,2025-10-06,2026-05,31.32011815985716
2,TFM,2025-10-06,2026-06,31.249971496978677
1,TFM,2025-10-06,2026-07,31.295
1,TFM,2025-10-06,2026-08,31.05
1,TFM,2025-10-06,2026-09,31.575
1,TFM,2025-10-06,2026-10,31.685
1,TFM,2025-10-06,2026-11,32.3
1,TFM,2025-10-06,2026-12,32.84
1,TFM,2025-10-06,2027-01,33.0
1,TFM,2025-10-06,2027-08,28.35
1,TFM,2025-10-06,2027-10,28.75
1,TFM,2025-10-06,2027-12,30.1
2,TFM,2025-10-07,2025-11,33.3711373327068
2,TFM,2025-10-07,2025-12,33.57419294159799
2,TFM,2025-10-07,2026-01,33.76178502181289
2,TFM,2025-10-07,2026-02,33.709999999999994
2,TFM,2025-10-07,2026-03,33.17714899713467
2,TFM,2025-10-07,2026-04,31.884822367652216
2,TFM,2025-10-07,2026-05,31.370017489855883
2,TFM,2025-10-07,2026-06,31.294974037662698
1,TFM,2025-10-07,2026-07,31.3
2,TFM,2025-10-07,2026-08,31.39995185363505
1,TFM,2025-10-07,2026-09,31.519999999999996
2,TFM,2025-10-07,2026-10,31.874771361379672
2,TFM,2025-10-07,2026-11,32.389918907960535
2,TFM,2025-10-07,2026-12,32.77001006171184
2,TFM,2025-10-07,2027-02,32.70317364364516
1,TFM,2025-10-07,2027-03,32.125
1,TFM,2025-10-07,2027-06,28.15
2,TFM,2025-10-08,2025-11,32.69039401542608
2,TFM,2025-10-08,2025-12,32.95455732778548
2,TFM,2025-10-08,2026-01,33.16675029293606
2,TFM,2025-10-08,2026-02,33.16440155407946
2,TFM,2025-10-08,2026-03,32.68725777024826
2,TFM,2025-10-08,2026-04,31.5
2,TFM,2025-10-08,2026-05,31.060177074725534
1,TFM,2025-10-08,2026-06,31.005
1,TFM,2025-10-08,2026-07,31.074999999999996
2,TFM,2025-10-08,2026-08,31.007057716436638
2,TFM,2025-10-08,2026-09,31.265610013572612
1,TFM,2025-10-08,2026-10,31.425
1,TFM,2025-10-08,2026-11,32.31
1,TFM,2025-10-08,2026-12,32.7
1,TFM,2025-10-08,2027-11,29.2
2,TFM,2025-10-09,2025-11,32.461694693164446
2,TFM,2025-10-09,2025-12,32.74884745627664
2,TFM,2025-10-09,2026-01,33.016330338631654
2,TFM,2025-10-09,2026-02,32.98106474378644
2,TFM,2025-10-09,2026-03,32.474930083899324
2,TFM,2025-10-09,2026-04,31.260322246518584
2,TFM,2025-10-09,2026-05,30.85
2,TFM,2025-10-09,2026-06,30.814786104145156
2,TFM,2025-10-09,2026-07,30.72999470787468
1,TFM,2025-10-09,2026-08,30.83
1,TFM,2025-10-09,2026-09,31.05
1,TFM,2025-10-09,2026-10,31.225000000000005
1,TFM,2025-10-09,2026-12,32.47
1,TFM,2025-10-09,2027-01,32.55
1,TFM,2025-10-09,2027-03,31.65
2,TFM,2025-10-10,2025-11,31.904087789271927
2,TFM,2025-10-10,2025-12,32.179347316471315
2,TFM,2025-10-10,2026-01,32.42409703966167
2,TFM,2025-10-10,2026-02,32.41703286144386
2,TFM,2025-10-10,2026-03,31.983605131136088
2,TFM,2025-10-10,2026-04,30.748288308237377
1,TFM,2025-10-10,2026-05,30.3
1,TFM,2025-10-10,2026-06,30.29
1,TFM,2025-10-10,2026-07,30.569999999999997
1,TFM,2025-10-10,2026-08,30.525000000000002
1,TFM,2025-10-10,2026-09,30.849999999999998
1,TFM,2025-10-10,2026-12,32.2
1,TFM,2025-10-10,2027-02,32.05
1,TFM,2025-10-10,2028-02,29.58
2,TFM,2025-10-13,2025-11,31.379341041607347
2,TFM,2025-10-13,2025-12,31.644455188023667
2,TFM,2025-10-13,2026-01,31.93937055934386
2,TFM,2025-10-13,2026-02,31.97
2,TFM,2025-10-13,2026-03,31.55723846153846
2,TFM,2025-10-13,2026-04,30.42010755097468
1,TFM,2025-10-13,2026-05,30.005
1,TFM,2025-10-13,2026-06,29.98
1,TFM,2025-10-13,2026-07,30.07
1,TFM,2025-10-13,2026-08,30.154999999999998
2,TFM,2025-10-13,2026-09,30.40002515090543
1,TFM,2025-10-13,2026-10,30.6
1,TFM,2025-10-13,2026-11,31.3
1,TFM,2025-10-13,2026-12,31.655
2,TFM,2025-10-14,2025-11,31.765
2,TFM,2025-10-14,2025-12,31.997381836813116
2,TFM,2025-10-14,2026-01,32.215
2,TFM,2025-10-14,2026-02,32.25
2,TFM,2025-10-14,2026-03,31.842650255754474
2,TFM,2025-10-14,2026-04,30.60811663209504
2,TFM,2025-10-14,2026-05,30.12004191114837
2,TFM,2025-10-14,2026-06,30.095018689259906
1,TFM,2025-10-14,2026-07,30.13
1,TFM,2025-10-14,2026-08,30.245
1,TFM,2025-10-14,2026-09,30.465
2,TFM,2025-10-14,2026-11,31.388628681796238
1,TFM,2025-10-14,2026-12,31.68
1,TFM,2025-10-14,2027-01,31.800000000000004
1,TFM,2025-10-14,2027-02,31.65
1,TFM,2025-10-14,2027-04,28.3
2,TFM,2025-10-15,2025-11,32.052181395238435
2,TFM,2025-10-15,2025-12,32.103022126421855
2,TFM,2025-10-15,2026-01,32.45
2,TFM,2025-10-15,2026-02,32.48142069151083
2,TFM,2025-10-15,2026-03,32.055
2,TFM,2025-10-15,2026-04,30.775791568079157
2,TFM,2025-10-15,2026-05,30.313302413544672
2,TFM,2025-10-15,2026-06,30.264702630770806
1,TFM,2025-10-15,2026-07,30.3
1,TFM,2025-10-15,2026-08,30.41
2,TFM,2025-10-15,2026-09,30.60961423060437
1,TFM,2025-10-15,2026-10,30.77
1,TFM,2025-10-15,2026-11,31.15
2,TFM,2025-10-15,2026-12,31.526141842172034
1,TFM,2025-10-15,2027-01,31.6
1,TFM,2025-10-15,2027-04,28.3
1,TFM,2025-10-15,2027-05,27.675
1,TFM,2025-10-15,2027-06,27.425
1,TFM,2025-10-15,2027-12,29.47
1,TFM,2025-10-15,2028-02,29.25
2,TFM,2025-10-16,2025-11,32.28182127022782
2,TFM,2025-10-16,2025-12,32.461306930361744
2,TFM,2025-10-16,2026-01,32.58450259933645
2,TFM,2025-10-16,2026-02,32.57687908101572
2,TFM,2025-10-16,2026-03,32.08976310604969
2,TFM,2025-10-16,2026-04,30.803372955620148
2,TFM,2025-10-16,2026-05,30.3499919372178
1,TFM,2025-10-16,2026-06,30.31
1,TFM,2025-10-16,2026-07,30.415
1,TFM,2025-10-16,2026-08,30.5
2,TFM,2025-10-16,2026-09,30.69510504201681
1,TFM,2025-10-16,2026-10,30.85
1,TFM,2025-10-16,2026-11,31.53
1,TFM,2025-10-16,2026-12,31.96
2,TFM,2025-10-16,2027-01,32.17049961568024
1,TFM,2025-10-16,2027-04,28.7
1,TFM,2025-10-16,2027-05,28.05
1,TFM,2025-10-16,2028-06,24.55
2,TFM,2025-10-17,2025-11,31.92934933803057
2,TFM,2025-10-17,2025-12,32.116280579301566
2,TFM,2025-10-17,2026-01,32.23274901428479
2,TFM,2025-10-17,2026-02,32.26275288581426
2,TFM,2025-10-17,2026-03,31.759438986685286
2,TFM,2025-10-17,2026-04,30.490351788256973
2,TFM,2025-10-17,2026-05,30.000161154708522
1,TFM,2025-10-17,2026-06,29.93
1,TFM,2025-10-17,2026-07,30.0
1,TFM,2025-10-17,2026-08,30.150000000000002
1,TFM,2025-10-17,2026-09,30.33
1,TFM,2025-10-17,2026-10,30.649999999999995
1,TFM,2025-10-17,2026-11,31.299999999999997
1,TFM,2025-10-17,2026-12,31.54
1,TFM,2025-10-17,2027-01,31.775000000000002
1,TFM,2025-10-17,2027-02,31.5
1,TFM,2025-10-17,2027-05,27.5
1,TFM,2025-10-17,2027-06,27.35
1,TFM,2025-10-17,2027-11,28.69
1,TFM,2025-10-17,2027-12,29.25
1,TFM,2025-10-17,2028-01,29.65
1,TFM,2025-10-17,2028-02,29.4
2,TFM,2025-10-20,2025-11,31.64673886059834
2,TFM,2025-10-20,2025-12,31.828133641287035
2,TFM,2025-10-20,2026-01,31.979615285141602
2,TFM,2025-10-20,2026-02,31.97936046511628
2,TFM,2025-10-20,2026-03,31.460081658291458
2,TFM,2025-10-20,2026-04,30.23737503471258
1,TFM,2025-10-20,2026-05,29.775
1,TFM,2025-10-20,2026-06,29.7
1,TFM,2025-10-20,2026-07,29.75
1,TFM,2025-10-20,2026-08,29.85
1,TFM,2025-10-20,2026-09,30.18
1,TFM,2025-10-20,2026-10,30.37
1,TFM,2025-10-20,2026-11,30.94
1,TFM,2025-10-20,2026-12,31.32
1,TFM,2025-10-20,2027-01,31.525000000000002
1,TFM,2025-10-20,2027-03,30.525000000000002
1,TFM,2025-10-20,2027-04,28.05
1,TFM,2025-10-20,2027-09,27.375
2,TFM,2025-10-21,2025-11,32.242363640515634
2,TFM,2025-10-21,2025-12,32.43179274814139
2,TFM,2025-10-21,2026-01,32.595459804771416
2,TFM,2025-10-21,2026-02,32.654083956153464
2,TFM,2025-10-21,2026-03,32.20630554607093
2,TFM,2025-10-21,2026-04,30.809986832402828
2,TFM,2025-10-21,2026-05,30.34954063217762
2,TFM,2025-10-21,2026-06,30.26
2,TFM,2025-10-21,2026-07,30.275
1,TFM,2025-10-21,2026-08,30.405
1,TFM,2025-10-21,2026-09,30.54
1,TFM,2025-10-21,2026-10,30.75
1,TFM,2025-10-21,2026-11,31.4
2,TFM,2025-10-21,2026-12,31.730313199105144
1,TFM,2025-10-21,2027-01,31.8
1,TFM,2025-10-21,2027-04,28.564999999999998
1,TFM,2025-10-21,2027-11,28.8
1,TFM,2025-10-21,2027-12,29.5
2,TFM,2025-10-22,2025-11,31.788333839371376
2,TFM,2025-10-22,2025-12,32.07096556104157
2,TFM,2025-10-22,2026-01,32.24743506369305
2,TFM,2025-10-22,2026-02,32.27274863320843
2,TFM,2025-10-22,2026-03,31.882933447098974
2,TFM,2025-10-22,2026-04,30.680290408865112
2,TFM,2025-10-22,2026-05,30.085
1,TFM,2025-10-22,2026-06,30.105
1,TFM,2025-10-22,2026-07,30.069999999999997
1,TFM,2025-10-22,2026-08,30.205000000000002
1,TFM,2025-10-22,2026-09,30.55
1,TFM,2025-10-22,2026-10,30.8
1,TFM,2025-10-22,2026-11,31.3
1,TFM,2025-10-22,2026-12,31.85
1,TFM,2025-10-22,2027-01,31.97
1,TFM,2025-10-22,2027-02,31.77
1,TFM,2025-10-22,2027-03,31.0
2,TFM,2025-10-23,2025-11,32.326941659526646
2,TFM,2025-10-23,2025-12,32.61527551753714
2,TFM,2025-10-23,2026-01,32.75345083942649
2,TFM,2025-10-23,2026-02,32.821656879194634
2,TFM,2025-10-23,2026-03,32.384292929292926
2,TFM,2025-10-23,2026-04,31.12503014671401
2,TFM,2025-10-23,2026-05,30.755207638248027
2,TFM,2025-10-23,2026-06,30.700050479555777
1,TFM,2025-10-23,2026-07,30.75
1,TFM,2025-10-23,2026-08,30.765
1,TFM,2025-10-23,2026-09,31.114999999999995
1,TFM,2025-10-23,2026-10,31.31
1,TFM,2025-10-23,2026-11,31.900000000000002
2,TFM,2025-10-23,2026-12,32.240819299044155
2,TFM,2025-10-23,2027-01,32.40096761188012
1,TFM,2025-10-23,2027-03,31.55
1,TFM,2025-10-23,2028-06,25.05
2,TFM,2025-10-24,2025-11,31.885
2,TFM,2025-10-24,2025-12,32.18421008504012
2,TFM,2025-10-24,2026-01,32.36938224337749
2,TFM,2025-10-24,2026-02,32.41589245772569
2,TFM,2025-10-24,2026-03,31.990486082260073
2,TFM,2025-10-24,2026-04,30.77513202772582
2,TFM,2025-10-24,2026-05,30.350164800995024
2,TFM,2025-10-24,2026-06,30.335116429495475
1,TFM,2025-10-24,2026-07,30.375
2,TFM,2025-10-24,2026-08,30.569999999999997
1,TFM,2025-10-24,2026-09,30.775000000000002
1,TFM,2025-10-24,2026-11,31.549999999999997
2,TFM,2025-10-24,2026-12,31.751185447608666
1,TFM,2025-10-24,2027-02,32.0
1,TFM,2025-10-24,2028-01,29.85
2,TFM,2025-10-27,2025-11,31.29913650757022
2,TFM,2025-10-27,2025-12,31.578889758387948
2,TFM,2025-10-27,2026-01,31.70964371409874
2,TFM,2025-10-27,2026-02,31.76021885030639
2,TFM,2025-10-27,2026-03,31.362132591562354
2,TFM,2025-10-27,2026-04,30.179824384889784
2,TFM,2025-10-27,2026-05,29.8049267578125
2,TFM,2025-10-27,2026-06,29.779954522486104
2,TFM,2025-10-27,2026-07,29.809887964148523
2,TFM,2025-10-27,2026-08,29.9447946084724
2,TFM,2025-10-27,2026-09,30.1498193859121
1,TFM,2025-10-27,2026-10,30.56
1,TFM,2025-10-27,2026-11,31.049999999999997
2,TFM,2025-10-27,2026-12,31.489917676652183
1,TFM,2025-10-27,2027-01,31.6
2,TFM,2025-10-28,2025-11,31.445392246817296
2,TFM,2025-10-28,2025-12,31.683391597429065
2,TFM,2025-10-28,2026-01,31.820600678785627
2,TFM,2025-10-28,2026-02,31.845554073791835
2,TFM,2025-10-28,2026-03,31.435
2,TFM,2025-10-28,2026-04,30.278092208300706
2,TFM,2025-10-28,2026-05,29.855787106446776
2,TFM,2025-10-28,2026-06,29.826834940442428
2,TFM,2025-10-28,2026-07,29.874882794186593
1,TFM,2025-10-28,2026-08,30.0
2,TFM,2025-10-28,2026-09,30.219941754035613
1,TFM,2025-10-28,2026-11,31.24
1,TFM,2025-10-28,2026-12,31.55
1,TFM,2025-10-28,2027-02,31.62
1,TFM,2025-10-28,2027-05,27.4
2,TFM,2025-10-29,2025-11,31.765307909953926
2,TFM,2025-10-29,2025-12,32.04083917952829
2,TFM,2025-10-29,2026-01,32.175827146659195
2,TFM,2025-10-29,2026-02,32.175952989269284
2,TFM,2025-10-29,2026-03,31.769065889590422
2,TFM,2025-10-29,2026-04,30.47520646937371
2,TFM,2025-10-29,2026-05,30.09984112273269
1,TFM,2025-10-29,2026-06,30.095
1,TFM,2025-10-29,2026-07,30.010000000000005
1,TFM,2025-10-29,2026-08,30.220000000000002
1,TFM,2025-10-29,2026-09,30.25
1,TFM,2025-10-29,2026-10,30.575
1,TFM,2025-10-29,2026-11,31.1
2,TFM,2025-10-29,2026-12,31.65989864864865
2,TFM,2025-10-30,2025-11,31.054434280344907
2,TFM,2025-10-30,2025-12,31.46579037332215
2,TFM,2025-10-30,2026-01,31.69
2,TFM,2025-10-30,2026-02,31.742273106110453
2,TFM,2025-10-30,2026-03,31.334823461869675
2,TFM,2025-10-30,2026-04,30.170162001620017
2,TFM,2025-10-30,2026-05,29.779997342404595
2,TFM,2025-10-30,2026-06,29.80456941077264
1,TFM,2025-10-30,2026-07,29.925000000000004
1,TFM,2025-10-30,2026-08,29.925000000000004
1,TFM,2025-10-30,2026-09,30.300000000000004
2,TFM,2025-10-30,2026-10,30.4019848270995
1,TFM,2025-10-30,2026-11,31.155
1,TFM,2025-10-30,2027-09,27.5
1,TFM,2025-10-30,2027-12,29.0
2,TFM,2025-10-31,2025-12,31.28158821285524
2,TFM,2025-10-31,2026-01,31.511324688577663
2,TFM,2025-10-31,2026-02,31.566569086651054
2,TFM,2025-10-31,2026-03,31.184672181543792
2,TFM,2025-10-31,2026-04,30.069049408643753
2,TFM,2025-10-31,2026-05,29.62941298764828
2,TFM,2025-10-31,2026-06,29.617124849939973
1,TFM,2025-10-31,2026-07,29.575000000000003
1,TFM,2025-10-31,2026-08,29.705
1,TFM,2025-10-31,2026-09,29.94
1,TFM,2025-10-31,2026-10,30.2
1,TFM,2025-10-31,2026-11,30.89
1,TFM,2025-10-31,2026-12,31.295
2,TFM,2025-11-03,2025-12,31.85177195398007
2,TFM,2025-11-03,2026-01,32.06963293244975
2,TFM,2025-11-03,2026-02,32.098631425731334
2,TFM,2025-11-03,2026-03,31.70797289559076
2,TFM,2025-11-03,2026-04,30.50954295339697
2,TFM,2025-11-03,2026-05,30.08501537386443
2,TFM,2025-11-03,2026-06,29.925303178484107
2,TFM,2025-11-03,2026-07,30.17985458951833
2,TFM,2025-11-03,2026-08,30.304898726407856
2,TFM,2025-11-03,2026-09,30.499886916915344
2,TFM,2025-11-03,2026-10,30.485213430504945
2,TFM,2025-11-03,2026-11,31.155280429594274
2,TFM,2025-11-03,2026-12,31.580775347912525
1,TFM,2025-11-03,2027-01,31.94
1,TFM,2025-11-03,2027-02,31.83
1,TFM,2025-11-03,2027-03,31.1
1,TFM,2025-11-03,2027-04,28.25
1,TFM,2025-11-03,2027-05,27.319999999999997
1,TFM,2025-11-03,2027-06,27.25
2,TFM,2025-11-04,2025-12,32.42
2,TFM,2025-11-04,2026-01,32.59894883835129
2,TFM,2025-11-04,2026-02,32.58181675219335
2,TFM,2025-11-04,2026-03,32.150659179687494
2,TFM,2025-11-04,2026-04,30.850073986947947
2,TFM,2025-11-04,2026-05,30.469891186071813
2,TFM,2025-11-04,2026-06,30.494974294260615
1,TFM,2025-11-04,2026-07,30.414999999999996
2,TFM,2025-11-04,2026-08,30.649915052667343
2,TFM,2025-11-04,2026-09,30.824972629735054
2,TFM,2025-11-04,2026-11,31.481431980906923
1,TFM,2025-11-04,2026-12,31.9
1,TFM,2025-11-04,2027-03,31.2
2,TFM,2025-11-05,2025-12,31.70079597783854
2,TFM,2025-11-05,2026-01,31.93861035896162
2,TFM,2025-11-05,2026-02,31.983088621223335
2,TFM,2025-11-05,2026-03,31.603670780711823
2,TFM,2025-11-05,2026-04,30.441658072193576
2,TFM,2025-11-05,2026-05,30.092295409181638
2,TFM,2025-11-05,2026-06,30.138544226044225
1,TFM,2025-11-05,2026-07,30.14
1,TFM,2025-11-05,2026-08,30.19
1,TFM,2025-11-05,2026-09,30.405
1,TFM,2025-11-05,2026-10,30.6
1,TFM,2025-11-05,2026-11,31.27
1,TFM,2025-11-05,2026-12,31.6
1,TFM,2025-11-05,2027-08,27.45
2,TFM,2025-11-06,2025-12,31.730815738708177
2,TFM,2025-11-06,2026-01,31.975329694598692
2,TFM,2025-11-06,2026-02,31.989450969680412
2,TFM,2025-11-06,2026-03,31.626438606350096
1,TFM,2025-11-06,2026-04,30.315
1,TFM,2025-11-06,2026-05,29.965
1,TFM,2025-11-06,2026-06,29.975
1,TFM,2025-11-06,2026-07,29.99
1,TFM,2025-11-06,2026-08,30.08
1,TFM,2025-11-06,2026-09,30.320000000000004
1,TFM,2025-11-06,2026-10,30.605
1,TFM,2025-11-06,2026-11,31.175
1,TFM,2025-11-06,2026-12,31.6
1,TFM,2025-11-06,2027-07,27.400000000000002
1,TFM,2025-11-06,2027-10,27.8
2,TFM,2025-11-07,2025-12,31.203776433719838
2,TFM,2025-11-07,2026-01,31.447687765320563
2,TFM,2025-11-07,2026-02,31.512857142857143
2,TFM,2025-11-07,2026-03,31.185
2,TFM,2025-11-07,2026-04,30.034917313533583
1,TFM,2025-11-07,2026-05,29.615
1,TFM,2025-11-07,2026-06,29.685
1,TFM,2025-11-07,2026-07,29.825
1,TFM,2025-11-07,2026-08,29.925
1,TFM,2025-11-07,2026-09,30.15
2,TFM,2025-11-07,2026-10,30.33885253054101
2,TFM,2025-11-07,2026-11,30.982991664789367
2,TFM,2025-11-07,2026-12,31.262610319076714
1,TFM,2025-11-07,2027-01,31.535
1,TFM,2025-11-07,2027-02,31.375
1,TFM,2025-11-07,2027-03,30.65
1,TFM,2025-11-07,2027-04,27.97
1,TFM,2025-11-07,2028-11,25.5
1,TFM,2025-11-07,2028-12,26.0
2,TFM,2025-11-10,2025-12,31.009135113384133
2,TFM,2025-11-10,2026-01,31.23389385591018
2,TFM,2025-11-10,2026-02,31.32401918715135
2,TFM,2025-11-10,2026-03,31.004710627323973
2,TFM,2025-11-10,2026-04,29.875730708543088
2,TFM,2025-11-10,2026-05,29.574571823204423
2,TFM,2025-11-10,2026-06,29.559999999999995
1,TFM,2025-11-10,2026-07,29.57
2,TFM,2025-11-10,2026-08,29.69
2,TFM,2025-11-10,2026-09,29.889988547869905
1,TFM,2025-11-10,2026-10,29.94
1,TFM,2025-11-10,2026-11,30.565
1,TFM,2025-11-10,2027-03,30.51
1,TFM,2025-11-10,2027-06,26.850000000000005
2,TFM,2025-11-11,2025-12,31.107584353445596
2,TFM,2025-11-11,2026-01,31.341851035304636
2,TFM,2025-11-11,2026-02,31.388547927870924
2,TFM,2025-11-11,2026-03,31.12313991416309
2,TFM,2025-11-11,2026-04,29.98491845856487
1,TFM,2025-11-11,2026-05,29.675
1,TFM,2025-11-11,2026-06,29.7
1,TFM,2025-11-11,2026-07,29.660000000000004
1,TFM,2025-11-11,2026-08,29.75
1,TFM,2025-11-11,2026-09,29.95
1,TFM,2025-11-11,2026-10,30.175
1,TFM,2025-11-11,2026-11,30.75
2,TFM,2025-11-11,2026-12,31.149994375703034
1,TFM,2025-11-11,2027-01,31.299999999999997
1,TFM,2025-11-11,2027-03,30.450000000000003
2,TFM,2025-11-12,2025-12,30.963066775508167
2,TFM,2025-11-12,2026-01,31.142280710608663
2,TFM,2025-11-12,2026-02,31.182231913421624
2,TFM,2025-11-12,2026-03,30.870645418580906
2,TFM,2025-11-12,2026-04,29.750113800578035
2,TFM,2025-11-12,2026-05,29.411113416842742
1,TFM,2025-11-12,2026-06,29.4
2,TFM,2025-11-12,2026-07,29.445
1,TFM,2025-11-12,2026-08,29.48
1,TFM,2025-11-12,2026-09,29.745
1,TFM,2025-11-12,2026-10,30.17
2,TFM,2025-11-12,2026-11,31.04684282772821
2,TFM,2025-11-12,2026-12,31.02330496936692
1,TFM,2025-11-12,2027-01,31.2
1,TFM,2025-11-12,2027-02,31.1
1,TFM,2025-11-12,2027-09,27.0
1,TFM,2025-11-12,2027-10,27.48
2,TFM,2025-11-13,2025-12,30.53563574628866
2,TFM,2025-11-13,2026-01,30.733958752864382
2,TFM,2025-11-13,2026-02,30.75
2,TFM,2025-11-13,2026-03,30.48923378242032
2,TFM,2025-11-13,2026-04,29.449905473107098
2,TFM,2025-11-13,2026-05,29.065051692240726
1,TFM,2025-11-13,2026-06,29.1
1,TFM,2025-11-13,2026-07,29.08
1,TFM,2025-11-13,2026-08,29.26
1,TFM,2025-11-13,2026-09,29.430000000000003
1,TFM,2025-11-13,2026-10,29.59
1,TFM,2025-11-13,2026-11,30.325
1,TFM,2025-11-13,2026-12,30.75
1,TFM,2025-11-13,2027-01,30.87
1,TFM,2025-11-13,2027-02,30.7
1,TFM,2025-11-13,2027-04,27.375
1,TFM,2025-11-13,2027-06,26.575
1,TFM,2025-11-13,2027-09,26.95
2,TFM,2025-11-14,2025-12,31.070259501796357
2,TFM,2025-11-14,2026-01,31.218970881531707
2,TFM,2025-11-14,2026-02,31.238749150526672
2,TFM,2025-11-14,2026-03,30.948831625964946
2,TFM,2025-11-14,2026-04,29.795153101843347
2,TFM,2025-11-14,2026-05,29.460041653443355
1,TFM,2025-11-14,2026-06,29.430000000000003
1,TFM,2025-11-14,2026-07,29.635
1,TFM,2025-11-14,2026-08,29.710000000000004
1,TFM,2025-11-14,2026-09,29.870000000000005
2,TFM,2025-11-14,2026-10,30.025000000000002
1,TFM,2025-11-14,2026-11,30.7
1,TFM,2025-11-14,2026-12,30.9
1,TFM,2025-11-14,2027-03,30.3
1,TFM,2025-11-14,2027-04,27.575
2,TFM,2025-11-17,2025-12,31.49
2,TFM,2025-11-17,2026-01,31.65
2,TFM,2025-11-17,2026-02,31.64323146981327
2,TFM,2025-11-17,2026-03,31.275852708307152
2,TFM,2025-11-17,2026-04,30.05492983933207
2,TFM,2025-11-17,2026-05,29.669982851753414
1,TFM,2025-11-17,2026-06,29.64
2,TFM,2025-11-17,2026-07,29.605096649484533
1,TFM,2025-11-17,2026-08,29.725
1,TFM,2025-11-17,2026-09,29.925
1,TFM,2025-11-17,2026-10,30.070000000000004
1,TFM,2025-11-17,2026-11,30.55
1,TFM,2025-11-17,2026-12,30.855
1,TFM,2025-11-17,2027-02,31.0
1,TFM,2025-11-17,2027-03,30.25
1,TFM,2025-11-17,2027-04,27.6
1,TFM,2025-11-17,2027-05,26.975
1,TFM,2025-11-17,2028-11,25.24
2,TFM,2025-11-18,2025-12,31.43717257389261
2,TFM,2025-11-18,2026-01,31.598034153610698
2,TFM,2025-11-18,2026-02,31.602560841492835
2,TFM,2025-11-18,2026-03,31.255346613545818
2,TFM,2025-11-18,2026-04,30.02522130421953
2,TFM,2025-11-18,2026-05,29.59557104010877
2,TFM,2025-11-18,2026-06,29.525195103289978
2,TFM,2025-11-18,2026-07,29.604974259238077
2,TFM,2025-11-18,2026-08,29.68633765498791
2,TFM,2025-11-18,2026-09,29.87136361418744
1,TFM,2025-11-18,2026-10,30.02
1,TFM,2025-11-18,2026-11,30.465
1,TFM,2025-11-18,2026-12,30.9
2,TFM,2025-11-18,2027-01,31.25
2,TFM,2025-11-18,2027-02,31.15
2,TFM,2025-11-18,2027-03,30.302202643171807
2,TFM,2025-11-18,2027-04,27.75
1,TFM,2025-11-18,2027-06,26.9
1,TFM,2025-11-18,2027-09,26.91
1,TFM,2025-11-18,2027-11,28.0
1,TFM,2025-11-18,2027-12,28.525
2,TFM,2025-11-19,2025-12,30.858626378130253
2,TFM,2025-11-19,2026-01,31.011080034423408
2,TFM,2025-11-19,2026-02,31.052921508227403
2,TFM,2025-11-19,2026-03,30.721814433459382
2,TFM,2025-11-19,2026-04,29.564320043517217
2,TFM,2025-11-19,2026-05,29.195561186313856
1,TFM,2025-11-19,2026-06,29.209999999999997
2,TFM,2025-11-19,2026-07,29.23499440340273
1,TFM,2025-11-19,2026-08,29.33
1,TFM,2025-11-19,2026-09,29.570000000000004
2,TFM,2025-11-19,2026-10,29.560253946885325
1,TFM,2025-11-19,2026-11,30.275
1,TFM,2025-11-19,2026-12,30.415
1,TFM,2025-11-19,2027-01,30.5
1,TFM,2025-11-19,2027-03,29.8
1,TFM,2025-11-19,2027-04,27.15
1,TFM,2025-11-19,2027-06,26.4
1,TFM,2025-11-19,2027-07,26.38
1,TFM,2025-11-19,2027-09,26.555
1,TFM,2025-11-19,2027-12,27.95
2,TFM,2025-11-20,2025-12,30.69856138578722
2,TFM,2025-11-20,2026-01,30.896764311900732
2,TFM,2025-11-20,2026-02,30.834210486408615
2,TFM,2025-11-20,2026-03,30.541058668348914
2,TFM,2025-11-20,2026-04,29.38575734897923
2,TFM,2025-11-20,2026-05,29.145108508568434
1,TFM,2025-11-20,2026-06,29.16
2,TFM,2025-11-20,2026-07,29.1701786777844
2,TFM,2025-11-20,2026-08,29.260062360801783
1,TFM,2025-11-20,2026-09,29.479999999999997
2,TFM,2025-11-20,2026-10,29.915792704314278
2,TFM,2025-11-20,2026-11,30.36403470715835
1,TFM,2025-11-20,2026-12,30.45
1,TFM,2025-11-20,2027-02,30.54
1,TFM,2025-11-20,2027-03,29.915
1,TFM,2025-11-20,2027-04,27.17
1,TFM,2025-11-20,2027-06,26.35
1,TFM,2025-11-20,2027-07,26.4
1,TFM,2025-11-20,2027-09,26.5
1,TFM,2025-11-20,2027-10,27.175
1,TFM,2025-11-20,2027-12,28.0
2,TFM,2025-11-21,2025-12,30.30123979939539
2,TFM,2025-11-21,2026-01,30.45395622539266
2,TFM,2025-11-21,2026-02,30.36782479883799
2,TFM,2025-11-21,2026-03,29.99763046421999
2,TFM,2025-11-21,2026-04,28.806246304152204
2,TFM,2025-11-21,2026-05,28.403970399314847
2,TFM,2025-11-21,2026-06,28.356032978926592
2,TFM,2025-11-21,2026-07,28.404877661984596
1,TFM,2025-11-21,2026-08,28.525
2,TFM,2025-11-21,2026-09,28.719004608294927
1,TFM,2025-11-21,2026-10,29.010000000000005
2,TFM,2025-11-21,2026-11,29.590050591925525
1,TFM,2025-11-21,2026-12,29.650000000000002
1,TFM,2025-11-21,2027-01,30.03
1,TFM,2025-11-21,2027-02,29.98
1,TFM,2025-11-21,2027-03,28.875
1,TFM,2025-11-21,2027-04,26.285
1,TFM,2025-11-21,2027-06,25.45
1,TFM,2025-11-21,2027-07,25.45
1,TFM,2025-11-21,2027-09,25.75
1,TFM,2025-11-21,2027-12,27.15
1,TFM,2025-11-21,2028-05,23.5
2,TFM,2025-11-24,2025-12,29.78300186926215
2,TFM,2025-11-24,2026-01,29.977592422598683
2,TFM,2025-11-24,2026-02,29.94088350653704
2,TFM,2025-11-24,2026-03,29.609394416711094
2,TFM,2025-11-24,2026-04,28.524858432135904
2,TFM,2025-11-24,2026-05,28.184634796581697
1,TFM,2025-11-24,2026-06,28.18
2,TFM,2025-11-24,2026-07,28.2295455004545
1,TFM,2025-11-24,2026-08,28.33
2,TFM,2025-11-24,2026-09,28.479926836406204
1,TFM,2025-11-24,2026-10,28.45
1,TFM,2025-11-24,2026-11,29.1
1,TFM,2025-11-24,2026-12,29.35
1,TFM,2025-11-24,2027-01,29.51
1,TFM,2025-11-24,2027-02,29.375
1,TFM,2025-11-24,2027-03,28.7
1,TFM,2025-11-24,2027-04,26.15
1,TFM,2025-11-24,2027-06,25.424999999999997
1,TFM,2025-11-24,2027-07,25.395000000000003
1,TFM,2025-11-24,2027-09,25.61
1,TFM,2025-11-24,2027-12,27.1
1,TFM,2025-11-24,2028-09,23.6
2,TFM,2025-11-25,2025-12,29.353214196842487
2,TFM,2025-11-25,2026-01,29.510628090338102
2,TFM,2025-11-25,2026-02,29.485
2,TFM,2025-11-25,2026-03,29.213929371778594
2,TFM,2025-11-25,2026-04,28.17925978563392
2,TFM,2025-11-25,2026-05,27.809541551448113
2,TFM,2025-11-25,2026-06,27.80743060334939
2,TFM,2025-11-25,2026-07,27.929883912160204
2,TFM,2025-11-25,2026-08,27.905021578594038
2,TFM,2025-11-25,2026-09,28.134928630249792
1,TFM,2025-11-25,2026-10,28.265
1,TFM,2025-11-25,2026-11,28.825
1,TFM,2025-11-25,2026-12,29.1
1,TFM,2025-11-25,2027-01,29.175
2,TFM,2025-11-25,2027-02,29.63
2,TFM,2025-11-25,2027-03,28.663697749196142
1,TFM,2025-11-25,2027-05,25.45
1,TFM,2025-11-25,2027-06,25.25
1,TFM,2025-11-25,2027-08,25.35
1,TFM,2025-11-25,2027-09,25.45
1,TFM,2025-11-25,2027-11,26.45
1,TFM,2025-11-25,2027-12,26.9
1,TFM,2025-11-25,2028-09,23.42
2,TFM,2025-11-26,2025-12,29.22328515625
2,TFM,2025-11-26,2026-01,29.306481738927072
2,TFM,2025-11-26,2026-02,29.375984928074995
2,TFM,2025-11-26,2026-03,29.023371784071024
2,TFM,2025-11-26,2026-04,28.049761635575653
2,TFM,2025-11-26,2026-05,27.665606023999356
1,TFM,2025-11-26,2026-06,27.659999999999997
2,TFM,2025-11-26,2026-07,27.770065023956196
1,TFM,2025-11-26,2026-08,27.875
1,TFM,2025-11-26,2026-09,28.1
1,TFM,2025-11-26,2026-10,28.22
2,TFM,2025-11-26,2026-11,28.7900964290158
2,TFM,2025-11-26,2026-12,29.173791832789657
1,TFM,2025-11-26,2027-01,29.375
1,TFM,2025-11-26,2027-02,29.3
1,TFM,2025-11-26,2027-03,28.575
1,TFM,2025-11-26,2027-04,25.925
1,TFM,2025-11-26,2027-05,25.3
1,TFM,2025-11-26,2027-06,25.345
1,TFM,2025-11-26,2027-08,25.25
1,TFM,2025-11-26,2027-09,25.5
1,TFM,2025-11-26,2027-11,26.45
1,TFM,2025-11-26,2027-12,26.85
2,TFM,2025-11-27,2025-12,29.0
2,TFM,2025-11-27,2026-01,29.160327261098214
2,TFM,2025-11-27,2026-02,29.204000726605226
2,TFM,2025-11-27,2026-03,28.88565778050151
2,TFM,2025-11-27,2026-04,27.989792885249386
2,TFM,2025-11-27,2026-05,27.6149810422717
2,TFM,2025-11-27,2026-06,27.64078444864958
2,TFM,2025-11-27,2026-07,27.68992734394744
2,TFM,2025-11-27,2026-08,27.79480036063885
1,TFM,2025-11-27,2026-09,27.899999999999995
2,TFM,2025-11-27,2026-10,28.075
1,TFM,2025-11-27,2026-12,29.1
1,TFM,2025-11-27,2027-04,26.0
1,TFM,2025-11-27,2027-09,25.5
2,TFM,2025-11-28,2026-01,28.65310962893008
2,TFM,2025-11-28,2026-02,28.680649539909233
2,TFM,2025-11-28,2026-03,28.37098600688371
2,TFM,2025-11-28,2026-04,27.525
2,TFM,2025-11-28,2026-05,27.184999999999995
2,TFM,2025-11-28,2026-06,27.205600246254875
2,TFM,2025-11-28,2026-07,27.201796714579054
1,TFM,2025-11-28,2026-08,27.32
1,TFM,2025-11-28,2026-09,27.625
1,TFM,2025-11-28,2026-10,27.849999999999998
1,TFM,2025-11-28,2026-11,28.585
2,TFM,2025-11-28,2026-12,28.847011853803096
1,TFM,2025-11-28,2027-01,29.15
1,TFM,2025-11-28,2027-02,28.93
1,TFM,2025-11-28,2027-03,28.55
1,TFM,2025-11-28,2027-04,25.979999999999997
1,TFM,2025-11-28,2027-05,25.445
1,TFM,2025-11-28,2027-09,25.44
2,TFM,2025-12-01,2026-01,28.228041476797173
2,TFM,2025-12-01,2026-02,28.290966583240635
2,TFM,2025-12-01,2026-03,28.005163778907423
2,TFM,2025-12-01,2026-04,27.219159017486284
1,TFM,2025-12-01,2026-05,26.9
2,TFM,2025-12-01,2026-06,26.900201981414643
2,TFM,2025-12-01,2026-07,26.995
2,TFM,2025-12-01,2026-08,27.085
2,TFM,2025-12-01,2026-09,27.305039425267218
2,TFM,2025-12-01,2026-10,27.46995349702381
1,TFM,2025-12-01,2026-11,28.02
2,TFM,2025-12-01,2026-12,28.374942490962866
1,TFM,2025-12-01,2027-01,28.275
1,TFM,2025-12-01,2027-02,28.25
1,TFM,2025-12-01,2027-03,27.56
1,TFM,2025-12-01,2028-01,26.65
2,TFM,2025-12-02,2026-01,27.972509614328093
2,TFM,2025-12-02,2026-02,28.065395261212956
2,TFM,2025-12-02,2026-03,27.77922830981119
2,TFM,2025-12-02,2026-04,27.01547658862876
2,TFM,2025-12-02,2026-05,26.77837384837385
2,TFM,2025-12-02,2026-06,26.78959165724337
2,TFM,2025-12-02,2026-07,26.89477748193229
2,TFM,2025-12-02,2026-08,26.9887881508079
2,TFM,2025-12-02,2026-09,27.23984683739927
2,TFM,2025-12-02,2026-10,27.386004903584915
1,TFM,2025-12-02,2026-11,27.92
2,TFM,2025-12-02,2026-12,28.095071035082633
1,TFM,2025-12-02,2027-01,28.200000000000003
1,TFM,2025-12-02,2027-02,28.21
1,TFM,2025-12-02,2027-03,27.415
1,TFM,2025-12-02,2027-04,25.35
1,TFM,2025-12-02,2027-05,24.77
1,TFM,2025-12-02,2027-06,24.42
1,TFM,2025-12-02,2027-08,24.8
1,TFM,2025-12-02,2027-09,24.900000000000002
2,TFM,2025-12-03,2026-01,28.07628188240929
2,TFM,2025-12-03,2026-02,28.155744096831803
2,TFM,2025-12-03,2026-03,27.905865567680525
2,TFM,2025-12-03,2026-04,27.180359773856434
2,TFM,2025-12-03,2026-05,27.00013892319091
1,TFM,2025-12-03,2026-06,27.02
1,TFM,2025-12-03,2026-07,27.075
2,TFM,2025-12-03,2026-08,27.169925625981328
1,TFM,2025-12-03,2026-09,27.439999999999998
2,TFM,2025-12-03,2026-10,27.59999494234271
2,TFM,2025-12-03,2026-11,28.044929551005072
2,TFM,2025-12-03,2026-12,28.325027053349203
1,TFM,2025-12-03,2027-01,28.45
2,TFM,2025-12-03,2027-02,28.393333333333334
2,TFM,2025-12-03,2027-03,27.839346926713947
1,TFM,2025-12-03,2027-05,24.91
1,TFM,2025-12-03,2027-06,24.75
1,TFM,2025-12-03,2027-09,25.05
2,TFM,2025-12-04,2026-01,27.075000000000003
2,TFM,2025-12-04,2026-02,27.189245206717732
2,TFM,2025-12-04,2026-03,27.017408816753385
2,TFM,2025-12-04,2026-04,26.420083071477592
2,TFM,2025-12-04,2026-05,26.16730274056894
2,TFM,2025-12-04,2026-06,26.17082328206263
2,TFM,2025-12-04,2026-07,26.234992618836728
2,TFM,2025-12-04,2026-08,26.325380430647492
2,TFM,2025-12-04,2026-09,26.555126641338397
2,TFM,2025-12-04,2026-10,26.775566600397614
2,TFM,2025-12-04,2026-11,27.27599475458974
2,TFM,2025-12-04,2026-12,27.550077087794435
1,TFM,2025-12-04,2027-03,27.100000000000005
1,TFM,2025-12-04,2027-09,24.85
1,TFM,2025-12-04,2028-02,26.67
2,TFM,2025-12-05,2026-01,27.30039148149704
2,TFM,2025-12-05,2026-02,27.38177755224778
2,TFM,2025-12-05,2026-03,27.231251863817096
2,TFM,2025-12-05,2026-04,26.605074677915862
2,TFM,2025-12-05,2026-05,26.349404636828464
2,TFM,2025-12-05,2026-06,26.32170941883767
2,TFM,2025-12-05,2026-07,26.375038063337396
2,TFM,2025-12-05,2026-08,26.480026167050447
2,TFM,2025-12-05,2026-09,26.734981398809524
2,TFM,2025-12-05,2026-10,26.88999709673673
1,TFM,2025-12-05,2026-11,27.395
1,TFM,2025-12-05,2026-12,27.75
1,TFM,2025-12-05,2027-01,27.88
1,TFM,2025-12-05,2027-03,27.23
1,TFM,2025-12-05,2027-04,25.125
1,TFM,2025-12-05,2027-05,24.45
1,TFM,2025-12-05,2027-06,24.38
2,TFM,2025-12-08,2026-01,26.743701186293976
2,TFM,2025-12-08,2026-02,26.809639582934235
2,TFM,2025-12-08,2026-03,26.60774595296628
2,TFM,2025-12-08,2026-04,26.03454057024238
2,TFM,2025-12-08,2026-05,25.775
2,TFM,2025-12-08,2026-06,25.81
2,TFM,2025-12-08,2026-07,25.89049940810891
2,TFM,2025-12-08,2026-08,25.950411671240794
2,TFM,2025-12-08,2026-09,26.191990395551628
2,TFM,2025-12-08,2026-10,26.32510722641019
2,TFM,2025-12-08,2026-11,26.83012224938875
2,TFM,2025-12-08,2026-12,27.13011397634991
1,TFM,2025-12-08,2027-01,27.475
1,TFM,2025-12-08,2027-04,24.8
1,TFM,2025-12-08,2027-07,24.27
1,TFM,2025-12-08,2027-09,24.42
2,TFM,2025-12-09,2026-01,27.379467700795846
2,TFM,2025-12-09,2026-02,27.33956317508164
2,TFM,2025-12-09,2026-03,27.10762338158712
2,TFM,2025-12-09,2026-04,26.487577683615818
2,TFM,2025-12-09,2026-05,26.177142483887827
2,TFM,2025-12-09,2026-06,26.190914913083258
2,TFM,2025-12-09,2026-07,26.226211483155296
1,TFM,2025-12-09,2026-08,26.33
1,TFM,2025-12-09,2026-09,26.54
1,TFM,2025-12-09,2026-10,26.75
2,TFM,2025-12-09,2026-11,27.202352941176468
2,TFM,2025-12-09,2026-12,27.55963076923077
2,TFM,2025-12-09,2027-01,27.74811636668062
1,TFM,2025-12-09,2027-02,27.65
1,TFM,2025-12-09,2027-03,27.15
1,TFM,2025-12-09,2027-07,24.31
1,TFM,2025-12-09,2027-09,24.35
1,TFM,2025-12-09,2027-10,24.85
1,TFM,2025-12-09,2027-11,25.4
2,TFM,2025-12-10,2026-01,26.81701708937005
2,TFM,2025-12-10,2026-02,26.775437379099372
2,TFM,2025-12-10,2026-03,26.59681280473184
2,TFM,2025-12-10,2026-04,25.929674698795182
2,TFM,2025-12-10,2026-05,25.629584100766444
1,TFM,2025-12-10,2026-06,25.575
1,TFM,2025-12-10,2026-07,25.64
1,TFM,2025-12-10,2026-08,25.765
2,TFM,2025-12-10,2026-09,25.994953250638908
1,TFM,2025-12-10,2026-10,26.004999999999995
2,TFM,2025-12-10,2026-11,26.594973744092425
2,TFM,2025-12-10,2026-12,26.869989558316803
1,TFM,2025-12-10,2027-01,26.9
1,TFM,2025-12-10,2027-02,26.955
1,TFM,2025-12-10,2027-03,26.565
1,TFM,2025-12-10,2027-04,24.25
1,TFM,2025-12-10,2027-10,24.3
1,TFM,2025-12-10,2028-09,22.96
2,TFM,2025-12-11,2026-01,26.897976568926037
2,TFM,2025-12-11,2026-02,26.780805365438006
2,TFM,2025-12-11,2026-03,26.584627236580516
2,TFM,2025-12-11,2026-04,25.954565406345065
2,TFM,2025-12-11,2026-05,25.669751318014523
2,TFM,2025-12-11,2026-06,25.70870450015735
1,TFM,2025-12-11,2026-07,25.74
1,TFM,2025-12-11,2026-08,25.83
2,TFM,2025-12-11,2026-09,26.07990464081373
2,TFM,2025-12-11,2026-10,26.15000892857143
1,TFM,2025-12-11,2026-11,26.65
2,TFM,2025-12-11,2026-12,26.94974515800204
1,TFM,2025-12-11,2027-03,26.435
2,TFM,2025-12-11,2027-04,24.28006215040398
1,TFM,2025-12-11,2027-05,23.74
1,TFM,2025-12-11,2027-12,25.700000000000003
2,TFM,2025-12-12,2026-01,27.544631443298968
2,TFM,2025-12-12,2026-02,27.36957684578064
2,TFM,2025-12-12,2026-03,27.13376431821748
2,TFM,2025-12-12,2026-04,26.450000000000003
2,TFM,2025-12-12,2026-05,26.04998777306815
2,TFM,2025-12-12,2026-06,26.06461752433936
2,TFM,2025-12-12,2026-07,26.10349264322237
2,TFM,2025-12-12,2026-08,26.198404369903063
2,TFM,2025-12-12,2026-09,26.461767693315856
1,TFM,2025-12-12,2026-10,26.575
1,TFM,2025-12-12,2026-11,27.065
1,TFM,2025-12-12,2026-12,27.385000000000005
1,TFM,2025-12-12,2027-01,27.53
1,TFM,2025-12-12,2027-04,24.545
1,TFM,2025-12-12,2027-10,24.25
1,TFM,2025-12-12,2027-11,24.75
1,TFM,2025-12-12,2027-12,25.56
2,TFM,2025-12-15,2026-01,27.045463259825105
2,TFM,2025-12-15,2026-02,26.777110236092092
2,TFM,2025-12-15,2026-03,26.554309013944223
2,TFM,2025-12-15,2026-04,25.87486471090857
2,TFM,2025-12-15,2026-05,25.569520826709063
2,TFM,2025-12-15,2026-06,25.659786649426216
1,TFM,2025-12-15,2026-07,25.65
1,TFM,2025-12-15,2026-08,25.74
1,TFM,2025-12-15,2026-09,26.005
1,TFM,2025-12-15,2026-10,26.2
1,TFM,2025-12-15,2026-11,26.935000000000002
1,TFM,2025-12-15,2026-12,27.195
1,TFM,2025-12-15,2027-02,27.475
1,TFM,2025-12-15,2027-08,23.95
1,TFM,2025-12-15,2028-09,22.6
2,TFM,2025-12-16,2026-01,26.901034482758618
2,TFM,2025-12-16,2026-02,26.714736612463817
2,TFM,2025-12-16,2026-03,26.474276050378826
2,TFM,2025-12-16,2026-04,25.761596573208728
2,TFM,2025-12-16,2026-05,25.45457182748991
1,TFM,2025-12-16,2026-06,25.415
1,TFM,2025-12-16,2026-07,25.46
1,TFM,2025-12-16,2026-08,25.56
2,TFM,2025-12-16,2026-09,25.825051605504587
2,TFM,2025-12-16,2026-10,25.800115640358488
1,TFM,2025-12-16,2026-11,26.280000000000005
2,TFM,2025-12-16,2026-12,26.54780454593066
2,TFM,2025-12-16,2027-01,26.870518518518523
1,TFM,2025-12-16,2027-02,26.79
1,TFM,2025-12-16,2027-03,26.19
1,TFM,2025-12-16,2027-04,24.15
1,TFM,2025-12-16,2028-01,25.6
2,TFM,2025-12-17,2026-01,27.34328340678237
2,TFM,2025-12-17,2026-02,27.089480017189516
2,TFM,2025-12-17,2026-03,26.840000000000003
2,TFM,2025-12-17,2026-04,26.098966961377386
2,TFM,2025-12-17,2026-05,25.730096511788226
2,TFM,2025-12-17,2026-06,25.73002526893365
2,TFM,2025-12-17,2026-07,25.75
1,TFM,2025-12-17,2026-08,25.85
1,TFM,2025-12-17,2026-09,26.105
2,TFM,2025-12-17,2026-10,26.200060702875398
1,TFM,2025-12-17,2026-11,26.685
1,TFM,2025-12-17,2026-12,26.95
1,TFM,2025-12-17,2027-01,27.17
1,TFM,2025-12-17,2027-03,26.55
2,TFM,2025-12-17,2027-04,24.24623820754717
1,TFM,2025-12-17,2027-06,23.56
1,TFM,2025-12-17,2027-07,23.56
2,TFM,2025-12-17,2027-08,23.729056603773586
1,TFM,2025-12-17,2027-09,23.95
1,TFM,2025-12-17,2027-12,25.5
1,TFM,2025-12-17,2028-03,25.155000000000005
2,TFM,2025-12-18,2026-01,27.93417702265037
2,TFM,2025-12-18,2026-02,27.678557978134602
2,TFM,2025-12-18,2026-03,27.36958154412409
2,TFM,2025-12-18,2026-04,26.55456038021171
2,TFM,2025-12-18,2026-05,26.18344713423032
2,TFM,2025-12-18,2026-06,26.145177789934355
2,TFM,2025-12-18,2026-07,26.175430899404574
2,TFM,2025-12-18,2026-08,26.29017486338798
2,TFM,2025-12-18,2026-09,26.509104888684874
2,TFM,2025-12-18,2026-10,26.625
2,TFM,2025-12-18,2026-11,27.064217109031894
2,TFM,2025-12-18,2026-12,27.299519600566764
1,TFM,2025-12-18,2027-01,27.47
1,TFM,2025-12-18,2027-02,26.85
1,TFM,2025-12-18,2027-04,24.745
1,TFM,2025-12-18,2027-05,24.1
1,TFM,2025-12-18,2027-06,23.97
1,TFM,2025-12-18,2027-10,24.24
2,TFM,2025-12-19,2026-01,28.225634518195495
2,TFM,2025-12-19,2026-02,27.959595382948578
2,TFM,2025-12-19,2026-03,27.655
2,TFM,2025-12-19,2026-04,26.840088795608654
2,TFM,2025-12-19,2026-05,26.470065217391305
2,TFM,2025-12-19,2026-06,26.43995786516854
2,TFM,2025-12-19,2026-07,26.479808047774775
1,TFM,2025-12-19,2026-08,26.61
1,TFM,2025-12-19,2026-09,26.765
1,TFM,2025-12-19,2026-10,26.91
1,TFM,2025-12-19,2026-11,27.305
1,TFM,2025-12-19,2026-12,27.55
1,TFM,2025-12-19,2027-01,27.325
1,TFM,2025-12-19,2027-02,27.61
1,TFM,2025-12-19,2027-03,26.900000000000002
1,TFM,2025-12-19,2027-08,23.88
1,TFM,2025-12-19,2027-10,24.55
1,TFM,2025-12-19,2027-12,25.85
1,TFM,2025-12-19,2028-04,23.4
2,TFM,2025-12-22,2026-01,27.795336698434227
2,TFM,2025-12-22,2026-02,27.57898246712586
2,TFM,2025-12-22,2026-03,27.310003756574005
2,TFM,2025-12-22,2026-04,26.699297672285287
2,TFM,2025-12-22,2026-05,26.33503814602133
2,TFM,2025-12-22,2026-06,26.320069887306722
2,TFM,2025-12-22,2026-07,26.37496359665089
1,TFM,2025-12-22,2026-08,26.48
1,TFM,2025-12-22,2026-09,26.72
2,TFM,2025-12-22,2026-10,26.819922199170122
2,TFM,2025-12-22,2026-11,27.144930672268906
2,TFM,2025-12-22,2026-12,27.469696838458205
2,TFM,2025-12-22,2027-01,27.60004953437686
1,TFM,2025-12-22,2027-02,27.51
1,TFM,2025-12-22,2027-03,26.96
1,TFM,2025-12-22,2027-04,24.925
2,TFM,2025-12-23,2026-01,27.72478942104678
2,TFM,2025-12-23,2026-02,27.52758078915903
2,TFM,2025-12-23,2026-03,27.23343280733011
2,TFM,2025-12-23,2026-04,26.645088427947602
2,TFM,2025-12-23,2026-05,26.31494707594602
2,TFM,2025-12-23,2026-06,26.33493907392364
1,TFM,2025-12-23,2026-07,26.38
2,TFM,2025-12-23,2026-08,26.50996854215352
1,TFM,2025-12-23,2026-09,26.754999999999995
1,TFM,2025-12-23,2026-10,26.7
2,TFM,2025-12-23,2026-11,27.264999999999997
2,TFM,2025-12-23,2026-12,27.439787699433865
2,TFM,2025-12-23,2027-01,27.514858978376683
1,TFM,2025-12-23,2027-07,23.8
2,TFM,2025-12-24,2026-01,28.137206126954368
2,TFM,2025-12-24,2026-02,27.89574990597969
2,TFM,2025-12-24,2026-03,27.58718060836502
2,TFM,2025-12-24,2026-04,26.944482401656316
1,TFM,2025-12-24,2026-05,26.585
1,TFM,2025-12-24,2026-06,26.58
1,TFM,2025-12-24,2026-07,26.62
1,TFM,2025-12-24,2026-08,26.7
2,TFM,2025-12-24,2026-09,26.920106524633823
1,TFM,2025-12-24,2026-10,27.144999999999996
1,TFM,2025-12-24,2026-11,27.385
1,TFM,2025-12-24,2026-12,27.65
1,TFM,2025-12-24,2027-01,28.015000000000004
1,TFM,2025-12-24,2027-02,27.95
1,TFM,2025-12-24,2027-03,27.255000000000003
1,TFM,2025-12-24,2027-04,25.105
1,TFM,2025-12-24,2027-05,24.4
1,TFM,2025-12-24,2027-06,24.27
1,TFM,2025-12-24,2027-07,24.159999999999997
1,TFM,2025-12-24,2027-08,24.415
1,TFM,2025-12-24,2027-09,24.605
1,TFM,2025-12-24,2027-10,25.075
1,TFM,2025-12-24,2027-11,25.66
1,TFM,2025-12-24,2027-12,26.425
2,TFM,2025-12-29,2026-01,28.65383396592815
2,TFM,2025-12-29,2026-02,28.427169152
2,TFM,2025-12-29,2026-03,28.080420161157704
2,TFM,2025-12-29,2026-04,27.37
2,TFM,2025-12-29,2026-05,26.999930201639707
2,TFM,2025-12-29,2026-06,26.999794908062235
1,TFM,2025-12-29,2026-07,26.905
1,TFM,2025-12-29,2026-08,27.020000000000003
1,TFM,2025-12-29,2026-09,27.21
2,TFM,2025-12-29,2026-10,27.29500582750583
1,TFM,2025-12-29,2026-11,27.73
1,TFM,2025-12-29,2026-12,27.95
1,TFM,2025-12-29,2027-01,27.89
1,TFM,2025-12-29,2027-02,28.1
1,TFM,2025-12-29,2027-04,25.17
1,TFM,2025-12-29,2027-10,24.78
1,TFM,2025-12-29,2028-01,26.5
2,TFM,2025-12-30,2026-01,27.610310067827335
2,TFM,2025-12-30,2026-02,27.400264789396026
2,TFM,2025-12-30,2026-03,27.125286299716507
2,TFM,2025-12-30,2026-04,26.574675059265918
2,TFM,2025-12-30,2026-05,26.270895050895046
2,TFM,2025-12-30,2026-06,26.295142139675928
1,TFM,2025-12-30,2026-07,26.355
2,TFM,2025-12-30,2026-08,26.389510583629026
2,TFM,2025-12-30,2026-09,26.66305236564079
1,TFM,2025-12-30,2026-10,26.825
1,TFM,2025-12-30,2026-11,27.26
2,TFM,2025-12-30,2026-12,27.52492581602374
1,TFM,2025-12-30,2027-01,27.575
1,TFM,2025-12-30,2027-09,24.55
2,TFM,2025-12-31,2026-02,28.418582757181486
2,TFM,2025-12-31,2026-03,28.01132468419256
2,TFM,2025-12-31,2026-04,27.318997772828506
2,TFM,2025-12-31,2026-05,26.91489203454894
1,TFM,2025-12-31,2026-06,26.965
1,TFM,2025-12-31,2026-07,26.97
1,TFM,2025-12-31,2026-08,27.025
1,TFM,2025-12-31,2026-09,27.19
2,TFM,2025-12-31,2026-10,27.324538461538463
1,TFM,2025-12-31,2026-11,27.48
2,TFM,2025-12-31,2026-12,27.819527210046786
1,TFM,2025-12-31,2027-03,27.145
2,TFM,2026-01-02,2026-02,28.795796761469795
2,TFM,2026-01-02,2026-03,28.40252060466388
2,TFM,2026-01-02,2026-04,27.62026600461075
2,TFM,2026-01-02,2026-05,27.1807434346035
2,TFM,2026-01-02,2026-06,27.174882847702012
2,TFM,2026-01-02,2026-07,27.174862364954862
2,TFM,2026-01-02,2026-08,27.209921024291017
2,TFM,2026-01-02,2026-09,27.42990367016665
2,TFM,2026-01-02,2026-10,27.67772359657469
2,TFM,2026-01-02,2026-11,27.92958493466564
2,TFM,2026-01-02,2026-12,28.219667705088266
2,TFM,2026-01-02,2027-01,28.32464686998395
2,TFM,2026-01-02,2027-02,28.14988510149368
2,TFM,2026-01-02,2027-03,27.30018114726602
2,TFM,2026-01-05,2026-02,27.55
2,TFM,2026-01-05,2026-03,27.273460406670022
2,TFM,2026-01-05,2026-04,26.674999999999997
2,TFM,2026-01-05,2026-05,26.30493777329297
2,TFM,2026-01-05,2026-06,26.29999406307978
1,TFM,2026-01-05,2026-07,26.28
1,TFM,2026-01-05,2026-08,26.345
2,TFM,2026-01-05,2026-09,26.605
1,TFM,2026-01-05,2026-10,26.705000000000002
2,TFM,2026-01-05,2026-11,27.00292857913475
2,TFM,2026-01-05,2026-12,27.284971463266547
2,TFM,2026-01-05,2027-01,27.452236751548522
1,TFM,2026-01-05,2027-04,24.6
1,TFM,2026-01-05,2027-06,23.65
1,TFM,2026-01-05,2027-07,23.8
1,TFM,2026-01-05,2027-12,25.5
2,TFM,2026-01-06,2026-02,28.128216732117114
2,TFM,2026-01-06,2026-03,27.791202791121417
2,TFM,2026-01-06,2026-04,27.01
2,TFM,2026-01-06,2026-05,26.549999999999997
2,TFM,2026-01-06,2026-06,26.454708326674123
1,TFM,2026-01-06,2026-07,26.535
1,TFM,2026-01-06,2026-08,26.615
2,TFM,2026-01-06,2026-09,26.865007025103033
2,TFM,2026-01-06,2026-10,26.966841593780366
2,TFM,2026-01-06,2026-11,27.375655125594022
1,TFM,2026-01-06,2026-12,27.585
2,TFM,2026-01-06,2027-01,27.7528844361603
1,TFM,2026-01-06,2027-02,27.69
1,TFM,2026-01-06,2027-03,27.025
1,TFM,2026-01-06,2027-04,24.95
1,TFM,2026-01-06,2027-07,23.94
1,TFM,2026-01-06,2027-09,24.26
1,TFM,2026-01-06,2027-10,24.56
1,TFM,2026-01-06,2027-11,25.225
2,TFM,2026-01-06,2027-12,25.848518762343648
1,TFM,2026-01-06,2028-03,25.105
2,TFM,2026-01-07,2026-02,28.357246850347344
2,TFM,2026-01-07,2026-03,27.918284008413057
2,TFM,2026-01-07,2026-04,26.906990671025085
2,TFM,2026-01-07,2026-05,26.410475998153704
2,TFM,2026-01-07,2026-06,26.335351100525624
2,TFM,2026-01-07,2026-07,26.377155907429966
1,TFM,2026-01-07,2026-08,26.475
2,TFM,2026-01-07,2026-09,26.72003204496155
2,TFM,2026-01-07,2026-10,26.70024674980101
1,TFM,2026-01-07,2026-11,27.025
2,TFM,2026-01-07,2026-12,27.277261733371727
2,TFM,2026-01-07,2027-01,27.7250641756988
2,TFM,2026-01-07,2027-02,27.6
2,TFM,2026-01-07,2027-03,26.92
1,TFM,2026-01-07,2027-04,25.035000000000004
1,TFM,2026-01-07,2027-05,24.225
1,TFM,2026-01-07,2027-06,24.02
1,TFM,2026-01-07,2027-07,24.03
1,TFM,2026-01-07,2027-08,24.115
1,TFM,2026-01-07,2027-09,24.315
1,TFM,2026-01-07,2027-10,24.67
1,TFM,2026-01-07,2027-11,25.27
1,TFM,2026-01-07,2027-12,25.94
2,TFM,2026-01-08,2026-02,27.661605620591672
2,TFM,2026-01-08,2026-03,27.301107945432936
2,TFM,2026-01-08,2026-04,26.534766321541557
2,TFM,2026-01-08,2026-05,26.11070404307087
2,TFM,2026-01-08,2026-06,26.124513253963034
1,TFM,2026-01-08,2026-07,26.07
1,TFM,2026-01-08,2026-08,26.13
2,TFM,2026-01-08,2026-09,26.380035219894644
2,TFM,2026-01-08,2026-10,26.416685192407694
1,TFM,2026-01-08,2026-11,26.79
2,TFM,2026-01-08,2026-12,26.992050507230733
1,TFM,2026-01-08,2027-01,27.13
2,TFM,2026-01-08,2027-02,27.118233735649103
2,TFM,2026-01-08,2027-03,26.474011568311617
2,TFM,2026-01-08,2027-04,24.35385653682993
2,TFM,2026-01-08,2027-05,23.633992155764112
1,TFM,2026-01-08,2027-06,23.58
1,TFM,2026-01-08,2027-07,23.619999999999997
1,TFM,2026-01-08,2027-08,23.704999999999995
1,TFM,2026-01-08,2027-09,23.900000000000002
1,TFM,2026-01-08,2027-10,23.949999999999996
1,TFM,2026-01-08,2027-11,24.73
1,TFM,2026-01-08,2027-12,25.44
1,TFM,2026-01-08,2029-05,21.5
2,TFM,2026-01-09,2026-02,28.50803653166716
2,TFM,2026-01-09,2026-03,28.028515995543533
2,TFM,2026-01-09,2026-04,27.1044692020532
2,TFM,2026-01-09,2026-05,26.599393959575107
2,TFM,2026-01-09,2026-06,26.534811600822103
2,TFM,2026-01-09,2026-07,26.470364690176158
2,TFM,2026-01-09,2026-08,26.510446387054778
2,TFM,2026-01-09,2026-09,26.745007841292246
2,TFM,2026-01-09,2026-10,26.783726977248104
2,TFM,2026-01-09,2026-11,26.96230938014262
2,TFM,2026-01-09,2026-12,27.08649283463162
1,TFM,2026-01-09,2027-01,27.175
1,TFM,2026-01-09,2027-02,27.069999999999997
1,TFM,2026-01-09,2027-04,24.45
1,TFM,2026-01-09,2027-10,24.1
1,TFM,2026-01-09,2029-05,21.5
2,TFM,2026-01-12,2026-02,30.59146972923363
2,TFM,2026-01-12,2026-03,29.80098603418118
2,TFM,2026-01-12,2026-04,28.011096261355696
2,TFM,2026-01-12,2026-05,27.329912954846602
2,TFM,2026-01-12,2026-06,27.209854106628242
2,TFM,2026-01-12,2026-07,27.079985836840404
2,TFM,2026-01-12,2026-08,27.09425355261057
2,TFM,2026-01-12,2026-09,27.329887483926274
2,TFM,2026-01-12,2026-10,27.308384812050857
1,TFM,2026-01-12,2026-11,27.525
2,TFM,2026-01-12,2026-12,27.54415713988776
1,TFM,2026-01-12,2027-01,27.69
1,TFM,2026-01-12,2027-09,24.06
2,TFM,2026-01-12,2027-12,25.550227213710727
1,TFM,2026-01-12,2028-02,25.75
1,TFM,2026-01-12,2028-05,22.67
2,TFM,2026-01-13,2026-02,31.134007773426895
2,TFM,2026-01-13,2026-03,30.290195036496353
2,TFM,2026-01-13,2026-04,28.0
2,TFM,2026-01-13,2026-05,27.190528298082913
2,TFM,2026-01-13,2026-06,27.01090797532198
2,TFM,2026-01-13,2026-07,26.911788447296964
2,TFM,2026-01-13,2026-08,26.88864481897628
2,TFM,2026-01-13,2026-09,27.13002120986194
2,TFM,2026-01-13,2026-10,27.21617671345995
2,TFM,2026-01-13,2026-11,27.44980684326711
2,TFM,2026-01-13,2026-12,27.714440169295884
1,TFM,2026-01-13,2027-01,27.9
1,TFM,2026-01-13,2027-02,27.85
1,TFM,2026-01-13,2027-03,27.2
1,TFM,2026-01-13,2027-04,24.85
1,TFM,2026-01-13,2027-05,24.0
1,TFM,2026-01-13,2027-07,23.97
1,TFM,2026-01-13,2027-09,24.24
1,TFM,2026-01-13,2027-10,24.45
1,TFM,2026-01-13,2027-11,25.22
1,TFM,2026-01-13,2027-12,25.71
2,TFM,2026-01-14,2026-02,32.19993884849533
2,TFM,2026-01-14,2026-03,31.27702073215311
2,TFM,2026-01-14,2026-04,28.315
2,TFM,2026-01-14,2026-05,27.39418903036239
2,TFM,2026-01-14,2026-06,27.19780982905983
2,TFM,2026-01-14,2026-07,27.014318758815232
2,TFM,2026-01-14,2026-08,26.986094061379035
2,TFM,2026-01-14,2026-09,27.214945858529042
2,TFM,2026-01-14,2026-10,27.195
2,TFM,2026-01-14,2026-11,27.284991964429206
2,TFM,2026-01-14,2026-12,27.519568652919848
1,TFM,2026-01-14,2027-01,27.75
1,TFM,2026-01-14,2027-02,27.51
1,TFM,2026-01-14,2027-06,23.850000000000005
1,TFM,2026-01-14,2027-07,23.599999999999998
2,TFM,2026-01-15,2026-02,33.80038724303875
2,TFM,2026-01-15,2026-03,32.719420333839146
2,TFM,2026-01-15,2026-04,29.701301128579814
2,TFM,2026-01-15,2026-05,28.53482179660019
2,TFM,2026-01-15,2026-06,28.269650763066277
2,TFM,2026-01-15,2026-07,28.12938277134769
2,TFM,2026-01-15,2026-08,28.02996960169536
1,TFM,2026-01-15,2026-09,28.285
2,TFM,2026-01-15,2026-10,27.999917108467027
2,TFM,2026-01-15,2026-11,27.650009603933768
1,TFM,2026-01-15,2026-12,27.974999999999998
1,TFM,2026-01-15,2027-01,28.15
1,TFM,2026-01-15,2027-02,27.9
1,TFM,2026-01-15,2027-03,27.19
1,TFM,2026-01-15,2027-04,24.55
1,TFM,2026-01-15,2027-05,23.76
1,TFM,2026-01-15,2027-08,23.725
1,TFM,2026-01-15,2027-11,24.65
2,TFM,2026-01-16,2026-02,37.64123944256757
2,TFM,2026-01-16,2026-03,36.284890691203444
2,TFM,2026-01-16,2026-04,32.3550455322835
2,TFM,2026-01-16,2026-05,30.594626764649004
2,TFM,2026-01-16,2026-06,30.274864043774546
2,TFM,2026-01-16,2026-07,29.97
2,TFM,2026-01-16,2026-08,29.934401553860155
2,TFM,2026-01-16,2026-09,30.21172483348211
2,TFM,2026-01-16,2026-10,29.79503525873691
2,TFM,2026-01-16,2026-11,29.694751088985686
2,TFM,2026-01-16,2026-12,29.784264999999994
2,TFM,2026-01-16,2027-01,30.019887519332613
1,TFM,2026-01-16,2027-02,29.99
1,TFM,2026-01-16,2027-03,28.435
1,TFM,2026-01-16,2027-04,25.05
1,TFM,2026-01-16,2027-05,24.25
1,TFM,2026-01-16,2027-09,24.24
1,TFM,2026-01-16,2027-12,25.6
2,TFM,2026-01-19,2026-02,35.37754440748271
2,TFM,2026-01-19,2026-03,34.18578177919748
2,TFM,2026-01-19,2026-04,30.981724947068898
2,TFM,2026-01-19,2026-05,29.623715530358297
2,TFM,2026-01-19,2026-06,29.344750343095743
2,TFM,2026-01-19,2026-07,29.089675098262962
2,TFM,2026-01-19,2026-08,29.024751698902246
2,TFM,2026-01-19,2026-09,29.300127820574
2,TFM,2026-01-19,2026-10,29.010116949945424
2,TFM,2026-01-19,2026-11,29.004668093638234
2,TFM,2026-01-19,2026-12,29.092137155479694
2,TFM,2026-01-19,2027-01,29.13475714617709
2,TFM,2026-01-19,2027-02,29.043298520452566
2,TFM,2026-01-19,2027-03,28.285860979462875
2,TFM,2026-01-19,2027-04,24.837648231190833
2,TFM,2026-01-19,2027-05,23.933744596999748
1,TFM,2026-01-19,2027-06,25.45
1,TFM,2026-01-19,2027-07,25.45
1,TFM,2026-01-19,2027-08,25.45
1,TFM,2026-01-19,2027-09,25.45
1,TFM,2026-01-19,2027-10,25.45
1,TFM,2026-01-19,2027-11,25.45
1,TFM,2026-01-19,2027-12,25.45
2,TFM,2026-01-20,2026-02,34.60800488102501
2,TFM,2026-01-20,2026-03,33.3481077141505
2,TFM,2026-01-20,2026-04,30.68014834677264
2,TFM,2026-01-20,2026-05,29.474216396688643
2,TFM,2026-01-20,2026-06,29.23491974868305
2,TFM,2026-01-20,2026-07,29.00014482799809
2,TFM,2026-01-20,2026-08,28.950391172175365
2,TFM,2026-01-20,2026-09,29.24009026034468
2,TFM,2026-01-20,2026-10,28.95640801574643
2,TFM,2026-01-20,2026-11,29.250801599239963
2,TFM,2026-01-20,2026-12,29.45
2,TFM,2026-01-20,2027-01,29.575
2,TFM,2026-01-20,2027-02,30.000173666773538
2,TFM,2026-01-20,2027-03,29.490120086920054
1,TFM,2026-01-20,2027-04,25.7
1,TFM,2026-01-20,2027-05,24.6
1,TFM,2026-01-20,2027-09,25.05
1,TFM,2026-01-20,2027-10,24.9
2,TFM,2026-01-21,2026-02,39.691778395002856
2,TFM,2026-01-21,2026-03,37.608312181885594
2,TFM,2026-01-21,2026-04,33.71234304699089
2,TFM,2026-01-21,2026-05,31.75379094601677
2,TFM,2026-01-21,2026-06,31.373036505938373
2,TFM,2026-01-21,2026-07,31.102189764492753
2,TFM,2026-01-21,2026-08,30.994949326769948
2,TFM,2026-01-21,2026-09,31.17437488418062
2,TFM,2026-01-21,2026-10,30.94478406797165
2,TFM,2026-01-21,2026-11,30.592318054075008
2,TFM,2026-01-21,2026-12,30.886532134659525
1,TFM,2026-01-21,2027-01,30.974999999999998
2,TFM,2026-01-21,2027-02,29.99225085377212
2,TFM,2026-01-21,2027-03,30.317453758737102
1,TFM,2026-01-21,2027-04,26.79
1,TFM,2026-01-21,2027-05,25.43
1,TFM,2026-01-21,2027-06,24.804999999999996
1,TFM,2026-01-21,2027-10,25.82
1,TFM,2026-01-21,2027-12,26.65
2,TFM,2026-01-22,2026-02,38.295
2,TFM,2026-01-22,2026-03,36.46124524536277
2,TFM,2026-01-22,2026-04,32.585053460499275
2,TFM,2026-01-22,2026-05,30.667814263901047
2,TFM,2026-01-22,2026-06,30.355366781247717
2,TFM,2026-01-22,2026-07,30.098149078505518
2,TFM,2026-01-22,2026-08,29.91981697376111
2,TFM,2026-01-22,2026-09,30.16456247647723
2,TFM,2026-01-22,2026-10,29.8286156290009
2,TFM,2026-01-22,2026-11,29.8501497868099
2,TFM,2026-01-22,2026-12,30.205717879810166
1,TFM,2026-01-22,2027-01,30.415
1,TFM,2026-01-22,2027-02,30.165000000000003
1,TFM,2026-01-22,2027-03,29.5
1,TFM,2026-01-22,2027-04,26.155
1,TFM,2026-01-22,2027-05,25.2
1,TFM,2026-01-22,2027-06,25.0
1,TFM,2026-01-22,2027-07,25.2
1,TFM,2026-01-22,2027-11,26.35
2,TFM,2026-01-23,2026-02,39.36315568950781
2,TFM,2026-01-23,2026-03,37.48744847721548
2,TFM,2026-01-23,2026-04,33.24972683819933
2,TFM,2026-01-23,2026-05,30.761717822772432
2,TFM,2026-01-23,2026-06,30.339412115827756
2,TFM,2026-01-23,2026-07,30.018198158822084
2,TFM,2026-01-23,2026-08,29.905
2,TFM,2026-01-23,2026-09,30.12531605562579
2,TFM,2026-01-23,2026-10,29.825042440704276
2,TFM,2026-01-23,2026-11,29.86022397281433
2,TFM,2026-01-23,2026-12,29.980174908300505
2,TFM,2026-01-23,2027-01,30.270000000000003
2,TFM,2026-01-23,2027-02,30.595
1,TFM,2026-01-23,2027-03,29.84
1,TFM,2026-01-23,2027-05,24.95
1,TFM,2026-01-23,2027-06,24.7
2,TFM,2026-01-26,2026-02,39.951868337713094
2,TFM,2026-01-26,2026-03,38.09644787576809
2,TFM,2026-01-26,2026-04,33.14852228982988
2,TFM,2026-01-26,2026-05,29.969999999999995
2,TFM,2026-01-26,2026-06,29.260681724846
2,TFM,2026-01-26,2026-07,29.130024284039525
2,TFM,2026-01-26,2026-08,29.1049318604502
2,TFM,2026-01-26,2026-09,29.40730837931804
1,TFM,2026-01-26,2026-10,29.165
2,TFM,2026-01-26,2026-11,29.00000688041833
2,TFM,2026-01-26,2026-12,29.217486070949995
1,TFM,2026-01-26,2027-01,29.4
1,TFM,2026-01-26,2027-02,29.42
1,TFM,2026-01-26,2027-03,28.95
1,TFM,2026-01-26,2027-04,25.52
1,TFM,2026-01-26,2027-05,24.4
1,TFM,2026-01-26,2027-06,24.485
1,TFM,2026-01-26,2027-08,24.390000000000004
1,TFM,2026-01-26,2027-09,24.4
1,TFM,2026-01-26,2027-10,24.71
1,TFM,2026-01-26,2027-11,25.265
1,TFM,2026-01-26,2027-12,25.58
1,TFM,2026-01-26,2028-02,25.8
2,TFM,2026-01-27,2026-02,39.63948763663377
2,TFM,2026-01-27,2026-03,38.13562314010237
2,TFM,2026-01-27,2026-04,32.997943388700534
2,TFM,2026-01-27,2026-05,29.98907688681716
2,TFM,2026-01-27,2026-06,29.2086050345571
2,TFM,2026-01-27,2026-07,29.030364559717057
2,TFM,2026-01-27,2026-08,28.989794202490675
2,TFM,2026-01-27,2026-09,29.239576472989523
2,TFM,2026-01-27,2026-10,29.11721437175685
2,TFM,2026-01-27,2026-11,29.077077848815346
1,TFM,2026-01-27,2026-12,29.420000000000005
1,TFM,2026-01-27,2027-01,29.025
1,TFM,2026-01-27,2027-02,29.195
1,TFM,2026-01-27,2027-03,28.415
1,TFM,2026-01-27,2027-04,25.35
1,TFM,2026-01-27,2027-06,23.7
2,TFM,2026-01-27,2027-09,24.509373650107992
1,TFM,2026-01-27,2027-12,25.5
1,TFM,2026-01-27,2028-06,21.6
2,TFM,2026-01-28,2026-02,38.579355516787736
2,TFM,2026-01-28,2026-03,36.942099061785456
2,TFM,2026-01-28,2026-04,32.980416735937936
2,TFM,2026-01-28,2026-05,30.165608271024624
2,TFM,2026-01-28,2026-06,29.595020425930887
2,TFM,2026-01-28,2026-07,29.544641043600073
2,TFM,2026-01-28,2026-08,29.524382766292256
2,TFM,2026-01-28,2026-09,29.752583260196776
2,TFM,2026-01-28,2026-10,29.59282880235121
2,TFM,2026-01-28,2026-11,29.659692226521283
2,TFM,2026-01-28,2026-12,29.829539554249326
1,TFM,2026-01-28,2027-01,30.114999999999995
1,TFM,2026-01-28,2027-02,29.969999999999995
1,TFM,2026-01-28,2027-03,29.2
1,TFM,2026-01-28,2027-04,25.6
1,TFM,2026-01-28,2027-06,24.770000000000003
1,TFM,2026-01-28,2027-07,24.29
2,TFM,2026-01-29,2026-02,39.96343932617003
2,TFM,2026-01-29,2026-03,38.425
2,TFM,2026-01-29,2026-04,34.670242445002664
2,TFM,2026-01-29,2026-05,31.978367366950213
2,TFM,2026-01-29,2026-06,31.40842555618939
2,TFM,2026-01-29,2026-07,31.234652100195145
2,TFM,2026-01-29,2026-08,31.10422237654885
2,TFM,2026-01-29,2026-09,31.364408160423338
2,TFM,2026-01-29,2026-10,31.19678461041657
2,TFM,2026-01-29,2026-11,31.077257073195508
2,TFM,2026-01-29,2026-12,31.389401230803347
2,TFM,2026-01-29,2027-01,31.493007527119772
2,TFM,2026-01-29,2027-02,31.360940809968852
2,TFM,2026-01-29,2027-03,30.63517271344775
1,TFM,2026-01-29,2027-04,27.1
1,TFM,2026-01-29,2027-05,25.845
1,TFM,2026-01-29,2027-06,25.05
1,TFM,2026-01-29,2027-07,25.0
1,TFM,2026-01-29,2027-08,25.02
1,TFM,2026-01-29,2027-09,25.100000000000005
1,TFM,2026-01-29,2027-10,25.420000000000005
1,TFM,2026-01-29,2027-11,25.955
1,TFM,2026-01-29,2027-12,26.445
1,TFM,2026-01-29,2028-11,23.55
2,TFM,2026-01-30,2026-03,39.77297693266833
2,TFM,2026-01-30,2026-04,35.52824194132015
2,TFM,2026-01-30,2026-05,32.769830149653245
2,TFM,2026-01-30,2026-06,32.239007528594186
2,TFM,2026-01-30,2026-07,32.00842340469757
2,TFM,2026-01-30,2026-08,31.953068407960203
2,TFM,2026-01-30,2026-09,32.26168376068375
2,TFM,2026-01-30,2026-10,32.00385514169518
2,TFM,2026-01-30,2026-11,31.773383095296726
2,TFM,2026-01-30,2026-12,31.985441713312248
2,TFM,2026-01-30,2027-01,32.004354793365195
1,TFM,2026-01-30,2027-02,31.95
1,TFM,2026-01-30,2027-03,30.475
1,TFM,2026-01-30,2027-04,27.744999999999997
1,TFM,2026-01-30,2027-06,25.45
1,TFM,2026-01-30,2027-07,26.07
1,TFM,2026-01-30,2027-09,26.15
2,TFM,2026-02-02,2026-03,33.33699596738947
2,TFM,2026-02-02,2026-04,31.041194969356482
2,TFM,2026-02-02,2026-05,29.75689844613484
2,TFM,2026-02-02,2026-06,29.455670649988832
2,TFM,2026-02-02,2026-07,29.406205047681055
2,TFM,2026-02-02,2026-08,29.365658648339064
2,TFM,2026-02-02,2026-09,29.650046208280525
2,TFM,2026-02-02,2026-10,29.601457183976976
2,TFM,2026-02-02,2026-11,29.815283205191513
2,TFM,2026-02-02,2026-12,29.88026434782609
2,TFM,2026-02-02,2027-01,30.400077391615905
2,TFM,2026-02-02,2027-02,30.100723969252275
2,TFM,2026-02-02,2027-03,29.610084477296724
1,TFM,2026-02-02,2027-06,25.07
1,TFM,2026-02-02,2027-08,25.195
1,TFM,2026-02-02,2028-06,21.9
2,TFM,2026-02-03,2026-03,32.83930369989722
2,TFM,2026-02-03,2026-04,30.798467892768084
2,TFM,2026-02-03,2026-05,29.764490616939206
2,TFM,2026-02-03,2026-06,29.480551959114138
2,TFM,2026-02-03,2026-07,29.35030082843523
2,TFM,2026-02-03,2026-08,29.302966736589752
2,TFM,2026-02-03,2026-09,29.587759779424434
2,TFM,2026-02-03,2026-10,29.549534789644014
1,TFM,2026-02-03,2026-11,29.555
2,TFM,2026-02-03,2026-12,29.704480173275577
2,TFM,2026-02-03,2027-01,29.983579470198677
2,TFM,2026-02-03,2027-02,29.849999999999998
1,TFM,2026-02-03,2027-03,29.15
1,TFM,2026-02-03,2027-04,25.725
1,TFM,2026-02-03,2027-05,24.8
1,TFM,2026-02-03,2027-07,24.72
1,TFM,2026-02-03,2027-09,24.85
2,TFM,2026-02-04,2026-03,33.60144342992389
2,TFM,2026-02-04,2026-04,31.480673243336796
2,TFM,2026-02-04,2026-05,30.204874786220376
2,TFM,2026-02-04,2026-06,29.945089565606803
2,TFM,2026-02-04,2026-07,29.929659434914228
2,TFM,2026-02-04,2026-08,29.928165259589175
2,TFM,2026-02-04,2026-09,30.23351763083591
2,TFM,2026-02-04,2026-10,30.0
2,TFM,2026-02-04,2026-11,30.300754579111455
2,TFM,2026-02-04,2026-12,30.468121773458854
2,TFM,2026-02-04,2027-01,30.65
2,TFM,2026-02-04,2027-02,30.510855911330044
2,TFM,2026-02-04,2027-03,29.86790964047089
1,TFM,2026-02-04,2027-04,26.62
1,TFM,2026-02-04,2027-06,25.0
1,TFM,2026-02-04,2027-07,25.27
1,TFM,2026-02-04,2027-08,25.0
1,TFM,2026-02-04,2027-09,25.025
1,TFM,2026-02-04,2027-10,25.199999999999996
1,TFM,2026-02-04,2027-12,26.26
2,TFM,2026-02-05,2026-03,33.72130632196754
2,TFM,2026-02-05,2026-04,31.695354262827998
2,TFM,2026-02-05,2026-05,30.436414043942992
2,TFM,2026-02-05,2026-06,30.216968951586626
2,TFM,2026-02-05,2026-07,30.125
2,TFM,2026-02-05,2026-08,30.123916677811955
2,TFM,2026-02-05,2026-09,30.389066180129376
2,TFM,2026-02-05,2026-10,30.34378363685784
2,TFM,2026-02-05,2026-11,30.29001882411997
2,TFM,2026-02-05,2026-12,30.633572538055297
1,TFM,2026-02-05,2027-01,30.59
1,TFM,2026-02-05,2027-02,30.44
1,TFM,2026-02-05,2027-03,30.37
1,TFM,2026-02-05,2027-04,26.35
1,TFM,2026-02-05,2027-05,25.225
2,TFM,2026-02-05,2027-06,25.298016346498034
2,TFM,2026-02-05,2027-07,25.329501102535833
1,TFM,2026-02-05,2027-08,24.925000000000004
1,TFM,2026-02-05,2027-12,26.474999999999998
2,TFM,2026-02-06,2026-03,35.256023710122754
2,TFM,2026-02-06,2026-04,32.581809928705596
2,TFM,2026-02-06,2026-05,31.30851906056171
2,TFM,2026-02-06,2026-06,30.8547656865319
2,TFM,2026-02-06,2026-07,30.71931949408853
2,TFM,2026-02-06,2026-08,30.70460560911481
2,TFM,2026-02-06,2026-09,30.985046478873237
2,TFM,2026-02-06,2026-10,31.04026383439318
2,TFM,2026-02-06,2026-11,31.14793030781967
2,TFM,2026-02-06,2026-12,31.28718427465596
1,TFM,2026-02-06,2027-01,31.585
1,TFM,2026-02-06,2027-02,30.8
1,TFM,2026-02-06,2027-03,30.35
2,TFM,2026-02-06,2027-04,27.127044431101773
1,TFM,2026-02-06,2027-06,25.08
1,TFM,2026-02-06,2027-07,24.9
1,TFM,2026-02-06,2027-09,25.54
1,TFM,2026-02-06,2027-12,26.2
2,TFM,2026-02-09,2026-03,33.561880882904475
2,TFM,2026-02-09,2026-04,31.765908488894453
2,TFM,2026-02-09,2026-05,30.939587562593044
2,TFM,2026-02-09,2026-06,30.547903546033798
2,TFM,2026-02-09,2026-07,30.49056859867938
2,TFM,2026-02-09,2026-08,30.489999999999995
2,TFM,2026-02-09,2026-09,30.64317893538595
2,TFM,2026-02-09,2026-10,30.654753703065794
2,TFM,2026-02-09,2026-11,30.756182815870933
2,TFM,2026-02-09,2026-12,31.12148295934654
2,TFM,2026-02-09,2027-01,30.662519019063815
2,TFM,2026-02-09,2027-02,30.17529720763064
2,TFM,2026-02-09,2027-03,30.130366911274184
2,TFM,2026-02-09,2027-04,26.75
1,TFM,2026-02-09,2027-05,26.75
1,TFM,2026-02-09,2027-06,26.75
1,TFM,2026-02-09,2027-07,26.75
1,TFM,2026-02-09,2027-08,26.75
1,TFM,2026-02-09,2027-09,26.75
2,TFM,2026-02-09,2027-10,25.283071718538565
1,TFM,2026-02-09,2027-11,26.75
2,TFM,2026-02-09,2027-12,26.158849797023006
1,TFM,2026-02-09,2028-06,21.8
2,TFM,2026-02-10,2026-03,31.755225645976292
2,TFM,2026-02-10,2026-04,30.39956962207214
2,TFM,2026-02-10,2026-05,29.585124547937117
2,TFM,2026-02-10,2026-06,29.3351650038373
2,TFM,2026-02-10,2026-07,29.27048607610887
2,TFM,2026-02-10,2026-08,29.25015390602887
2,TFM,2026-02-10,2026-09,29.659434393510175
2,TFM,2026-02-10,2026-10,29.76499111900533
2,TFM,2026-02-10,2026-11,30.078556187766715
1,TFM,2026-02-10,2026-12,30.235
1,TFM,2026-02-10,2027-01,30.36
2,TFM,2026-02-10,2027-02,30.329067520846046
1,TFM,2026-02-10,2027-03,29.525
1,TFM,2026-02-10,2027-04,26.48
1,TFM,2026-02-10,2027-05,24.9
1,TFM,2026-02-10,2027-06,24.675
1,TFM,2026-02-10,2028-01,26.39
1,TFM,2026-02-10,2028-09,21.9
2,TFM,2026-02-11,2026-03,32.23958703824596
2,TFM,2026-02-11,2026-04,30.64123744626904
2,TFM,2026-02-11,2026-05,30.074179076693966
2,TFM,2026-02-11,2026-06,29.789787560004086
2,TFM,2026-02-11,2026-07,29.81005031587186
2,TFM,2026-02-11,2026-08,29.82499379729562
2,TFM,2026-02-11,2026-09,30.17058200406479
2,TFM,2026-02-11,2026-10,30.24132685496322
1,TFM,2026-02-11,2026-11,30.23
2,TFM,2026-02-11,2026-12,30.692691537305958
2,TFM,2026-02-11,2027-01,30.499275572297883
2,TFM,2026-02-11,2027-02,30.615506329113924
2,TFM,2026-02-11,2027-03,29.550525836143258
1,TFM,2026-02-11,2027-04,26.365
1,TFM,2026-02-11,2027-06,24.8
1,TFM,2026-02-11,2027-12,26.0
2,TFM,2026-02-12,2026-03,32.33595017705162
2,TFM,2026-02-12,2026-04,30.70117074233091
2,TFM,2026-02-12,2026-05,29.900044165276274
2,TFM,2026-02-12,2026-06,29.50568842076277
2,TFM,2026-02-12,2026-07,29.435057191878755
2,TFM,2026-02-12,2026-08,29.57542261731274
2,TFM,2026-02-12,2026-09,29.834703557312253
2,TFM,2026-02-12,2026-10,30.113533999512548
2,TFM,2026-02-12,2026-11,30.655098434885325
2,TFM,2026-02-12,2026-12,30.684286139497964
2,TFM,2026-02-12,2027-01,31.270485873672847
2,TFM,2026-02-12,2027-02,30.673707742639046
2,TFM,2026-02-12,2027-03,30.023483103643567
1,TFM,2026-02-12,2027-05,25.5
2,TFM,2026-02-13,2026-03,32.367892483035774
2,TFM,2026-02-13,2026-04,30.899999999999995
2,TFM,2026-02-13,2026-05,30.093784699954192
2,TFM,2026-02-13,2026-06,29.75125761153225
1,TFM,2026-02-13,2026-07,29.7
1,TFM,2026-02-13,2026-08,29.665
1,TFM,2026-02-13,2026-09,29.974999999999998
2,TFM,2026-02-13,2026-10,30.07350795755968
1,TFM,2026-02-13,2026-11,30.3
1,TFM,2026-02-13,2026-12,30.325
1,TFM,2026-02-13,2027-01,30.649999999999995
1,TFM,2026-02-13,2027-02,30.5
1,TFM,2026-02-13,2027-04,26.8
1,TFM,2026-02-13,2027-05,25.48
1,TFM,2026-02-13,2027-06,25.02
2,TFM,2026-02-16,2026-03,30.935915330227186
2,TFM,2026-02-16,2026-04,29.911322801226127
2,TFM,2026-02-16,2026-05,29.342476782699052
2,TFM,2026-02-16,2026-06,28.915082375802633
2,TFM,2026-02-16,2026-07,28.875079400088225
2,TFM,2026-02-16,2026-08,28.93021348859777
1,TFM,2026-02-16,2026-09,29.25
2,TFM,2026-02-16,2026-10,29.39536842105263
2,TFM,2026-02-16,2026-11,29.580236928104572
1,TFM,2026-02-16,2026-12,29.865
2,TFM,2026-02-16,2027-01,30.19502561912895
1,TFM,2026-02-16,2027-03,28.96
1,TFM,2026-02-16,2027-04,26.55
1,TFM,2026-02-16,2027-06,24.85
2,TFM,2026-02-17,2026-03,29.881181678044484
2,TFM,2026-02-17,2026-04,29.07903567316837
2,TFM,2026-02-17,2026-05,28.59389172195984
2,TFM,2026-02-17,2026-06,28.3541249701219
2,TFM,2026-02-17,2026-07,28.31189315352697
2,TFM,2026-02-17,2026-08,28.379610718224875
2,TFM,2026-02-17,2026-09,28.70986388384755
2,TFM,2026-02-17,2026-10,28.8852669204345
2,TFM,2026-02-17,2026-11,29.21526250589901
1,TFM,2026-02-17,2026-12,29.405
1,TFM,2026-02-17,2027-01,29.63
1,TFM,2026-02-17,2027-02,29.47
1,TFM,2026-02-17,2027-03,28.6
2,TFM,2026-02-17,2027-04,26.150097820011176
1,TFM,2026-02-17,2027-06,24.55
1,TFM,2026-02-17,2027-07,24.8
1,TFM,2026-02-17,2027-11,25.8
2,TFM,2026-02-18,2026-03,31.86477624284538
2,TFM,2026-02-18,2026-04,30.99875261620985
2,TFM,2026-02-18,2026-05,30.349659614962302
2,TFM,2026-02-18,2026-06,30.02893693566591
2,TFM,2026-02-18,2026-07,29.934680316835784
2,TFM,2026-02-18,2026-08,29.988987424465133
2,TFM,2026-02-18,2026-09,30.453477006846725
1,TFM,2026-02-18,2026-10,30.29
2,TFM,2026-02-18,2026-11,30.49
1,TFM,2026-02-18,2026-12,30.6
1,TFM,2026-02-18,2027-01,30.949999999999996
1,TFM,2026-02-18,2027-02,30.15
1,TFM,2026-02-18,2027-03,29.304999999999996
1,TFM,2026-02-18,2027-06,25.095
1,TFM,2026-02-18,2027-08,25.0
2,TFM,2026-02-19,2026-03,33.20705228710962
2,TFM,2026-02-19,2026-04,32.63531243470214
2,TFM,2026-02-19,2026-05,31.897635609893197
2,TFM,2026-02-19,2026-06,31.520349287265173
2,TFM,2026-02-19,2026-07,31.561381558250897
2,TFM,2026-02-19,2026-08,31.64676635973853
2,TFM,2026-02-19,2026-09,31.928940107671597
2,TFM,2026-02-19,2026-10,31.996589285714286
2,TFM,2026-02-19,2026-11,32.24659753363229
2,TFM,2026-02-19,2026-12,32.37885996409336
2,TFM,2026-02-19,2027-01,32.59940310385993
1,TFM,2026-02-19,2027-02,32.37
1,TFM,2026-02-19,2027-03,31.43
2,TFM,2026-02-19,2027-04,28.145471960989198
1,TFM,2026-02-19,2027-06,25.4
1,TFM,2026-02-19,2027-08,25.95
2,TFM,2026-02-20,2026-03,31.55438168170445
2,TFM,2026-02-20,2026-04,31.125893393205587
2,TFM,2026-02-20,2026-05,30.53047806743678
2,TFM,2026-02-20,2026-06,30.315115700766732
2,TFM,2026-02-20,2026-07,30.219827401988983
2,TFM,2026-02-20,2026-08,30.329751817053715
2,TFM,2026-02-20,2026-09,30.775
2,TFM,2026-02-20,2026-10,30.91
2,TFM,2026-02-20,2026-11,31.092119313538547
1,TFM,2026-02-20,2026-12,31.545
2,TFM,2026-02-20,2027-01,31.661786042240585
1,TFM,2026-02-20,2027-02,31.649999999999995
2,TFM,2026-02-20,2027-03,30.266391056835918
1,TFM,2026-02-20,2027-04,27.375
1,TFM,2026-02-20,2027-05,26.0
1,TFM,2026-02-20,2027-06,25.56
1,TFM,2026-02-20,2027-09,25.92
1,TFM,2026-02-20,2027-10,26.145
1,TFM,2026-02-20,2027-11,26.5
2,TFM,2026-02-23,2026-03,31.53108814484413
2,TFM,2026-02-23,2026-04,31.248551756646343
2,TFM,2026-02-23,2026-05,30.79793215613383
2,TFM,2026-02-23,2026-06,30.486046589638466
2,TFM,2026-02-23,2026-07,30.37011605025481
2,TFM,2026-02-23,2026-08,30.485520146148385
2,TFM,2026-02-23,2026-09,30.800048942302467
1,TFM,2026-02-23,2026-10,31.034999999999997
2,TFM,2026-02-23,2026-11,31.38507207758169
1,TFM,2026-02-23,2026-12,31.495000000000005
1,TFM,2026-02-23,2027-01,31.590000000000003
1,TFM,2026-02-23,2027-02,31.524999999999995
2,TFM,2026-02-23,2027-03,30.440005329922183
1,TFM,2026-02-23,2027-04,27.325
1,TFM,2026-02-23,2027-05,26.0
1,TFM,2026-02-23,2027-06,25.55
1,TFM,2026-02-23,2027-07,25.87
1,TFM,2026-02-23,2028-10,22.35
2,TFM,2026-02-24,2026-03,30.470167832404698
2,TFM,2026-02-24,2026-04,30.144783542943816
2,TFM,2026-02-24,2026-05,29.854132376355857
2,TFM,2026-02-24,2026-06,29.680912889074577
2,TFM,2026-02-24,2026-07,29.585029230442178
2,TFM,2026-02-24,2026-08,29.649752043142268
2,TFM,2026-02-24,2026-09,29.9801048095959
2,TFM,2026-02-24,2026-10,30.090965288611546
2,TFM,2026-02-24,2026-11,30.626805183626626
2,TFM,2026-02-24,2026-12,30.545393164904038
2,TFM,2026-02-24,2027-01,31.12054148923927
1,TFM,2026-02-24,2027-02,30.95
2,TFM,2026-02-24,2027-03,29.88573889696834
1,TFM,2026-02-24,2027-04,26.6
1,TFM,2026-02-24,2027-05,25.78
1,TFM,2026-02-24,2027-06,25.15
1,TFM,2026-02-24,2027-09,25.75
2,TFM,2026-02-25,2026-03,30.925090387774112
2,TFM,2026-02-25,2026-04,30.82391244313621
2,TFM,2026-02-25,2026-05,30.461033541341653
2,TFM,2026-02-25,2026-06,30.32993714732666
2,TFM,2026-02-25,2026-07,30.20691044502778
2,TFM,2026-02-25,2026-08,30.268198313402916
2,TFM,2026-02-25,2026-09,30.648312166624333
2,TFM,2026-02-25,2026-10,30.743017014558845
2,TFM,2026-02-25,2026-11,30.985213371266
2,TFM,2026-02-25,2026-12,31.050091892995713
2,TFM,2026-02-25,2027-01,31.56
1,TFM,2026-02-25,2027-02,30.945
2,TFM,2026-02-25,2027-03,29.84695604164476
1,TFM,2026-02-25,2027-04,27.13
1,TFM,2026-02-25,2027-12,26.625
2,TFM,2026-02-26,2026-03,31.85
2,TFM,2026-02-26,2026-04,31.895
2,TFM,2026-02-26,2026-05,31.375
2,TFM,2026-02-26,2026-06,31.080048095090863
2,TFM,2026-02-26,2026-07,30.955664195985943
2,TFM,2026-02-26,2026-08,31.01504706794396
2,TFM,2026-02-26,2026-09,31.36502223430011
2,TFM,2026-02-26,2026-10,31.59942084942085
2,TFM,2026-02-26,2026-11,31.70458904109589
2,TFM,2026-02-26,2026-12,31.67114744582043
2,TFM,2026-02-26,2027-01,31.946235547190103
1,TFM,2026-02-26,2027-02,31.25
2,TFM,2026-02-26,2027-03,30.32920707028991
1,TFM,2026-02-26,2027-04,26.75
1,TFM,2026-02-26,2027-06,25.7
1,TFM,2026-02-26,2027-09,25.15
1,TFM,2026-02-26,2027-11,25.825
2,TFM,2026-02-27,2026-04,31.891075770307047
2,TFM,2026-02-27,2026-05,31.369177727977934
2,TFM,2026-02-27,2026-06,31.111398149816782
2,TFM,2026-02-27,2026-07,30.869781724562518
2,TFM,2026-02-27,2026-08,30.9042940536262
2,TFM,2026-02-27,2026-09,31.300924359594006
2,TFM,2026-02-27,2026-10,31.47930918986812
2,TFM,2026-02-27,2026-11,31.757279196799505
2,TFM,2026-02-27,2026-12,31.842719058277375
2,TFM,2026-02-27,2027-01,31.81684070419536
2,TFM,2026-02-27,2027-02,32.05
1,TFM,2026-02-27,2027-03,30.9
2,TFM,2026-02-27,2027-04,27.31071420473869
1,TFM,2026-02-27,2027-06,25.65
1,TFM,2026-02-27,2027-10,25.64
2,TFM,2026-03-02,2026-04,43.280455865451465
2,TFM,2026-03-02,2026-05,42.08826108932299
2,TFM,2026-03-02,2026-06,40.93950056494135
2,TFM,2026-03-02,2026-07,39.76959766892298
2,TFM,2026-03-02,2026-08,38.59973096693592
2,TFM,2026-03-02,2026-09,38.16955186738253
2,TFM,2026-03-02,2026-10,36.9254437688312
2,TFM,2026-03-02,2026-11,36.64537956975877
2,TFM,2026-03-02,2026-12,36.276814596314466
2,TFM,2026-03-02,2027-01,36.58975442662622
2,TFM,2026-03-02,2027-02,35.0
2,TFM,2026-03-02,2027-03,33.42826780421642
2,TFM,2026-03-02,2027-04,29.205415407598547
2,TFM,2026-03-02,2027-05,27.438129234072488
1,TFM,2026-03-02,2027-06,26.26
1,TFM,2026-03-02,2027-07,27.55
1,TFM,2026-03-02,2027-08,27.55
1,TFM,2026-03-02,2027-09,27.55
1,TFM,2026-03-02,2027-10,26.7
1,TFM,2026-03-02,2029-01,23.0
2,TFM,2026-03-03,2026-04,53.57047601285248
2,TFM,2026-03-03,2026-05,51.95406202582078
2,TFM,2026-03-03,2026-06,50.18087944054642
2,TFM,2026-03-03,2026-07,48.39699698666454
2,TFM,2026-03-03,2026-08,47.076162712660654
2,TFM,2026-03-03,2026-09,46.41823678034386
2,TFM,2026-03-03,2026-10,45.48886522899807
2,TFM,2026-03-03,2026-11,44.69440848595155
2,TFM,2026-03-03,2026-12,43.650192619183116
2,TFM,2026-03-03,2027-01,41.26201398023444
2,TFM,2026-03-03,2027-02,40.09337447220968
2,TFM,2026-03-03,2027-03,36.651309898651974
2,TFM,2026-03-03,2027-04,32.906722158070316
1,TFM,2026-03-03,2027-05,30.91
1,TFM,2026-03-03,2027-06,30.0
1,TFM,2026-03-03,2027-08,29.615
1,TFM,2026-03-03,2027-09,28.255
1,TFM,2026-03-03,2027-10,27.55
1,TFM,2026-03-03,2027-11,27.25
1,TFM,2026-03-03,2027-12,27.25
1,TFM,2026-03-03,2028-02,27.95
2,TFM,2026-03-04,2026-04,49.752490331191154
2,TFM,2026-03-04,2026-05,48.06905792403548
2,TFM,2026-03-04,2026-06,46.41144704005236
2,TFM,2026-03-04,2026-07,44.368481675392665
2,TFM,2026-03-04,2026-08,42.97401621516985
2,TFM,2026-03-04,2026-09,42.150023631438735
2,TFM,2026-03-04,2026-10,41.830071872097
2,TFM,2026-03-04,2026-11,41.365
2,TFM,2026-03-04,2026-12,39.6152132976664
2,TFM,2026-03-04,2027-01,37.738361738341084
2,TFM,2026-03-04,2027-02,37.544881117839765
2,TFM,2026-03-04,2027-03,35.97529288804628
1,TFM,2026-03-04,2027-04,31.885000000000005
1,TFM,2026-03-04,2027-05,29.5
1,TFM,2026-03-04,2027-10,27.3
1,TFM,2026-03-04,2027-11,27.0
1,TFM,2026-03-04,2028-09,22.5
2,TFM,2026-03-05,2026-04,50.36261713615857
2,TFM,2026-03-05,2026-05,48.68277054942628
2,TFM,2026-03-05,2026-06,47.252289827255275
2,TFM,2026-03-05,2026-07,45.77115352370093
2,TFM,2026-03-05,2026-08,44.92895074401788
2,TFM,2026-03-05,2026-09,44.34394547141531
2,TFM,2026-03-05,2026-10,43.99024071743235
2,TFM,2026-03-05,2026-11,43.49171072334444
2,TFM,2026-03-05,2026-12,42.72018035405298
2,TFM,2026-03-05,2027-01,40.848720963487885
2,TFM,2026-03-05,2027-02,39.70804059739167
2,TFM,2026-03-05,2027-03,36.82422833988798
2,TFM,2026-03-05,2027-04,32.80534608504197
1,TFM,2026-03-05,2027-05,30.15
1,TFM,2026-03-05,2027-06,29.300000000000004
1,TFM,2026-03-05,2027-09,28.8
1,TFM,2026-03-05,2029-09,20.7
2,TFM,2026-03-06,2026-04,52.79702208275103
2,TFM,2026-03-06,2026-05,51.86067318042561
2,TFM,2026-03-06,2026-06,50.66209274359607
2,TFM,2026-03-06,2026-07,49.6630717336286
2,TFM,2026-03-06,2026-08,48.77447207266096
2,TFM,2026-03-06,2026-09,48.458928728070184
2,TFM,2026-03-06,2026-10,48.32849522623495
2,TFM,2026-03-06,2026-11,48.04420475705737
2,TFM,2026-03-06,2026-12,47.364516283143566
2,TFM,2026-03-06,2027-01,46.779563663958015
2,TFM,2026-03-06,2027-02,45.66246444765046
2,TFM,2026-03-06,2027-03,42.21943665578387
2,TFM,2026-03-06,2027-04,36.974428914938386
1,TFM,2026-03-06,2027-05,33.65
1,TFM,2026-03-06,2027-06,32.9
1,TFM,2026-03-06,2027-08,31.1
1,TFM,2026-03-06,2027-12,31.185
2,TFM,2026-03-09,2026-04,55.89518528688427
2,TFM,2026-03-09,2026-05,54.917860056411364
2,TFM,2026-03-09,2026-06,53.93637425561154
2,TFM,2026-03-09,2026-07,52.83554149009382
2,TFM,2026-03-09,2026-08,52.2181215431416
2,TFM,2026-03-09,2026-09,51.93448321402596
2,TFM,2026-03-09,2026-10,51.760250990394525
2,TFM,2026-03-09,2026-11,51.00150228231352
2,TFM,2026-03-09,2026-12,51.05628277013928
2,TFM,2026-03-09,2027-01,50.5707867756315
2,TFM,2026-03-09,2027-02,49.7698233995585
2,TFM,2026-03-09,2027-03,46.550000000000004
2,TFM,2026-03-09,2027-04,40.50102753801891
1,TFM,2026-03-09,2027-05,36.545
1,TFM,2026-03-09,2027-09,35.1
2,TFM,2026-03-09,2027-11,35.503435582822085
2,TFM,2026-03-09,2027-12,35.98088399850803
1,TFM,2026-03-09,2028-02,35.0
1,TFM,2026-03-09,2028-04,26.0
2,TFM,2026-03-10,2026-04,45.47667924218815
2,TFM,2026-03-10,2026-05,44.8078457907589
2,TFM,2026-03-10,2026-06,44.5462349548646
2,TFM,2026-03-10,2026-07,44.16464537668405
2,TFM,2026-03-10,2026-08,44.21205662393162
2,TFM,2026-03-10,2026-09,43.623000449736075
2,TFM,2026-03-10,2026-10,43.291634478722514
2,TFM,2026-03-10,2026-11,42.905
2,TFM,2026-03-10,2026-12,42.6
1,TFM,2026-03-10,2027-01,43.005
1,TFM,2026-03-10,2027-02,42.355
2,TFM,2026-03-10,2027-03,40.040017870819504
2,TFM,2026-03-10,2027-04,35.855297182555
1,TFM,2026-03-10,2027-05,33.0
2,TFM,2026-03-10,2027-06,32.14837706248309
1,TFM,2026-03-10,2027-07,32.0
1,TFM,2026-03-10,2027-09,31.6
1,TFM,2026-03-10,2027-10,31.475
1,TFM,2026-03-10,2027-11,31.4
1,TFM,2026-03-10,2028-01,31.4
1,TFM,2026-03-10,2028-03,29.4
1,TFM,2026-03-10,2028-05,23.5
2,TFM,2026-03-11,2026-04,49.125
2,TFM,2026-03-11,2026-05,48.48706622600737
2,TFM,2026-03-11,2026-06,47.99525553029176
2,TFM,2026-03-11,2026-07,47.36556107405605
2,TFM,2026-03-11,2026-08,47.06455212998645
2,TFM,2026-03-11,2026-09,46.95113685793303
2,TFM,2026-03-11,2026-10,46.77949782597025
2,TFM,2026-03-11,2026-11,46.59251746567093
2,TFM,2026-03-11,2026-12,46.119136001072455
2,TFM,2026-03-11,2027-01,46.17386890282934
2,TFM,2026-03-11,2027-02,45.387224465078724
1,TFM,2026-03-11,2027-03,42.85
2,TFM,2026-03-11,2027-04,36.40036384309267
1,TFM,2026-03-11,2027-05,33.5
1,TFM,2026-03-11,2027-08,32.2
1,TFM,2026-03-11,2027-10,32.0
1,TFM,2026-03-11,2027-12,32.45
1,TFM,2026-03-11,2028-05,23.8
1,TFM,2026-03-11,2028-12,24.95
2,TFM,2026-03-12,2026-04,50.35337012050549
2,TFM,2026-03-12,2026-05,49.869657562951836
2,TFM,2026-03-12,2026-06,49.520035921080854
2,TFM,2026-03-12,2026-07,49.19823346415239
2,TFM,2026-03-12,2026-08,48.83750916923793
2,TFM,2026-03-12,2026-09,48.47374241157439
2,TFM,2026-03-12,2026-10,48.38826673507575
2,TFM,2026-03-12,2026-11,47.48589610137713
2,TFM,2026-03-12,2026-12,47.73003310819758
2,TFM,2026-03-12,2027-01,47.47
2,TFM,2026-03-12,2027-02,46.70982831114225
2,TFM,2026-03-12,2027-03,43.604322766570604
2,TFM,2026-03-12,2027-04,38.06794079375407
1,TFM,2026-03-12,2027-05,34.55
1,TFM,2026-03-12,2027-08,33.55
1,TFM,2026-03-12,2027-11,32.9
1,TFM,2026-03-12,2027-12,33.0
2,TFM,2026-03-13,2026-04,50.65284336748299
2,TFM,2026-03-13,2026-05,50.26243811668607
2,TFM,2026-03-13,2026-06,49.909804350800385
2,TFM,2026-03-13,2026-07,49.55
2,TFM,2026-03-13,2026-08,49.19952150820614
2,TFM,2026-03-13,2026-09,48.960559414537336
2,TFM,2026-03-13,2026-10,48.65772335884604
2,TFM,2026-03-13,2026-11,48.318857724496716
2,TFM,2026-03-13,2026-12,48.14744472195696
2,TFM,2026-03-13,2027-01,47.05534432201884
2,TFM,2026-03-13,2027-02,46.39769469360382
2,TFM,2026-03-13,2027-03,43.499031852067
2,TFM,2026-03-13,2027-04,37.44211908931699
2,TFM,2026-03-13,2027-05,34.53364217598613
2,TFM,2026-03-13,2027-06,33.57788084812169
1,TFM,2026-03-13,2027-07,33.25
1,TFM,2026-03-13,2027-11,32.545
1,TFM,2026-03-13,2027-12,32.93
2,TFM,2026-03-16,2026-04,50.767997155738094
2,TFM,2026-03-16,2026-05,50.472815182437394
2,TFM,2026-03-16,2026-06,50.12449473843211
2,TFM,2026-03-16,2026-07,49.884590529247916
2,TFM,2026-03-16,2026-08,49.566771503803395
2,TFM,2026-03-16,2026-09,49.5042
2,TFM,2026-03-16,2026-10,49.199250913520096
2,TFM,2026-03-16,2026-11,49.039329197922676
2,TFM,2026-03-16,2026-12,48.897658079625295
2,TFM,2026-03-16,2027-01,48.78921197793539
1,TFM,2026-03-16,2027-02,47.5
2,TFM,2026-03-16,2027-03,44.68533505570806
1,TFM,2026-03-16,2027-04,38.2
2,TFM,2026-03-17,2026-04,51.70684903578624
2,TFM,2026-03-17,2026-05,51.37793584636569
2,TFM,2026-03-17,2026-06,51.04620081293781
2,TFM,2026-03-17,2026-07,50.7612173128945
2,TFM,2026-03-17,2026-08,50.51385710894849
2,TFM,2026-03-17,2026-09,50.46995243128964
2,TFM,2026-03-17,2026-10,50.21360215053764
2,TFM,2026-03-17,2026-11,49.984749446568735
2,TFM,2026-03-17,2026-12,49.82901328882326
2,TFM,2026-03-17,2027-01,49.559891961970614
2,TFM,2026-03-17,2027-02,48.468163602074505
2,TFM,2026-03-17,2027-03,45.664657210401884
2,TFM,2026-03-17,2027-04,39.38982283464566
1,TFM,2026-03-17,2027-06,35.225
2,TFM,2026-03-18,2026-04,54.72132967058949
2,TFM,2026-03-18,2026-05,54.402170133641704
2,TFM,2026-03-18,2026-06,54.007622242826464
2,TFM,2026-03-18,2026-07,53.6460298921921
2,TFM,2026-03-18,2026-08,53.41283483271
2,TFM,2026-03-18,2026-09,53.20388594953353
2,TFM,2026-03-18,2026-10,53.05064571291768
2,TFM,2026-03-18,2026-11,52.66399681528662
2,TFM,2026-03-18,2026-12,52.432818462241514
2,TFM,2026-03-18,2027-01,52.050000000000004
2,TFM,2026-03-18,2027-02,51.033832326129264
2,TFM,2026-03-18,2027-03,47.35453127325033
2,TFM,2026-03-18,2027-04,39.648758217677134
1,TFM,2026-03-18,2027-07,34.1
1,TFM,2026-03-18,2027-09,34.1
1,TFM,2026-03-18,2027-11,34.2
1,TFM,2026-03-18,2028-01,34.3
2,TFM,2026-03-19,2026-04,60.989538959245486
2,TFM,2026-03-19,2026-05,60.656443189612546
2,TFM,2026-03-19,2026-06,60.774314608750664
2,TFM,2026-03-19,2026-07,60.399037302998394
2,TFM,2026-03-19,2026-08,60.1974612897737
2,TFM,2026-03-19,2026-09,60.09343645434691
2,TFM,2026-03-19,2026-10,59.92595185651353
2,TFM,2026-03-19,2026-11,59.82483435270132
2,TFM,2026-03-19,2026-12,59.70307499518026
2,TFM,2026-03-19,2027-01,59.500854720079175
2,TFM,2026-03-19,2027-02,58.430159201867966
2,TFM,2026-03-19,2027-03,55.200538779756755
2,TFM,2026-03-19,2027-04,48.19827460951689
1,TFM,2026-03-19,2027-05,46.655
1,TFM,2026-03-19,2027-06,45.16
1,TFM,2026-03-19,2027-07,42.325
1,TFM,2026-03-19,2027-08,42.14
2,TFM,2026-03-19,2027-09,42.06089021147271
1,TFM,2026-03-19,2027-10,42.315
1,TFM,2026-03-19,2027-11,41.25
1,TFM,2026-03-19,2027-12,41.615
1,TFM,2026-03-19,2028-04,29.645
2,TFM,2026-03-20,2026-04,59.32025613641779
2,TFM,2026-03-20,2026-05,59.5322503522499
2,TFM,2026-03-20,2026-06,59.53005595162891
2,TFM,2026-03-20,2026-07,59.41551799912772
2,TFM,2026-03-20,2026-08,59.27198322917491
2,TFM,2026-03-20,2026-09,59.16400117530392
2,TFM,2026-03-20,2026-10,59.09493829699712
2,TFM,2026-03-20,2026-11,58.91753543691956
2,TFM,2026-03-20,2026-12,58.814381037850396
2,TFM,2026-03-20,2027-01,58.51970992254859
2,TFM,2026-03-20,2027-02,58.17782949547218
2,TFM,2026-03-20,2027-03,54.11169252778695
2,TFM,2026-03-20,2027-04,47.7784363261398
1,TFM,2026-03-20,2027-05,44.45
2,TFM,2026-03-20,2027-06,42.75801282051282
1,TFM,2026-03-20,2027-07,43.0
1,TFM,2026-03-20,2027-08,41.7
1,TFM,2026-03-20,2027-10,41.6
1,TFM,2026-03-20,2027-11,40.65
1,TFM,2026-03-20,2028-01,42.38
2,TFM,2026-03-23,2026-04,56.031572930369144
2,TFM,2026-03-23,2026-05,56.34578656707809
2,TFM,2026-03-23,2026-06,56.43556537924616
2,TFM,2026-03-23,2026-07,56.596649675904565
2,TFM,2026-03-23,2026-08,56.38321796956803
2,TFM,2026-03-23,2026-09,56.41562247989612
2,TFM,2026-03-23,2026-10,56.57115294356567
2,TFM,2026-03-23,2026-11,56.728680163749445
2,TFM,2026-03-23,2026-12,56.694075794211294
2,TFM,2026-03-23,2027-01,57.08458709065021
2,TFM,2026-03-23,2027-02,54.909007981755984
2,TFM,2026-03-23,2027-03,53.72114764989204
2,TFM,2026-03-23,2027-04,46.1442783033262
2,TFM,2026-03-23,2027-05,43.14188123405242
2,TFM,2026-03-23,2027-06,41.20436610608021
1,TFM,2026-03-23,2027-07,41.9
1,TFM,2026-03-23,2027-10,41.9
1,TFM,2026-03-23,2027-12,44.3
1,TFM,2026-03-23,2028-02,41.7
1,TFM,2026-03-23,2028-03,39.0
2,TFM,2026-03-24,2026-04,53.31577725051461
2,TFM,2026-03-24,2026-05,53.55179594321609
2,TFM,2026-03-24,2026-06,53.518006198974945
2,TFM,2026-03-24,2026-07,53.312920708181586
2,TFM,2026-03-24,2026-08,53.394588537020525
2,TFM,2026-03-24,2026-09,53.45066158196932
2,TFM,2026-03-24,2026-10,53.30750576479631
2,TFM,2026-03-24,2026-11,53.41241293752769
2,TFM,2026-03-24,2026-12,53.31845997123682
2,TFM,2026-03-24,2027-01,52.89297779176921
2,TFM,2026-03-24,2027-02,52.683464793597786
1,TFM,2026-03-24,2027-03,50.25
2,TFM,2026-03-24,2027-04,44.20312305109139
2,TFM,2026-03-24,2027-05,41.6459315821625
1,TFM,2026-03-24,2027-06,40.175
2,TFM,2026-03-24,2027-07,40.83831985065339
2,TFM,2026-03-24,2027-09,40.20793897882939
1,TFM,2026-03-24,2027-11,40.0
2,TFM,2026-03-24,2027-12,39.65042323970758
2,TFM,2026-03-25,2026-04,52.07441817224337
2,TFM,2026-03-25,2026-05,52.31491635484763
2,TFM,2026-03-25,2026-06,52.351479951025404
2,TFM,2026-03-25,2026-07,52.280070595354154
2,TFM,2026-03-25,2026-08,52.221468842729976
2,TFM,2026-03-25,2026-09,52.31546683896331
2,TFM,2026-03-25,2026-10,52.36223452998339
2,TFM,2026-03-25,2026-11,52.46092353361552
2,TFM,2026-03-25,2026-12,52.581657548345156
2,TFM,2026-03-25,2027-01,52.631784530682054
2,TFM,2026-03-25,2027-02,52.16262237762238
2,TFM,2026-03-25,2027-03,49.88785873224169
2,TFM,2026-03-25,2027-04,42.480088169750985
1,TFM,2026-03-25,2027-05,39.88
1,TFM,2026-03-25,2027-06,38.7
1,TFM,2026-03-25,2027-08,38.65
1,TFM,2026-03-25,2027-09,38.745
1,TFM,2026-03-25,2027-11,37.4
2,TFM,2026-03-25,2027-12,38.37566909975669
1,TFM,2026-03-25,2029-01,27.365
1,TFM,2026-03-25,2029-02,27.34
1,TFM,2026-03-25,2029-03,27.300000000000004
2,TFM,2026-03-26,2026-04,55.44627532141112
2,TFM,2026-03-26,2026-05,55.78388471592104
2,TFM,2026-03-26,2026-06,55.818873568095036
2,TFM,2026-03-26,2026-07,55.7142264573991
2,TFM,2026-03-26,2026-08,55.70507979026559
2,TFM,2026-03-26,2026-09,55.70078252908229
2,TFM,2026-03-26,2026-10,55.79
2,TFM,2026-03-26,2026-11,55.9079648947467
2,TFM,2026-03-26,2026-12,56.17819509650496
2,TFM,2026-03-26,2027-01,55.72704456696531
1,TFM,2026-03-26,2027-02,55.22500000000001
2,TFM,2026-03-26,2027-03,52.744926643192485
1,TFM,2026-03-26,2027-04,44.8
1,TFM,2026-03-26,2027-05,41.15
1,TFM,2026-03-26,2027-06,40.0
1,TFM,2026-03-26,2027-10,39.9
1,TFM,2026-03-26,2028-01,40.15
2,TFM,2026-03-27,2026-04,54.136267038019774
2,TFM,2026-03-27,2026-05,54.49862095056282
2,TFM,2026-03-27,2026-06,54.55761603156474
2,TFM,2026-03-27,2026-07,54.5085595463138
2,TFM,2026-03-27,2026-08,54.47327003034049
2,TFM,2026-03-27,2026-09,54.51682606571394
2,TFM,2026-03-27,2026-10,54.56364693766281
2,TFM,2026-03-27,2026-11,54.76557676863547
2,TFM,2026-03-27,2026-12,55.023356354424266
2,TFM,2026-03-27,2027-01,54.87556064169326
2,TFM,2026-03-27,2027-02,54.779170992732205
2,TFM,2026-03-27,2027-03,52.29600798403193
2,TFM,2026-03-27,2027-04,44.606278339727936
1,TFM,2026-03-27,2027-05,41.275
1,TFM,2026-03-27,2027-06,40.475
1,TFM,2026-03-27,2027-08,40.5
1,TFM,2026-03-27,2027-10,40.315
1,TFM,2026-03-27,2028-01,40.5
2,TFM,2026-03-30,2026-04,54.650063298893286
2,TFM,2026-03-30,2026-05,54.96686587137286
2,TFM,2026-03-30,2026-06,55.04973793768351
2,TFM,2026-03-30,2026-07,54.89360876512212
2,TFM,2026-03-30,2026-08,54.932765368649925
2,TFM,2026-03-30,2026-09,54.9524265024716
2,TFM,2026-03-30,2026-10,55.02494271310724
2,TFM,2026-03-30,2026-11,54.90159393294306
2,TFM,2026-03-30,2026-12,55.11574909747293
1,TFM,2026-03-30,2027-01,55.02
2,TFM,2026-03-30,2027-02,54.82735401459854
1,TFM,2026-03-30,2027-03,51.8
2,TFM,2026-03-30,2027-04,45.60768626962372
1,TFM,2026-03-30,2027-06,41.25
1,TFM,2026-03-30,2027-07,41.15
1,TFM,2026-03-30,2027-08,42.0
1,TFM,2026-03-30,2027-09,40.7
2,TFM,2026-03-31,2026-05,50.083130452210426
2,TFM,2026-03-31,2026-06,50.07756874095514
2,TFM,2026-03-31,2026-07,50.248369404091314
2,TFM,2026-03-31,2026-08,50.337754195459034
2,TFM,2026-03-31,2026-09,50.260248300604225
2,TFM,2026-03-31,2026-10,50.145626803647694
2,TFM,2026-03-31,2026-11,50.42383692372465
2,TFM,2026-03-31,2026-12,50.43958971476746
1,TFM,2026-03-31,2027-01,50.315
1,TFM,2026-03-31,2027-02,49.865
1,TFM,2026-03-31,2027-03,47.445
1,TFM,2026-03-31,2027-04,41.65
1,TFM,2026-03-31,2027-05,40.3
1,TFM,2026-03-31,2027-07,39.5
1,TFM,2026-03-31,2027-09,38.2
2,TFM,2026-03-31,2027-11,37.65968688845401
2,TFM,2026-03-31,2027-12,38.25056377730796
1,TFM,2026-03-31,2028-01,37.55
2,TFM,2026-04-01,2026-05,47.29804446921592
2,TFM,2026-04-01,2026-06,47.53563497386881
2,TFM,2026-04-01,2026-07,47.40268040400762
2,TFM,2026-04-01,2026-08,47.43126245300752
2,TFM,2026-04-01,2026-09,47.36409755618804
2,TFM,2026-04-01,2026-10,47.2280418138987
2,TFM,2026-04-01,2026-11,47.61158229704364
2,TFM,2026-04-01,2026-12,47.6335042644488
2,TFM,2026-04-01,2027-01,47.542349406209766
2,TFM,2026-04-01,2027-02,46.26864859148972
2,TFM,2026-04-01,2027-03,44.998492923291984
2,TFM,2026-04-01,2027-04,39.79718271639298
2,TFM,2026-04-01,2027-05,37.2
2,TFM,2026-04-01,2027-06,36.5
1,TFM,2026-04-01,2027-07,36.3
1,TFM,2026-04-01,2027-08,36.075
2,TFM,2026-04-01,2027-09,36.12478078536028
2,TFM,2026-04-01,2027-10,36.28764837517027
1,TFM,2026-04-01,2027-12,36.35
1,TFM,2026-04-01,2029-07,23.185000000000002
2,TFM,2026-04-02,2026-05,50.06664468928024
2,TFM,2026-04-02,2026-06,50.143733479466185
2,TFM,2026-04-02,2026-07,50.107644655116054
2,TFM,2026-04-02,2026-08,50.0773397403643
2,TFM,2026-04-02,2026-09,50.05277586722488
2,TFM,2026-04-02,2026-10,49.650862449159604
2,TFM,2026-04-02,2026-11,49.516962151918726
2,TFM,2026-04-02,2026-12,49.45212271152894
2,TFM,2026-04-02,2027-01,49.20933499067744
1,TFM,2026-04-02,2027-02,48.725
1,TFM,2026-04-02,2027-03,47.64
1,TFM,2026-04-02,2027-04,40.6
1,TFM,2026-04-02,2027-05,38.9
1,TFM,2026-04-02,2027-07,36.95
2,TFM,2026-04-02,2027-09,37.00574217628481
1,TFM,2026-04-02,2027-10,37.05
1,TFM,2026-04-02,2027-11,36.8
1,TFM,2026-04-02,2027-12,37.7
1,TFM,2026-04-02,2028-10,26.15
1,TFM,2026-04-02,2028-12,27.175
2,TFM,2026-04-07,2026-05,52.41377104745244
2,TFM,2026-04-07,2026-06,52.40367748150615
2,TFM,2026-04-07,2026-07,52.38032989354446
2,TFM,2026-04-07,2026-08,52.30972509916263
2,TFM,2026-04-07,2026-09,52.20479931646731
2,TFM,2026-04-07,2026-10,51.76803653604797
2,TFM,2026-04-07,2026-11,51.520919373711486
2,TFM,2026-04-07,2026-12,51.40149925037481
2,TFM,2026-04-07,2027-01,51.315675939800634
1,TFM,2026-04-07,2027-02,50.9
1,TFM,2026-04-07,2027-03,47.955
1,TFM,2026-04-07,2027-04,42.34
1,TFM,2026-04-07,2027-05,39.25
1,TFM,2026-04-07,2027-08,37.1
1,TFM,2026-04-07,2027-11,36.745
1,TFM,2026-04-07,2027-12,37.75
2,TFM,2026-04-08,2026-05,45.10908262687917
2,TFM,2026-04-08,2026-06,45.30244499946859
2,TFM,2026-04-08,2026-07,45.34272699979986
2,TFM,2026-04-08,2026-08,45.36999733587594
2,TFM,2026-04-08,2026-09,45.307282632180005
2,TFM,2026-04-08,2026-10,45.42571074427536
2,TFM,2026-04-08,2026-11,45.15089766606822
2,TFM,2026-04-08,2026-12,45.18911797171439
2,TFM,2026-04-08,2027-01,45.176660267574405
2,TFM,2026-04-08,2027-02,44.75567385962218
2,TFM,2026-04-08,2027-03,42.49992470149521
2,TFM,2026-04-08,2027-04,37.28448886820817
2,TFM,2026-04-08,2027-05,33.91981554904327
1,TFM,2026-04-08,2027-06,34.3
1,TFM,2026-04-08,2027-08,33.35
1,TFM,2026-04-08,2027-11,34.0
1,TFM,2026-04-08,2028-01,33.14
2,TFM,2026-04-09,2026-05,44.48070752173853
2,TFM,2026-04-09,2026-06,44.53152537996162
2,TFM,2026-04-09,2026-07,44.59233014242354
2,TFM,2026-04-09,2026-08,44.46761970470539
2,TFM,2026-04-09,2026-09,44.47195442141751
2,TFM,2026-04-09,2026-10,44.44810638297872
2,TFM,2026-04-09,2026-11,44.093553773336836
2,TFM,2026-04-09,2026-12,44.165010668800434
2,TFM,2026-04-09,2027-01,44.21027423541361
2,TFM,2026-04-09,2027-02,43.6953691068904
2,TFM,2026-04-09,2027-03,41.25874045801526
1,TFM,2026-04-09,2027-04,36.39
1,TFM,2026-04-09,2027-05,35.4
2,TFM,2026-04-09,2027-06,34.59757901815736
1,TFM,2026-04-09,2027-08,34.8
1,TFM,2026-04-09,2028-06,24.95
1,TFM,2026-04-09,2028-07,25.725
1,TFM,2026-04-09,2028-08,24.7
1,TFM,2026-04-09,2028-11,26.220000000000002
1,TFM,2026-04-09,2028-12,26.35
2,TFM,2026-04-10,2026-05,43.852099425715664
2,TFM,2026-04-10,2026-06,43.82328638893574
2,TFM,2026-04-10,2026-07,43.87890697398124
2,TFM,2026-04-10,2026-08,43.71597818677573
2,TFM,2026-04-10,2026-09,43.72577940972704
2,TFM,2026-04-10,2026-10,43.650070921985815
2,TFM,2026-04-10,2026-11,43.343979591836735
2,TFM,2026-04-10,2026-12,43.40017235876157
2,TFM,2026-04-10,2027-01,43.16708902989468
1,TFM,2026-04-10,2027-02,42.57
1,TFM,2026-04-10,2027-03,40.68
1,TFM,2026-04-10,2027-04,35.98
1,TFM,2026-04-10,2027-05,33.175
1,TFM,2026-04-10,2027-06,32.5
1,TFM,2026-04-10,2027-09,32.8
1,TFM,2026-04-10,2027-10,32.15
1,TFM,2026-04-10,2027-11,32.5
1,TFM,2026-04-10,2028-06,24.8
1,TFM,2026-04-10,2028-07,25.2
1,TFM,2026-04-10,2028-11,25.32
2,TFM,2026-04-12,2026-05,49.45261437908497
2,TFM,2026-04-12,2026-06,49.36478260869565
1,TFM,2026-04-12,2026-07,49.22
1,TFM,2026-04-12,2026-08,49.105
2,TFM,2026-04-13,2026-05,45.67639800374298
2,TFM,2026-04-13,2026-06,45.68129047072331
2,TFM,2026-04-13,2026-07,45.3634664254831
2,TFM,2026-04-13,2026-08,45.06889313635318
2,TFM,2026-04-13,2026-09,44.81170114784521
2,TFM,2026-04-13,2026-10,44.69872149249423
2,TFM,2026-04-13,2026-11,44.86442702328798
2,TFM,2026-04-13,2026-12,44.26106193601312
2,TFM,2026-04-13,2027-01,44.09873625750878
1,TFM,2026-04-13,2027-02,44.965
1,TFM,2026-04-13,2027-03,42.35
2,TFM,2026-04-13,2027-04,36.95272331154684
2,TFM,2026-04-13,2027-05,34.995891536565324
1,TFM,2026-04-13,2027-06,33.8
1,TFM,2026-04-13,2027-08,33.6
1,TFM,2026-04-13,2027-10,33.35
1,TFM,2026-04-13,2028-06,25.8
2,TFM,2026-04-14,2026-05,42.60356224
2,TFM,2026-04-14,2026-06,42.56322856120898
2,TFM,2026-04-14,2026-07,42.3633535660091
2,TFM,2026-04-14,2026-08,42.19944903581268
2,TFM,2026-04-14,2026-09,42.24640366378041
2,TFM,2026-04-14,2026-10,42.06187208782792
2,TFM,2026-04-14,2026-11,41.69875264121708
2,TFM,2026-04-14,2026-12,41.69740383958461
2,TFM,2026-04-14,2027-01,41.79580713205445
2,TFM,2026-04-14,2027-02,41.3596647366455
2,TFM,2026-04-14,2027-03,39.33897292742021
1,TFM,2026-04-14,2027-04,34.945
1,TFM,2026-04-14,2027-05,33.025
1,TFM,2026-04-14,2027-06,32.3
1,TFM,2026-04-14,2027-08,32.175
1,TFM,2026-04-14,2027-09,32.1
1,TFM,2026-04-14,2027-10,32.0
1,TFM,2026-04-14,2027-11,32.5
1,TFM,2026-04-14,2027-12,32.35
2,TFM,2026-04-15,2026-05,41.539301319196156
2,TFM,2026-04-15,2026-06,41.517634769828355
2,TFM,2026-04-15,2026-07,41.483691275167786
2,TFM,2026-04-15,2026-08,41.40209712191441
2,TFM,2026-04-15,2026-09,41.40951155426801
2,TFM,2026-04-15,2026-10,41.22579550407871
2,TFM,2026-04-15,2026-11,40.917158322056835
2,TFM,2026-04-15,2026-12,41.0490039573412
2,TFM,2026-04-15,2027-01,40.90174890693317
1,TFM,2026-04-15,2027-02,40.3
2,TFM,2026-04-15,2027-03,38.60031534372467
1,TFM,2026-04-15,2027-04,34.15
1,TFM,2026-04-15,2027-06,32.15
1,TFM,2026-04-15,2027-09,32.4
1,TFM,2026-04-15,2027-10,31.8
1,TFM,2026-04-15,2027-12,32.215
2,TFM,2026-04-16,2026-05,42.240323209731756
2,TFM,2026-04-16,2026-06,42.29431036443231
2,TFM,2026-04-16,2026-07,42.249060113328404
2,TFM,2026-04-16,2026-08,42.16722239550842
2,TFM,2026-04-16,2026-09,42.16222123544504
2,TFM,2026-04-16,2026-10,42.11115183034994
2,TFM,2026-04-16,2026-11,41.8
2,TFM,2026-04-16,2026-12,41.90728794564684
2,TFM,2026-04-16,2027-01,42.049975714008156
2,TFM,2026-04-16,2027-02,41.45
2,TFM,2026-04-16,2027-03,40.04061424548962
1,TFM,2026-04-16,2027-04,35.26
1,TFM,2026-04-16,2027-05,33.48
1,TFM,2026-04-16,2027-06,32.8
1,TFM,2026-04-16,2027-07,32.7
2,TFM,2026-04-16,2027-08,32.89914627205464
2,TFM,2026-04-16,2027-09,32.69881417410714
1,TFM,2026-04-16,2027-12,32.525
2,TFM,2026-04-17,2026-05,39.634695306345456
2,TFM,2026-04-17,2026-06,39.595312585179705
2,TFM,2026-04-17,2026-07,39.43039168541068
2,TFM,2026-04-17,2026-08,39.19215463917525
2,TFM,2026-04-17,2026-09,39.4672173014467
2,TFM,2026-04-17,2026-10,39.00265490227111
2,TFM,2026-04-17,2026-11,39.114792091147244
2,TFM,2026-04-17,2026-12,39.19491523442067
2,TFM,2026-04-17,2027-01,39.02948759212613
2,TFM,2026-04-17,2027-02,38.428940325797875
2,TFM,2026-04-17,2027-03,37.59948053398872
2,TFM,2026-04-17,2027-04,33.22
1,TFM,2026-04-17,2027-05,32.025
1,TFM,2026-04-17,2027-06,31.6
1,TFM,2026-04-17,2027-09,31.45
1,TFM,2026-04-17,2027-10,32.13
1,TFM,2026-04-17,2027-11,31.98
1,TFM,2026-04-17,2027-12,31.5
1,TFM,2026-04-17,2028-01,31.33
2,TFM,2026-04-19,2026-05,42.008151862464175
1,TFM,2026-04-19,2026-06,42.01
1,TFM,2026-04-19,2026-07,42.21
1,TFM,2026-04-19,2026-10,41.96
2,TFM,2026-04-20,2026-05,39.59774234871834
2,TFM,2026-04-20,2026-06,39.58657400006395
2,TFM,2026-04-20,2026-07,39.562096389551336
2,TFM,2026-04-20,2026-08,39.46252485158084
2,TFM,2026-04-20,2026-09,39.55231446059678
2,TFM,2026-04-20,2026-10,39.57715631050871
2,TFM,2026-04-20,2026-11,39.20088377839019
2,TFM,2026-04-20,2026-12,39.12799504469491
2,TFM,2026-04-20,2027-01,39.17
1,TFM,2026-04-20,2027-02,38.835
1,TFM,2026-04-20,2027-03,38.15
1,TFM,2026-04-20,2027-04,34.19
1,TFM,2026-04-20,2027-05,32.6
1,TFM,2026-04-20,2027-06,32.25
1,TFM,2026-04-20,2027-09,31.5
2,TFM,2026-04-21,2026-05,43.16070526723876
2,TFM,2026-04-21,2026-06,43.158974502661806
2,TFM,2026-04-21,2026-07,43.11138977748094
2,TFM,2026-04-21,2026-08,43.034416685205784
2,TFM,2026-04-21,2026-09,42.922427127581656
2,TFM,2026-04-21,2026-10,42.8740484608985
2,TFM,2026-04-21,2026-11,42.49925311488952
2,TFM,2026-04-21,2026-12,42.44390345349131
2,TFM,2026-04-21,2027-01,42.313816855070016
1,TFM,2026-04-21,2027-02,41.965
1,TFM,2026-04-21,2027-03,40.605
2,TFM,2026-04-21,2027-04,34.848317054845985
1,TFM,2026-04-21,2027-05,33.33
1,TFM,2026-04-21,2027-06,32.73
1,TFM,2026-04-21,2027-07,32.66
1,TFM,2026-04-21,2027-08,32.64
1,TFM,2026-04-21,2027-09,32.57
1,TFM,2026-04-21,2027-10,32.54
1,TFM,2026-04-21,2027-11,32.37
1,TFM,2026-04-21,2027-12,32.84
2,TFM,2026-04-22,2026-05,44.14145454351808
2,TFM,2026-04-22,2026-06,44.104494007989345
2,TFM,2026-04-22,2026-07,44.149592618832926
2,TFM,2026-04-22,2026-08,44.10935272085415
2,TFM,2026-04-22,2026-09,44.07325961356318
2,TFM,2026-04-22,2026-10,43.80261745398378
2,TFM,2026-04-22,2026-11,43.3042209631728
2,TFM,2026-04-22,2026-12,43.25982803738317
2,TFM,2026-04-22,2027-01,43.03561005269558
1,TFM,2026-04-22,2027-02,42.9
2,TFM,2026-04-22,2027-03,41.49944761069706
1,TFM,2026-04-22,2027-04,36.725
1,TFM,2026-04-22,2027-05,34.1
1,TFM,2026-04-22,2027-09,32.82
1,TFM,2026-04-22,2027-12,33.2
2,TFM,2026-04-23,2026-05,44.80849236735136
2,TFM,2026-04-23,2026-06,44.80351364101741
2,TFM,2026-04-23,2026-07,45.34432291666667
2,TFM,2026-04-23,2026-08,45.34461251821137
2,TFM,2026-04-23,2026-09,45.35715155203895
2,TFM,2026-04-23,2026-10,45.1315092741594
2,TFM,2026-04-23,2026-11,44.86073280071016
2,TFM,2026-04-23,2026-12,44.74427326123438
2,TFM,2026-04-23,2027-01,44.41963617021277
1,TFM,2026-04-23,2027-02,43.845
1,TFM,2026-04-23,2027-03,41.745
1,TFM,2026-04-23,2027-04,37.13
1,TFM,2026-04-23,2027-08,34.0
1,TFM,2026-04-23,2028-12,27.0
2,TFM,2026-04-24,2026-05,44.79687606916082
2,TFM,2026-04-24,2026-06,44.76365109275663
2,TFM,2026-04-24,2026-07,44.877822320968576
2,TFM,2026-04-24,2026-08,44.88985888738127
2,TFM,2026-04-24,2026-09,44.892939498395336
2,TFM,2026-04-24,2026-10,44.70830173186026
2,TFM,2026-04-24,2026-11,44.20252140077821
2,TFM,2026-04-24,2026-12,44.44263272677708
2,TFM,2026-04-24,2027-01,44.23531862745098
1,TFM,2026-04-24,2027-02,43.540000000000006
1,TFM,2026-04-24,2027-03,42.355
1,TFM,2026-04-24,2027-04,37.325
1,TFM,2026-04-24,2027-05,35.735
1,TFM,2026-04-24,2027-07,34.675
1,TFM,2026-04-24,2027-08,33.5
2,TFM,2026-04-26,2026-05,44.65040358744395
2,TFM,2026-04-26,2026-06,44.76580985915493
1,TFM,2026-04-26,2026-07,44.91
1,TFM,2026-04-26,2026-08,44.89
2,TFM,2026-04-26,2026-09,45.0
1,TFM,2026-04-26,2026-10,44.88
2,TFM,2026-04-27,2026-05,44.119035766809816
2,TFM,2026-04-27,2026-06,44.369739770998486
2,TFM,2026-04-27,2026-07,44.36961021657784
2,TFM,2026-04-27,2026-08,44.36974139517762
2,TFM,2026-04-27,2026-09,44.475323598630716
2,TFM,2026-04-27,2026-10,44.300025270393206
2,TFM,2026-04-27,2026-11,44.09003454629203
2,TFM,2026-04-27,2026-12,43.97005296049147
2,TFM,2026-04-27,2027-01,44.00075681130172
1,TFM,2026-04-27,2027-02,43.935
1,TFM,2026-04-27,2027-03,42.435
1,TFM,2026-04-27,2027-04,37.165
1,TFM,2026-04-27,2027-05,35.665
1,TFM,2026-04-27,2027-07,34.2
2,TFM,2026-04-28,2026-05,43.45547833275656
2,TFM,2026-04-28,2026-06,43.48580350342727
2,TFM,2026-04-28,2026-07,43.42034516638899
2,TFM,2026-04-28,2026-08,43.35229675793012
2,TFM,2026-04-28,2026-09,43.36532819884474
2,TFM,2026-04-28,2026-10,43.24045903954802
2,TFM,2026-04-28,2026-11,43.16504669204798
2,TFM,2026-04-28,2026-12,43.215
2,TFM,2026-04-28,2027-01,43.26730769230769
1,TFM,2026-04-28,2027-02,42.515
1,TFM,2026-04-28,2027-03,41.41
1,TFM,2026-04-28,2027-04,36.455
1,TFM,2026-04-28,2027-05,35.02
1,TFM,2026-04-28,2027-06,35.05
1,TFM,2026-04-28,2027-07,34.78
1,TFM,2026-04-28,2027-08,34.3
2,TFM,2026-04-29,2026-05,47.5
2,TFM,2026-04-29,2026-06,47.470238542027865
2,TFM,2026-04-29,2026-07,47.47002257954156
2,TFM,2026-04-29,2026-08,47.62137486444149
2,TFM,2026-04-29,2026-09,47.67364559819413
2,TFM,2026-04-29,2026-10,47.60290869980879
2,TFM,2026-04-29,2026-11,47.318085204269416
2,TFM,2026-04-29,2026-12,46.86723237827387
2,TFM,2026-04-29,2027-01,46.69550433300185
2,TFM,2026-04-29,2027-02,46.534371786882694
2,TFM,2026-04-29,2027-03,44.161385739856804
2,TFM,2026-04-29,2027-04,39.02461890243902
1,TFM,2026-04-29,2027-05,36.89
1,TFM,2026-04-29,2027-08,35.0
1,TFM,2026-04-29,2027-09,34.45
1,TFM,2026-04-29,2027-10,34.6
2,TFM,2026-04-29,2027-12,36.29018302828619
2,TFM,2026-04-30,2026-06,46.25
2,TFM,2026-04-30,2026-07,46.21855985412437
2,TFM,2026-04-30,2026-08,46.44171006711409
2,TFM,2026-04-30,2026-09,46.57323704769737
2,TFM,2026-04-30,2026-10,46.32660526512045
2,TFM,2026-04-30,2026-11,45.94632161955692
2,TFM,2026-04-30,2026-12,45.90956457663451
2,TFM,2026-04-30,2027-01,45.31241211667913
1,TFM,2026-04-30,2027-02,44.92
1,TFM,2026-04-30,2027-03,44.65
1,TFM,2026-04-30,2027-04,37.61
1,TFM,2026-04-30,2027-05,36.265
1,TFM,2026-04-30,2027-06,34.475
1,TFM,2026-04-30,2027-07,34.5
1,TFM,2026-04-30,2027-09,35.1
1,TFM,2026-04-30,2027-10,34.9
1,TFM,2026-04-30,2027-12,35.25
2,TFM,2026-05-01,2026-06,45.6122416886325
2,TFM,2026-05-01,2026-07,45.57805579373762
2,TFM,2026-05-01,2026-08,45.732319501496896
2,TFM,2026-05-01,2026-09,45.674347339632014
2,TFM,2026-05-01,2026-10,45.393929381140325
2,TFM,2026-05-01,2026-11,45.08478412976068
2,TFM,2026-05-01,2026-12,45.024874441964286
2,TFM,2026-05-01,2027-01,45.07336847775897
2,TFM,2026-05-01,2027-02,44.693322976541864
1,TFM,2026-05-01,2027-03,42.855
1,TFM,2026-05-01,2027-04,37.375
1,TFM,2026-05-01,2027-06,34.785
1,TFM,2026-05-01,2027-07,33.95
2,TFM,2026-05-03,2026-06,45.31854545454545
2,TFM,2026-05-03,2026-07,45.42818181818182
2,TFM,2026-05-03,2026-08,45.417297297297296
2,TFM,2026-05-03,2026-09,45.63458333333333
1,TFM,2026-05-03,2026-12,45.095
1,TFM,2026-05-03,2027-01,44.975
2,TFM,2026-05-04,2026-06,49.000228382069764
2,TFM,2026-05-04,2026-07,48.53999091578689
2,TFM,2026-05-04,2026-08,48.33622365737593
2,TFM,2026-05-04,2026-09,48.365842135906185
2,TFM,2026-05-04,2026-10,48.13592105263157
2,TFM,2026-05-04,2026-11,47.71675597159458
2,TFM,2026-05-04,2026-12,47.958019113814075
2,TFM,2026-05-04,2027-01,47.644739085058276
1,TFM,2026-05-04,2027-02,47.28
1,TFM,2026-05-04,2027-03,45.61
1,TFM,2026-05-04,2027-04,39.1
1,TFM,2026-05-04,2027-06,35.9
1,TFM,2026-05-04,2027-10,34.3
1,TFM,2026-05-04,2027-11,34.35
2,TFM,2026-05-05,2026-06,46.40990866742472
2,TFM,2026-05-05,2026-07,47.171796506317555
2,TFM,2026-05-05,2026-08,47.08983952282894
2,TFM,2026-05-05,2026-09,47.097080564406006
2,TFM,2026-05-05,2026-10,46.82477216804885
2,TFM,2026-05-05,2026-11,46.57398692810458
2,TFM,2026-05-05,2026-12,46.530423484119346
2,TFM,2026-05-05,2027-01,46.39069818304172
2,TFM,2026-05-05,2027-02,45.86407899526756
1,TFM,2026-05-05,2027-03,44.09
1,TFM,2026-05-05,2027-04,37.92
1,TFM,2026-05-05,2027-05,35.72
1,TFM,2026-05-05,2027-06,34.75
1,TFM,2026-05-05,2027-07,35.0
1,TFM,2026-05-05,2027-12,35.7
2,TFM,2026-05-06,2026-06,43.87938807280856
2,TFM,2026-05-06,2026-07,43.861205879178215
2,TFM,2026-05-06,2026-08,43.818876090957666
2,TFM,2026-05-06,2026-09,43.76087019101023
2,TFM,2026-05-06,2026-10,43.61116816128379
2,TFM,2026-05-06,2026-11,43.117029068110575
2,TFM,2026-05-06,2026-12,42.90907891815073
2,TFM,2026-05-06,2027-01,43.11908611097903
2,TFM,2026-05-06,2027-02,42.65454672106677
2,TFM,2026-05-06,2027-03,41.01317233809001
1,TFM,2026-05-06,2027-04,35.9
1,TFM,2026-05-06,2027-06,34.325
1,TFM,2026-05-06,2027-10,33.0
1,TFM,2026-05-06,2029-09,22.65
2,TFM,2026-05-07,2026-06,45.00975988736396
2,TFM,2026-05-07,2026-07,45.45
2,TFM,2026-05-07,2026-08,45.30509064780013
2,TFM,2026-05-07,2026-09,45.15162200129674
2,TFM,2026-05-07,2026-10,44.99151290381904
2,TFM,2026-05-07,2026-11,43.937832494345955
2,TFM,2026-05-07,2026-12,43.52787575944352
2,TFM,2026-05-07,2027-01,43.722396438250094
2,TFM,2026-05-07,2027-02,43.274669811320756
2,TFM,2026-05-07,2027-03,41.32594847775176
1,TFM,2026-05-07,2027-04,37.07
2,TFM,2026-05-07,2027-05,34.0885270979021
2,TFM,2026-05-07,2027-06,33.77958807416771
1,TFM,2026-05-07,2027-09,33.4
1,TFM,2026-05-07,2027-12,34.1
2,TFM,2026-05-08,2026-06,43.71083957199268
2,TFM,2026-05-08,2026-07,43.75502976336891
2,TFM,2026-05-08,2026-08,43.73460442911016
2,TFM,2026-05-08,2026-09,43.833686440677965
2,TFM,2026-05-08,2026-10,43.59133055235904
2,TFM,2026-05-08,2026-11,43.162865778053316
2,TFM,2026-05-08,2026-12,43.218255146002875
2,TFM,2026-05-08,2027-01,42.770844482712945
2,TFM,2026-05-08,2027-02,42.406064116379305
1,TFM,2026-05-08,2027-03,41.32
1,TFM,2026-05-08,2027-04,35.995
1,TFM,2026-05-08,2027-05,34.465
1,TFM,2026-05-08,2027-06,34.12
1,TFM,2026-05-08,2027-07,33.75
1,TFM,2026-05-08,2027-12,33.8
1,TFM,2026-05-08,2028-01,33.85
1,TFM,2026-05-08,2028-03,31.525
2,TFM,2026-05-10,2026-06,44.99850746268657
1,TFM,2026-05-10,2026-07,45.04
1,TFM,2026-05-10,2026-08,45.03
1,TFM,2026-05-10,2026-09,44.955
1,TFM,2026-05-10,2026-10,44.88
2,TFM,2026-05-11,2026-06,46.69608913546969
2,TFM,2026-05-11,2026-07,46.700840167736665
2,TFM,2026-05-11,2026-08,46.58421778668311
2,TFM,2026-05-11,2026-09,46.5852831132453
2,TFM,2026-05-11,2026-10,46.36425660792952
2,TFM,2026-05-11,2026-11,45.84369264004767
2,TFM,2026-05-11,2026-12,45.78511162098474
2,TFM,2026-05-11,2027-01,45.89036825251601
2,TFM,2026-05-11,2027-02,45.311464510332435
1,TFM,2026-05-11,2027-03,43.275
1,TFM,2026-05-11,2027-04,37.26
1,TFM,2026-05-11,2027-06,34.55
2,TFM,2026-05-12,2026-06,46.60000000000001
2,TFM,2026-05-12,2026-07,46.55509703441664
2,TFM,2026-05-12,2026-08,46.430484097429954
2,TFM,2026-05-12,2026-09,46.3050679729627
2,TFM,2026-05-12,2026-10,46.14300990675991
2,TFM,2026-05-12,2026-11,45.44418065153011
2,TFM,2026-05-12,2026-12,45.37755567137307
2,TFM,2026-05-12,2027-01,45.132002886146495
1,TFM,2026-05-12,2027-02,44.68
1,TFM,2026-05-12,2027-03,43.4
2,TFM,2026-05-12,2027-04,37.26620825147348
1,TFM,2026-05-12,2027-05,36.025
1,TFM,2026-05-12,2027-06,34.445
1,TFM,2026-05-12,2027-07,34.8
2,TFM,2026-05-13,2026-06,46.630850549915955
2,TFM,2026-05-13,2026-07,46.57013078116188
2,TFM,2026-05-13,2026-08,46.47273586192783
2,TFM,2026-05-13,2026-09,46.49518777168104
2,TFM,2026-05-13,2026-10,46.181866557511256
2,TFM,2026-05-13,2026-11,45.46362331502746
2,TFM,2026-05-13,2026-12,45.414344387401144
2,TFM,2026-05-13,2027-01,45.19181311724488
2,TFM,2026-05-13,2027-02,45.05628735232801
2,TFM,2026-05-13,2027-03,43.02056875710301
1,TFM,2026-05-13,2027-04,37.1
1,TFM,2026-05-13,2027-07,34.45
1,TFM,2026-05-13,2027-09,34.5
1,TFM,2026-05-13,2028-01,34.15
1,TFM,2026-05-13,2028-02,33.7
2,TFM,2026-05-14,2026-06,47.89951897309466
2,TFM,2026-05-14,2026-07,47.90476581488538
2,TFM,2026-05-14,2026-08,47.73422328232055
2,TFM,2026-05-14,2026-09,47.624348822671394
2,TFM,2026-05-14,2026-10,47.15825131390349
2,TFM,2026-05-14,2026-11,46.15212369597615
2,TFM,2026-05-14,2026-12,46.013487626031164
2,TFM,2026-05-14,2027-01,45.60691825113406
1,TFM,2026-05-14,2027-02,45.19
1,TFM,2026-05-14,2027-03,43.38
1,TFM,2026-05-14,2027-04,36.635
1,TFM,2026-05-14,2027-05,34.47
1,TFM,2026-05-14,2027-06,33.9
1,TFM,2026-05-14,2027-07,34.1
1,TFM,2026-05-14,2027-10,34.7
1,TFM,2026-05-14,2027-11,34.825
2,TFM,2026-05-15,2026-06,50.96696234082379
2,TFM,2026-05-15,2026-07,51.010354692900826
2,TFM,2026-05-15,2026-08,50.930169310916405
2,TFM,2026-05-15,2026-09,50.72141972942936
2,TFM,2026-05-15,2026-10,50.39700031328321
2,TFM,2026-05-15,2026-11,49.04951951375559
2,TFM,2026-05-15,2026-12,48.77391430254246
2,TFM,2026-05-15,2027-01,48.05
2,TFM,2026-05-15,2027-02,47.23714357746124
2,TFM,2026-05-15,2027-03,45.22110891508436
1,TFM,2026-05-15,2027-04,38.3
1,TFM,2026-05-15,2027-05,35.085
1,TFM,2026-05-15,2027-06,34.315
1,TFM,2026-05-15,2028-03,32.455
1,TFM,2026-05-17,2026-06,51.135
1,TFM,2026-05-17,2026-07,51.12
1,TFM,2026-05-17,2026-08,50.995
1,TFM,2026-05-17,2026-09,50.93
2,TFM,2026-05-18,2026-06,49.43077170461917
2,TFM,2026-05-18,2026-07,49.55237051792829
2,TFM,2026-05-18,2026-08,49.51133858267716
2,TFM,2026-05-18,2026-09,49.43344883595019
2,TFM,2026-05-18,2026-10,49.04667585684938
2,TFM,2026-05-18,2026-11,47.89631226420253
2,TFM,2026-05-18,2026-12,47.51142562241962
2,TFM,2026-05-18,2027-01,47.029741442994336
2,TFM,2026-05-18,2027-02,46.36955513035159
1,TFM,2026-05-18,2027-03,44.16
1,TFM,2026-05-18,2027-04,37.8
1,TFM,2026-05-18,2027-05,36.2
1,TFM,2026-05-18,2027-06,34.75
1,TFM,2026-05-18,2027-07,35.0
1,TFM,2026-05-18,2027-09,34.2
1,TFM,2026-05-18,2027-11,34.25
1,TFM,2026-05-18,2027-12,34.625
1,TFM,2026-05-18,2028-03,32.5
1,TFM,2026-05-18,2028-04,27.85
2,TFM,2026-05-19,2026-06,51.894568043012995
2,TFM,2026-05-19,2026-07,52.043788590867976
2,TFM,2026-05-19,2026-08,51.93401286393774
2,TFM,2026-05-19,2026-09,51.85750307080038
2,TFM,2026-05-19,2026-10,51.4909538532005
2,TFM,2026-05-19,2026-11,50.533766519823786
2,TFM,2026-05-19,2026-12,50.10687096774193
2,TFM,2026-05-19,2027-01,49.50266655549071
2,TFM,2026-05-19,2027-02,48.15281054648115
2,TFM,2026-05-19,2027-03,46.22789276232252
2,TFM,2026-05-19,2027-04,38.45486294006987
1,TFM,2026-05-19,2027-05,36.24
1,TFM,2026-05-19,2027-06,34.85
1,TFM,2026-05-19,2027-08,34.7
2,TFM,2026-05-20,2026-06,49.3475068766998
2,TFM,2026-05-20,2026-07,49.09806991094049
2,TFM,2026-05-20,2026-08,49.1251906302068
2,TFM,2026-05-20,2026-09,49.082385561701315
2,TFM,2026-05-20,2026-10,48.7780065988452
2,TFM,2026-05-20,2026-11,47.70739466895959
2,TFM,2026-05-20,2026-12,47.36702463777367
2,TFM,2026-05-20,2027-01,47.005446096654275
2,TFM,2026-05-20,2027-02,46.62680840211444
2,TFM,2026-05-20,2027-03,44.46813865897889
2,TFM,2026-05-20,2027-04,37.58171874999999
1,TFM,2026-05-20,2027-05,35.3
1,TFM,2026-05-20,2027-11,34.25
