ts_event,rtype,publisher_id,instrument_id,open,high,low,close,volume,symbol
2026-04-20T00:00:00.000000000Z,35,85,31131494,3.700000000,3.700000000,3.700000000,3.700000000,250,TFO  22  31131494
2026-04-20T00:00:00.000000000Z,35,85,31131698,0.100000000,0.100000000,0.100000000,0.100000000,900,TFO  76  31131698
2026-04-20T00:00:00.000000000Z,35,58,108990640,2.600000000,2.600000000,2.600000000,2.600000000,50,TFO FSV0026.H0027_OSCE0000075002092
2026-04-20T00:00:00.000000000Z,35,85,31131714,-0.550000000,-0.550000000,-0.550000000,-0.550000000,200,TFO  74  31131714
2026-04-20T00:00:00.000000000Z,35,58,108245410,2.880000000,2.880000000,2.880000000,2.880000000,1000,TFO FMM0026_OMPE0000037002052726
2026-04-20T00:00:00.000000000Z,35,85,31131287,0.775000000,0.775000000,0.775000000,0.775000000,100,TFO  72  31131287
2026-04-20T00:00:00.000000000Z,35,58,109335153,,,,,150,TFO FMG0027_OMCE0000070002012727
2026-04-20T00:00:00.000000000Z,35,85,31131197,0.050000000,0.050000000,0.050000000,0.050000000,75,TFO   7  31131197
2026-04-20T00:00:00.000000000Z,35,85,31131562,4.000000000,4.025000000,4.000000000,4.020000000,1450,TFO  55  31131562
2026-04-20T00:00:00.000000000Z,35,58,109838791,,,,,20,TFO FMH0027_OMCE0000060002022427
2026-04-20T00:00:00.000000000Z,35,58,108847185,9.700000000,9.700000000,9.700000000,9.700000000,500,TFO FMK0026_OMPE0000050002042426
2026-04-20T00:00:00.000000000Z,35,58,110698326,0.100000000,0.120000000,0.100000000,0.120000000,1000,TFO FMM0026_OMCE0000120002052726
2026-04-20T00:00:00.000000000Z,35,85,31124735,2.320000000,2.320000000,2.320000000,2.320000000,100,TFO   6  31124735
2026-04-20T00:00:00.000000000Z,35,58,108646542,,,,,250,TFO FMU0026_OMCE0000075002082626
2026-04-20T00:00:00.000000000Z,35,58,108481954,,,,,90,TFO FMH0027_OMCE0000047002022427
2026-04-20T00:00:00.000000000Z,35,58,109308583,,,,,150,TFO FMZ0026_OMCE0000050002112626
2026-04-20T00:00:00.000000000Z,35,58,108476879,4.500000000,4.500000000,4.500000000,4.500000000,300,TFO FMK0026_OMPE0000044002042426
2026-04-20T00:00:00.000000000Z,35,58,110781202,,,,,100,TFO FMV0027_OMCE0000060002092427
2026-04-20T00:00:00.000000000Z,35,58,109839115,3.015000000,3.015000000,3.015000000,3.015000000,25,TFO FQV0026.Z0026_OQCE0000060002092
2026-04-20T00:00:00.000000000Z,35,85,31131722,1.645000000,1.645000000,1.645000000,1.645000000,250,TFO  50  31131722
2026-04-20T00:00:00.000000000Z,35,58,109308579,4.100000000,4.100000000,4.100000000,4.100000000,175,TFO FMV0026_OMCE0000050002092526
2026-04-20T00:00:00.000000000Z,35,58,108484111,2.500000000,2.500000000,2.500000000,2.500000000,20,TFO FSJ0027.U0027_OSPE0000025002032
2026-04-20T00:00:00.000000000Z,35,58,108482146,,,,,25,TFO FMX0026_OMCE0000046002102726
2026-04-20T00:00:00.000000000Z,35,85,31131628,5.550000000,5.550000000,5.550000000,5.550000000,1000,TFO  16  31131628
2026-04-20T00:00:00.000000000Z,35,58,109576077,,,,,400,TFO FMQ0026_OMCE0000070002072726
2026-04-20T00:00:00.000000000Z,35,58,109408523,,,,,550,TFO FMU0026_OMCE0000060002082626
2026-04-20T00:00:00.000000000Z,35,85,31131228,0.600000000,0.600000000,0.600000000,0.600000000,50,TFO  65  31131228
2026-04-20T00:00:00.000000000Z,35,58,108484203,,,,,20,TFO FMV0027_OMPE0000025002092427
2026-04-20T00:00:00.000000000Z,35,58,110698350,0.930000000,0.930000000,0.930000000,0.930000000,32,TFO FMQ0026_OMCE0000085002072726
2026-04-20T00:00:00.000000000Z,35,58,108481998,,,,,125,TFO FMG0027_OMCE0000040002012727
2026-04-20T00:00:00.000000000Z,35,58,110781204,,,,,100,TFO FMX0027_OMCE0000060002102727
2026-04-20T00:00:00.000000000Z,35,58,108280839,,,,,75,TFO FMN0026_OMPE0000032002062626
2026-04-20T00:00:00.000000000Z,35,58,108147186,1.150000000,1.175000000,0.885000000,1.100000000,350,TFO FMK0026_OMCE0000042002042426
2026-04-20T00:00:00.000000000Z,35,58,109576079,,,,,400,TFO FMU0026_OMCE0000070002082626
2026-04-20T00:00:00.000000000Z,35,58,108481217,,,,,250,TFO FMZ0026_OMPE0000033002112626
2026-04-20T00:00:00.000000000Z,35,85,31131246,0.000000000,0.000000000,0.000000000,0.000000000,90,TFO  72  31131246
2026-04-20T00:00:00.000000000Z,35,85,31131260,2.650000000,2.650000000,2.650000000,2.650000000,25,TFO  46  31131260
2026-04-20T00:00:00.000000000Z,35,58,109838785,,,,,25,TFO FMZ0026_OMCE0000060002112626
2026-04-20T00:00:00.000000000Z,35,58,108398542,,,,,75,TFO FMU0026_OMPE0000028002082626
2026-04-20T00:00:00.000000000Z,35,85,31131587,0.175000000,0.175000000,0.175000000,0.175000000,250,TFO  76  31131587
2026-04-20T00:00:00.000000000Z,35,58,108481255,2.960000000,2.960000000,2.960000000,2.960000000,150,TFO FQF0027.H0027_OQPE0000030002122
2026-04-20T00:00:00.000000000Z,35,58,108255504,3.350000000,3.350000000,3.350000000,3.350000000,100,TFO FMM0026_OMPE0000039002052726
2026-04-20T00:00:00.000000000Z,35,58,110781214,2.600000000,2.600000000,2.600000000,2.600000000,100,TFO FSV0027.H0028_OSCE0000060002092
2026-04-20T00:00:00.000000000Z,35,85,31131328,1.380000000,1.380000000,1.380000000,1.380000000,50,TFO  51  31131328
2026-04-20T00:00:00.000000000Z,35,58,108338592,,,,,150,TFO FMQ0026_OMPE0000030002072726
2026-04-20T00:00:00.000000000Z,35,58,110787686,,,,,100,TFO FMG0027_OMCE0000125002012727
2026-04-20T00:00:00.000000000Z,35,58,108398556,,,,,500,TFO FMU0026_OMPE0000035002082626
2026-04-20T00:00:00.000000000Z,35,58,108147182,2.000000000,2.000000000,1.675000000,1.825000000,425,TFO FMK0026_OMCE0000040002042426
2026-04-20T00:00:00.000000000Z,35,85,108147181,1.170000000,1.325000000,1.165000000,1.325000000,30,TFO FMK0026_OMPE0000039002042426
2026-04-20T00:00:00.000000000Z,35,85,31131239,2.800000000,2.800000000,2.800000000,2.800000000,100,TFO  51  31131239
2026-04-20T00:00:00.000000000Z,35,85,31131381,2.775000000,2.775000000,2.775000000,2.775000000,25,TFO  54  31131381
2026-04-20T00:00:00.000000000Z,35,85,31131264,1.560000000,1.560000000,1.560000000,1.560000000,300,TFO  51  31131264
2026-04-20T00:00:00.000000000Z,35,58,108816683,,,,,20,TFO FMG0028_OMPE0000025002012728
2026-04-20T00:00:00.000000000Z,35,58,109838783,,,,,25,TFO FMX0026_OMCE0000060002102726
2026-04-20T00:00:00.000000000Z,35,58,109408601,1.800000000,1.850000000,1.700000000,1.700000000,350,TFO FQN0026.U0026_OQCE0000060002062
2026-04-20T00:00:00.000000000Z,35,58,108481291,,,,,90,TFO FMF0027_OMPE0000037002122426
2026-04-20T00:00:00.000000000Z,35,85,31131341,1.050000000,1.050000000,1.050000000,1.050000000,100,TFO  77  31131341
2026-04-20T00:00:00.000000000Z,35,58,109308585,,,,,170,TFO FMF0027_OMCE0000050002122426
2026-04-20T00:00:00.000000000Z,35,58,109184381,0.140000000,0.140000000,0.140000000,0.140000000,100,TFO FMK0026_OMCE0000055002042426
2026-04-20T00:00:00.000000000Z,35,85,31131591,353.750000000,353.750000000,353.750000000,353.750000000,7,TFO  58  31131591
2026-04-20T00:00:00.000000000Z,35,58,108482090,,,,,90,TFO FMF0027_OMCE0000047002122426
2026-04-20T00:00:00.000000000Z,35,58,108280831,,,,,75,TFO FMN0026_OMPE0000028002062626
2026-04-20T00:00:00.000000000Z,35,58,108482082,6.900000000,6.900000000,6.900000000,6.900000000,1092,TFO FMF0027_OMCE0000043002122426
2026-04-20T00:00:00.000000000Z,35,58,108338602,,,,,500,TFO FMQ0026_OMPE0000035002072726
2026-04-20T00:00:00.000000000Z,35,58,108481299,,,,,150,TFO FMG0027_OMPE0000030002012727
2026-04-20T00:00:00.000000000Z,35,85,108215821,1.535000000,1.535000000,1.535000000,1.535000000,10,TFO FMM0026_OMPE0000035002052726
2026-04-20T00:00:00.000000000Z,35,58,110787682,,,,,100,TFO FMZ0026_OMCE0000125002112626
2026-04-20T00:00:00.000000000Z,35,58,110765682,4.850000000,4.850000000,4.850000000,4.850000000,1043,TFO FMF0027_OMCE0000053002122426
2026-04-20T00:00:00.000000000Z,35,58,108481271,5.300000000,5.300000000,5.300000000,5.300000000,90,TFO FQF0027.H0027_OQPE0000038002122
2026-04-20T00:00:00.000000000Z,35,58,108332542,4.535000000,4.535000000,4.000000000,4.020000000,2750,TFO FMM0026_OMCE0000040002052726
2026-04-20T00:00:00.000000000Z,35,85,31131768,1.025000000,1.025000000,1.025000000,1.025000000,250,TFO  55  31131768
2026-04-20T00:00:00.000000000Z,35,85,31131201,3.950000000,3.950000000,3.930000000,3.930000000,725,TFO  56  31131201
2026-04-20T00:00:00.000000000Z,35,85,31131180,1.475000000,1.475000000,1.475000000,1.475000000,400,TFO  51  31131180
2026-04-20T00:00:00.000000000Z,35,58,108990628,,,,,50,TFO FMV0026_OMCE0000075002092526
2026-04-20T00:00:00.000000000Z,35,58,108990636,,,,,50,TFO FMG0027_OMCE0000075002012727
2026-04-20T00:00:00.000000000Z,35,58,108248812,,,,,50,TFO FMM0026_OMPE0000038002052726
2026-04-20T00:00:00.000000000Z,35,85,108248812,2.725000000,2.725000000,2.725000000,2.725000000,30,TFO FMM0026_OMPE0000038002052726
2026-04-20T00:00:00.000000000Z,35,85,31131677,0.230000000,0.230000000,0.230000000,0.230000000,100,TFO  50  31131677
2026-04-20T00:00:00.000000000Z,35,58,108455381,,,,,250,TFO FMV0026_OMPE0000033002092526
2026-04-20T00:00:00.000000000Z,35,58,110787684,,,,,100,TFO FMF0027_OMCE0000125002122426
2026-04-20T00:00:00.000000000Z,35,58,110698602,,,,,100,TFO FMV0026_OMCE0000125002092526
2026-04-20T00:00:00.000000000Z,35,58,108400937,4.825000000,4.900000000,4.825000000,4.900000000,540,TFO FMN0026_OMPE0000040002062626
2026-04-20T00:00:00.000000000Z,35,58,109335155,,,,,150,TFO FMH0027_OMCE0000070002022427
2026-04-20T00:00:00.000000000Z,35,85,110184027,0.770000000,0.770000000,0.770000000,0.770000000,10,TFO FMM0026_OMPE0000032502052726
2026-04-20T00:00:00.000000000Z,35,58,108482544,5.300000000,5.300000000,5.300000000,5.300000000,90,TFO FQF0027.H0027_OQCE0000047002122
2026-04-20T00:00:00.000000000Z,35,58,108484149,,,,,20,TFO FMM0027_OMPE0000025002052627
2026-04-20T00:00:00.000000000Z,35,58,108816661,,,,,20,TFO FMF0028_OMPE0000025002122427
2026-04-20T00:00:00.000000000Z,35,85,108398544,0.715000000,0.715000000,0.715000000,0.715000000,25,TFO FMU0026_OMPE0000029002082626
2026-04-20T00:00:00.000000000Z,35,58,108147177,0.400000000,0.650000000,0.400000000,0.650000000,375,TFO FMK0026_OMPE0000037002042426
2026-04-20T00:00:00.000000000Z,35,85,108147177,0.400000000,0.400000000,0.400000000,0.400000000,100,TFO FMK0026_OMPE0000037002042426
2026-04-20T00:00:00.000000000Z,35,85,31131166,1.525000000,1.525000000,1.525000000,1.525000000,100,TFO  56  31131166
2026-04-20T00:00:00.000000000Z,35,85,31131395,4.825000000,4.825000000,4.825000000,4.825000000,40,TFO  56  31131395
2026-04-20T00:00:00.000000000Z,35,58,108215817,,,,,100,TFO FMM0026_OMPE0000033002052726
2026-04-20T00:00:00.000000000Z,35,58,108455391,,,,,90,TFO FMV0026_OMPE0000038002092526
2026-04-20T00:00:00.000000000Z,35,58,108646540,,,,,250,TFO FMQ0026_OMCE0000075002072726
2026-04-20T00:00:00.000000000Z,35,85,31131699,0.300000000,0.300000000,0.300000000,0.300000000,200,TFO  50  31131699
2026-04-20T00:00:00.000000000Z,35,58,108455905,5.300000000,5.735000000,5.300000000,5.735000000,400,TFO FQN0026.U0026_OQPE0000040002062
2026-04-20T00:00:00.000000000Z,35,58,108990634,,,,,50,TFO FMF0027_OMCE0000075002122426
2026-04-20T00:00:00.000000000Z,35,85,31131198,0.900000000,0.900000000,0.900000000,0.900000000,25,TFO  16  31131198
2026-04-20T00:00:00.000000000Z,35,58,108816705,,,,,20,TFO FMH0028_OMPE0000025002022528
2026-04-20T00:00:00.000000000Z,35,58,108481227,,,,,90,TFO FMZ0026_OMPE0000038002112626
2026-04-20T00:00:00.000000000Z,35,85,31131570,4.000000000,4.000000000,4.000000000,4.000000000,75,TFO  55  31131570
2026-04-20T00:00:00.000000000Z,35,85,109408517,1.015000000,1.015000000,1.015000000,1.015000000,20,TFO FMM0026_OMCE0000060002052726
2026-04-20T00:00:00.000000000Z,35,85,31131656,0.865000000,0.865000000,0.865000000,0.865000000,75,TFO  50  31131656
2026-04-20T00:00:00.000000000Z,35,58,108400943,,,,,400,TFO FMU0026_OMPE0000040002082626
2026-04-20T00:00:00.000000000Z,35,58,109335167,3.735000000,3.735000000,3.735000000,3.735000000,150,TFO FQF0027.H0027_OQCE0000070002122
2026-04-20T00:00:00.000000000Z,35,85,108476878,0.790000000,0.790000000,0.790000000,0.790000000,200,TFO FMK0026_OMCE0000044002042426
2026-04-20T00:00:00.000000000Z,35,85,31131619,0.300000000,0.300000000,0.300000000,0.300000000,25,TFO  58  31131619
2026-04-20T00:00:00.000000000Z,35,85,31131263,0.240000000,0.240000000,0.240000000,0.240000000,150,TFO  77  31131263
2026-04-20T00:00:00.000000000Z,35,58,109370193,0.075000000,0.075000000,0.075000000,0.075000000,500,TFO FMK0026_OMCE0000065002042426
2026-04-20T00:00:00.000000000Z,35,58,108147183,1.500000000,2.025000000,1.375000000,1.850000000,2600,TFO FMK0026_OMPE0000040002042426
2026-04-20T00:00:00.000000000Z,35,85,108147183,1.580000000,1.650000000,1.580000000,1.650000000,540,TFO FMK0026_OMPE0000040002042426
2026-04-20T00:00:00.000000000Z,35,58,108338588,,,,,75,TFO FMQ0026_OMPE0000028002072726
2026-04-20T00:00:00.000000000Z,35,58,108381602,,,,,400,TFO FMQ0026_OMPE0000040002072726
2026-04-20T00:00:00.000000000Z,35,58,108147169,0.050000000,0.050000000,0.050000000,0.050000000,275,TFO FMK0026_OMPE0000033002042426
2026-04-20T00:00:00.000000000Z,35,85,31131493,1.250000000,1.250000000,1.250000000,1.250000000,20,TFO  50  31131493
2026-04-20T00:00:00.000000000Z,35,85,31131627,0.825000000,0.825000000,0.825000000,0.825000000,150,TFO  50  31131627
2026-04-20T00:00:00.000000000Z,35,58,108481315,,,,,90,TFO FMG0027_OMPE0000038002012727
2026-04-20T00:00:00.000000000Z,35,85,31131316,2.600000000,2.600000000,2.600000000,2.600000000,100,TFO  55  31131316
2026-04-20T00:00:00.000000000Z,35,58,109184387,2.305000000,2.305000000,2.305000000,2.305000000,250,TFO FMQ0026_OMCE0000055002072726
2026-04-20T00:00:00.000000000Z,35,85,31131262,1.550000000,1.550000000,1.550000000,1.550000000,150,TFO  51  31131262
2026-04-20T00:00:00.000000000Z,35,58,108990632,,,,,50,TFO FMZ0026_OMCE0000075002112626
2026-04-20T00:00:00.000000000Z,35,58,108455367,2.500000000,2.755000000,2.500000000,2.755000000,500,TFO FQN0026.U0026_OQPE0000035002062
2026-04-20T00:00:00.000000000Z,35,85,109576071,0.060000000,0.060000000,0.060000000,0.060000000,750,TFO FMK0026_OMCE0000070002042426
2026-04-20T00:00:00.000000000Z,35,58,108147179,0.720000000,0.960000000,0.700000000,0.700000000,425,TFO FMK0026_OMPE0000038002042426
2026-04-20T00:00:00.000000000Z,35,85,108147179,0.825000000,0.825000000,0.800000000,0.800000000,150,TFO FMK0026_OMPE0000038002042426
2026-04-20T00:00:00.000000000Z,35,58,108482186,,,,,25,TFO FMZ0026_OMCE0000046002112626
2026-04-20T00:00:00.000000000Z,35,58,109308591,5.450000000,5.450000000,5.450000000,5.450000000,150,TFO FSV0026.H0027_OSCE0000050002092
2026-04-20T00:00:00.000000000Z,35,58,110698338,0.680000000,0.680000000,0.680000000,0.680000000,35,TFO FMN0026_OMCE0000085002062626
2026-04-20T00:00:00.000000000Z,35,58,108293633,2.100000000,2.100000000,2.100000000,2.100000000,625,TFO FMN0026_OMPE0000035002062626
2026-04-20T00:00:00.000000000Z,35,58,108482006,,,,,90,TFO FMG0027_OMCE0000044002012727
2026-04-20T00:00:00.000000000Z,35,85,31131403,1.430000000,1.430000000,1.430000000,1.430000000,100,TFO  50  31131403
2026-04-20T00:00:00.000000000Z,35,58,109308587,,,,,170,TFO FMG0027_OMCE0000050002012727
2026-04-20T00:00:00.000000000Z,35,58,110787688,,,,,100,TFO FMH0027_OMCE0000125002022427
2026-04-20T00:00:00.000000000Z,35,58,108455357,0.835000000,0.940000000,0.835000000,0.940000000,150,TFO FQN0026.U0026_OQPE0000030002062
2026-04-20T00:00:00.000000000Z,35,58,108147175,0.300000000,0.300000000,0.230000000,0.230000000,250,TFO FMK0026_OMPE0000036002042426
2026-04-20T00:00:00.000000000Z,35,85,31131605,4.025000000,4.025000000,4.025000000,4.025000000,75,TFO  55  31131605
2026-04-20T00:00:00.000000000Z,35,85,31131297,2.320000000,2.320000000,2.320000000,2.320000000,300,TFO  66  31131297
2026-04-20T00:00:00.000000000Z,35,85,31131244,2.500000000,2.500000000,2.500000000,2.500000000,20,TFO  56  31131244
2026-04-20T00:00:00.000000000Z,35,58,108147173,0.150000000,0.225000000,0.140000000,0.200000000,1950,TFO FMK0026_OMPE0000035002042426
2026-04-20T00:00:00.000000000Z,35,58,108482188,,,,,90,TFO FMZ0026_OMCE0000047002112626
2026-04-20T00:00:00.000000000Z,35,85,31131404,0.560000000,0.560000000,0.560000000,0.560000000,100,TFO  50  31131404
2026-04-20T00:00:00.000000000Z,35,58,109839119,4.225000000,4.225000000,4.225000000,4.225000000,20,TFO FQF0027.H0027_OQCE0000060002122
2026-04-20T00:00:00.000000000Z,35,85,31131691,0.470000000,0.470000000,0.470000000,0.470000000,100,TFO  51  31131691
2026-04-20T00:00:00.000000000Z,35,58,108159085,0.030000000,0.030000000,0.030000000,0.030000000,300,TFO FMK0026_OMPE0000032002042426
2026-04-20T00:00:00.000000000Z,35,58,110787690,1.200000000,1.200000000,1.200000000,1.200000000,100,TFO FSV0026.H0027_OSCE0000125002092
2026-04-20T00:00:00.000000000Z,35,58,108990638,,,,,50,TFO FMH0027_OMCE0000075002022427
2026-04-20T00:00:00.000000000Z,35,58,108455904,5.500000000,5.550000000,5.225000000,5.225000000,650,TFO FQN0026.U0026_OQCE0000040002062
2026-04-20T00:00:00.000000000Z,35,58,110698320,0.200000000,0.240000000,0.200000000,0.240000000,500,TFO FMM0026_OMCE0000090002052726
2026-04-20T00:00:00.000000000Z,35,58,108455903,0.460000000,0.525000000,0.460000000,0.525000000,75,TFO FQN0026.U0026_OQPE0000028002062
2026-04-20T00:00:00.000000000Z,35,85,109408515,0.100000000,0.120000000,0.100000000,0.120000000,1600,TFO FMK0026_OMCE0000060002042426
2026-04-20T00:00:00.000000000Z,35,58,108476848,3.000000000,3.000000000,2.700000000,2.700000000,2375,TFO FMM0026_OMCE0000045002052726
2026-04-20T00:00:00.000000000Z,35,85,31131268,0.700000000,0.700000000,0.700000000,0.700000000,50,TFO  55  31131268
2026-04-20T00:00:00.000000000Z,35,85,31131410,0.930000000,0.930000000,0.930000000,0.930000000,25,TFO  51  31131410
2026-04-20T00:00:00.000000000Z,35,58,108482522,5.045000000,5.045000000,5.045000000,5.045000000,25,TFO FQV0026.Z0026_OQCE0000046002092
2026-04-20T00:00:00.000000000Z,35,58,108481293,,,,,90,TFO FMF0027_OMPE0000038002122426
2026-04-20T00:00:00.000000000Z,35,58,108280835,0.720000000,0.720000000,0.720000000,0.720000000,275,TFO FMN0026_OMPE0000030002062626
2026-04-20T00:00:00.000000000Z,35,58,108484129,,,,,20,TFO FMJ0027_OMPE0000025002032527
2026-04-20T00:00:00.000000000Z,35,85,109838932,1.345000000,1.345000000,1.345000000,1.345000000,5,TFO FMM0026_OMPE0000034502052726
2026-04-20T00:00:00.000000000Z,35,58,108215811,0.375000000,0.375000000,0.375000000,0.375000000,300,TFO FMM0026_OMPE0000030002052726
2026-04-20T00:00:00.000000000Z,35,58,109184383,1.300000000,1.300000000,1.220000000,1.220000000,1000,TFO FMM0026_OMCE0000055002052726
2026-04-20T00:00:00.000000000Z,35,58,108847186,2.065000000,2.065000000,1.770000000,1.880000000,1875,TFO FMM0026_OMCE0000050002052726
2026-04-20T00:00:00.000000000Z,35,85,108847186,1.900000000,1.900000000,1.850000000,1.850000000,25,TFO FMM0026_OMCE0000050002052726
2026-04-20T00:00:00.000000000Z,35,58,108332543,3.950000000,4.025000000,3.930000000,3.930000000,825,TFO FMM0026_OMPE0000040002052726
2026-04-20T00:00:00.000000000Z,35,58,108482012,,,,,90,TFO FMG0027_OMCE0000047002012727
2026-04-20T00:00:00.000000000Z,35,58,108816599,3.210000000,3.210000000,3.210000000,3.210000000,20,TFO FSV0027.H0028_OSPE0000025002092
2026-04-20T00:00:00.000000000Z,35,85,31131717,0.350000000,0.350000000,0.350000000,0.350000000,50,TFO  55  31131717
2026-04-20T00:00:00.000000000Z,35,85,31131196,1.225000000,1.225000000,1.225000000,1.225000000,450,TFO  51  31131196
2026-04-20T00:00:00.000000000Z,35,85,31131603,0.150000000,0.150000000,0.150000000,0.150000000,275,TFO   7  31131603
2026-04-20T00:00:00.000000000Z,35,85,31131542,0.950000000,0.950000000,0.950000000,0.950000000,25,TFO  77  31131542
2026-04-20T00:00:00.000000000Z,35,85,31131418,0.930000000,0.935000000,0.930000000,0.935000000,200,TFO  51  31131418
2026-04-20T00:00:00.000000000Z,35,85,31131302,0.080000000,0.140000000,0.080000000,0.140000000,100,TFO  70  31131302
2026-04-20T00:00:00.000000000Z,35,85,110748578,1.595000000,1.595000000,1.595000000,1.595000000,15,TFO FMN0026_OMCE0000057002062626
2026-04-20T00:00:00.000000000Z,35,85,31131329,1.380000000,1.380000000,1.380000000,1.380000000,75,TFO  51  31131329
2026-04-20T00:00:00.000000000Z,35,85,31131377,2.000000000,2.000000000,2.000000000,2.000000000,25,TFO  55  31131377
2026-04-20T00:00:00.000000000Z,35,58,108400942,,,,,650,TFO FMU0026_OMCE0000040002082626
2026-04-20T00:00:00.000000000Z,35,58,109335151,,,,,150,TFO FMF0027_OMCE0000070002122426
2026-04-20T00:00:00.000000000Z,35,58,108481277,,,,,150,TFO FMF0027_OMPE0000030002122426
2026-04-20T00:00:00.000000000Z,35,58,110781208,,,,,100,TFO FMF0028_OMCE0000060002122427
2026-04-20T00:00:00.000000000Z,35,85,31131781,4.000000000,4.000000000,4.000000000,4.000000000,100,TFO  73  31131781
2026-04-20T00:00:00.000000000Z,35,58,108476880,0.700000000,0.750000000,0.490000000,0.750000000,3525,TFO FMK0026_OMCE0000045002042426
2026-04-20T00:00:00.000000000Z,35,58,108482160,,,,,25,TFO FMV0026_OMCE0000046002092526
2026-04-20T00:00:00.000000000Z,35,85,31131472,1.280000000,1.280000000,1.280000000,1.280000000,50,TFO  51  31131472
2026-04-20T00:00:00.000000000Z,35,58,109838789,,,,,20,TFO FMG0027_OMCE0000060002012727
2026-04-20T00:00:00.000000000Z,35,58,109838781,2.800000000,2.800000000,2.800000000,2.800000000,50,TFO FMV0026_OMCE0000060002092526
2026-04-20T00:00:00.000000000Z,35,85,108476840,3.700000000,3.700000000,3.700000000,3.700000000,50,TFO FMN0026_OMCE0000045002062626
2026-04-20T00:00:00.000000000Z,35,58,108482530,8.150000000,8.150000000,8.150000000,8.150000000,125,TFO FQF0027.H0027_OQCE0000040002122
2026-04-20T00:00:00.000000000Z,35,58,108484139,,,,,20,TFO FMK0027_OMPE0000025002042627
2026-04-20T00:00:00.000000000Z,35,58,108428898,2.670000000,2.670000000,2.670000000,2.670000000,1000,TFO FMM0026_OMCE0000043002052726
2026-04-20T00:00:00.000000000Z,35,58,109576073,0.525000000,0.550000000,0.525000000,0.550000000,800,TFO FMM0026_OMCE0000070002052726
2026-04-20T00:00:00.000000000Z,35,85,108482194,0.400000000,0.400000000,0.400000000,0.400000000,15,TFO FMK0026_OMCE0000048002042426
2026-04-20T00:00:00.000000000Z,35,85,31131259,1.035000000,1.035000000,1.035000000,1.035000000,50,TFO  77  31131259
2026-04-20T00:00:00.000000000Z,35,58,108147181,1.000000000,1.400000000,1.000000000,1.400000000,775,TFO FMK0026_OMPE0000039002042426
2026-04-20T00:00:00.000000000Z,35,58,108481183,5.300000000,5.300000000,5.300000000,5.300000000,90,TFO FQV0026.Z0026_OQPE0000038002092
2026-04-20T00:00:00.000000000Z,35,85,31131343,5.550000000,5.550000000,5.550000000,5.550000000,500,TFO  55  31131343
2026-04-20T00:00:00.000000000Z,35,58,108990630,,,,,50,TFO FMX0026_OMCE0000075002102726
2026-04-20T00:00:00.000000000Z,35,85,31131414,0.750000000,0.750000000,0.750000000,0.750000000,300,TFO  16  31131414
2026-04-20T00:00:00.000000000Z,35,58,108482148,,,,,90,TFO FMX0026_OMCE0000047002102726
2026-04-20T00:00:00.000000000Z,35,58,108847188,2.600000000,2.600000000,2.600000000,2.600000000,125,TFO FMN0026_OMCE0000050002062626
2026-04-20T00:00:00.000000000Z,35,58,108482162,,,,,90,TFO FMV0026_OMCE0000047002092526
2026-04-20T00:00:00.000000000Z,35,58,108481337,,,,,90,TFO FMH0027_OMPE0000038002022427
2026-04-20T00:00:00.000000000Z,35,58,108482076,,,,,125,TFO FMF0027_OMCE0000040002122426
2026-04-20T00:00:00.000000000Z,35,58,108476882,0.570000000,0.570000000,0.570000000,0.570000000,75,TFO FMK0026_OMCE0000046002042426
2026-04-20T00:00:00.000000000Z,35,85,108476882,0.650000000,0.650000000,0.650000000,0.650000000,25,TFO FMK0026_OMCE0000046002042426
2026-04-20T00:00:00.000000000Z,35,58,108338596,,,,,75,TFO FMQ0026_OMPE0000032002072726
2026-04-20T00:00:00.000000000Z,35,85,31131251,1.150000000,1.175000000,1.150000000,1.175000000,200,TFO  55  31131251
2026-04-20T00:00:00.000000000Z,35,58,108398550,,,,,75,TFO FMU0026_OMPE0000032002082626
2026-04-20T00:00:00.000000000Z,35,58,108484209,,,,,20,TFO FMX0027_OMPE0000025002102727
2026-04-20T00:00:00.000000000Z,35,58,109308651,5.475000000,5.475000000,5.475000000,5.475000000,20,TFO FQF0027.H0027_OQCE0000050002122
2026-04-20T00:00:00.000000000Z,35,58,108398546,,,,,150,TFO FMU0026_OMPE0000030002082626
2026-04-20T00:00:00.000000000Z,35,85,108398546,1.000000000,1.000000000,0.985000000,0.985000000,50,TFO FMU0026_OMPE0000030002082626
2026-04-20T00:00:00.000000000Z,35,85,31131793,0.225000000,0.225000000,0.225000000,0.225000000,200,TFO  77  31131793
2026-04-20T00:00:00.000000000Z,35,85,108147188,1.000000000,1.000000000,1.000000000,1.000000000,25,TFO FMK0026_OMCE0000043002042426
2026-04-20T00:00:00.000000000Z,35,85,31131241,-0.150000000,-0.150000000,-0.150000000,-0.150000000,400,TFO  74  31131241
2026-04-20T00:00:00.000000000Z,35,85,31131371,1.300000000,1.300000000,1.300000000,1.300000000,25,TFO   6  31131371
2026-04-20T00:00:00.000000000Z,35,85,31131720,4.900000000,4.900000000,4.900000000,4.900000000,100,TFO  56  31131720
2026-04-20T00:00:00.000000000Z,35,85,31131568,0.210000000,0.210000000,0.210000000,0.210000000,200,TFO   4  31131568
2026-04-20T00:00:00.000000000Z,35,85,31131754,1.525000000,1.525000000,1.525000000,1.525000000,25,TFO  76  31131754
2026-04-20T00:00:00.000000000Z,35,85,31131380,3.210000000,3.210000000,3.210000000,3.210000000,20,TFO  56  31131380
2026-04-20T00:00:00.000000000Z,35,58,108484171,,,,,20,TFO FMN0027_OMPE0000025002062527
2026-04-20T00:00:00.000000000Z,35,58,109576075,,,,,400,TFO FMN0026_OMCE0000070002062626
2026-04-20T00:00:00.000000000Z,35,85,31131148,0.150000000,0.150000000,0.150000000,0.150000000,100,TFO  56  31131148
2026-04-20T00:00:00.000000000Z,35,58,108481205,,,,,90,TFO FMX0026_OMPE0000038002102726
2026-04-20T00:00:00.000000000Z,35,85,31131236,0.740000000,0.740000000,0.740000000,0.740000000,50,TFO  72  31131236
2026-04-20T00:00:00.000000000Z,35,58,108482524,5.300000000,5.300000000,5.300000000,5.300000000,90,TFO FQV0026.Z0026_OQCE0000047002092
2026-04-20T00:00:00.000000000Z,35,58,108481948,,,,,90,TFO FMH0027_OMCE0000044002022427
2026-04-20T00:00:00.000000000Z,35,58,108481269,6.875000000,6.875000000,6.875000000,6.875000000,90,TFO FQF0027.H0027_OQPE0000037002122
2026-04-20T00:00:00.000000000Z,35,58,108455361,1.350000000,1.505000000,1.350000000,1.505000000,75,TFO FQN0026.U0026_OQPE0000032002062
2026-04-20T00:00:00.000000000Z,35,85,31131451,1.810000000,1.810000000,1.810000000,1.810000000,50,TFO  56  31131451
2026-04-20T00:00:00.000000000Z,35,58,108481335,,,,,90,TFO FMH0027_OMPE0000037002022427
2026-04-20T00:00:00.000000000Z,35,85,108646542,1.440000000,1.465000000,1.440000000,1.465000000,50,TFO FMU0026_OMCE0000075002082626
2026-04-20T00:00:00.000000000Z,35,85,31131247,0.000000000,0.000000000,0.000000000,0.000000000,90,TFO  72  31131247
2026-04-20T00:00:00.000000000Z,35,85,110704964,2.355000000,2.355000000,2.255000000,2.255000000,15,TFO FMN0026_OMCE0000051002062626
2026-04-20T00:00:00.000000000Z,35,85,31131258,2.650000000,2.650000000,2.650000000,2.650000000,100,TFO  46  31131258
2026-04-20T00:00:00.000000000Z,35,85,31131555,0.570000000,0.570000000,0.570000000,0.570000000,75,TFO  55  31131555
2026-04-20T00:00:00.000000000Z,35,85,31131534,2.030000000,2.030000000,2.030000000,2.030000000,25,TFO  50  31131534
2026-04-20T00:00:00.000000000Z,35,85,108476839,7.450000000,7.450000000,7.450000000,7.450000000,25,TFO FMN0026_OMPE0000044002062626
2026-04-20T00:00:00.000000000Z,35,85,31131291,0.775000000,0.775000000,0.775000000,0.775000000,25,TFO  72  31131291
2026-04-20T00:00:00.000000000Z,35,85,31131565,0.440000000,0.440000000,0.440000000,0.440000000,100,TFO  51  31131565
2026-04-20T00:00:00.000000000Z,35,58,109773043,0.375000000,0.375000000,0.375000000,0.375000000,300,TFO FMM0026_OMCE0000080002052726
2026-04-20T00:00:00.000000000Z,35,58,110781210,,,,,100,TFO FMG0028_OMCE0000060002012728
2026-04-20T00:00:00.000000000Z,35,85,31131292,53.560000000,53.560000000,53.560000000,53.560000000,1,TFO  58  31131292
2026-04-20T00:00:00.000000000Z,35,58,109308589,,,,,170,TFO FMH0027_OMCE0000050002022427
2026-04-20T00:00:00.000000000Z,35,58,110698620,,,,,100,TFO FMX0026_OMCE0000125002102726
2026-04-20T00:00:00.000000000Z,35,58,108484189,,,,,20,TFO FMU0027_OMPE0000025002082627
2026-04-20T00:00:00.000000000Z,35,85,31131470,1.280000000,1.280000000,1.280000000,1.280000000,100,TFO  51  31131470
2026-04-20T00:00:00.000000000Z,35,58,110781212,,,,,100,TFO FMH0028_OMCE0000060002022528
2026-04-20T00:00:00.000000000Z,35,85,108481173,2.800000000,2.800000000,2.800000000,2.800000000,250,TFO FQV0026.Z0026_OQPE0000033002092
2026-04-20T00:00:00.000000000Z,35,85,31131205,0.350000000,0.350000000,0.350000000,0.350000000,50,TFO  66  31131205
2026-04-20T00:00:00.000000000Z,35,58,108147171,0.100000000,0.120000000,0.100000000,0.120000000,375,TFO FMK0026_OMPE0000034002042426
2026-04-20T00:00:00.000000000Z,35,58,109408517,0.900000000,0.950000000,0.880000000,0.950000000,600,TFO FMM0026_OMCE0000060002052726
2026-04-20T00:00:00.000000000Z,35,58,108484181,,,,,20,TFO FMQ0027_OMPE0000025002072727
2026-04-20T00:00:00.000000000Z,35,85,109576079,1.680000000,1.680000000,1.680000000,1.680000000,25,TFO FMU0026_OMCE0000070002082626
2026-04-20T00:00:00.000000000Z,35,85,31131376,2.775000000,2.775000000,2.775000000,2.775000000,475,TFO  54  31131376
2026-04-20T00:00:00.000000000Z,35,85,31096841,8.200000000,8.200000000,8.200000000,8.200000000,500,TFO   7  31096841
2026-04-20T00:00:00.000000000Z,35,58,108476868,3.950000000,3.950000000,3.950000000,3.950000000,250,TFO FMQ0026_OMCE0000045002072726
2026-04-20T00:00:00.000000000Z,35,58,108482084,,,,,90,TFO FMF0027_OMCE0000044002122426
2026-04-20T00:00:00.000000000Z,35,58,108660842,1.025000000,1.025000000,1.025000000,1.025000000,250,TFO FQN0026.U0026_OQCE0000075002062
2026-04-20T00:00:00.000000000Z,35,58,109838787,,,,,20,TFO FMF0027_OMCE0000060002122426
2026-04-20T00:00:00.000000000Z,35,58,109408519,1.475000000,1.475000000,1.475000000,1.475000000,800,TFO FMN0026_OMCE0000060002062626
2026-04-20T00:00:00.000000000Z,35,58,108847184,0.270000000,0.350000000,0.265000000,0.325000000,3200,TFO FMK0026_OMCE0000050002042426
2026-04-20T00:00:00.000000000Z,35,85,108847184,0.275000000,0.350000000,0.275000000,0.350000000,1215,TFO FMK0026_OMCE0000050002042426
2026-04-20T00:00:00.000000000Z,35,85,31131267,0.700000000,0.750000000,0.700000000,0.750000000,1200,TFO  55  31131267
2026-04-20T00:00:00.000000000Z,35,85,108476880,0.730000000,0.730000000,0.730000000,0.730000000,50,TFO FMK0026_OMCE0000045002042426
2026-04-20T00:00:00.000000000Z,35,85,108215813,0.525000000,0.570000000,0.525000000,0.550000000,20,TFO FMM0026_OMPE0000031002052726
2026-04-20T00:00:00.000000000Z,35,85,31131290,0.775000000,0.775000000,0.775000000,0.775000000,25,TFO  72  31131290
2026-04-20T00:00:00.000000000Z,35,85,31131212,0.600000000,0.600000000,0.600000000,0.600000000,1000,TFO  65  31131212
2026-04-20T00:00:00.000000000Z,35,85,31131528,-0.350000000,-0.350000000,-0.375000000,-0.375000000,125,TFO  76  31131528
2026-04-20T00:00:00.000000000Z,35,58,108381601,,,,,650,TFO FMQ0026_OMCE0000040002072726
2026-04-20T00:00:00.000000000Z,35,58,108481940,,,,,125,TFO FMH0027_OMCE0000040002022427
2026-04-20T00:00:00.000000000Z,35,85,31129522,0.400000000,0.425000000,0.400000000,0.425000000,1000,TFO   6  31129522
2026-04-20T00:00:00.000000000Z,35,58,108215819,1.150000000,1.150000000,1.150000000,1.150000000,200,TFO FMM0026_OMPE0000034002052726
2026-04-20T00:00:00.000000000Z,35,58,108484215,,,,,20,TFO FMZ0027_OMPE0000025002112627
2026-04-20T00:00:00.000000000Z,35,58,108481195,,,,,250,TFO FMX0026_OMPE0000033002102726
2026-04-20T00:00:00.000000000Z,35,58,108481313,,,,,90,TFO FMG0027_OMPE0000037002012727
2026-04-20T00:00:00.000000000Z,35,85,108147182,1.800000000,2.100000000,1.800000000,2.100000000,150,TFO FMK0026_OMCE0000040002042426
2026-04-20T00:00:00.000000000Z,35,58,108482194,0.500000000,0.500000000,0.500000000,0.500000000,25,TFO FMK0026_OMCE0000048002042426
2026-04-20T00:00:00.000000000Z,35,58,109408521,,,,,550,TFO FMQ0026_OMCE0000060002072726
2026-04-20T00:00:00.000000000Z,35,58,108482538,6.925000000,6.925000000,6.925000000,6.925000000,90,TFO FQF0027.H0027_OQCE0000044002122
2026-04-20T00:00:00.000000000Z,35,85,31131545,1.600000000,1.600000000,1.600000000,1.600000000,400,TFO  56  31131545
2026-04-20T00:00:00.000000000Z,35,58,108646538,,,,,250,TFO FMN0026_OMCE0000075002062626
2026-04-20T00:00:00.000000000Z,35,58,108481321,,,,,150,TFO FMH0027_OMPE0000030002022427
2026-04-20T00:00:00.000000000Z,35,85,109408601,1.850000000,1.850000000,1.775000000,1.775000000,200,TFO FQN0026.U0026_OQCE0000060002062
2026-04-20T00:00:00.000000000Z,35,58,110781206,,,,,100,TFO FMZ0027_OMCE0000060002112627
2026-04-20T00:00:00.000000000Z,35,85,31131950,0.650000000,0.650000000,0.650000000,0.650000000,50,TFO  56  31131950
2026-04-20T00:00:00.000000000Z,35,85,31131782,0.000000000,0.000000000,0.000000000,0.000000000,500,TFO  74  31131782
2026-04-20T00:00:00.000000000Z,35,85,108564115,0.325000000,0.350000000,0.325000000,0.350000000,300,TFO FMU0026_OMPE0000025002082626
2026-04-20T00:00:00.000000000Z,35,58,109576087,1.175000000,1.175000000,1.175000000,1.175000000,400,TFO FQN0026.U0026_OQCE0000070002062
2026-04-20T00:00:00.000000000Z,35,58,108400936,,,,,650,TFO FMN0026_OMCE0000040002062626
2026-04-20T00:00:00.000000000Z,35,85,110698364,0.740000000,0.740000000,0.740000000,0.740000000,25,TFO FMU0026_OMCE0000095002082626
2026-04-20T00:00:00.000000000Z,35,85,31131550,5.450000000,5.450000000,5.450000000,5.450000000,150,TFO  55  31131550
2026-04-20T00:00:00.000000000Z,35,85,31131747,0.200000000,0.200000000,0.200000000,0.200000000,50,TFO  76  31131747
2026-04-20T00:00:00.000000000Z,35,85,31131276,0.050000000,0.050000000,0.050000000,0.050000000,90,TFO  72  31131276
2026-04-20T00:00:00.000000000Z,35,85,31131954,0.650000000,0.650000000,0.650000000,0.650000000,50,TFO  56  31131954
2026-04-20T00:00:00.000000000Z,35,85,108147173,0.150000000,0.180000000,0.150000000,0.180000000,1450,TFO FMK0026_OMPE0000035002042426
2026-04-20T00:00:00.000000000Z,35,58,108147188,1.000000000,1.000000000,0.870000000,1.000000000,450,TFO FMK0026_OMCE0000043002042426
2026-04-20T00:00:00.000000000Z,35,85,31131234,0.740000000,0.740000000,0.700000000,0.700000000,400,TFO  72  31131234
2026-04-20T00:00:00.000000000Z,35,58,109308581,,,,,150,TFO FMX0026_OMCE0000050002102726
2026-04-20T00:00:00.000000000Z,35,85,31131256,1.270000000,1.270000000,1.270000000,1.270000000,100,TFO  73  31131256
2026-04-20T00:00:00.000000000Z,35,85,31131314,0.140000000,0.150000000,0.140000000,0.150000000,75,TFO   5  31131314
2026-04-20T00:00:00.000000000Z,35,85,31131254,1.780000000,1.780000000,1.780000000,1.780000000,25,TFO  56  31131254
2026-04-20T00:00:00.000000000Z,35,58,108215821,1.235000000,1.600000000,1.235000000,1.600000000,1350,TFO FMM0026_OMPE0000035002052726
2026-04-21T00:00:00.000000000Z,35,85,31132255,0.590000000,0.590000000,0.590000000,0.590000000,50,TFO  56  31132255
2026-04-21T00:00:00.000000000Z,35,85,31131197,0.110000000,0.110000000,0.060000000,0.060000000,1000,TFO   7  31131197
2026-04-21T00:00:00.000000000Z,35,58,108847192,,,,,625,TFO FMU0026_OMCE0000050002082626
2026-04-21T00:00:00.000000000Z,35,58,108476878,0.600000000,0.600000000,0.600000000,0.600000000,100,TFO FMK0026_OMCE0000044002042426
2026-04-21T00:00:00.000000000Z,35,58,108147177,1.680000000,1.680000000,0.320000000,0.320000000,3200,TFO FMK0026_OMPE0000037002042426
2026-04-21T00:00:00.000000000Z,35,58,108428645,,,,,25,TFO FMN0026_OMPE0000041002062626
2026-04-21T00:00:00.000000000Z,35,85,31128755,-0.025000000,-0.025000000,-0.025000000,-0.025000000,100,TFO  74  31128755
2026-04-21T00:00:00.000000000Z,35,85,109576073,0.995000000,0.995000000,0.995000000,0.995000000,50,TFO FMM0026_OMCE0000070002052726
2026-04-21T00:00:00.000000000Z,35,85,31087713,4.150000000,4.150000000,4.150000000,4.150000000,150,TFO  12  31087713
2026-04-21T00:00:00.000000000Z,35,85,31132552,1.650000000,1.650000000,1.650000000,1.650000000,120,TFO  55  31132552
2026-04-21T00:00:00.000000000Z,35,85,109576075,1.005000000,1.180000000,1.005000000,1.180000000,160,TFO FMN0026_OMCE0000070002062626
2026-04-21T00:00:00.000000000Z,35,58,108338592,,,,,105,TFO FMQ0026_OMPE0000030002072726
2026-04-21T00:00:00.000000000Z,35,85,108847184,0.295000000,0.555000000,0.295000000,0.520000000,400,TFO FMK0026_OMCE0000050002042426
2026-04-21T00:00:00.000000000Z,35,85,31132087,4.500000000,4.500000000,4.500000000,4.500000000,550,TFO  58  31132087
2026-04-21T00:00:00.000000000Z,35,85,31132604,0.300000000,0.300000000,0.300000000,0.300000000,200,TFO  55  31132604
2026-04-21T00:00:00.000000000Z,35,85,31132383,3.475000000,3.525000000,3.475000000,3.525000000,900,TFO  55  31132383
2026-04-21T00:00:00.000000000Z,35,58,109838781,3.275000000,3.275000000,3.275000000,3.275000000,375,TFO FMV0026_OMCE0000060002092526
2026-04-21T00:00:00.000000000Z,35,85,31131371,1.475000000,1.475000000,1.475000000,1.475000000,25,TFO   6  31131371
2026-04-21T00:00:00.000000000Z,35,58,108791757,0.450000000,0.450000000,0.450000000,0.450000000,450,TFO FQF0027.H0027_OQPE0000020002122
2026-04-21T00:00:00.000000000Z,35,85,31132232,0.760000000,0.760000000,0.760000000,0.760000000,100,TFO  50  31132232
2026-04-21T00:00:00.000000000Z,35,85,31132183,3.950000000,3.950000000,3.950000000,3.950000000,175,TFO  56  31132183
2026-04-21T00:00:00.000000000Z,35,58,108482086,,,,,25,TFO FMF0027_OMCE0000045002122426
2026-04-21T00:00:00.000000000Z,35,58,110698474,1.140000000,1.140000000,1.140000000,1.140000000,100,TFO FQV0026.Z0026_OQCE0000110002092
2026-04-21T00:00:00.000000000Z,35,58,109184387,2.600000000,2.600000000,2.600000000,2.600000000,325,TFO FMQ0026_OMCE0000055002072726
2026-04-21T00:00:00.000000000Z,35,58,109184389,,,,,75,TFO FMU0026_OMCE0000055002082626
2026-04-21T00:00:00.000000000Z,35,58,108481195,,,,,100,TFO FMX0026_OMPE0000033002102726
2026-04-21T00:00:00.000000000Z,35,58,108332543,4.175000000,4.175000000,3.400000000,3.400000000,3400,TFO FMM0026_OMPE0000040002052726
2026-04-21T00:00:00.000000000Z,35,58,108280825,,,,,100,TFO FMN0026_OMPE0000025002062626
2026-04-21T00:00:00.000000000Z,35,85,31132708,4.040000000,4.040000000,4.040000000,4.040000000,500,TFO  58  31132708
2026-04-21T00:00:00.000000000Z,35,85,31132141,1.575000000,1.575000000,1.575000000,1.575000000,50,TFO  50  31132141
2026-04-21T00:00:00.000000000Z,35,58,108484485,1.100000000,1.100000000,1.100000000,1.100000000,300,TFO FQF0027.H0027_OQPE0000025002122
2026-04-21T00:00:00.000000000Z,35,85,31132204,2.100000000,2.100000000,2.100000000,2.100000000,100,TFO  50  31132204
2026-04-21T00:00:00.000000000Z,35,85,31132072,3.500000000,3.500000000,3.500000000,3.500000000,50,TFO  58  31132072
2026-04-21T00:00:00.000000000Z,35,58,108646542,,,,,50,TFO FMU0026_OMCE0000075002082626
2026-04-21T00:00:00.000000000Z,35,85,31132142,1.850000000,1.850000000,1.850000000,1.850000000,650,TFO  55  31132142
2026-04-21T00:00:00.000000000Z,35,58,108147172,4.700000000,7.225000000,4.700000000,7.225000000,1375,TFO FMK0026_OMCE0000035002042426
2026-04-21T00:00:00.000000000Z,35,58,108484407,,,,,300,TFO FMG0027_OMPE0000025002012727
2026-04-21T00:00:00.000000000Z,35,85,31132193,1.750000000,1.750000000,1.750000000,1.750000000,250,TFO  50  31132193
2026-04-21T00:00:00.000000000Z,35,58,108455389,3.920000000,3.920000000,3.920000000,3.920000000,1250,TFO FMV0026_OMPE0000037002092526
2026-04-21T00:00:00.000000000Z,35,58,108476936,3.880000000,5.250000000,3.880000000,5.250000000,200,TFO FQN0026.U0026_OQCE0000045002062
2026-04-21T00:00:00.000000000Z,35,58,109408517,0.900000000,0.900000000,0.900000000,0.900000000,400,TFO FMM0026_OMCE0000060002052726
2026-04-21T00:00:00.000000000Z,35,85,109408517,1.000000000,1.100000000,1.000000000,1.100000000,100,TFO FMM0026_OMCE0000060002052726
2026-04-21T00:00:00.000000000Z,35,58,109184385,1.850000000,1.850000000,1.850000000,1.850000000,125,TFO FMN0026_OMCE0000055002062626
2026-04-21T00:00:00.000000000Z,35,58,108400937,,,,,200,TFO FMN0026_OMPE0000040002062626
2026-04-21T00:00:00.000000000Z,35,58,108481199,,,,,500,TFO FMX0026_OMPE0000035002102726
2026-04-21T00:00:00.000000000Z,35,58,108992844,2.275000000,2.275000000,2.275000000,2.275000000,100,TFO FQV0026.Z0026_OQCE0000075002092
2026-04-21T00:00:00.000000000Z,35,58,109592765,,,,,100,TFO FMZ0026_OMCE0000055002112626
2026-04-21T00:00:00.000000000Z,35,85,109408515,0.200000000,0.200000000,0.200000000,0.200000000,600,TFO FMK0026_OMCE0000060002042426
2026-04-21T00:00:00.000000000Z,35,58,108280833,,,,,100,TFO FMN0026_OMPE0000029002062626
2026-04-21T00:00:00.000000000Z,35,58,109576087,1.875000000,1.875000000,1.875000000,1.875000000,200,TFO FQN0026.U0026_OQCE0000070002062
2026-04-21T00:00:00.000000000Z,35,58,108147171,0.150000000,0.150000000,0.065000000,0.065000000,1675,TFO FMK0026_OMPE0000034002042426
2026-04-21T00:00:00.000000000Z,35,85,31128445,3.750000000,3.750000000,3.750000000,3.750000000,500,TFO  16  31128445
2026-04-21T00:00:00.000000000Z,35,85,31132147,3.075000000,3.075000000,3.075000000,3.075000000,100,TFO  51  31132147
2026-04-21T00:00:00.000000000Z,35,58,109370205,,,,,100,TFO FMX0026_OMCE0000065002102726
2026-04-21T00:00:00.000000000Z,35,85,31132184,-0.175000000,-0.175000000,-0.175000000,-0.175000000,150,TFO  58  31132184
2026-04-21T00:00:00.000000000Z,35,58,109335149,,,,,800,TFO FMZ0026_OMCE0000070002112626
2026-04-21T00:00:00.000000000Z,35,58,108476840,3.225000000,3.425000000,3.225000000,3.425000000,450,TFO FMN0026_OMCE0000045002062626
2026-04-21T00:00:00.000000000Z,35,85,31132444,2.750000000,2.750000000,2.750000000,2.750000000,200,TFO  51  31132444
2026-04-21T00:00:00.000000000Z,35,58,108790005,,,,,450,TFO FMF0027_OMPE0000020002122426
2026-04-21T00:00:00.000000000Z,35,58,108482057,,,,,50,TFO FMV0027_OMPE0000040002092427
2026-04-21T00:00:00.000000000Z,35,58,108147186,2.005000000,2.005000000,2.005000000,2.005000000,250,TFO FMK0026_OMCE0000042002042426
2026-04-21T00:00:00.000000000Z,35,58,108147173,0.255000000,0.255000000,0.075000000,0.240000000,4675,TFO FMK0026_OMPE0000035002042426
2026-04-21T00:00:00.000000000Z,35,58,109184383,1.550000000,2.025000000,1.550000000,2.025000000,550,TFO FMM0026_OMCE0000055002052726
2026-04-21T00:00:00.000000000Z,35,85,31132210,2.300000000,2.300000000,2.300000000,2.300000000,75,TFO  56  31132210
2026-04-21T00:00:00.000000000Z,35,85,31132176,0.000000000,0.000000000,0.000000000,0.000000000,100,TFO  10  31132176
2026-04-21T00:00:00.000000000Z,35,85,31132056,0.290000000,0.290000000,0.290000000,0.290000000,650,TFO   7  31132056
2026-04-21T00:00:00.000000000Z,35,85,31132241,0.590000000,0.590000000,0.590000000,0.590000000,300,TFO  56  31132241
2026-04-21T00:00:00.000000000Z,35,85,31132480,0.430000000,0.430000000,0.430000000,0.430000000,150,TFO  51  31132480
2026-04-21T00:00:00.000000000Z,35,58,108455357,0.750000000,0.750000000,0.750000000,0.750000000,100,TFO FQN0026.U0026_OQPE0000030002062
2026-04-21T00:00:00.000000000Z,35,85,31132076,2.800000000,2.800000000,2.800000000,2.800000000,100,TFO  56  31132076
2026-04-21T00:00:00.000000000Z,35,58,108484401,,,,,300,TFO FMH0027_OMPE0000025002022427
2026-04-21T00:00:00.000000000Z,35,58,109876254,3.800000000,3.800000000,3.800000000,3.800000000,200,TFO FSK0026.U0026_OSPE0000040002042
2026-04-21T00:00:00.000000000Z,35,58,109408523,,,,,200,TFO FMU0026_OMCE0000060002082626
2026-04-21T00:00:00.000000000Z,35,58,108847187,10.520000000,10.520000000,10.520000000,10.520000000,1100,TFO FMM0026_OMPE0000050002052726
2026-04-21T00:00:00.000000000Z,35,58,109184381,0.190000000,0.300000000,0.190000000,0.230000000,1200,TFO FMK0026_OMCE0000055002042426
2026-04-21T00:00:00.000000000Z,35,85,31132150,3.075000000,3.075000000,3.075000000,3.075000000,50,TFO  51  31132150
2026-04-21T00:00:00.000000000Z,35,58,108476880,1.500000000,1.500000000,0.600000000,1.065000000,4150,TFO FMK0026_OMCE0000045002042426
2026-04-21T00:00:00.000000000Z,35,85,31132112,0.340000000,0.340000000,0.340000000,0.340000000,300,TFO  50  31132112
2026-04-21T00:00:00.000000000Z,35,58,109838783,,,,,350,TFO FMX0026_OMCE0000060002102726
2026-04-21T00:00:00.000000000Z,35,85,31132114,-0.250000000,-0.250000000,-0.300000000,-0.300000000,1050,TFO  75  31132114
2026-04-21T00:00:00.000000000Z,35,58,108455394,,,,,175,TFO FMV0026_OMCE0000040002092526
2026-04-21T00:00:00.000000000Z,35,85,31132283,2.950000000,2.950000000,2.950000000,2.950000000,1000,TFO   7  31132283
2026-04-21T00:00:00.000000000Z,35,85,108482194,0.435000000,0.625000000,0.400000000,0.625000000,120,TFO FMK0026_OMCE0000048002042426
2026-04-21T00:00:00.000000000Z,35,85,31132191,0.270000000,0.270000000,0.270000000,0.270000000,450,TFO  51  31132191
2026-04-21T00:00:00.000000000Z,35,85,31132135,3.850000000,3.850000000,3.850000000,3.850000000,100,TFO  55  31132135
2026-04-21T00:00:00.000000000Z,35,58,108481203,,,,,250,TFO FMX0026_OMPE0000037002102726
2026-04-21T00:00:00.000000000Z,35,85,31132234,0.760000000,0.760000000,0.760000000,0.760000000,25,TFO  50  31132234
2026-04-21T00:00:00.000000000Z,35,58,108400943,,,,,200,TFO FMU0026_OMPE0000040002082626
2026-04-21T00:00:00.000000000Z,35,85,108147179,0.960000000,0.960000000,0.450000000,0.450000000,155,TFO FMK0026_OMPE0000038002042426
2026-04-21T00:00:00.000000000Z,35,58,110299397,,,,,450,TFO FMG0027_OMPE0000015002012727
2026-04-21T00:00:00.000000000Z,35,58,108255504,2.905000000,2.905000000,2.905000000,2.905000000,150,TFO FMM0026_OMPE0000039002052726
2026-04-21T00:00:00.000000000Z,35,58,108482144,,,,,525,TFO FMX0026_OMCE0000045002102726
2026-04-21T00:00:00.000000000Z,35,58,108481221,,,,,500,TFO FMZ0026_OMPE0000035002112626
2026-04-21T00:00:00.000000000Z,35,58,108482184,,,,,525,TFO FMZ0026_OMCE0000045002112626
2026-04-21T00:00:00.000000000Z,35,85,108280841,1.340000000,1.340000000,1.340000000,1.340000000,5,TFO FMN0026_OMPE0000033002062626
2026-04-21T00:00:00.000000000Z,35,58,109576075,,,,,200,TFO FMN0026_OMCE0000070002062626
2026-04-21T00:00:00.000000000Z,35,58,110704930,,,,,200,TFO FMK0026_OMCE0000051002042426
2026-04-21T00:00:00.000000000Z,35,85,31132497,4.160000000,4.160000000,4.160000000,4.160000000,200,TFO  22  31132497
2026-04-21T00:00:00.000000000Z,35,58,108147187,2.000000000,2.165000000,2.000000000,2.165000000,750,TFO FMK0026_OMPE0000042002042426
2026-04-21T00:00:00.000000000Z,35,58,108482632,7.250000000,7.250000000,7.250000000,7.250000000,25,TFO FSV0026.H0027_OSCE0000045002092
2026-04-21T00:00:00.000000000Z,35,58,108847184,0.980000000,0.980000000,0.260000000,0.660000000,6150,TFO FMK0026_OMCE0000050002042426
2026-04-21T00:00:00.000000000Z,35,85,31132299,3.825000000,3.825000000,3.825000000,3.825000000,50,TFO  56  31132299
2026-04-21T00:00:00.000000000Z,35,58,108481616,,,,,25,TFO FMZ0027_OMCE0000035002112627
2026-04-21T00:00:00.000000000Z,35,85,108147183,0.900000000,0.900000000,0.900000000,0.900000000,25,TFO FMK0026_OMPE0000040002042426
2026-04-21T00:00:00.000000000Z,35,58,108790009,,,,,450,TFO FMH0027_OMPE0000020002022427
2026-04-21T00:00:00.000000000Z,35,58,109821428,,,,,50,TFO FMG0028_OMPE0000040002012728
2026-04-21T00:00:00.000000000Z,35,58,108790007,,,,,450,TFO FMG0027_OMPE0000020002012727
2026-04-21T00:00:00.000000000Z,35,58,108280829,,,,,100,TFO FMN0026_OMPE0000027002062626
2026-04-21T00:00:00.000000000Z,35,85,31114939,0.220000000,0.220000000,0.220000000,0.220000000,100,TFO   6  31114939
2026-04-21T00:00:00.000000000Z,35,58,108481299,,,,,375,TFO FMG0027_OMPE0000030002012727
2026-04-21T00:00:00.000000000Z,35,58,108482158,,,,,525,TFO FMV0026_OMCE0000045002092526
2026-04-21T00:00:00.000000000Z,35,58,108481961,,,,,50,TFO FMZ0027_OMPE0000040002112627
2026-04-21T00:00:00.000000000Z,35,85,31132655,1.500000000,1.500000000,1.500000000,1.500000000,300,TFO  76  31132655
2026-04-21T00:00:00.000000000Z,35,85,31132412,0.310000000,0.310000000,0.310000000,0.310000000,200,TFO  50  31132412
2026-04-21T00:00:00.000000000Z,35,58,109370203,,,,,100,TFO FMV0026_OMCE0000065002092526
2026-04-21T00:00:00.000000000Z,35,85,31132259,-0.800000000,-0.800000000,-0.800000000,-0.800000000,60,TFO  58  31132259
2026-04-21T00:00:00.000000000Z,35,58,108482168,1.880000000,1.880000000,1.880000000,1.880000000,100,TFO FMM0026_OMCE0000048002052726
2026-04-21T00:00:00.000000000Z,35,58,110698352,,,,,50,TFO FMQ0026_OMCE0000150002072726
2026-04-21T00:00:00.000000000Z,35,85,31132231,0.200000000,0.200000000,0.200000000,0.200000000,50,TFO  56  31132231
2026-04-21T00:00:00.000000000Z,35,58,108660842,0.995000000,0.995000000,0.995000000,0.995000000,50,TFO FQN0026.U0026_OQCE0000075002062
2026-04-21T00:00:00.000000000Z,35,85,109617069,0.710000000,0.885000000,0.710000000,0.885000000,35,TFO FMK0026_OMCE0000049002042426
2026-04-21T00:00:00.000000000Z,35,85,108215821,1.325000000,1.325000000,1.240000000,1.290000000,45,TFO FMM0026_OMPE0000035002052726
2026-04-21T00:00:00.000000000Z,35,58,109308581,,,,,25,TFO FMX0026_OMCE0000050002102726
2026-04-21T00:00:00.000000000Z,35,58,108481211,,,,,75,TFO FMZ0026_OMPE0000030002112626
2026-04-21T00:00:00.000000000Z,35,85,31132174,0.400000000,0.400000000,0.400000000,0.400000000,250,TFO   6  31132174
2026-04-21T00:00:00.000000000Z,35,85,31132658,2.350000000,2.350000000,2.350000000,2.350000000,50,TFO  16  31132658
2026-04-21T00:00:00.000000000Z,35,58,108482633,11.750000000,11.750000000,11.750000000,11.750000000,30,TFO FSV0026.H0027_OSPE0000045002092
2026-04-21T00:00:00.000000000Z,35,58,109821460,13.400000000,13.400000000,13.400000000,13.400000000,50,TFO FQF0028.H0028_OQPE0000040002122
2026-04-21T00:00:00.000000000Z,35,85,31132247,5.700000000,5.700000000,5.700000000,5.700000000,150,TFO  58  31132247
2026-04-21T00:00:00.000000000Z,35,58,108481181,4.950000000,5.100000000,4.950000000,5.100000000,250,TFO FQV0026.Z0026_OQPE0000037002092
2026-04-21T00:00:00.000000000Z,35,58,108481951,,,,,30,TFO FMH0027_OMPE0000045002022427
2026-04-21T00:00:00.000000000Z,35,58,108616905,,,,,200,TFO FMZ0026_OMPE0000027002112626
2026-04-21T00:00:00.000000000Z,35,58,108338586,,,,,100,TFO FMQ0026_OMPE0000027002072726
2026-04-21T00:00:00.000000000Z,35,58,108147188,1.200000000,1.975000000,1.200000000,1.975000000,220,TFO FMK0026_OMCE0000043002042426
2026-04-21T00:00:00.000000000Z,35,58,108565849,0.225000000,0.225000000,0.225000000,0.225000000,100,TFO FQN0026.U0026_OQPE0000025002062
2026-04-21T00:00:00.000000000Z,35,85,108147182,1.525000000,1.525000000,1.525000000,1.525000000,100,TFO FMK0026_OMCE0000040002042426
2026-04-21T00:00:00.000000000Z,35,58,108482510,6.650000000,6.850000000,6.650000000,6.850000000,175,TFO FQV0026.Z0026_OQCE0000040002092
2026-04-21T00:00:00.000000000Z,35,58,108398544,,,,,100,TFO FMU0026_OMPE0000029002082626
2026-04-21T00:00:00.000000000Z,35,58,109308583,,,,,25,TFO FMZ0026_OMCE0000050002112626
2026-04-21T00:00:00.000000000Z,35,58,108215819,,,,,100,TFO FMM0026_OMPE0000034002052726
2026-04-21T00:00:00.000000000Z,35,58,108481484,,,,,25,TFO FMN0027_OMCE0000035002062527
2026-04-21T00:00:00.000000000Z,35,58,108481941,,,,,150,TFO FMH0027_OMPE0000040002022427
2026-04-21T00:00:00.000000000Z,35,58,109773041,0.010000000,0.010000000,0.010000000,0.010000000,100,TFO FMK0026_OMCE0000080002042426
2026-04-21T00:00:00.000000000Z,35,85,31132279,1.000000000,1.000000000,1.000000000,1.000000000,25,TFO  50  31132279
2026-04-21T00:00:00.000000000Z,35,58,108293633,,,,,125,TFO FMN0026_OMPE0000035002062626
2026-04-21T00:00:00.000000000Z,35,85,31132169,0.800000000,0.800000000,0.800000000,0.800000000,50,TFO  50  31132169
2026-04-21T00:00:00.000000000Z,35,58,108455385,,,,,500,TFO FMV0026_OMPE0000035002092526
2026-04-21T00:00:00.000000000Z,35,58,110300819,0.180000000,0.180000000,0.180000000,0.180000000,450,TFO FQF0027.H0027_OQPE0000015002122
2026-04-21T00:00:00.000000000Z,35,58,108400939,,,,,25,TFO FMQ0026_OMPE0000041002072726
2026-04-21T00:00:00.000000000Z,35,58,108481321,,,,,375,TFO FMH0027_OMPE0000030002022427
2026-04-21T00:00:00.000000000Z,35,58,108990630,,,,,100,TFO FMX0026_OMCE0000075002102726
2026-04-21T00:00:00.000000000Z,35,58,108159085,0.450000000,0.450000000,0.450000000,0.450000000,750,TFO FMK0026_OMPE0000032002042426
2026-04-21T00:00:00.000000000Z,35,58,108482008,,,,,25,TFO FMG0027_OMCE0000045002012727
2026-04-21T00:00:00.000000000Z,35,85,31132388,0.600000000,0.600000000,0.600000000,0.600000000,350,TFO  50  31132388
2026-04-21T00:00:00.000000000Z,35,58,108482159,,,,,30,TFO FMV0026_OMPE0000045002092526
2026-04-21T00:00:00.000000000Z,35,58,110698426,,,,,1200,TFO FMZ0026_OMCE0000090002112626
2026-04-21T00:00:00.000000000Z,35,85,31132647,3.450000000,3.450000000,3.450000000,3.450000000,100,TFO  56  31132647
2026-04-21T00:00:00.000000000Z,35,85,31132608,1.050000000,1.050000000,1.050000000,1.050000000,50,TFO  47  31132608
2026-04-21T00:00:00.000000000Z,35,58,108455367,2.800000000,2.800000000,2.800000000,2.800000000,125,TFO FQN0026.U0026_OQPE0000035002062
2026-04-21T00:00:00.000000000Z,35,58,108332542,3.850000000,5.175000000,3.850000000,5.175000000,300,TFO FMM0026_OMCE0000040002052726
2026-04-21T00:00:00.000000000Z,35,85,31132071,-1.430000000,-1.430000000,-1.430000000,-1.430000000,100,TFO  48  31132071
2026-04-21T00:00:00.000000000Z,35,85,31132086,0.800000000,0.800000000,0.800000000,0.800000000,100,TFO  50  31132086
2026-04-21T00:00:00.000000000Z,35,85,31132206,0.050000000,0.050000000,0.050000000,0.050000000,75,TFO  58  31132206
2026-04-21T00:00:00.000000000Z,35,58,108481173,2.865000000,2.865000000,2.865000000,2.865000000,100,TFO FQV0026.Z0026_OQPE0000033002092
2026-04-21T00:00:00.000000000Z,35,58,109576077,,,,,200,TFO FMQ0026_OMCE0000070002072726
2026-04-21T00:00:00.000000000Z,35,58,108475347,,,,,100,TFO FMU0026_OMPE0000027002082626
2026-04-21T00:00:00.000000000Z,35,58,108482194,0.600000000,0.600000000,0.600000000,0.600000000,900,TFO FMK0026_OMCE0000048002042426
2026-04-21T00:00:00.000000000Z,35,58,108646538,,,,,50,TFO FMN0026_OMCE0000075002062626
2026-04-21T00:00:00.000000000Z,35,58,108481277,,,,,375,TFO FMF0027_OMPE0000030002122426
2026-04-21T00:00:00.000000000Z,35,85,31132154,3.075000000,3.075000000,3.075000000,3.075000000,50,TFO  51  31132154
2026-04-21T00:00:00.000000000Z,35,58,108248812,3.050000000,3.050000000,2.350000000,2.350000000,300,TFO FMM0026_OMPE0000038002052726
2026-04-21T00:00:00.000000000Z,35,85,31132410,0.170000000,0.170000000,0.170000000,0.170000000,400,TFO  50  31132410
2026-04-21T00:00:00.000000000Z,35,58,109254327,1.360000000,1.360000000,1.360000000,1.360000000,100,TFO FQV0026.Z0026_OQCE0000100002092
2026-04-21T00:00:00.000000000Z,35,58,108482520,5.370000000,6.000000000,5.370000000,6.000000000,500,TFO FQV0026.Z0026_OQCE0000045002092
2026-04-21T00:00:00.000000000Z,35,85,31132070,3.500000000,3.500000000,3.500000000,3.500000000,700,TFO  58  31132070
2026-04-21T00:00:00.000000000Z,35,58,108481331,,,,,150,TFO FMH0027_OMPE0000035002022427
2026-04-21T00:00:00.000000000Z,35,85,31132227,0.250000000,0.500000000,0.250000000,0.500000000,100,TFO  70  31132227
2026-04-21T00:00:00.000000000Z,35,58,108147179,0.865000000,1.000000000,0.350000000,0.500000000,5050,TFO FMK0026_OMPE0000038002042426
2026-04-21T00:00:00.000000000Z,35,58,108481999,,,,,150,TFO FMG0027_OMPE0000040002012727
2026-04-21T00:00:00.000000000Z,35,58,108481440,,,,,25,TFO FMM0027_OMCE0000035002052627
2026-04-21T00:00:00.000000000Z,35,85,31132702,0.645000000,0.645000000,0.645000000,0.645000000,75,TFO  58  31132702
2026-04-21T00:00:00.000000000Z,35,85,31132209,0.465000000,0.465000000,0.465000000,0.465000000,50,TFO  51  31132209
2026-04-21T00:00:00.000000000Z,35,85,31132068,2.200000000,2.200000000,2.200000000,2.200000000,150,TFO  58  31132068
2026-04-21T00:00:00.000000000Z,35,58,109185605,2.330000000,2.330000000,2.330000000,2.330000000,75,TFO FQN0026.U0026_OQCE0000055002062
2026-04-21T00:00:00.000000000Z,35,58,109408519,,,,,200,TFO FMN0026_OMCE0000060002062626
2026-04-21T00:00:00.000000000Z,35,58,108847186,0.980000000,2.440000000,0.980000000,2.440000000,2600,TFO FMM0026_OMCE0000050002052726
2026-04-21T00:00:00.000000000Z,35,58,108481309,,,,,150,TFO FMG0027_OMPE0000035002012727
2026-04-21T00:00:00.000000000Z,35,58,108147175,0.440000000,0.440000000,0.200000000,0.200000000,850,TFO FMK0026_OMPE0000036002042426
2026-04-21T00:00:00.000000000Z,35,58,109308579,4.750000000,4.750000000,4.750000000,4.750000000,50,TFO FMV0026_OMCE0000050002092526
2026-04-21T00:00:00.000000000Z,35,58,109821430,,,,,50,TFO FMH0028_OMPE0000040002022528
2026-04-21T00:00:00.000000000Z,35,58,108481217,,,,,100,TFO FMZ0026_OMPE0000033002112626
2026-04-21T00:00:00.000000000Z,35,58,108482009,,,,,30,TFO FMG0027_OMPE0000045002012727
2026-04-21T00:00:00.000000000Z,35,58,108338602,,,,,125,TFO FMQ0026_OMPE0000035002072726
2026-04-21T00:00:00.000000000Z,35,85,31093032,0.105000000,0.105000000,0.105000000,0.105000000,100,TFO  18  31093032
2026-04-21T00:00:00.000000000Z,35,58,108847190,,,,,625,TFO FMQ0026_OMCE0000050002072726
2026-04-21T00:00:00.000000000Z,35,58,110698384,,,,,1200,TFO FMV0026_OMCE0000090002092526
2026-04-21T00:00:00.000000000Z,35,58,108215811,0.480000000,0.480000000,0.325000000,0.325000000,500,TFO FMM0026_OMPE0000030002052726
2026-04-21T00:00:00.000000000Z,35,58,108847188,,,,,625,TFO FMN0026_OMCE0000050002062626
2026-04-21T00:00:00.000000000Z,35,58,110698344,,,,,50,TFO FMN0026_OMCE0000150002062626
2026-04-21T00:00:00.000000000Z,35,58,108280835,,,,,105,TFO FMN0026_OMPE0000030002062626
2026-04-21T00:00:00.000000000Z,35,85,31132295,3.825000000,3.825000000,3.825000000,3.825000000,200,TFO  56  31132295
2026-04-21T00:00:00.000000000Z,35,58,110698400,,,,,100,TFO FMX0026_OMCE0000110002102726
2026-04-21T00:00:00.000000000Z,35,58,108615623,,,,,200,TFO FMX0026_OMPE0000027002102726
2026-04-21T00:00:00.000000000Z,35,58,108564115,,,,,100,TFO FMU0026_OMPE0000025002082626
2026-04-21T00:00:00.000000000Z,35,85,31132284,0.150000000,0.300000000,0.150000000,0.230000000,350,TFO  58  31132284
2026-04-21T00:00:00.000000000Z,35,58,108481572,,,,,25,TFO FMV0027_OMCE0000035002092427
2026-04-21T00:00:00.000000000Z,35,58,109308649,4.430000000,4.430000000,4.430000000,4.430000000,25,TFO FQV0026.Z0026_OQCE0000050002092
2026-04-21T00:00:00.000000000Z,35,85,31132239,0.760000000,0.760000000,0.760000000,0.760000000,75,TFO  50  31132239
2026-04-21T00:00:00.000000000Z,35,58,108481143,2.300000000,2.300000000,2.300000000,2.300000000,75,TFO FSV0026.H0027_OSPE0000030002092
2026-04-21T00:00:00.000000000Z,35,58,110299395,,,,,450,TFO FMF0027_OMPE0000015002122426
2026-04-21T00:00:00.000000000Z,35,58,108990632,,,,,100,TFO FMZ0026_OMCE0000075002112626
2026-04-21T00:00:00.000000000Z,35,58,108481594,,,,,25,TFO FMX0027_OMCE0000035002102727
2026-04-21T00:00:00.000000000Z,35,58,109876317,2.070000000,2.070000000,2.070000000,2.070000000,200,TFO FSK0026.U0026_OSCE0000060002042
2026-04-21T00:00:00.000000000Z,35,58,110698418,,,,,100,TFO FMZ0026_OMCE0000110002112626
2026-04-21T00:00:00.000000000Z,35,58,109839115,3.010000000,3.600000000,3.010000000,3.600000000,350,TFO FQV0026.Z0026_OQCE0000060002092
2026-04-21T00:00:00.000000000Z,35,85,31132433,2.400000000,2.400000000,2.400000000,2.400000000,150,TFO  50  31132433
2026-04-21T00:00:00.000000000Z,35,58,108481177,4.050000000,4.050000000,3.450000000,3.450000000,500,TFO FQV0026.Z0026_OQPE0000035002092
2026-04-21T00:00:00.000000000Z,35,58,108455355,0.760000000,0.760000000,0.760000000,0.760000000,100,TFO FQN0026.U0026_OQPE0000029002062
2026-04-21T00:00:00.000000000Z,35,58,110698468,1.600000000,1.600000000,1.600000000,1.600000000,1200,TFO FQV0026.Z0026_OQCE0000090002092
2026-04-21T00:00:00.000000000Z,35,58,109596765,0.250000000,0.250000000,0.250000000,0.250000000,200,TFO FMK0026_OMCE0000052002042426
2026-04-21T00:00:00.000000000Z,35,58,108615619,0.975000000,0.975000000,0.975000000,0.975000000,200,TFO FQV0026.Z0026_OQPE0000027002092
2026-04-21T00:00:00.000000000Z,35,85,31132565,-2.975000000,-2.975000000,-2.975000000,-2.975000000,25,TFO  76  31132565
2026-04-21T00:00:00.000000000Z,35,58,109254275,,,,,100,TFO FMZ0026_OMCE0000100002112626
2026-04-21T00:00:00.000000000Z,35,58,108482134,,,,,175,TFO FMX0026_OMCE0000040002102726
2026-04-21T00:00:00.000000000Z,35,85,31132192,0.250000000,0.250000000,0.250000000,0.250000000,100,TFO  73  31132192
2026-04-21T00:00:00.000000000Z,35,85,31132061,-0.030000000,-0.030000000,-0.030000000,-0.030000000,200,TFO   4  31132061
2026-04-21T00:00:00.000000000Z,35,85,31132249,0.180000000,0.180000000,0.180000000,0.180000000,200,TFO  50  31132249
2026-04-21T00:00:00.000000000Z,35,58,108474925,0.430000000,0.430000000,0.430000000,0.430000000,100,TFO FQN0026.U0026_OQPE0000027002062
2026-04-21T00:00:00.000000000Z,35,58,108481528,,,,,25,TFO FMU0027_OMCE0000035002082627
2026-04-21T00:00:00.000000000Z,35,58,108455907,5.575000000,5.575000000,5.575000000,5.575000000,25,TFO FQN0026.U0026_OQPE0000041002062
2026-04-21T00:00:00.000000000Z,35,85,31132250,1.775000000,1.775000000,1.775000000,1.775000000,100,TFO  50  31132250
2026-04-21T00:00:00.000000000Z,35,58,108215815,0.450000000,0.600000000,0.450000000,0.600000000,1250,TFO FMM0026_OMPE0000032002052726
2026-04-21T00:00:00.000000000Z,35,58,108455381,,,,,100,TFO FMV0026_OMPE0000033002092526
2026-04-21T00:00:00.000000000Z,35,58,108482077,,,,,150,TFO FMF0027_OMPE0000040002122426
2026-04-21T00:00:00.000000000Z,35,85,31132207,0.050000000,0.050000000,0.050000000,0.050000000,75,TFO  58  31132207
2026-04-21T00:00:00.000000000Z,35,58,108481255,2.700000000,2.700000000,2.700000000,2.700000000,300,TFO FQF0027.H0027_OQPE0000030002122
2026-04-21T00:00:00.000000000Z,35,85,31132715,10.840000000,10.840000000,10.840000000,10.840000000,50,TFO  58  31132715
2026-04-21T00:00:00.000000000Z,35,85,31132160,3.950000000,3.950000000,3.950000000,3.950000000,25,TFO  56  31132160
2026-04-21T00:00:00.000000000Z,35,58,108481287,,,,,150,TFO FMF0027_OMPE0000035002122426
2026-04-21T00:00:00.000000000Z,35,58,110698452,0.195000000,0.195000000,0.195000000,0.195000000,50,TFO FQN0026.U0026_OQCE0000150002062
2026-04-21T00:00:00.000000000Z,35,85,31132172,0.340000000,0.340000000,0.340000000,0.340000000,25,TFO  65  31132172
2026-04-21T00:00:00.000000000Z,35,58,109370195,0.750000000,1.100000000,0.750000000,1.100000000,700,TFO FMM0026_OMCE0000065002052726
2026-04-21T00:00:00.000000000Z,35,85,108455357,0.990000000,0.990000000,0.990000000,0.990000000,5,TFO FQN0026.U0026_OQPE0000030002062
2026-04-21T00:00:00.000000000Z,35,85,31132485,0.005000000,0.005000000,0.005000000,0.005000000,50,TFO  21  31132485
2026-04-21T00:00:00.000000000Z,35,58,109408521,,,,,200,TFO FMQ0026_OMCE0000060002072726
2026-04-21T00:00:00.000000000Z,35,85,108159085,0.050000000,0.050000000,0.050000000,0.050000000,500,TFO FMK0026_OMPE0000032002042426
2026-04-21T00:00:00.000000000Z,35,58,109592761,,,,,100,TFO FMV0026_OMCE0000055002092526
2026-04-21T00:00:00.000000000Z,35,58,108481225,,,,,250,TFO FMZ0026_OMPE0000037002112626
2026-04-21T00:00:00.000000000Z,35,85,31132628,7.150000000,7.150000000,7.150000000,7.150000000,675,TFO  58  31132628
2026-04-21T00:00:00.000000000Z,35,58,108598847,,,,,200,TFO FMV0026_OMPE0000027002092526
2026-04-21T00:00:00.000000000Z,35,85,31132449,-0.040000000,-0.040000000,-0.040000000,-0.040000000,50,TFO  58  31132449
2026-04-21T00:00:00.000000000Z,35,85,31132069,0.800000000,0.800000000,0.800000000,0.800000000,200,TFO  46  31132069
2026-04-21T00:00:00.000000000Z,35,58,108476882,0.855000000,0.855000000,0.855000000,0.855000000,600,TFO FMK0026_OMCE0000046002042426
2026-04-21T00:00:00.000000000Z,35,85,31132288,0.550000000,0.550000000,0.550000000,0.550000000,600,TFO  12  31132288
2026-04-21T00:00:00.000000000Z,35,58,108481330,,,,,25,TFO FMH0027_OMCE0000035002022427
2026-04-21T00:00:00.000000000Z,35,58,108847982,3.850000000,4.250000000,3.850000000,4.250000000,625,TFO FQN0026.U0026_OQCE0000050002062
2026-04-21T00:00:00.000000000Z,35,58,108481286,,,,,25,TFO FMF0027_OMCE0000035002122426
2026-04-21T00:00:00.000000000Z,35,85,31131494,3.500000000,3.500000000,3.500000000,3.500000000,175,TFO  22  31131494
2026-04-21T00:00:00.000000000Z,35,58,108482614,6.800000000,6.800000000,6.800000000,6.800000000,25,TFO FYF0027.Z0027_OYCE0000035002122
2026-04-21T00:00:00.000000000Z,35,85,31132406,0.000000000,0.040000000,0.000000000,0.040000000,200,TFO  73  31132406
2026-04-21T00:00:00.000000000Z,35,58,108990628,,,,,100,TFO FMV0026_OMCE0000075002092526
2026-04-21T00:00:00.000000000Z,35,85,31132073,2.800000000,2.800000000,2.800000000,2.800000000,25,TFO  56  31132073
2026-04-21T00:00:00.000000000Z,35,58,109592767,4.050000000,4.050000000,4.050000000,4.050000000,100,TFO FQV0026.Z0026_OQCE0000055002092
2026-04-21T00:00:00.000000000Z,35,58,108457413,0.970000000,0.970000000,0.970000000,0.970000000,1075,TFO FMV0026_OMPE0000030002092526
2026-04-21T00:00:00.000000000Z,35,58,108338590,,,,,100,TFO FMQ0026_OMPE0000029002072726
2026-04-21T00:00:00.000000000Z,35,58,108481189,,,,,75,TFO FMX0026_OMPE0000030002102726
2026-04-21T00:00:00.000000000Z,35,58,108215817,1.020000000,1.020000000,1.020000000,1.020000000,250,TFO FMM0026_OMPE0000033002052726
2026-04-21T00:00:00.000000000Z,35,58,108481950,,,,,25,TFO FMH0027_OMCE0000045002022427
2026-04-21T00:00:00.000000000Z,35,85,31132173,0.625000000,0.625000000,0.625000000,0.625000000,300,TFO  55  31132173
2026-04-21T00:00:00.000000000Z,35,85,31132327,0.000000000,0.000000000,0.000000000,0.000000000,500,TFO  44  31132327
2026-04-21T00:00:00.000000000Z,35,58,108476858,,,,,200,TFO FMU0026_OMCE0000045002082626
2026-04-21T00:00:00.000000000Z,35,58,108482174,,,,,175,TFO FMZ0026_OMCE0000040002112626
2026-04-21T00:00:00.000000000Z,35,58,108482019,,,,,50,TFO FMX0027_OMPE0000040002102727
2026-04-21T00:00:00.000000000Z,35,58,108482185,,,,,30,TFO FMZ0026_OMPE0000045002112626
2026-04-21T00:00:00.000000000Z,35,58,108147183,1.930000000,1.930000000,1.000000000,1.200000000,3235,TFO FMK0026_OMPE0000040002042426
2026-04-21T00:00:00.000000000Z,35,58,108476884,0.325000000,0.325000000,0.325000000,0.325000000,200,TFO FMK0026_OMCE0000047002042426
2026-04-21T00:00:00.000000000Z,35,58,109335165,2.250000000,2.650000000,2.250000000,2.650000000,800,TFO FQV0026.Z0026_OQCE0000070002092
2026-04-21T00:00:00.000000000Z,35,58,110698374,,,,,50,TFO FMU0026_OMCE0000150002082626
2026-04-21T00:00:00.000000000Z,35,85,31132325,1.300000000,1.300000000,1.300000000,1.300000000,25,TFO  54  31132325
2026-04-21T00:00:00.000000000Z,35,58,108482531,8.500000000,8.500000000,8.500000000,8.500000000,150,TFO FQF0027.H0027_OQPE0000040002122
2026-04-21T00:00:00.000000000Z,35,85,31132211,0.980000000,0.980000000,0.980000000,0.980000000,50,TFO  77  31132211
2026-04-21T00:00:00.000000000Z,35,85,108215811,0.375000000,0.375000000,0.375000000,0.375000000,50,TFO FMM0026_OMPE0000030002052726
2026-04-21T00:00:00.000000000Z,35,85,31132229,0.250000000,0.250000000,0.250000000,0.250000000,200,TFO  51  31132229
2026-04-21T00:00:00.000000000Z,35,85,108280835,0.560000000,0.560000000,0.560000000,0.560000000,50,TFO FMN0026_OMPE0000030002062626
2026-04-21T00:00:00.000000000Z,35,58,108564113,,,,,100,TFO FMQ0026_OMPE0000025002072726
2026-04-21T00:00:00.000000000Z,35,58,108147189,2.620000000,2.620000000,2.620000000,2.620000000,75,TFO FMK0026_OMPE0000043002042426
2026-04-21T00:00:00.000000000Z,35,58,108481506,,,,,25,TFO FMQ0027_OMCE0000035002072727
2026-04-21T00:00:00.000000000Z,35,58,108215821,1.820000000,1.820000000,1.310000000,1.310000000,1150,TFO FMM0026_OMPE0000035002052726
2026-04-21T00:00:00.000000000Z,35,85,31132750,7.250000000,7.250000000,7.250000000,7.250000000,25,TFO  55  31132750
2026-04-21T00:00:00.000000000Z,35,85,31132126,0.770000000,0.770000000,0.770000000,0.770000000,25,TFO  58  31132126
2026-04-21T00:00:00.000000000Z,35,58,108428898,2.900000000,4.125000000,2.900000000,4.125000000,125,TFO FMM0026_OMCE0000043002052726
2026-04-21T00:00:00.000000000Z,35,58,109254271,,,,,100,TFO FMV0026_OMCE0000100002092526
2026-04-21T00:00:00.000000000Z,35,58,109370207,,,,,100,TFO FMZ0026_OMCE0000065002112626
2026-04-21T00:00:00.000000000Z,35,58,108481308,,,,,25,TFO FMG0027_OMCE0000035002012727
2026-04-21T00:00:00.000000000Z,35,58,108484413,,,,,300,TFO FMF0027_OMPE0000025002122426
2026-04-21T00:00:00.000000000Z,35,58,108482145,,,,,30,TFO FMX0026_OMPE0000045002102726
2026-04-21T00:00:00.000000000Z,35,85,31132203,11.750000000,11.750000000,11.750000000,11.750000000,30,TFO  56  31132203
2026-04-21T00:00:00.000000000Z,35,58,108476868,4.350000000,4.350000000,4.350000000,4.350000000,450,TFO FMQ0026_OMCE0000045002072726
2026-04-21T00:00:00.000000000Z,35,58,108398556,,,,,125,TFO FMU0026_OMPE0000035002082626
2026-04-21T00:00:00.000000000Z,35,85,31132512,0.625000000,0.625000000,0.625000000,0.625000000,100,TFO  51  31132512
2026-04-21T00:00:00.000000000Z,35,58,109408515,0.050000000,0.070000000,0.050000000,0.070000000,550,TFO FMK0026_OMCE0000060002042426
2026-04-21T00:00:00.000000000Z,35,58,109335147,,,,,800,TFO FMX0026_OMCE0000070002102726
2026-04-21T00:00:00.000000000Z,35,85,31132706,1.875000000,1.875000000,1.875000000,1.875000000,200,TFO  55  31132706
2026-04-21T00:00:00.000000000Z,35,85,31132110,0.200000000,0.210000000,0.200000000,0.210000000,1050,TFO  75  31132110
2026-04-21T00:00:00.000000000Z,35,85,31132679,3.500000000,3.500000000,3.500000000,3.500000000,150,TFO  56  31132679
2026-04-21T00:00:00.000000000Z,35,58,108147182,1.800000000,2.900000000,1.800000000,2.900000000,885,TFO FMK0026_OMCE0000040002042426
2026-04-21T00:00:00.000000000Z,35,85,31132194,-0.420000000,-0.420000000,-0.420000000,-0.420000000,50,TFO  58  31132194
2026-04-21T00:00:00.000000000Z,35,85,31132265,4.950000000,5.100000000,4.950000000,5.100000000,250,TFO  56  31132265
2026-04-21T00:00:00.000000000Z,35,58,108481396,,,,,25,TFO FMJ0027_OMCE0000035002032527
2026-04-21T00:00:00.000000000Z,35,85,31132634,0.430000000,0.430000000,0.430000000,0.430000000,800,TFO  65  31132634
2026-04-21T00:00:00.000000000Z,35,85,31132675,2.600000000,2.600000000,2.600000000,2.600000000,150,TFO  58  31132675
2026-04-21T00:00:00.000000000Z,35,85,109335149,3.850000000,3.850000000,3.850000000,3.850000000,225,TFO FMZ0026_OMCE0000070002112626
2026-04-21T00:00:00.000000000Z,35,85,31132695,4.250000000,4.250000000,4.250000000,4.250000000,525,TFO  55  31132695
2026-04-21T00:00:00.000000000Z,35,58,108398546,,,,,105,TFO FMU0026_OMPE0000030002082626
2026-04-21T00:00:00.000000000Z,35,85,31132607,0.800000000,0.900000000,0.800000000,0.900000000,1700,TFO  16  31132607
2026-04-21T00:00:00.000000000Z,35,58,110948146,5.800000000,5.800000000,5.800000000,5.800000000,25,TFO FYF0027.Z0027_OYCE0000038502122426
2026-04-21T00:00:00.000000000Z,35,85,108147173,0.100000000,0.145000000,0.100000000,0.130000000,1650,TFO FMK0026_OMPE0000035002042426
2026-04-21T00:00:00.000000000Z,35,85,31132452,1.100000000,1.165000000,1.100000000,1.165000000,500,TFO  56  31132452
2026-04-21T00:00:00.000000000Z,35,85,31132652,1.035000000,1.035000000,1.035000000,1.035000000,500,TFO  51  31132652
2026-04-21T00:00:00.000000000Z,35,85,31132379,0.250000000,0.250000000,0.250000000,0.250000000,500,TFO  72  31132379
2026-04-21T00:00:00.000000000Z,35,85,31132078,0.640000000,0.640000000,0.640000000,0.640000000,250,TFO  51  31132078
2026-04-21T00:00:00.000000000Z,35,85,31132113,-0.050000000,-0.050000000,-0.050000000,-0.050000000,100,TFO  74  31132113
2026-04-21T00:00:00.000000000Z,35,85,31132693,0.870000000,0.870000000,0.870000000,0.870000000,250,TFO  58  31132693
2026-04-21T00:00:00.000000000Z,35,85,31132468,0.625000000,0.625000000,0.625000000,0.625000000,200,TFO  58  31132468
2026-04-21T00:00:00.000000000Z,35,85,31132630,0.010000000,0.010000000,0.010000000,0.010000000,150,TFO  18  31132630
2026-04-21T00:00:00.000000000Z,35,58,109576079,,,,,200,TFO FMU0026_OMCE0000070002082626
2026-04-21T00:00:00.000000000Z,35,58,110299399,,,,,450,TFO FMH0027_OMPE0000015002022427
2026-04-21T00:00:00.000000000Z,35,85,31132623,1.730000000,1.730000000,1.730000000,1.730000000,200,TFO  73  31132623
2026-04-21T00:00:00.000000000Z,35,58,108381602,,,,,200,TFO FMQ0026_OMPE0000040002072726
2026-04-21T00:00:00.000000000Z,35,58,109370283,2.615000000,2.615000000,2.615000000,2.615000000,100,TFO FQV0026.Z0026_OQCE0000065002092
2026-04-21T00:00:00.000000000Z,35,85,108476880,0.740000000,1.200000000,0.740000000,1.200000000,450,TFO FMK0026_OMCE0000045002042426
2026-04-21T00:00:00.000000000Z,35,58,108476848,2.425000000,3.800000000,1.500000000,3.700000000,2650,TFO FMM0026_OMCE0000045002052726
2026-04-21T00:00:00.000000000Z,35,85,31132530,3.100000000,3.100000000,3.100000000,3.100000000,100,TFO  72  31132530
2026-04-21T00:00:00.000000000Z,35,58,110698392,,,,,100,TFO FMV0026_OMCE0000110002092526
2026-04-21T00:00:00.000000000Z,35,58,109821426,,,,,50,TFO FMF0028_OMPE0000040002122427
2026-04-21T00:00:00.000000000Z,35,85,31132435,0.425000000,0.425000000,0.425000000,0.425000000,100,TFO  50  31132435
2026-04-21T00:00:00.000000000Z,35,58,109335145,,,,,800,TFO FMV0026_OMCE0000070002092526
2026-04-21T00:00:00.000000000Z,35,58,108245410,1.680000000,1.950000000,1.680000000,1.920000000,1250,TFO FMM0026_OMPE0000037002052726
2026-04-21T00:00:00.000000000Z,35,58,108401031,4.700000000,4.700000000,4.700000000,4.700000000,200,TFO FMM0026_OMPE0000042002052726
2026-04-21T00:00:00.000000000Z,35,58,108481265,5.350000000,5.350000000,5.350000000,5.350000000,150,TFO FQF0027.H0027_OQPE0000035002122
2026-04-21T00:00:00.000000000Z,35,85,31132326,5.575000000,5.575000000,5.575000000,5.575000000,25,TFO  56  31132326
2026-04-21T00:00:00.000000000Z,35,85,31132633,5.250000000,5.250000000,5.250000000,5.250000000,150,TFO  55  31132633
2026-04-21T00:00:00.000000000Z,35,58,109838785,,,,,350,TFO FMZ0026_OMCE0000060002112626
2026-04-21T00:00:00.000000000Z,35,58,108646540,,,,,50,TFO FMQ0026_OMCE0000075002072726
2026-04-21T00:00:00.000000000Z,35,58,108482087,,,,,30,TFO FMF0027_OMPE0000045002122426
2026-04-21T00:00:00.000000000Z,35,58,108400945,,,,,25,TFO FMU0026_OMPE0000041002082626
2026-04-21T00:00:00.000000000Z,35,58,108147184,,,,,250,TFO FMK0026_OMCE0000041002042426
2026-04-21T00:00:00.000000000Z,35,58,110698404,,,,,1200,TFO FMX0026_OMCE0000090002102726
2026-04-21T00:00:00.000000000Z,35,58,108482573,12.350000000,12.350000000,12.350000000,12.350000000,50,TFO FQV0027.Z0027_OQPE0000040002092
2026-04-21T00:00:00.000000000Z,35,58,108481418,,,,,25,TFO FMK0027_OMCE0000035002042627
2026-04-21T00:00:00.000000000Z,35,58,108147181,0.860000000,0.860000000,0.860000000,0.860000000,50,TFO FMK0026_OMPE0000039002042426
2026-04-21T00:00:00.000000000Z,35,58,109254273,,,,,100,TFO FMX0026_OMCE0000100002102726
2026-04-21T00:00:00.000000000Z,35,58,109592763,,,,,100,TFO FMX0026_OMCE0000055002102726
2026-04-22T00:00:00.000000000Z,35,85,31133367,3.075000000,3.075000000,3.075000000,3.075000000,200,TFO  53  31133367
2026-04-22T00:00:00.000000000Z,35,58,108481528,,,,,70,TFO FMU0027_OMCE0000035002082627
2026-04-22T00:00:00.000000000Z,35,58,108481475,,,,,225,TFO FMN0027_OMPE0000030002062527
2026-04-22T00:00:00.000000000Z,35,58,108720383,,,,,200,TFO FMV0026_OMPE0000023002092526
2026-04-22T00:00:00.000000000Z,35,58,109308589,,,,,10,TFO FMH0027_OMCE0000050002022427
2026-04-22T00:00:00.000000000Z,35,58,109308579,5.120000000,5.120000000,5.120000000,5.120000000,60,TFO FMV0026_OMCE0000050002092526
2026-04-22T00:00:00.000000000Z,35,58,108615623,,,,,100,TFO FMX0026_OMPE0000027002102726
2026-04-22T00:00:00.000000000Z,35,58,108685483,,,,,225,TFO FMJ0027_OMPE0000020002032527
2026-04-22T00:00:00.000000000Z,35,85,31133790,0.640000000,0.640000000,0.640000000,0.640000000,300,TFO  50  31133790
2026-04-22T00:00:00.000000000Z,35,58,109839119,5.050000000,5.250000000,5.050000000,5.250000000,1025,TFO FQF0027.H0027_OQCE0000060002122
2026-04-22T00:00:00.000000000Z,35,58,108455395,,,,,435,TFO FMV0026_OMPE0000040002092526
2026-04-22T00:00:00.000000000Z,35,58,108481255,2.350000000,2.350000000,2.350000000,2.350000000,25,TFO FQF0027.H0027_OQPE0000030002122
2026-04-22T00:00:00.000000000Z,35,85,31129608,2.725000000,2.725000000,2.725000000,2.725000000,100,TFO   6  31129608
2026-04-22T00:00:00.000000000Z,35,85,31133689,1.300000000,1.300000000,1.300000000,1.300000000,1000,TFO  51  31133689
2026-04-22T00:00:00.000000000Z,35,58,108482144,,,,,25,TFO FMX0026_OMCE0000045002102726
2026-04-22T00:00:00.000000000Z,35,58,108847982,4.075000000,4.775000000,4.075000000,4.775000000,525,TFO FQN0026.U0026_OQCE0000050002062
2026-04-22T00:00:00.000000000Z,35,58,108484129,,,,,105,TFO FMJ0027_OMPE0000025002032527
2026-04-22T00:00:00.000000000Z,35,58,31133244,0.230000000,0.230000000,0.230000000,0.230000000,25,TFO   5  31133244
2026-04-22T00:00:00.000000000Z,35,58,108476882,0.865000000,0.865000000,0.865000000,0.865000000,550,TFO FMK0026_OMCE0000046002042426
2026-04-22T00:00:00.000000000Z,35,85,31133227,1.450000000,1.450000000,1.450000000,1.450000000,500,TFO  51  31133227
2026-04-22T00:00:00.000000000Z,35,58,108481189,,,,,325,TFO FMX0026_OMPE0000030002102726
2026-04-22T00:00:00.000000000Z,35,85,31133664,2.625000000,2.700000000,2.625000000,2.700000000,100,TFO  55  31133664
2026-04-22T00:00:00.000000000Z,35,58,108482086,,,,,25,TFO FMF0027_OMCE0000045002122426
2026-04-22T00:00:00.000000000Z,35,58,109335153,,,,,1000,TFO FMG0027_OMCE0000070002012727
2026-04-22T00:00:00.000000000Z,35,85,31133200,0.300000000,0.300000000,0.300000000,0.300000000,1000,TFO  56  31133200
2026-04-22T00:00:00.000000000Z,35,85,31133566,0.230000000,0.230000000,0.230000000,0.230000000,200,TFO   6  31133566
2026-04-22T00:00:00.000000000Z,35,58,108481418,,,,,70,TFO FMK0027_OMCE0000035002042627
2026-04-22T00:00:00.000000000Z,35,58,108617137,1.025000000,1.025000000,1.025000000,1.025000000,100,TFO FSV0026.H0027_OSPE0000027002092
2026-04-22T00:00:00.000000000Z,35,58,110615028,3.075000000,3.075000000,3.075000000,3.075000000,115,TFO FSV0026.H0027_OSCE0000080002092
2026-04-22T00:00:00.000000000Z,35,58,108481506,,,,,70,TFO FMQ0027_OMCE0000035002072727
2026-04-22T00:00:00.000000000Z,35,58,108481950,,,,,25,TFO FMH0027_OMCE0000045002022427
2026-04-22T00:00:00.000000000Z,35,58,108616905,,,,,100,TFO FMZ0026_OMPE0000027002112626
2026-04-22T00:00:00.000000000Z,35,85,31094334,0.000000000,0.000000000,0.000000000,0.000000000,1500,TFO  21  31094334
2026-04-22T00:00:00.000000000Z,35,58,109335155,,,,,1000,TFO FMH0027_OMCE0000070002022427
2026-04-22T00:00:00.000000000Z,35,85,31133818,6.260000000,6.300000000,6.260000000,6.300000000,475,TFO  55  31133818
2026-04-22T00:00:00.000000000Z,35,85,108147183,0.400000000,0.500000000,0.220000000,0.230000000,455,TFO FMK0026_OMPE0000040002042426
2026-04-22T00:00:00.000000000Z,35,85,108215821,1.000000000,1.150000000,1.000000000,1.150000000,1400,TFO FMM0026_OMPE0000035002052726
2026-04-22T00:00:00.000000000Z,35,58,108481387,,,,,225,TFO FMJ0027_OMPE0000030002032527
2026-04-22T00:00:00.000000000Z,35,58,108476880,1.050000000,1.355000000,0.750000000,1.300000000,3125,TFO FMK0026_OMCE0000045002042426
2026-04-22T00:00:00.000000000Z,35,85,108476880,0.750000000,1.150000000,0.750000000,1.150000000,150,TFO FMK0026_OMCE0000045002042426
2026-04-22T00:00:00.000000000Z,35,85,31133310,4.705000000,4.705000000,4.705000000,4.705000000,50,TFO  58  31133310
2026-04-22T00:00:00.000000000Z,35,58,109592763,,,,,250,TFO FMX0026_OMCE0000055002102726
2026-04-22T00:00:00.000000000Z,35,58,108484411,,,,,100,TFO FMG0027_OMPE0000027002012727
2026-04-22T00:00:00.000000000Z,35,58,108381601,,,,,85,TFO FMQ0026_OMCE0000040002072726
2026-04-22T00:00:00.000000000Z,35,85,108215817,0.500000000,0.500000000,0.500000000,0.500000000,500,TFO FMM0026_OMPE0000033002052726
2026-04-22T00:00:00.000000000Z,35,58,109335145,2.570000000,2.570000000,2.570000000,2.570000000,50,TFO FMV0026_OMCE0000070002092526
2026-04-22T00:00:00.000000000Z,35,85,108847184,0.385000000,0.410000000,0.360000000,0.360000000,385,TFO FMK0026_OMCE0000050002042426
2026-04-22T00:00:00.000000000Z,35,85,31133788,0.875000000,0.875000000,0.875000000,0.875000000,250,TFO  50  31133788
2026-04-22T00:00:00.000000000Z,35,85,31133048,1.050000000,1.050000000,1.050000000,1.050000000,150,TFO  55  31133048
2026-04-22T00:00:00.000000000Z,35,58,108484417,,,,,100,TFO FMF0027_OMPE0000027002122426
2026-04-22T00:00:00.000000000Z,35,58,108993163,,,,,200,TFO FMN0026_OMPE0000015002062626
2026-04-22T00:00:00.000000000Z,35,85,31133754,4.775000000,4.775000000,4.775000000,4.775000000,125,TFO  55  31133754
2026-04-22T00:00:00.000000000Z,35,85,31133272,2.875000000,2.875000000,2.875000000,2.875000000,100,TFO  56  31133272
2026-04-22T00:00:00.000000000Z,35,85,108482194,0.600000000,0.600000000,0.425000000,0.425000000,900,TFO FMK0026_OMCE0000048002042426
2026-04-22T00:00:00.000000000Z,35,58,110698368,,,,,200,TFO FMU0026_OMCE0000090002082626
2026-04-22T00:00:00.000000000Z,35,85,31133151,2.950000000,2.950000000,2.950000000,2.950000000,20,TFO  55  31133151
2026-04-22T00:00:00.000000000Z,35,58,108990628,,,,,100,TFO FMV0026_OMCE0000075002092526
2026-04-22T00:00:00.000000000Z,35,85,109370195,1.050000000,1.060000000,1.050000000,1.060000000,50,TFO FMM0026_OMCE0000065002052726
2026-04-22T00:00:00.000000000Z,35,58,108993165,,,,,200,TFO FMQ0026_OMPE0000015002072726
2026-04-22T00:00:00.000000000Z,35,85,31133650,2.675000000,2.675000000,2.675000000,2.675000000,150,TFO  51  31133650
2026-04-22T00:00:00.000000000Z,35,58,108338591,,,,,50,TFO FMQ0026_OMCE0000030002072726
2026-04-22T00:00:00.000000000Z,35,58,108481321,,,,,350,TFO FMH0027_OMPE0000030002022427
2026-04-22T00:00:00.000000000Z,35,58,110698342,,,,,200,TFO FMN0026_OMCE0000090002062626
2026-04-22T00:00:00.000000000Z,35,58,108332543,3.430000000,3.430000000,2.775000000,3.030000000,1360,TFO FMM0026_OMPE0000040002052726
2026-04-22T00:00:00.000000000Z,35,58,108398545,,,,,50,TFO FMU0026_OMCE0000030002082626
2026-04-22T00:00:00.000000000Z,35,58,108481431,,,,,225,TFO FMM0027_OMPE0000030002052627
2026-04-22T00:00:00.000000000Z,35,58,108990638,,,,,100,TFO FMH0027_OMCE0000075002022427
2026-04-22T00:00:00.000000000Z,35,85,108338602,1.945000000,1.945000000,1.945000000,1.945000000,50,TFO FMQ0026_OMPE0000035002072726
2026-04-22T00:00:00.000000000Z,35,85,31133289,0.300000000,0.300000000,0.300000000,0.300000000,25,TFO  58  31133289
2026-04-22T00:00:00.000000000Z,35,85,31133150,-0.200000000,-0.200000000,-0.200000000,-0.200000000,25,TFO  44  31133150
2026-04-22T00:00:00.000000000Z,35,58,108643817,,,,,225,TFO FMU0027_OMPE0000020002082627
2026-04-22T00:00:00.000000000Z,35,58,108481309,,,,,125,TFO FMG0027_OMPE0000035002012727
2026-04-22T00:00:00.000000000Z,35,58,108476865,,,,,100,TFO FMQ0026_OMPE0000043002072726
2026-04-22T00:00:00.000000000Z,35,58,108484189,,,,,105,TFO FMU0027_OMPE0000025002082627
2026-04-22T00:00:00.000000000Z,35,85,31133383,0.600000000,0.600000000,0.600000000,0.600000000,50,TFO  51  31133383
2026-04-22T00:00:00.000000000Z,35,58,108484181,,,,,105,TFO FMQ0027_OMPE0000025002072727
2026-04-22T00:00:00.000000000Z,35,85,31133133,6.925000000,6.925000000,6.925000000,6.925000000,10,TFO  56  31133133
2026-04-22T00:00:00.000000000Z,35,58,108598847,,,,,100,TFO FMV0026_OMPE0000027002092526
2026-04-22T00:00:00.000000000Z,35,58,108482632,7.450000000,7.450000000,7.450000000,7.450000000,25,TFO FSV0026.H0027_OSCE0000045002092
2026-04-22T00:00:00.000000000Z,35,58,108481484,,,,,70,TFO FMN0027_OMCE0000035002062527
2026-04-22T00:00:00.000000000Z,35,58,109308583,,,,,10,TFO FMZ0026_OMCE0000050002112626
2026-04-22T00:00:00.000000000Z,35,85,31133632,1.525000000,1.525000000,1.525000000,1.525000000,75,TFO  58  31133632
2026-04-22T00:00:00.000000000Z,35,58,108455367,2.300000000,2.300000000,1.950000000,2.000000000,225,TFO FQN0026.U0026_OQPE0000035002062
2026-04-22T00:00:00.000000000Z,35,58,110698454,0.980000000,0.980000000,0.980000000,0.980000000,200,TFO FQN0026.U0026_OQCE0000090002062
2026-04-22T00:00:00.000000000Z,35,58,109254271,,,,,100,TFO FMV0026_OMCE0000100002092526
2026-04-22T00:00:00.000000000Z,35,58,108481143,1.900000000,1.900000000,1.800000000,1.800000000,325,TFO FSV0026.H0027_OSPE0000030002092
2026-04-22T00:00:00.000000000Z,35,58,108400936,,,,,85,TFO FMN0026_OMCE0000040002062626
2026-04-22T00:00:00.000000000Z,35,85,109576071,0.060000000,0.060000000,0.060000000,0.060000000,50,TFO FMK0026_OMCE0000070002042426
2026-04-22T00:00:00.000000000Z,35,85,31133706,1.025000000,1.025000000,1.025000000,1.025000000,50,TFO  72  31133706
2026-04-22T00:00:00.000000000Z,35,58,110615022,,,,,115,TFO FMF0027_OMCE0000080002122426
2026-04-22T00:00:00.000000000Z,35,85,31133835,2.500000000,2.500000000,2.500000000,2.500000000,50,TFO  56  31133835
2026-04-22T00:00:00.000000000Z,35,58,108990634,,,,,100,TFO FMF0027_OMCE0000075002122426
2026-04-22T00:00:00.000000000Z,35,58,108248812,,,,,120,TFO FMM0026_OMPE0000038002052726
2026-04-22T00:00:00.000000000Z,35,58,108776699,,,,,200,TFO FMX0026_OMPE0000023002102726
2026-04-22T00:00:00.000000000Z,35,58,109408515,,,,,50,TFO FMK0026_OMCE0000060002042426
2026-04-22T00:00:00.000000000Z,35,58,109254277,,,,,200,TFO FMF0027_OMCE0000100002122426
2026-04-22T00:00:00.000000000Z,35,85,31133157,1.175000000,1.175000000,1.175000000,1.175000000,200,TFO  63  31133157
2026-04-22T00:00:00.000000000Z,35,58,108481195,,,,,230,TFO FMX0026_OMPE0000033002102726
2026-04-22T00:00:00.000000000Z,35,85,31133273,6.000000000,6.000000000,6.000000000,6.000000000,35,TFO  58  31133273
2026-04-22T00:00:00.000000000Z,35,85,110698854,3.300000000,3.300000000,3.300000000,3.300000000,49,TFO FMF0027_OMCE0000085002122426
2026-04-22T00:00:00.000000000Z,35,85,31133232,0.750000000,0.750000000,0.750000000,0.750000000,350,TFO  72  31133232
2026-04-22T00:00:00.000000000Z,35,58,110698348,,,,,200,TFO FMQ0026_OMCE0000090002072726
2026-04-22T00:00:00.000000000Z,35,58,108481409,,,,,225,TFO FMK0027_OMPE0000030002042627
2026-04-22T00:00:00.000000000Z,35,85,31133212,0.600000000,0.600000000,0.600000000,0.600000000,550,TFO  51  31133212
2026-04-22T00:00:00.000000000Z,35,58,108455385,,,,,325,TFO FMV0026_OMPE0000035002092526
2026-04-22T00:00:00.000000000Z,35,85,31133386,2.505000000,2.505000000,2.505000000,2.505000000,600,TFO  58  31133386
2026-04-22T00:00:00.000000000Z,35,58,108476848,3.730000000,4.500000000,3.730000000,4.500000000,2050,TFO FMM0026_OMCE0000045002052726
2026-04-22T00:00:00.000000000Z,35,58,108455383,,,,,250,TFO FMV0026_OMPE0000034002092526
2026-04-22T00:00:00.000000000Z,35,85,31133342,0.025000000,0.025000000,0.025000000,0.025000000,40,TFO  72  31133342
2026-04-22T00:00:00.000000000Z,35,85,31094348,0.285000000,0.285000000,0.285000000,0.285000000,50,TFO   6  31094348
2026-04-22T00:00:00.000000000Z,35,85,108476878,1.465000000,1.650000000,1.465000000,1.650000000,100,TFO FMK0026_OMCE0000044002042426
2026-04-22T00:00:00.000000000Z,35,58,108455381,,,,,230,TFO FMV0026_OMPE0000033002092526
2026-04-22T00:00:00.000000000Z,35,58,108685481,,,,,225,TFO FMK0027_OMPE0000020002042627
2026-04-22T00:00:00.000000000Z,35,58,108280836,,,,,50,TFO FMN0026_OMCE0000031002062626
2026-04-22T00:00:00.000000000Z,35,58,109838787,,,,,1025,TFO FMF0027_OMCE0000060002122426
2026-04-22T00:00:00.000000000Z,35,58,108481941,,,,,260,TFO FMH0027_OMPE0000040002022427
2026-04-22T00:00:00.000000000Z,35,58,108481177,3.200000000,3.200000000,2.990000000,2.990000000,225,TFO FQV0026.Z0026_OQPE0000035002092
2026-04-22T00:00:00.000000000Z,35,58,108476936,5.700000000,6.300000000,5.500000000,6.300000000,675,TFO FQN0026.U0026_OQCE0000045002062
2026-04-22T00:00:00.000000000Z,35,85,31133832,2.500000000,2.500000000,2.500000000,2.500000000,200,TFO  56  31133832
2026-04-22T00:00:00.000000000Z,35,58,110950242,3.075000000,3.075000000,3.075000000,3.075000000,115,TFO FSV0026.H0027_OSCE0000083002092526
2026-04-22T00:00:00.000000000Z,35,58,109408523,3.450000000,3.450000000,3.260000000,3.260000000,730,TFO FMU0026_OMCE0000060002082626
2026-04-22T00:00:00.000000000Z,35,58,108481211,,,,,325,TFO FMZ0026_OMPE0000030002112626
2026-04-22T00:00:00.000000000Z,35,58,108484149,,,,,105,TFO FMM0027_OMPE0000025002052627
2026-04-22T00:00:00.000000000Z,35,85,31133341,0.025000000,0.025000000,0.025000000,0.025000000,25,TFO  72  31133341
2026-04-22T00:00:00.000000000Z,35,85,109408517,1.525000000,1.525000000,1.525000000,1.525000000,20,TFO FMM0026_OMCE0000060002052726
2026-04-22T00:00:00.000000000Z,35,85,31133176,2.775000000,2.820000000,2.775000000,2.820000000,200,TFO  56  31133176
2026-04-22T00:00:00.000000000Z,35,85,108147184,2.200000000,2.200000000,2.200000000,2.200000000,25,TFO FMK0026_OMCE0000041002042426
2026-04-22T00:00:00.000000000Z,35,85,31133822,0.025000000,0.025000000,0.025000000,0.025000000,65,TFO  72  31133822
2026-04-22T00:00:00.000000000Z,35,58,108147177,0.270000000,0.270000000,0.270000000,0.270000000,90,TFO FMK0026_OMPE0000037002042426
2026-04-22T00:00:00.000000000Z,35,85,31094224,0.135000000,0.135000000,0.135000000,0.135000000,700,TFO   6  31094224
2026-04-22T00:00:00.000000000Z,35,58,108482158,,,,,25,TFO FMV0026_OMCE0000045002092526
2026-04-22T00:00:00.000000000Z,35,58,108147179,0.200000000,0.240000000,0.160000000,0.175000000,1550,TFO FMK0026_OMPE0000038002042426
2026-04-22T00:00:00.000000000Z,35,58,108482135,,,,,435,TFO FMX0026_OMPE0000040002102726
2026-04-22T00:00:00.000000000Z,35,58,108564128,,,,,200,TFO FMU0026_OMCE0000100002082626
2026-04-22T00:00:00.000000000Z,35,85,31125748,3.150000000,3.150000000,3.150000000,3.150000000,175,TFO  22  31125748
2026-04-22T00:00:00.000000000Z,35,85,31133759,2.500000000,2.500000000,2.500000000,2.500000000,100,TFO  55  31133759
2026-04-22T00:00:00.000000000Z,35,58,108481221,,,,,325,TFO FMZ0026_OMPE0000035002112626
2026-04-22T00:00:00.000000000Z,35,85,108147175,0.060000000,0.060000000,0.030000000,0.030000000,1225,TFO FMK0026_OMPE0000036002042426
2026-04-22T00:00:00.000000000Z,35,58,109184381,0.225000000,0.225000000,0.075000000,0.155000000,1400,TFO FMK0026_OMCE0000055002042426
2026-04-22T00:00:00.000000000Z,35,58,108847192,4.950000000,4.950000000,4.790000000,4.850000000,1275,TFO FMU0026_OMCE0000050002082626
2026-04-22T00:00:00.000000000Z,35,85,108147173,0.050000000,0.050000000,0.050000000,0.050000000,1000,TFO FMK0026_OMPE0000035002042426
2026-04-22T00:00:00.000000000Z,35,85,31133834,6.300000000,6.300000000,6.300000000,6.300000000,75,TFO  55  31133834
2026-04-22T00:00:00.000000000Z,35,58,108147189,1.650000000,1.740000000,0.900000000,0.900000000,1875,TFO FMK0026_OMPE0000043002042426
2026-04-22T00:00:00.000000000Z,35,85,108147189,1.050000000,1.050000000,1.050000000,1.050000000,100,TFO FMK0026_OMPE0000043002042426
2026-04-22T00:00:00.000000000Z,35,85,31133829,1.100000000,1.100000000,1.100000000,1.100000000,200,TFO  55  31133829
2026-04-22T00:00:00.000000000Z,35,58,108481497,,,,,225,TFO FMQ0027_OMPE0000030002072727
2026-04-22T00:00:00.000000000Z,35,85,31133602,1.850000000,1.850000000,1.850000000,1.850000000,10,TFO  10  31133602
2026-04-22T00:00:00.000000000Z,35,58,108482194,0.520000000,0.520000000,0.520000000,0.520000000,550,TFO FMK0026_OMCE0000048002042426
2026-04-22T00:00:00.000000000Z,35,85,31133154,2.150000000,2.150000000,2.150000000,2.150000000,250,TFO  50  31133154
2026-04-22T00:00:00.000000000Z,35,85,31133253,0.820000000,0.820000000,0.820000000,0.820000000,50,TFO   6  31133253
2026-04-22T00:00:00.000000000Z,35,85,31133484,7.100000000,7.100000000,7.100000000,7.100000000,75,TFO  56  31133484
2026-04-22T00:00:00.000000000Z,35,85,31133408,0.475000000,0.475000000,0.475000000,0.475000000,200,TFO  46  31133408
2026-04-22T00:00:00.000000000Z,35,58,108640515,,,,,225,TFO FMQ0027_OMPE0000020002072727
2026-04-22T00:00:00.000000000Z,35,58,108481519,,,,,225,TFO FMU0027_OMPE0000030002082627
2026-04-22T00:00:00.000000000Z,35,85,31133104,0.850000000,0.850000000,0.850000000,0.850000000,700,TFO  55  31133104
2026-04-22T00:00:00.000000000Z,35,85,31133175,3.900000000,3.900000000,3.900000000,3.900000000,200,TFO  55  31133175
2026-04-22T00:00:00.000000000Z,35,85,31133782,0.800000000,0.800000000,0.800000000,0.800000000,600,TFO  51  31133782
2026-04-22T00:00:00.000000000Z,35,85,31133255,2.665000000,2.665000000,2.660000000,2.660000000,505,TFO  58  31133255
2026-04-22T00:00:00.000000000Z,35,58,108816719,,,,,50,TFO FMH0028_OMPE0000032002022528
2026-04-22T00:00:00.000000000Z,35,85,31133196,1.025000000,1.025000000,1.025000000,1.025000000,20,TFO  55  31133196
2026-04-22T00:00:00.000000000Z,35,58,108484405,,,,,100,TFO FMH0027_OMPE0000027002022427
2026-04-22T00:00:00.000000000Z,35,58,108482077,,,,,260,TFO FMF0027_OMPE0000040002122426
2026-04-22T00:00:00.000000000Z,35,85,31133502,1.950000000,1.950000000,1.950000000,1.950000000,100,TFO  51  31133502
2026-04-22T00:00:00.000000000Z,35,85,31133108,1.100000000,1.100000000,1.100000000,1.100000000,100,TFO  56  31133108
2026-04-22T00:00:00.000000000Z,35,58,109617069,0.510000000,0.510000000,0.510000000,0.510000000,45,TFO FMK0026_OMCE0000049002042426
2026-04-22T00:00:00.000000000Z,35,58,108646534,0.025000000,0.025000000,0.025000000,0.025000000,450,TFO FMK0026_OMCE0000075002042426
2026-04-22T00:00:00.000000000Z,35,58,108990640,3.250000000,3.250000000,3.250000000,3.250000000,100,TFO FSV0026.H0027_OSCE0000075002092
2026-04-22T00:00:00.000000000Z,35,58,108481153,3.850000000,3.850000000,3.850000000,3.850000000,100,TFO FSV0026.H0027_OSPE0000035002092
2026-04-22T00:00:00.000000000Z,35,58,108476855,,,,,100,TFO FMU0026_OMPE0000043002082626
2026-04-22T00:00:00.000000000Z,35,58,108482008,,,,,25,TFO FMG0027_OMCE0000045002012727
2026-04-22T00:00:00.000000000Z,35,85,31133336,0.025000000,0.025000000,0.025000000,0.025000000,50,TFO  72  31133336
2026-04-22T00:00:00.000000000Z,35,85,31133086,0.310000000,0.310000000,0.310000000,0.310000000,100,TFO   6  31133086
2026-04-22T00:00:00.000000000Z,35,58,109254275,,,,,100,TFO FMZ0026_OMCE0000100002112626
2026-04-22T00:00:00.000000000Z,35,85,31133069,0.300000000,0.305000000,0.300000000,0.300000000,700,TFO  72  31133069
2026-04-22T00:00:00.000000000Z,35,58,109838791,,,,,1025,TFO FMH0027_OMCE0000060002022427
2026-04-22T00:00:00.000000000Z,35,58,108481217,,,,,230,TFO FMZ0026_OMPE0000033002112626
2026-04-22T00:00:00.000000000Z,35,58,108457413,,,,,325,TFO FMV0026_OMPE0000030002092526
2026-04-22T00:00:00.000000000Z,35,58,109184387,3.625000000,3.625000000,3.625000000,3.625000000,250,TFO FMQ0026_OMCE0000055002072726
2026-04-22T00:00:00.000000000Z,35,58,108990630,,,,,100,TFO FMX0026_OMCE0000075002102726
2026-04-22T00:00:00.000000000Z,35,58,109408519,,,,,180,TFO FMN0026_OMCE0000060002062626
2026-04-22T00:00:00.000000000Z,35,85,108215811,0.275000000,0.275000000,0.275000000,0.275000000,150,TFO FMM0026_OMPE0000030002052726
2026-04-22T00:00:00.000000000Z,35,58,108481265,4.550000000,4.550000000,4.550000000,4.550000000,25,TFO FQF0027.H0027_OQPE0000035002122
2026-04-22T00:00:00.000000000Z,35,85,31133418,3.005000000,3.005000000,3.005000000,3.005000000,2415,TFO  58  31133418
2026-04-22T00:00:00.000000000Z,35,58,108476868,5.775000000,5.775000000,5.775000000,5.775000000,925,TFO FMQ0026_OMCE0000045002072726
2026-04-22T00:00:00.000000000Z,35,58,110615020,,,,,115,TFO FMZ0026_OMCE0000080002112626
2026-04-22T00:00:00.000000000Z,35,58,109576073,0.760000000,0.760000000,0.760000000,0.760000000,300,TFO FMM0026_OMCE0000070002052726
2026-04-22T00:00:00.000000000Z,35,85,109576073,0.790000000,0.790000000,0.790000000,0.790000000,10,TFO FMM0026_OMCE0000070002052726
2026-04-22T00:00:00.000000000Z,35,58,108481341,4.450000000,4.450000000,4.450000000,4.450000000,225,TFO FSJ0027.U0027_OSPE0000030002032
2026-04-22T00:00:00.000000000Z,35,58,108847186,2.825000000,3.120000000,2.650000000,3.120000000,2050,TFO FMM0026_OMCE0000050002052726
2026-04-22T00:00:00.000000000Z,35,85,108847186,2.635000000,3.000000000,2.635000000,2.650000000,530,TFO FMM0026_OMCE0000050002052726
2026-04-22T00:00:00.000000000Z,35,58,108476835,,,,,75,TFO FMN0026_OMPE0000042002062626
2026-04-22T00:00:00.000000000Z,35,58,108398547,,,,,50,TFO FMU0026_OMCE0000031002082626
2026-04-22T00:00:00.000000000Z,35,58,109184383,2.100000000,2.100000000,1.875000000,1.875000000,1050,TFO FMM0026_OMCE0000055002052726
2026-04-22T00:00:00.000000000Z,35,58,108482175,,,,,435,TFO FMZ0026_OMPE0000040002112626
2026-04-22T00:00:00.000000000Z,35,58,110615024,,,,,115,TFO FMG0027_OMCE0000080002012727
2026-04-22T00:00:00.000000000Z,35,85,108994959,0.040000000,0.040000000,0.040000000,0.040000000,200,TFO FQN0026.U0026_OQPE0000015002062
2026-04-22T00:00:00.000000000Z,35,58,110615026,,,,,115,TFO FMH0027_OMCE0000080002022427
2026-04-22T00:00:00.000000000Z,35,85,31133705,3.500000000,3.500000000,3.500000000,3.500000000,500,TFO   9  31133705
2026-04-22T00:00:00.000000000Z,35,58,110615018,,,,,115,TFO FMX0026_OMCE0000080002102726
2026-04-22T00:00:00.000000000Z,35,58,108400942,,,,,85,TFO FMU0026_OMCE0000040002082626
2026-04-22T00:00:00.000000000Z,35,58,109254279,,,,,200,TFO FMG0027_OMCE0000100002012727
2026-04-22T00:00:00.000000000Z,35,85,31133115,0.975000000,0.975000000,0.975000000,0.975000000,1000,TFO  50  31133115
2026-04-22T00:00:00.000000000Z,35,58,108147188,1.500000000,1.500000000,1.335000000,1.335000000,400,TFO FMK0026_OMCE0000043002042426
2026-04-22T00:00:00.000000000Z,35,58,108819289,7.350000000,7.350000000,7.350000000,7.350000000,50,TFO FQF0028.H0028_OQPE0000032002122
2026-04-22T00:00:00.000000000Z,35,85,31133694,2.190000000,2.190000000,2.190000000,2.190000000,25,TFO  50  31133694
2026-04-22T00:00:00.000000000Z,35,85,31133144,1.380000000,1.380000000,1.380000000,1.380000000,200,TFO  55  31133144
2026-04-22T00:00:00.000000000Z,35,58,108476933,6.550000000,6.550000000,6.550000000,6.550000000,100,TFO FQN0026.U0026_OQPE0000043002062
2026-04-22T00:00:00.000000000Z,35,58,110615016,,,,,115,TFO FMV0026_OMCE0000080002092526
2026-04-22T00:00:00.000000000Z,35,58,108643803,,,,,200,TFO FMH0027_OMPE0000023002022427
2026-04-22T00:00:00.000000000Z,35,58,108481299,,,,,350,TFO FMG0027_OMPE0000030002012727
2026-04-22T00:00:00.000000000Z,35,58,108482623,6.925000000,7.100000000,6.650000000,6.650000000,135,TFO FSV0026.H0027_OSPE0000040002092
2026-04-22T00:00:00.000000000Z,35,58,109335151,,,,,1000,TFO FMF0027_OMCE0000070002122426
2026-04-22T00:00:00.000000000Z,35,58,108427169,,,,,75,TFO FMU0026_OMPE0000042002082626
2026-04-22T00:00:00.000000000Z,35,85,31133139,2.825000000,2.825000000,2.825000000,2.825000000,150,TFO  55  31133139
2026-04-22T00:00:00.000000000Z,35,58,108293633,,,,,225,TFO FMN0026_OMPE0000035002062626
2026-04-22T00:00:00.000000000Z,35,58,108147185,0.800000000,0.800000000,0.390000000,0.415000000,1550,TFO FMK0026_OMPE0000041002042426
2026-04-22T00:00:00.000000000Z,35,85,108147185,0.850000000,0.850000000,0.850000000,0.850000000,15,TFO FMK0026_OMPE0000041002042426
2026-04-22T00:00:00.000000000Z,35,85,108646536,0.750000000,0.750000000,0.750000000,0.750000000,15,TFO FMM0026_OMCE0000075002052726
2026-04-22T00:00:00.000000000Z,35,58,108685185,0.850000000,0.850000000,0.850000000,0.850000000,225,TFO FSJ0027.U0027_OSPE0000020002032
2026-04-22T00:00:00.000000000Z,35,85,109370197,1.900000000,1.900000000,1.900000000,1.900000000,10,TFO FMN0026_OMCE0000065002062626
2026-04-22T00:00:00.000000000Z,35,85,31133746,6.650000000,6.650000000,6.650000000,6.650000000,50,TFO  56  31133746
2026-04-22T00:00:00.000000000Z,35,58,108565850,0.750000000,0.750000000,0.750000000,0.750000000,200,TFO FQN0026.U0026_OQCE0000100002062
2026-04-22T00:00:00.000000000Z,35,58,108215821,1.100000000,1.100000000,0.880000000,0.880000000,1320,TFO FMM0026_OMPE0000035002052726
2026-04-22T00:00:00.000000000Z,35,58,109408521,,,,,180,TFO FMQ0026_OMCE0000060002072726
2026-04-22T00:00:00.000000000Z,35,85,31098508,4.825000000,4.825000000,4.825000000,4.825000000,60,TFO   6  31098508
2026-04-22T00:00:00.000000000Z,35,58,108481219,,,,,250,TFO FMZ0026_OMPE0000034002112626
2026-04-22T00:00:00.000000000Z,35,58,108481331,,,,,125,TFO FMH0027_OMPE0000035002022427
2026-04-22T00:00:00.000000000Z,35,58,108643807,,,,,200,TFO FMF0027_OMPE0000023002122426
2026-04-22T00:00:00.000000000Z,35,58,109592765,,,,,250,TFO FMZ0026_OMCE0000055002112626
2026-04-22T00:00:00.000000000Z,35,58,108847184,0.370000000,0.430000000,0.250000000,0.315000000,2200,TFO FMK0026_OMCE0000050002042426
2026-04-22T00:00:00.000000000Z,35,58,108564124,,,,,200,TFO FMN0026_OMCE0000100002062626
2026-04-22T00:00:00.000000000Z,35,85,31133661,1.590000000,1.590000000,1.590000000,1.590000000,250,TFO  50  31133661
2026-04-22T00:00:00.000000000Z,35,58,108481149,3.050000000,3.050000000,3.050000000,3.050000000,230,TFO FSV0026.H0027_OSPE0000033002092
2026-04-22T00:00:00.000000000Z,35,85,31133825,1.360000000,1.360000000,1.360000000,1.360000000,100,TFO  73  31133825
2026-04-22T00:00:00.000000000Z,35,58,108476837,,,,,100,TFO FMN0026_OMPE0000043002062626
2026-04-22T00:00:00.000000000Z,35,58,108482184,,,,,25,TFO FMZ0026_OMCE0000045002112626
2026-04-22T00:00:00.000000000Z,35,85,31133622,3.600000000,3.600000000,3.600000000,3.600000000,225,TFO  51  31133622
2026-04-22T00:00:00.000000000Z,35,58,108847190,4.315000000,4.315000000,4.315000000,4.315000000,725,TFO FMQ0026_OMCE0000050002072726
2026-04-22T00:00:00.000000000Z,35,85,31133753,0.025000000,0.025000000,0.025000000,0.025000000,100,TFO  58  31133753
2026-04-22T00:00:00.000000000Z,35,85,31133059,0.825000000,0.825000000,0.825000000,0.825000000,200,TFO  56  31133059
2026-04-22T00:00:00.000000000Z,35,58,108482531,7.600000000,7.600000000,7.600000000,7.600000000,125,TFO FQF0027.H0027_OQPE0000040002122
2026-04-22T00:00:00.000000000Z,35,58,108484111,2.300000000,2.300000000,2.300000000,2.300000000,105,TFO FSJ0027.U0027_OSPE0000025002032
2026-04-22T00:00:00.000000000Z,35,85,31133686,7.350000000,7.350000000,7.350000000,7.350000000,50,TFO  56  31133686
2026-04-22T00:00:00.000000000Z,35,85,31133778,7.450000000,7.450000000,7.450000000,7.450000000,25,TFO  55  31133778
2026-04-22T00:00:00.000000000Z,35,58,108476854,,,,,100,TFO FMU0026_OMCE0000043002082626
2026-04-22T00:00:00.000000000Z,35,58,108476836,,,,,100,TFO FMN0026_OMCE0000043002062626
2026-04-22T00:00:00.000000000Z,35,58,108481175,2.500000000,2.500000000,2.500000000,2.500000000,250,TFO FQV0026.Z0026_OQPE0000034002092
2026-04-22T00:00:00.000000000Z,35,58,108481305,,,,,230,TFO FMG0027_OMPE0000033002012727
2026-04-22T00:00:00.000000000Z,35,58,108338602,,,,,225,TFO FMQ0026_OMPE0000035002072726
2026-04-22T00:00:00.000000000Z,35,58,108990636,,,,,100,TFO FMG0027_OMCE0000075002012727
2026-04-22T00:00:00.000000000Z,35,85,31133056,-0.030000000,-0.030000000,-0.030000000,-0.030000000,45,TFO  58  31133056
2026-04-22T00:00:00.000000000Z,35,85,31132679,3.200000000,3.200000000,3.200000000,3.200000000,250,TFO  56  31132679
2026-04-22T00:00:00.000000000Z,35,85,31133143,1.125000000,1.125000000,1.025000000,1.025000000,155,TFO  55  31133143
2026-04-22T00:00:00.000000000Z,35,85,31127808,2.800000000,2.800000000,2.800000000,2.800000000,75,TFO   7  31127808
2026-04-22T00:00:00.000000000Z,35,85,31133729,3.610000000,3.610000000,3.610000000,3.610000000,850,TFO  58  31133729
2026-04-22T00:00:00.000000000Z,35,85,31133092,-0.025000000,-0.025000000,-0.025000000,-0.025000000,450,TFO  17  31133092
2026-04-22T00:00:00.000000000Z,35,85,31133812,0.650000000,0.650000000,0.650000000,0.650000000,100,TFO  65  31133812
2026-04-22T00:00:00.000000000Z,35,58,108816697,,,,,50,TFO FMG0028_OMPE0000032002012728
2026-04-22T00:00:00.000000000Z,35,58,108481283,,,,,230,TFO FMF0027_OMPE0000033002122426
2026-04-22T00:00:00.000000000Z,35,85,31133224,5.650000000,5.650000000,5.650000000,5.650000000,75,TFO  56  31133224
2026-04-22T00:00:00.000000000Z,35,85,31133677,1.100000000,1.100000000,1.100000000,1.100000000,300,TFO  55  31133677
2026-04-22T00:00:00.000000000Z,35,85,31133322,0.430000000,0.430000000,0.430000000,0.430000000,350,TFO  56  31133322
2026-04-22T00:00:00.000000000Z,35,58,109335167,4.075000000,4.075000000,4.075000000,4.075000000,1000,TFO FQF0027.H0027_OQCE0000070002122
2026-04-22T00:00:00.000000000Z,35,58,109308591,6.350000000,6.350000000,6.350000000,6.350000000,10,TFO FSV0026.H0027_OSCE0000050002092
2026-04-22T00:00:00.000000000Z,35,85,31133160,2.450000000,2.450000000,2.450000000,2.450000000,200,TFO  50  31133160
2026-04-22T00:00:00.000000000Z,35,58,109408601,2.950000000,3.175000000,2.775000000,3.175000000,180,TFO FQN0026.U0026_OQCE0000060002062
2026-04-22T00:00:00.000000000Z,35,85,31133836,0.550000000,0.570000000,0.550000000,0.570000000,350,TFO  44  31133836
2026-04-22T00:00:00.000000000Z,35,58,109254281,,,,,200,TFO FMH0027_OMCE0000100002022427
2026-04-22T00:00:00.000000000Z,35,58,108215811,0.300000000,0.300000000,0.250000000,0.250000000,1050,TFO FMM0026_OMPE0000030002052726
2026-04-22T00:00:00.000000000Z,35,85,31133145,1.500000000,1.500000000,1.500000000,1.500000000,300,TFO  50  31133145
2026-04-22T00:00:00.000000000Z,35,85,31133601,2.550000000,2.550000000,2.550000000,2.550000000,50,TFO  50  31133601
2026-04-22T00:00:00.000000000Z,35,85,109408515,0.100000000,0.100000000,0.100000000,0.100000000,25,TFO FMK0026_OMCE0000060002042426
2026-04-22T00:00:00.000000000Z,35,58,109254329,2.625000000,2.700000000,2.625000000,2.700000000,100,TFO FQF0027.H0027_OQCE0000100002122
2026-04-22T00:00:00.000000000Z,35,85,31133621,1.250000000,1.250000000,1.250000000,1.250000000,40,TFO   4  31133621
2026-04-22T00:00:00.000000000Z,35,85,31133183,2.000000000,2.000000000,2.000000000,2.000000000,100,TFO  56  31133183
2026-04-22T00:00:00.000000000Z,35,58,108481396,,,,,70,TFO FMJ0027_OMCE0000035002032527
2026-04-22T00:00:00.000000000Z,35,85,31133880,0.700000000,0.700000000,0.700000000,0.700000000,300,TFO   7  31133880
2026-04-22T00:00:00.000000000Z,35,58,108481197,,,,,250,TFO FMX0026_OMPE0000034002102726
2026-04-22T00:00:00.000000000Z,35,85,31133526,1.900000000,1.900000000,1.900000000,1.900000000,75,TFO  56  31133526
2026-04-22T00:00:00.000000000Z,35,85,31106205,1.400000000,1.400000000,1.400000000,1.400000000,100,TFO   6  31106205
2026-04-22T00:00:00.000000000Z,35,58,108147186,2.500000000,2.500000000,2.500000000,2.500000000,100,TFO FMK0026_OMCE0000042002042426
2026-04-22T00:00:00.000000000Z,35,85,108147186,2.400000000,2.400000000,2.400000000,2.400000000,100,TFO FMK0026_OMCE0000042002042426
2026-04-22T00:00:00.000000000Z,35,58,108476878,1.380000000,1.380000000,1.380000000,1.380000000,200,TFO FMK0026_OMCE0000044002042426
2026-04-22T00:00:00.000000000Z,35,85,31133813,4.500000000,4.500000000,4.500000000,4.500000000,200,TFO  55  31133813
2026-04-22T00:00:00.000000000Z,35,58,108781831,,,,,200,TFO FMZ0026_OMPE0000023002112626
2026-04-22T00:00:00.000000000Z,35,58,108280834,13.200000000,13.200000000,13.200000000,13.200000000,90,TFO FMN0026_OMCE0000030002062626
2026-04-22T00:00:00.000000000Z,35,58,108484139,,,,,105,TFO FMK0027_OMPE0000025002042627
2026-04-22T00:00:00.000000000Z,35,85,31133823,0.025000000,0.025000000,0.025000000,0.025000000,50,TFO  72  31133823
2026-04-22T00:00:00.000000000Z,35,58,108602791,,,,,225,TFO FMN0027_OMPE0000020002062527
2026-04-22T00:00:00.000000000Z,35,58,108284662,10.075000000,10.075000000,10.075000000,10.075000000,80,TFO FMN0026_OMCE0000034002062626
2026-04-22T00:00:00.000000000Z,35,85,108476882,0.850000000,0.950000000,0.575000000,0.575000000,325,TFO FMK0026_OMCE0000046002042426
2026-04-22T00:00:00.000000000Z,35,85,31133483,1.100000000,1.100000000,1.100000000,1.100000000,120,TFO   7  31133483
2026-04-22T00:00:00.000000000Z,35,58,109592761,,,,,250,TFO FMV0026_OMCE0000055002092526
2026-04-22T00:00:00.000000000Z,35,58,108481199,,,,,325,TFO FMX0026_OMPE0000035002102726
2026-04-22T00:00:00.000000000Z,35,58,108398556,,,,,225,TFO FMU0026_OMPE0000035002082626
2026-04-22T00:00:00.000000000Z,35,85,31125467,0.850000000,0.850000000,0.850000000,0.850000000,100,TFO   6  31125467
2026-04-22T00:00:00.000000000Z,35,58,108476858,,,,,675,TFO FMU0026_OMCE0000045002082626
2026-04-22T00:00:00.000000000Z,35,58,108685479,,,,,225,TFO FMM0027_OMPE0000020002052627
2026-04-22T00:00:00.000000000Z,35,58,108455358,12.650000000,12.650000000,12.650000000,12.650000000,50,TFO FQN0026.U0026_OQCE0000031002062
2026-04-22T00:00:00.000000000Z,35,85,31133276,2.150000000,2.150000000,2.150000000,2.150000000,125,TFO  47  31133276
2026-04-22T00:00:00.000000000Z,35,58,109408517,1.525000000,1.525000000,1.400000000,1.400000000,800,TFO FMM0026_OMCE0000060002052726
2026-04-22T00:00:00.000000000Z,35,85,31133465,6.350000000,6.350000000,6.350000000,6.350000000,10,TFO  55  31133465
2026-04-22T00:00:00.000000000Z,35,58,108147178,4.865000000,4.865000000,4.865000000,4.865000000,50,TFO FMK0026_OMCE0000038002042426
2026-04-22T00:00:00.000000000Z,35,58,108428647,,,,,75,TFO FMQ0026_OMPE0000042002072726
2026-04-22T00:00:00.000000000Z,35,85,31133270,-3.050000000,-3.050000000,-3.050000000,-3.050000000,25,TFO  45  31133270
2026-04-22T00:00:00.000000000Z,35,85,108147179,0.190000000,0.190000000,0.080000000,0.080000000,350,TFO FMK0026_OMPE0000038002042426
2026-04-22T00:00:00.000000000Z,35,85,31133659,3.800000000,3.800000000,3.800000000,3.800000000,750,TFO  55  31133659
2026-04-22T00:00:00.000000000Z,35,85,31133584,0.400000000,0.400000000,0.400000000,0.400000000,200,TFO  56  31133584
2026-04-22T00:00:00.000000000Z,35,58,108147183,0.825000000,0.825000000,0.200000000,0.200000000,6745,TFO FMK0026_OMPE0000040002042426
2026-04-22T00:00:00.000000000Z,35,85,31128445,4.000000000,4.000000000,4.000000000,4.000000000,1000,TFO  16  31128445
2026-04-22T00:00:00.000000000Z,35,58,108847188,,,,,525,TFO FMN0026_OMCE0000050002062626
2026-04-22T00:00:00.000000000Z,35,85,31133299,0.160000000,0.160000000,0.160000000,0.160000000,50,TFO  56  31133299
2026-04-22T00:00:00.000000000Z,35,58,108481327,,,,,230,TFO FMH0027_OMPE0000033002022427
2026-04-22T00:00:00.000000000Z,35,58,108476881,3.255000000,3.255000000,3.000000000,3.000000000,750,TFO FMK0026_OMPE0000045002042426
2026-04-22T00:00:00.000000000Z,35,85,31133071,4.075000000,4.075000000,4.075000000,4.075000000,400,TFO  55  31133071
2026-04-22T00:00:00.000000000Z,35,58,108147187,1.180000000,1.200000000,1.180000000,1.200000000,1010,TFO FMK0026_OMPE0000042002042426
2026-04-22T00:00:00.000000000Z,35,58,108455356,13.470000000,13.470000000,13.470000000,13.470000000,50,TFO FQN0026.U0026_OQCE0000030002062
2026-04-22T00:00:00.000000000Z,35,85,31133210,2.100000000,2.100000000,2.100000000,2.100000000,4000,TFO  50  31133210
2026-04-22T00:00:00.000000000Z,35,85,31133843,1.250000000,1.250000000,1.250000000,1.250000000,100,TFO  50  31133843
2026-04-22T00:00:00.000000000Z,35,58,108484171,,,,,105,TFO FMN0027_OMPE0000025002062527
2026-04-22T00:00:00.000000000Z,35,58,108816675,,,,,50,TFO FMF0028_OMPE0000032002122427
2026-04-22T00:00:00.000000000Z,35,58,108481350,6.450000000,6.450000000,6.450000000,6.450000000,70,TFO FSJ0027.U0027_OSCE0000035002032
2026-04-22T00:00:00.000000000Z,35,58,108643805,,,,,200,TFO FMG0027_OMPE0000023002012727
2026-04-22T00:00:00.000000000Z,35,58,108476932,6.000000000,6.000000000,6.000000000,6.000000000,100,TFO FQN0026.U0026_OQCE0000043002062
2026-04-22T00:00:00.000000000Z,35,58,108481440,,,,,70,TFO FMM0027_OMCE0000035002052627
2026-04-22T00:00:00.000000000Z,35,58,108455904,7.450000000,8.000000000,7.450000000,8.000000000,85,TFO FQN0026.U0026_OQCE0000040002062
2026-04-22T00:00:00.000000000Z,35,58,108482511,6.000000000,6.270000000,5.450000000,6.270000000,300,TFO FQV0026.Z0026_OQPE0000040002092
2026-04-22T00:00:00.000000000Z,35,58,109370195,1.175000000,1.275000000,1.100000000,1.100000000,800,TFO FMM0026_OMCE0000065002052726
2026-04-22T00:00:00.000000000Z,35,58,109254283,2.000000000,2.000000000,2.000000000,2.000000000,100,TFO FSV0026.H0027_OSCE0000100002092
2026-04-22T00:00:00.000000000Z,35,58,108476840,5.100000000,5.450000000,5.100000000,5.450000000,4700,TFO FMN0026_OMCE0000045002062626
2026-04-22T00:00:00.000000000Z,35,85,31133109,2.300000000,2.300000000,2.300000000,2.300000000,100,TFO  56  31133109
2026-04-22T00:00:00.000000000Z,35,85,31133120,2.865000000,2.865000000,2.865000000,2.865000000,175,TFO  58  31133120
2026-04-22T00:00:00.000000000Z,35,85,31133125,0.725000000,0.725000000,0.725000000,0.725000000,100,TFO  56  31133125
2026-04-22T00:00:00.000000000Z,35,58,109838789,,,,,1025,TFO FMG0027_OMCE0000060002012727
2026-04-22T00:00:00.000000000Z,35,85,109335149,3.500000000,3.500000000,3.500000000,3.500000000,225,TFO FMZ0026_OMCE0000070002112626
2026-04-22T00:00:00.000000000Z,35,58,108476931,5.650000000,5.650000000,5.650000000,5.650000000,75,TFO FQN0026.U0026_OQPE0000042002062
2026-04-22T00:00:00.000000000Z,35,58,108564126,,,,,200,TFO FMQ0026_OMCE0000100002072726
2026-04-22T00:00:00.000000000Z,35,85,31133197,0.925000000,0.925000000,0.925000000,0.925000000,250,TFO  50  31133197
2026-04-22T00:00:00.000000000Z,35,58,108481999,,,,,260,TFO FMG0027_OMPE0000040002012727
2026-04-22T00:00:00.000000000Z,35,58,109254273,,,,,100,TFO FMX0026_OMCE0000100002102726
2026-04-22T00:00:00.000000000Z,35,58,108476879,2.500000000,2.500000000,2.500000000,2.500000000,1000,TFO FMK0026_OMPE0000044002042426
2026-04-22T00:00:00.000000000Z,35,58,109592767,4.910000000,4.910000000,4.910000000,4.910000000,250,TFO FQV0026.Z0026_OQCE0000055002092
2026-04-22T00:00:00.000000000Z,35,58,108481287,,,,,125,TFO FMF0027_OMPE0000035002122426
2026-04-22T00:00:00.000000000Z,35,58,108215815,0.475000000,0.475000000,0.475000000,0.475000000,700,TFO FMM0026_OMPE0000032002052726
2026-04-22T00:00:00.000000000Z,35,58,108147182,3.595000000,3.870000000,3.010000000,3.870000000,6395,TFO FMK0026_OMCE0000040002042426
2026-04-22T00:00:00.000000000Z,35,58,108481277,,,,,350,TFO FMF0027_OMPE0000030002122426
2026-04-22T00:00:00.000000000Z,35,85,31133231,2.300000000,2.300000000,2.300000000,2.300000000,450,TFO  60  31133231
2026-04-22T00:00:00.000000000Z,35,85,31133616,0.300000000,0.300000000,0.300000000,0.300000000,700,TFO  44  31133616
2026-04-22T00:00:00.000000000Z,35,58,109308581,,,,,10,TFO FMX0026_OMCE0000050002102726
2026-04-22T00:00:00.000000000Z,35,58,108781439,0.400000000,0.400000000,0.400000000,0.400000000,200,TFO FSV0026.H0027_OSPE0000023002092
2026-04-22T00:00:00.000000000Z,35,85,31133744,7.900000000,7.900000000,7.900000000,7.900000000,150,TFO  16  31133744
2026-04-22T00:00:00.000000000Z,35,58,108338593,,,,,50,TFO FMQ0026_OMCE0000031002072726
2026-04-22T00:00:00.000000000Z,35,58,108302832,8.200000000,8.200000000,8.200000000,8.200000000,40,TFO FMN0026_OMCE0000037002062626
2026-04-22T00:00:00.000000000Z,35,58,109184385,3.000000000,3.260000000,3.000000000,3.260000000,4025,TFO FMN0026_OMCE0000055002062626
2026-04-22T00:00:00.000000000Z,35,58,108476864,,,,,100,TFO FMQ0026_OMCE0000043002072726
2026-04-22T00:00:00.000000000Z,35,58,108990632,,,,,100,TFO FMZ0026_OMCE0000075002112626
2026-04-22T00:00:00.000000000Z,35,58,109308587,,,,,10,TFO FMG0027_OMCE0000050002012727
2026-04-22T00:00:00.000000000Z,35,58,109308585,7.100000000,7.100000000,7.100000000,7.100000000,510,TFO FMF0027_OMCE0000050002122426
2026-04-22T00:00:00.000000000Z,35,85,31133733,1.900000000,1.900000000,1.900000000,1.900000000,50,TFO  56  31133733
2026-04-22T00:00:00.000000000Z,35,85,109408519,2.300000000,2.450000000,2.300000000,2.450000000,20,TFO FMN0026_OMCE0000060002062626
2026-04-22T00:00:00.000000000Z,35,85,31133254,12.550000000,12.550000000,12.550000000,12.550000000,100,TFO  22  31133254
2026-04-22T00:00:00.000000000Z,35,58,108993167,,,,,200,TFO FMU0026_OMPE0000015002082626
2026-04-23T00:00:00.000000000Z,35,85,31134212,1.700000000,1.700000000,1.700000000,1.700000000,200,TFO  56  31134212
2026-04-23T00:00:00.000000000Z,35,85,31134504,-1.725000000,-1.725000000,-1.725000000,-1.725000000,450,TFO  72  31134504
2026-04-23T00:00:00.000000000Z,35,58,108481175,2.375000000,2.375000000,2.375000000,2.375000000,200,TFO FQV0026.Z0026_OQPE0000034002092
2026-04-23T00:00:00.000000000Z,35,85,109184383,2.600000000,2.600000000,2.600000000,2.600000000,150,TFO FMM0026_OMCE0000055002052726
2026-04-23T00:00:00.000000000Z,35,58,108481181,3.650000000,3.650000000,3.650000000,3.650000000,200,TFO FQV0026.Z0026_OQPE0000037002092
2026-04-23T00:00:00.000000000Z,35,58,108481177,2.700000000,2.700000000,2.700000000,2.700000000,100,TFO FQV0026.Z0026_OQPE0000035002092
2026-04-23T00:00:00.000000000Z,35,85,31134589,1.260000000,1.260000000,1.260000000,1.260000000,300,TFO  51  31134589
2026-04-23T00:00:00.000000000Z,35,58,109308585,,,,,320,TFO FMF0027_OMCE0000050002122426
2026-04-23T00:00:00.000000000Z,35,58,109370195,1.550000000,1.550000000,1.550000000,1.550000000,200,TFO FMM0026_OMCE0000065002052726
2026-04-23T00:00:00.000000000Z,35,58,108481255,2.425000000,2.425000000,2.425000000,2.425000000,100,TFO FQF0027.H0027_OQPE0000030002122
2026-04-23T00:00:00.000000000Z,35,58,109408517,1.625000000,1.625000000,1.625000000,1.625000000,400,TFO FMM0026_OMCE0000060002052726
2026-04-23T00:00:00.000000000Z,35,58,108428647,,,,,50,TFO FMQ0026_OMPE0000042002072726
2026-04-23T00:00:00.000000000Z,35,85,31118462,0.600000000,0.600000000,0.600000000,0.600000000,25,TFO   6  31118462
2026-04-23T00:00:00.000000000Z,35,85,31134623,1.740000000,1.740000000,1.740000000,1.740000000,20,TFO   6  31134623
2026-04-23T00:00:00.000000000Z,35,85,31134320,0.525000000,0.525000000,0.525000000,0.525000000,100,TFO  51  31134320
2026-04-23T00:00:00.000000000Z,35,85,31134227,4.850000000,4.850000000,4.850000000,4.850000000,450,TFO  55  31134227
2026-04-23T00:00:00.000000000Z,35,58,108455395,,,,,200,TFO FMV0026_OMPE0000040002092526
2026-04-23T00:00:00.000000000Z,35,85,31134295,1.125000000,1.125000000,1.125000000,1.125000000,50,TFO  50  31134295
2026-04-23T00:00:00.000000000Z,35,58,108476835,,,,,50,TFO FMN0026_OMPE0000042002062626
2026-04-23T00:00:00.000000000Z,35,58,110748582,,,,,500,TFO FMU0026_OMCE0000057002082626
2026-04-23T00:00:00.000000000Z,35,58,109838787,,,,,120,TFO FMF0027_OMCE0000060002122426
2026-04-23T00:00:00.000000000Z,35,58,108455367,1.550000000,1.900000000,1.550000000,1.880000000,400,TFO FQN0026.U0026_OQPE0000035002062
2026-04-23T00:00:00.000000000Z,35,58,109592763,5.575000000,5.625000000,5.575000000,5.625000000,200,TFO FMX0026_OMCE0000055002102726
2026-04-23T00:00:00.000000000Z,35,58,108398546,,,,,250,TFO FMU0026_OMPE0000030002082626
2026-04-23T00:00:00.000000000Z,35,58,110698896,,,,,800,TFO FMH0027_OMCE0000085002022427
2026-04-23T00:00:00.000000000Z,35,85,31134126,0.200000000,0.200000000,0.200000000,0.200000000,100,TFO  51  31134126
2026-04-23T00:00:00.000000000Z,35,58,108564126,,,,,215,TFO FMQ0026_OMCE0000100002072726
2026-04-23T00:00:00.000000000Z,35,85,108280841,0.865000000,0.945000000,0.865000000,0.945000000,30,TFO FMN0026_OMPE0000033002062626
2026-04-23T00:00:00.000000000Z,35,58,108564115,,,,,100,TFO FMU0026_OMPE0000025002082626
2026-04-23T00:00:00.000000000Z,35,85,108564115,0.290000000,0.290000000,0.290000000,0.290000000,50,TFO FMU0026_OMPE0000025002082626
2026-04-23T00:00:00.000000000Z,35,58,108481213,,,,,200,TFO FMZ0026_OMPE0000031002112626
2026-04-23T00:00:00.000000000Z,35,58,108481225,,,,,200,TFO FMZ0026_OMPE0000037002112626
2026-04-23T00:00:00.000000000Z,35,58,108481221,,,,,1050,TFO FMZ0026_OMPE0000035002112626
2026-04-23T00:00:00.000000000Z,35,85,31134700,1.175000000,1.175000000,1.175000000,1.175000000,250,TFO  50  31134700
2026-04-23T00:00:00.000000000Z,35,58,109838781,4.200000000,4.200000000,4.200000000,4.200000000,250,TFO FMV0026_OMCE0000060002092526
2026-04-23T00:00:00.000000000Z,35,58,109617069,0.650000000,0.650000000,0.650000000,0.650000000,200,TFO FMK0026_OMCE0000049002042426
2026-04-23T00:00:00.000000000Z,35,58,110748578,,,,,500,TFO FMN0026_OMCE0000057002062626
2026-04-23T00:00:00.000000000Z,35,58,108847192,5.940000000,5.940000000,5.910000000,5.910000000,2200,TFO FMU0026_OMCE0000050002082626
2026-04-23T00:00:00.000000000Z,35,85,31134585,1.750000000,1.850000000,1.750000000,1.850000000,50,TFO  56  31134585
2026-04-23T00:00:00.000000000Z,35,85,31134275,1.975000000,1.975000000,1.975000000,1.975000000,100,TFO  73  31134275
2026-04-23T00:00:00.000000000Z,35,85,31134238,0.725000000,0.725000000,0.600000000,0.600000000,1000,TFO  75  31134238
2026-04-23T00:00:00.000000000Z,35,85,108476879,1.000000000,1.000000000,1.000000000,1.000000000,25,TFO FMK0026_OMPE0000044002042426
2026-04-23T00:00:00.000000000Z,35,85,31134483,1.760000000,1.760000000,1.760000000,1.760000000,375,TFO  50  31134483
2026-04-23T00:00:00.000000000Z,35,58,108455377,,,,,200,TFO FMV0026_OMPE0000031002092526
2026-04-23T00:00:00.000000000Z,35,58,108476840,6.080000000,6.140000000,6.080000000,6.140000000,850,TFO FMN0026_OMCE0000045002062626
2026-04-23T00:00:00.000000000Z,35,58,109839119,5.760000000,6.350000000,5.760000000,6.350000000,120,TFO FQF0027.H0027_OQCE0000060002122
2026-04-23T00:00:00.000000000Z,35,58,108482077,,,,,1325,TFO FMF0027_OMPE0000040002122426
2026-04-23T00:00:00.000000000Z,35,85,108476878,2.150000000,2.150000000,1.300000000,1.300000000,20,TFO FMK0026_OMCE0000044002042426
2026-04-23T00:00:00.000000000Z,35,85,31134428,7.125000000,7.125000000,7.125000000,7.125000000,100,TFO  55  31134428
2026-04-23T00:00:00.000000000Z,35,58,108476880,1.750000000,1.875000000,0.765000000,0.765000000,4615,TFO FMK0026_OMCE0000045002042426
2026-04-23T00:00:00.000000000Z,35,85,108476880,1.350000000,1.350000000,0.700000000,0.795000000,1120,TFO FMK0026_OMCE0000045002042426
2026-04-23T00:00:00.000000000Z,35,58,108847186,3.700000000,3.795000000,3.160000000,3.200000000,1275,TFO FMM0026_OMCE0000050002052726
2026-04-23T00:00:00.000000000Z,35,58,109408524,,,,,85,TFO FMU0026_OMPE0000060002082626
2026-04-23T00:00:00.000000000Z,35,58,108293633,1.300000000,1.470000000,1.300000000,1.470000000,780,TFO FMN0026_OMPE0000035002062626
2026-04-23T00:00:00.000000000Z,35,85,31134647,0.510000000,0.510000000,0.510000000,0.510000000,2000,TFO   6  31134647
2026-04-23T00:00:00.000000000Z,35,85,109184387,4.450000000,4.450000000,4.450000000,4.450000000,20,TFO FMQ0026_OMCE0000055002072726
2026-04-23T00:00:00.000000000Z,35,85,31134655,-0.395000000,-0.395000000,-0.395000000,-0.395000000,1000,TFO  58  31134655
2026-04-23T00:00:00.000000000Z,35,85,31134334,0.075000000,0.075000000,0.075000000,0.075000000,500,TFO  73  31134334
2026-04-23T00:00:00.000000000Z,35,58,108847188,4.975000000,4.975000000,4.450000000,4.700000000,1850,TFO FMN0026_OMCE0000050002062626
2026-04-23T00:00:00.000000000Z,35,85,108147187,0.170000000,0.200000000,0.170000000,0.200000000,40,TFO FMK0026_OMPE0000042002042426
2026-04-23T00:00:00.000000000Z,35,85,31131195,0.050000000,0.050000000,0.050000000,0.050000000,400,TFO   7  31131195
2026-04-23T00:00:00.000000000Z,35,58,108476848,4.850000000,4.975000000,4.500000000,4.500000000,2925,TFO FMM0026_OMCE0000045002052726
2026-04-23T00:00:00.000000000Z,35,58,109408523,4.150000000,4.150000000,4.150000000,4.150000000,715,TFO FMU0026_OMCE0000060002082626
2026-04-23T00:00:00.000000000Z,35,85,31134463,0.610000000,0.610000000,0.610000000,0.610000000,400,TFO  17  31134463
2026-04-23T00:00:00.000000000Z,35,58,108455389,,,,,200,TFO FMV0026_OMPE0000037002092526
2026-04-23T00:00:00.000000000Z,35,58,108481219,,,,,200,TFO FMZ0026_OMPE0000034002112626
2026-04-23T00:00:00.000000000Z,35,85,31134152,1.475000000,1.475000000,1.475000000,1.475000000,250,TFO  50  31134152
2026-04-23T00:00:00.000000000Z,35,58,108476881,1.400000000,1.580000000,1.025000000,1.360000000,4325,TFO FMK0026_OMPE0000045002042426
2026-04-23T00:00:00.000000000Z,35,58,109576079,,,,,275,TFO FMU0026_OMCE0000070002082626
2026-04-23T00:00:00.000000000Z,35,85,108476931,5.100000000,5.100000000,5.100000000,5.100000000,50,TFO FQN0026.U0026_OQPE0000042002062
2026-04-23T00:00:00.000000000Z,35,85,31134819,0.100000000,0.100000000,0.100000000,0.100000000,100,TFO  73  31134819
2026-04-23T00:00:00.000000000Z,35,85,31134660,-1.725000000,-1.725000000,-1.725000000,-1.725000000,50,TFO  72  31134660
2026-04-23T00:00:00.000000000Z,35,85,31134755,5.575000000,5.625000000,5.575000000,5.625000000,200,TFO  55  31134755
2026-04-23T00:00:00.000000000Z,35,58,108476932,7.330000000,7.330000000,7.330000000,7.330000000,500,TFO FQN0026.U0026_OQCE0000043002062
2026-04-23T00:00:00.000000000Z,35,85,31134141,1.010000000,1.010000000,1.010000000,1.010000000,250,TFO  58  31134141
2026-04-23T00:00:00.000000000Z,35,85,31134666,-0.250000000,-0.250000000,-0.250000000,-0.250000000,50,TFO  75  31134666
2026-04-23T00:00:00.000000000Z,35,85,31134583,0.890000000,0.890000000,0.890000000,0.890000000,100,TFO  50  31134583
2026-04-23T00:00:00.000000000Z,35,58,110615016,,,,,850,TFO FMV0026_OMCE0000080002092526
2026-04-23T00:00:00.000000000Z,35,58,108990630,,,,,300,TFO FMX0026_OMCE0000075002102726
2026-04-23T00:00:00.000000000Z,35,58,108482184,,,,,275,TFO FMZ0026_OMCE0000045002112626
2026-04-23T00:00:00.000000000Z,35,85,31134480,1.020000000,1.020000000,1.020000000,1.020000000,100,TFO  50  31134480
2026-04-23T00:00:00.000000000Z,35,58,108482531,7.850000000,7.850000000,7.250000000,7.250000000,1125,TFO FQF0027.H0027_OQPE0000040002122
2026-04-23T00:00:00.000000000Z,35,85,31134817,3.225000000,3.225000000,3.225000000,3.225000000,200,TFO  55  31134817
2026-04-23T00:00:00.000000000Z,35,58,108215807,0.140000000,0.140000000,0.140000000,0.140000000,100,TFO FMM0026_OMPE0000028002052726
2026-04-23T00:00:00.000000000Z,35,85,110698358,1.215000000,1.215000000,1.100000000,1.100000000,75,TFO FMQ0026_OMCE0000095002072726
2026-04-23T00:00:00.000000000Z,35,85,31134151,1.700000000,1.700000000,1.700000000,1.700000000,100,TFO  50  31134151
2026-04-23T00:00:00.000000000Z,35,58,109773177,1.630000000,1.630000000,1.615000000,1.615000000,425,TFO FQN0026.U0026_OQCE0000080002062
2026-04-23T00:00:00.000000000Z,35,58,109184385,3.430000000,3.640000000,3.430000000,3.640000000,575,TFO FMN0026_OMCE0000055002062626
2026-04-23T00:00:00.000000000Z,35,58,109335157,4.250000000,4.250000000,4.250000000,4.250000000,100,TFO FSV0026.H0027_OSCE0000070002092
2026-04-23T00:00:00.000000000Z,35,58,31134202,0.140000000,0.140000000,0.140000000,0.140000000,25,TFO   7  31134202
2026-04-23T00:00:00.000000000Z,35,85,31134638,0.250000000,0.250000000,0.250000000,0.250000000,260,TFO  58  31134638
2026-04-23T00:00:00.000000000Z,35,58,108476854,,,,,500,TFO FMU0026_OMCE0000043002082626
2026-04-23T00:00:00.000000000Z,35,58,108400943,4.625000000,4.625000000,4.600000000,4.600000000,775,TFO FMU0026_OMPE0000040002082626
2026-04-23T00:00:00.000000000Z,35,85,31134801,2.780000000,2.780000000,2.780000000,2.780000000,50,TFO  51  31134801
2026-04-23T00:00:00.000000000Z,35,58,108482075,,,,,90,TFO FMF0027_OMPE0000039002122426
2026-04-23T00:00:00.000000000Z,35,58,108455357,0.700000000,0.700000000,0.700000000,0.700000000,250,TFO FQN0026.U0026_OQPE0000030002062
2026-04-23T00:00:00.000000000Z,35,58,108481999,,,,,1325,TFO FMG0027_OMPE0000040002012727
2026-04-23T00:00:00.000000000Z,35,58,109773043,0.625000000,0.625000000,0.625000000,0.625000000,500,TFO FMM0026_OMCE0000080002052726
2026-04-23T00:00:00.000000000Z,35,85,31134425,3.300000000,3.300000000,3.300000000,3.300000000,50,TFO  55  31134425
2026-04-23T00:00:00.000000000Z,35,58,108481169,1.325000000,1.325000000,1.325000000,1.325000000,200,TFO FQV0026.Z0026_OQPE0000031002092
2026-04-23T00:00:00.000000000Z,35,58,108476844,5.400000000,5.400000000,5.400000000,5.400000000,375,TFO FMN0026_OMCE0000047002062626
2026-04-23T00:00:00.000000000Z,35,85,31134242,0.050000000,0.050000000,0.000000000,0.000000000,750,TFO  75  31134242
2026-04-23T00:00:00.000000000Z,35,58,110698898,3.620000000,3.620000000,3.620000000,3.620000000,2000,TFO FMH0027_OMCE0000090002022427
2026-04-23T00:00:00.000000000Z,35,85,31134673,0.300000000,0.300000000,0.300000000,0.300000000,100,TFO  50  31134673
2026-04-23T00:00:00.000000000Z,35,58,108990636,,,,,300,TFO FMG0027_OMCE0000075002012727
2026-04-23T00:00:00.000000000Z,35,58,108147183,0.075000000,0.180000000,0.030000000,0.070000000,2385,TFO FMK0026_OMPE0000040002042426
2026-04-23T00:00:00.000000000Z,35,58,109370213,,,,,75,TFO FMG0027_OMCE0000065002012727
2026-04-23T00:00:00.000000000Z,35,85,31134753,1.440000000,1.440000000,1.440000000,1.440000000,50,TFO  50  31134753
2026-04-23T00:00:00.000000000Z,35,85,31134178,0.975000000,0.975000000,0.975000000,0.975000000,200,TFO  72  31134178
2026-04-23T00:00:00.000000000Z,35,85,31134771,-0.050000000,-0.050000000,-0.050000000,-0.050000000,150,TFO  58  31134771
2026-04-23T00:00:00.000000000Z,35,58,108215819,0.575000000,0.630000000,0.570000000,0.630000000,1700,TFO FMM0026_OMPE0000034002052726
2026-04-23T00:00:00.000000000Z,35,58,110698878,,,,,800,TFO FMG0027_OMCE0000085002012727
2026-04-23T00:00:00.000000000Z,35,58,108338592,0.710000000,0.710000000,0.710000000,0.710000000,750,TFO FMQ0026_OMPE0000030002072726
2026-04-23T00:00:00.000000000Z,35,85,31134219,0.120000000,0.120000000,0.120000000,0.120000000,50,TFO  51  31134219
2026-04-23T00:00:00.000000000Z,35,85,31134198,0.090000000,0.090000000,0.090000000,0.090000000,1000,TFO  50  31134198
2026-04-23T00:00:00.000000000Z,35,85,31134294,0.425000000,0.425000000,0.425000000,0.425000000,300,TFO  51  31134294
2026-04-23T00:00:00.000000000Z,35,58,108482158,,,,,275,TFO FMV0026_OMCE0000045002092526
2026-04-23T00:00:00.000000000Z,35,58,109408520,,,,,85,TFO FMN0026_OMPE0000060002062626
2026-04-23T00:00:00.000000000Z,35,58,110615024,,,,,850,TFO FMG0027_OMCE0000080002012727
2026-04-23T00:00:00.000000000Z,35,58,109254279,,,,,1000,TFO FMG0027_OMCE0000100002012727
2026-04-23T00:00:00.000000000Z,35,85,108332543,2.160000000,2.420000000,2.150000000,2.420000000,100,TFO FMM0026_OMPE0000040002052726
2026-04-23T00:00:00.000000000Z,35,85,31134139,2.850000000,2.850000000,2.150000000,2.150000000,560,TFO  22  31134139
2026-04-23T00:00:00.000000000Z,35,58,108482168,3.710000000,3.710000000,3.710000000,3.710000000,100,TFO FMM0026_OMCE0000048002052726
2026-04-23T00:00:00.000000000Z,35,85,108482168,4.100000000,4.100000000,4.100000000,4.100000000,25,TFO FMM0026_OMCE0000048002052726
2026-04-23T00:00:00.000000000Z,35,58,108481313,,,,,90,TFO FMG0027_OMPE0000037002012727
2026-04-23T00:00:00.000000000Z,35,58,109254329,2.950000000,2.950000000,2.950000000,2.950000000,1000,TFO FQF0027.H0027_OQCE0000100002122
2026-04-23T00:00:00.000000000Z,35,58,108147188,2.775000000,2.775000000,1.990000000,1.990000000,700,TFO FMK0026_OMCE0000043002042426
2026-04-23T00:00:00.000000000Z,35,85,31134131,1.030000000,1.030000000,1.030000000,1.030000000,100,TFO  50  31134131
2026-04-23T00:00:00.000000000Z,35,58,108481941,,,,,1325,TFO FMH0027_OMPE0000040002022427
2026-04-23T00:00:00.000000000Z,35,85,31134350,4.725000000,4.725000000,4.725000000,4.725000000,700,TFO  56  31134350
2026-04-23T00:00:00.000000000Z,35,58,108455385,,,,,1050,TFO FMV0026_OMPE0000035002092526
2026-04-23T00:00:00.000000000Z,35,58,108481291,,,,,90,TFO FMF0027_OMPE0000037002122426
2026-04-23T00:00:00.000000000Z,35,85,31134153,1.700000000,1.700000000,1.700000000,1.700000000,100,TFO  50  31134153
2026-04-23T00:00:00.000000000Z,35,58,108847190,,,,,1600,TFO FMQ0026_OMCE0000050002072726
2026-04-23T00:00:00.000000000Z,35,85,31134263,0.275000000,0.275000000,0.275000000,0.275000000,400,TFO  50  31134263
2026-04-23T00:00:00.000000000Z,35,85,31123752,1.400000000,1.400000000,1.350000000,1.350000000,250,TFO   7  31123752
2026-04-23T00:00:00.000000000Z,35,85,31134136,3.490000000,3.490000000,3.490000000,3.490000000,50,TFO  58  31134136
2026-04-23T00:00:00.000000000Z,35,85,31134848,0.765000000,0.765000000,0.765000000,0.765000000,250,TFO  55  31134848
2026-04-23T00:00:00.000000000Z,35,85,109408515,0.050000000,0.050000000,0.040000000,0.040000000,250,TFO FMK0026_OMCE0000060002042426
2026-04-23T00:00:00.000000000Z,35,58,109335155,,,,,100,TFO FMH0027_OMCE0000070002022427
2026-04-23T00:00:00.000000000Z,35,58,108481997,,,,,90,TFO FMG0027_OMPE0000039002012727
2026-04-23T00:00:00.000000000Z,35,85,31134646,0.475000000,0.475000000,0.475000000,0.475000000,500,TFO  50  31134646
2026-04-23T00:00:00.000000000Z,35,85,31134462,1.450000000,1.450000000,1.450000000,1.450000000,50,TFO  56  31134462
2026-04-23T00:00:00.000000000Z,35,58,108255504,1.800000000,1.950000000,1.800000000,1.950000000,2000,TFO FMM0026_OMPE0000039002052726
2026-04-23T00:00:00.000000000Z,35,85,31134157,0.475000000,0.510000000,0.475000000,0.510000000,1300,TFO  65  31134157
2026-04-23T00:00:00.000000000Z,35,58,110615026,,,,,850,TFO FMH0027_OMCE0000080002022427
2026-04-23T00:00:00.000000000Z,35,58,109308651,7.500000000,7.500000000,7.500000000,7.500000000,20,TFO FQF0027.H0027_OQCE0000050002122
2026-04-23T00:00:00.000000000Z,35,58,108481143,1.700000000,1.950000000,1.700000000,1.850000000,500,TFO FSV0026.H0027_OSPE0000030002092
2026-04-23T00:00:00.000000000Z,35,58,109335147,,,,,100,TFO FMX0026_OMCE0000070002102726
2026-04-23T00:00:00.000000000Z,35,85,31134140,0.950000000,0.950000000,0.950000000,0.950000000,200,TFO  65  31134140
2026-04-23T00:00:00.000000000Z,35,85,31134162,3.060000000,3.060000000,3.060000000,3.060000000,50,TFO  72  31134162
2026-04-23T00:00:00.000000000Z,35,58,109370215,,,,,75,TFO FMH0027_OMCE0000065002022427
2026-04-23T00:00:00.000000000Z,35,58,108147189,0.675000000,0.700000000,0.320000000,0.580000000,2600,TFO FMK0026_OMPE0000043002042426
2026-04-23T00:00:00.000000000Z,35,85,31134200,1.500000000,1.500000000,1.500000000,1.500000000,25,TFO  55  31134200
2026-04-23T00:00:00.000000000Z,35,85,31134207,0.005000000,0.005000000,0.000000000,0.000000000,600,TFO  21  31134207
2026-04-23T00:00:00.000000000Z,35,85,31134765,2.325000000,2.325000000,2.325000000,2.325000000,75,TFO  73  31134765
2026-04-23T00:00:00.000000000Z,35,58,108481265,4.600000000,4.600000000,4.600000000,4.600000000,50,TFO FQF0027.H0027_OQPE0000035002122
2026-04-23T00:00:00.000000000Z,35,85,31134128,2.700000000,2.700000000,2.700000000,2.700000000,100,TFO  56  31134128
2026-04-23T00:00:00.000000000Z,35,58,109370297,5.475000000,5.475000000,5.475000000,5.475000000,75,TFO FQF0027.H0027_OQCE0000065002122
2026-04-23T00:00:00.000000000Z,35,58,108481321,,,,,600,TFO FMH0027_OMPE0000030002022427
2026-04-23T00:00:00.000000000Z,35,58,108481191,,,,,200,TFO FMX0026_OMPE0000031002102726
2026-04-23T00:00:00.000000000Z,35,58,109308583,,,,,300,TFO FMZ0026_OMCE0000050002112626
2026-04-23T00:00:00.000000000Z,35,58,108565849,0.190000000,0.190000000,0.190000000,0.190000000,100,TFO FQN0026.U0026_OQPE0000025002062
2026-04-23T00:00:00.000000000Z,35,85,31134500,1.200000000,1.200000000,1.200000000,1.200000000,250,TFO  51  31134500
2026-04-23T00:00:00.000000000Z,35,85,31122618,2.100000000,2.100000000,2.100000000,2.100000000,30,TFO   7  31122618
2026-04-23T00:00:00.000000000Z,35,58,108455905,3.990000000,3.990000000,3.990000000,3.990000000,425,TFO FQN0026.U0026_OQPE0000040002062
2026-04-23T00:00:00.000000000Z,35,85,31134779,8.450000000,8.450000000,8.450000000,8.450000000,50,TFO  55  31134779
2026-04-23T00:00:00.000000000Z,35,85,108398560,2.800000000,3.050000000,2.800000000,3.050000000,1500,TFO FMU0026_OMPE0000037002082626
2026-04-23T00:00:00.000000000Z,35,58,108481939,,,,,90,TFO FMH0027_OMPE0000039002022427
2026-04-23T00:00:00.000000000Z,35,85,31131209,1.450000000,1.450000000,1.450000000,1.450000000,600,TFO   6  31131209
2026-04-23T00:00:00.000000000Z,35,58,108482632,8.775000000,8.775000000,8.450000000,8.450000000,275,TFO FSV0026.H0027_OSCE0000045002092
2026-04-23T00:00:00.000000000Z,35,58,108427169,,,,,50,TFO FMU0026_OMPE0000042002082626
2026-04-23T00:00:00.000000000Z,35,58,108481299,,,,,600,TFO FMG0027_OMPE0000030002012727
2026-04-23T00:00:00.000000000Z,35,85,31134707,0.450000000,0.450000000,0.450000000,0.450000000,500,TFO  47  31134707
2026-04-23T00:00:00.000000000Z,35,58,108476883,2.240000000,2.240000000,2.240000000,2.240000000,250,TFO FMK0026_OMPE0000046002042426
2026-04-23T00:00:00.000000000Z,35,58,108476864,,,,,500,TFO FMQ0026_OMCE0000043002072726
2026-04-23T00:00:00.000000000Z,35,85,31129608,3.075000000,3.075000000,3.075000000,3.075000000,100,TFO   6  31129608
2026-04-23T00:00:00.000000000Z,35,58,108481203,,,,,200,TFO FMX0026_OMPE0000037002102726
2026-04-23T00:00:00.000000000Z,35,85,31134243,1.205000000,1.205000000,1.205000000,1.205000000,90,TFO  51  31134243
2026-04-23T00:00:00.000000000Z,35,58,108481199,,,,,1050,TFO FMX0026_OMPE0000035002102726
2026-04-23T00:00:00.000000000Z,35,85,31134449,0.070000000,0.070000000,0.070000000,0.070000000,500,TFO  56  31134449
2026-04-23T00:00:00.000000000Z,35,58,109308588,,,,,300,TFO FMG0027_OMPE0000050002012727
2026-04-23T00:00:00.000000000Z,35,58,109308652,14.800000000,14.800000000,14.800000000,14.800000000,300,TFO FQF0027.H0027_OQPE0000050002122
2026-04-23T00:00:00.000000000Z,35,85,31134296,1.275000000,1.275000000,1.275000000,1.275000000,50,TFO  55  31134296
2026-04-23T00:00:00.000000000Z,35,85,31134239,0.800000000,0.800000000,0.800000000,0.800000000,1400,TFO  51  31134239
2026-04-23T00:00:00.000000000Z,35,58,108398556,,,,,400,TFO FMU0026_OMPE0000035002082626
2026-04-23T00:00:00.000000000Z,35,85,31134695,-0.535000000,-0.535000000,-0.535000000,-0.535000000,50,TFO  48  31134695
2026-04-23T00:00:00.000000000Z,35,58,108481315,,,,,600,TFO FMG0027_OMPE0000038002012727
2026-04-23T00:00:00.000000000Z,35,58,108476858,7.080000000,7.095000000,7.080000000,7.095000000,400,TFO FMU0026_OMCE0000045002082626
2026-04-23T00:00:00.000000000Z,35,85,31134724,0.400000000,0.400000000,0.400000000,0.400000000,300,TFO  13  31134724
2026-04-23T00:00:00.000000000Z,35,58,109308587,,,,,320,TFO FMG0027_OMCE0000050002012727
2026-04-23T00:00:00.000000000Z,35,58,108476846,4.940000000,4.940000000,4.940000000,4.940000000,50,TFO FMM0026_OMCE0000044002052726
2026-04-23T00:00:00.000000000Z,35,58,109576075,2.100000000,2.100000000,2.100000000,2.100000000,300,TFO FMN0026_OMCE0000070002062626
2026-04-23T00:00:00.000000000Z,35,85,31135055,4.350000000,4.350000000,4.350000000,4.350000000,25,TFO  55  31135055
2026-04-23T00:00:00.000000000Z,35,58,108482529,6.355000000,6.355000000,6.355000000,6.355000000,90,TFO FQF0027.H0027_OQPE0000039002122
2026-04-23T00:00:00.000000000Z,35,58,108338602,1.800000000,1.800000000,1.800000000,1.800000000,700,TFO FMQ0026_OMPE0000035002072726
2026-04-23T00:00:00.000000000Z,35,85,31134631,2.325000000,2.325000000,2.325000000,2.325000000,50,TFO  72  31134631
2026-04-23T00:00:00.000000000Z,35,58,109254281,3.110000000,3.110000000,3.110000000,3.110000000,3000,TFO FMH0027_OMCE0000100002022427
2026-04-23T00:00:00.000000000Z,35,58,109773045,1.300000000,1.500000000,1.300000000,1.500000000,650,TFO FMN0026_OMCE0000080002062626
2026-04-23T00:00:00.000000000Z,35,85,31132607,0.050000000,0.050000000,0.050000000,0.050000000,1700,TFO  16  31132607
2026-04-23T00:00:00.000000000Z,35,85,31134862,0.210000000,0.210000000,0.210000000,0.210000000,125,TFO  72  31134862
2026-04-23T00:00:00.000000000Z,35,85,31134127,0.970000000,0.970000000,0.970000000,0.970000000,800,TFO   6  31134127
2026-04-23T00:00:00.000000000Z,35,85,31125748,3.450000000,3.450000000,3.450000000,3.450000000,200,TFO  22  31125748
2026-04-23T00:00:00.000000000Z,35,58,108481277,,,,,600,TFO FMF0027_OMPE0000030002122426
2026-04-23T00:00:00.000000000Z,35,58,109184383,2.670000000,2.670000000,2.275000000,2.275000000,150,TFO FMM0026_OMCE0000055002052726
2026-04-23T00:00:00.000000000Z,35,58,108455383,,,,,200,TFO FMV0026_OMPE0000034002092526
2026-04-23T00:00:00.000000000Z,35,58,108476868,,,,,100,TFO FMQ0026_OMCE0000045002072726
2026-04-23T00:00:00.000000000Z,35,58,109308579,,,,,300,TFO FMV0026_OMCE0000050002092526
2026-04-23T00:00:00.000000000Z,35,58,109773049,2.150000000,2.150000000,2.150000000,2.150000000,775,TFO FMU0026_OMCE0000080002082626
2026-04-23T00:00:00.000000000Z,35,85,31134142,2.725000000,2.725000000,2.725000000,2.725000000,25,TFO  51  31134142
2026-04-23T00:00:00.000000000Z,35,58,110615020,,,,,850,TFO FMZ0026_OMCE0000080002112626
2026-04-23T00:00:00.000000000Z,35,85,31134605,1.750000000,1.750000000,1.750000000,1.750000000,50,TFO  56  31134605
2026-04-23T00:00:00.000000000Z,35,58,108482195,,,,,150,TFO FMK0026_OMPE0000048002042426
2026-04-23T00:00:00.000000000Z,35,85,31134349,0.230000000,0.230000000,0.230000000,0.230000000,200,TFO  72  31134349
2026-04-23T00:00:00.000000000Z,35,85,109370197,2.350000000,2.350000000,2.350000000,2.350000000,15,TFO FMN0026_OMCE0000065002062626
2026-04-23T00:00:00.000000000Z,35,85,31134299,1.275000000,1.275000000,1.275000000,1.275000000,50,TFO  56  31134299
2026-04-23T00:00:00.000000000Z,35,58,108564113,,,,,100,TFO FMQ0026_OMPE0000025002072726
2026-04-23T00:00:00.000000000Z,35,85,31134144,2.000000000,2.000000000,2.000000000,2.000000000,200,TFO  58  31134144
2026-04-23T00:00:00.000000000Z,35,85,31134117,1.150000000,1.150000000,1.150000000,1.150000000,300,TFO  56  31134117
2026-04-23T00:00:00.000000000Z,35,58,109408521,,,,,365,TFO FMQ0026_OMCE0000060002072726
2026-04-23T00:00:00.000000000Z,35,85,31129117,1.875000000,1.875000000,1.875000000,1.875000000,100,TFO   6  31129117
2026-04-23T00:00:00.000000000Z,35,58,108482623,6.225000000,6.390000000,6.225000000,6.390000000,200,TFO FSV0026.H0027_OSPE0000040002092
2026-04-23T00:00:00.000000000Z,35,58,109370201,3.400000000,3.400000000,3.225000000,3.225000000,450,TFO FMU0026_OMCE0000065002082626
2026-04-23T00:00:00.000000000Z,35,58,108481287,,,,,1000,TFO FMF0027_OMPE0000035002122426
2026-04-23T00:00:00.000000000Z,35,58,110698854,,,,,800,TFO FMF0027_OMCE0000085002122426
2026-04-23T00:00:00.000000000Z,35,85,31134774,1.925000000,1.925000000,1.925000000,1.925000000,150,TFO  56  31134774
2026-04-23T00:00:00.000000000Z,35,58,109408601,3.700000000,3.725000000,3.300000000,3.300000000,365,TFO FQN0026.U0026_OQCE0000060002062
2026-04-23T00:00:00.000000000Z,35,85,31134548,0.140000000,0.140000000,0.140000000,0.140000000,100,TFO  56  31134548
2026-04-23T00:00:00.000000000Z,35,85,31134282,5.625000000,5.625000000,5.625000000,5.625000000,450,TFO  55  31134282
2026-04-23T00:00:00.000000000Z,35,58,108990632,,,,,300,TFO FMZ0026_OMCE0000075002112626
2026-04-23T00:00:00.000000000Z,35,58,109576073,0.925000000,0.925000000,0.925000000,0.925000000,400,TFO FMM0026_OMCE0000070002052726
2026-04-23T00:00:00.000000000Z,35,85,110748578,3.215000000,3.215000000,3.215000000,3.215000000,5,TFO FMN0026_OMCE0000057002062626
2026-04-23T00:00:00.000000000Z,35,58,108564124,,,,,215,TFO FMN0026_OMCE0000100002062626
2026-04-23T00:00:00.000000000Z,35,85,31134472,1.470000000,1.470000000,1.470000000,1.470000000,200,TFO  56  31134472
2026-04-23T00:00:00.000000000Z,35,85,31134337,8.775000000,8.775000000,8.775000000,8.775000000,175,TFO  55  31134337
2026-04-23T00:00:00.000000000Z,35,85,108215817,0.475000000,0.475000000,0.475000000,0.475000000,200,TFO FMM0026_OMPE0000033002052726
2026-04-23T00:00:00.000000000Z,35,85,31134641,0.250000000,0.250000000,0.250000000,0.250000000,90,TFO  58  31134641
2026-04-23T00:00:00.000000000Z,35,85,31134385,0.125000000,0.125000000,0.125000000,0.125000000,500,TFO  58  31134385
2026-04-23T00:00:00.000000000Z,35,58,108481271,6.025000000,6.450000000,6.025000000,6.450000000,600,TFO FQF0027.H0027_OQPE0000038002122
2026-04-23T00:00:00.000000000Z,35,58,108482144,,,,,275,TFO FMX0026_OMCE0000045002102726
2026-04-23T00:00:00.000000000Z,35,58,108245410,1.150000000,1.260000000,1.150000000,1.260000000,1050,TFO FMM0026_OMPE0000037002052726
2026-04-23T00:00:00.000000000Z,35,85,31134357,6.275000000,6.275000000,6.275000000,6.275000000,75,TFO  58  31134357
2026-04-23T00:00:00.000000000Z,35,58,108476879,0.600000000,1.105000000,0.600000000,1.105000000,1300,TFO FMK0026_OMPE0000044002042426
2026-04-23T00:00:00.000000000Z,35,85,31134625,7.850000000,7.850000000,7.850000000,7.850000000,50,TFO  56  31134625
2026-04-23T00:00:00.000000000Z,35,85,31134498,-2.360000000,-2.360000000,-2.375000000,-2.375000000,375,TFO  72  31134498
2026-04-23T00:00:00.000000000Z,35,58,108147179,,,,,400,TFO FMK0026_OMPE0000038002042426
2026-04-23T00:00:00.000000000Z,35,58,108482008,,,,,275,TFO FMG0027_OMCE0000045002012727
2026-04-23T00:00:00.000000000Z,35,85,109370193,0.020000000,0.020000000,0.020000000,0.020000000,100,TFO FMK0026_OMCE0000065002042426
2026-04-23T00:00:00.000000000Z,35,58,108481293,,,,,600,TFO FMF0027_OMPE0000038002122426
2026-04-23T00:00:00.000000000Z,35,85,31134210,0.900000000,0.900000000,0.900000000,0.900000000,150,TFO  51  31134210
2026-04-23T00:00:00.000000000Z,35,58,108990628,,,,,300,TFO FMV0026_OMCE0000075002092526
2026-04-23T00:00:00.000000000Z,35,58,109308590,,,,,300,TFO FMH0027_OMPE0000050002022427
2026-04-23T00:00:00.000000000Z,35,58,108457413,,,,,500,TFO FMV0026_OMPE0000030002092526
2026-04-23T00:00:00.000000000Z,35,58,108476878,2.440000000,2.440000000,1.220000000,1.220000000,3540,TFO FMK0026_OMCE0000044002042426
2026-04-23T00:00:00.000000000Z,35,58,109184389,4.875000000,4.875000000,4.875000000,4.875000000,350,TFO FMU0026_OMCE0000055002082626
2026-04-23T00:00:00.000000000Z,35,85,108847186,3.500000000,3.775000000,3.150000000,3.150000000,480,TFO FMM0026_OMCE0000050002052726
2026-04-23T00:00:00.000000000Z,35,58,108481197,,,,,200,TFO FMX0026_OMPE0000034002102726
2026-04-23T00:00:00.000000000Z,35,58,109335149,,,,,100,TFO FMZ0026_OMCE0000070002112626
2026-04-23T00:00:00.000000000Z,35,85,109408602,18.550000000,18.550000000,18.550000000,18.550000000,85,TFO FQN0026.U0026_OQPE0000060002062
2026-04-23T00:00:00.000000000Z,35,85,108847184,0.525000000,0.525000000,0.070000000,0.165000000,875,TFO FMK0026_OMCE0000050002042426
2026-04-23T00:00:00.000000000Z,35,58,110698944,0.200000000,0.200000000,0.200000000,0.200000000,200,TFO FMK0026_OMCE0000054002042426
2026-04-23T00:00:00.000000000Z,35,85,108476882,0.600000000,0.600000000,0.600000000,0.600000000,50,TFO FMK0026_OMCE0000046002042426
2026-04-23T00:00:00.000000000Z,35,58,108147187,0.275000000,0.275000000,0.115000000,0.115000000,425,TFO FMK0026_OMPE0000042002042426
2026-04-23T00:00:00.000000000Z,35,58,108481950,,,,,275,TFO FMH0027_OMCE0000045002022427
2026-04-23T00:00:00.000000000Z,35,58,108482194,0.720000000,0.775000000,0.400000000,0.400000000,3000,TFO FMK0026_OMCE0000048002042426
2026-04-23T00:00:00.000000000Z,35,58,108476836,,,,,500,TFO FMN0026_OMCE0000043002062626
2026-04-23T00:00:00.000000000Z,35,58,108481331,,,,,1000,TFO FMH0027_OMPE0000035002022427
2026-04-23T00:00:00.000000000Z,35,85,31134155,-4.800000000,-4.725000000,-4.800000000,-4.725000000,300,TFO  76  31134155
2026-04-23T00:00:00.000000000Z,35,58,108565850,1.100000000,1.100000000,1.100000000,1.100000000,215,TFO FQN0026.U0026_OQCE0000100002062
2026-04-23T00:00:00.000000000Z,35,58,109308581,,,,,300,TFO FMX0026_OMCE0000050002102726
2026-04-23T00:00:00.000000000Z,35,58,109838789,,,,,120,TFO FMG0027_OMCE0000060002012727
2026-04-23T00:00:00.000000000Z,35,58,108990640,3.825000000,4.350000000,3.825000000,4.350000000,300,TFO FSV0026.H0027_OSCE0000075002092
2026-04-23T00:00:00.000000000Z,35,58,108482086,,,,,275,TFO FMF0027_OMCE0000045002122426
2026-04-23T00:00:00.000000000Z,35,85,31134766,2.900000000,2.900000000,2.900000000,2.900000000,500,TFO  58  31134766
2026-04-23T00:00:00.000000000Z,35,58,109838791,,,,,120,TFO FMH0027_OMCE0000060002022427
2026-04-23T00:00:00.000000000Z,35,58,108147173,0.010000000,0.010000000,0.010000000,0.010000000,1700,TFO FMK0026_OMPE0000035002042426
2026-04-23T00:00:00.000000000Z,35,58,108564128,,,,,215,TFO FMU0026_OMCE0000100002082626
2026-04-23T00:00:00.000000000Z,35,58,109308589,,,,,320,TFO FMH0027_OMCE0000050002022427
2026-04-23T00:00:00.000000000Z,35,85,31134305,-0.050000000,-0.050000000,-0.050000000,-0.050000000,200,TFO  49  31134305
2026-04-23T00:00:00.000000000Z,35,85,31134607,4.625000000,4.625000000,4.600000000,4.600000000,350,TFO  56  31134607
2026-04-23T00:00:00.000000000Z,35,58,108481309,,,,,1000,TFO FMG0027_OMPE0000035002012727
2026-04-23T00:00:00.000000000Z,35,85,31134557,2.780000000,2.780000000,2.780000000,2.780000000,50,TFO  51  31134557
2026-04-23T00:00:00.000000000Z,35,85,31134584,1.410000000,1.410000000,1.410000000,1.410000000,300,TFO  58  31134584
2026-04-23T00:00:00.000000000Z,35,58,109184381,0.150000000,0.175000000,0.050000000,0.060000000,1385,TFO FMK0026_OMCE0000055002042426
2026-04-23T00:00:00.000000000Z,35,58,109308591,7.250000000,7.250000000,7.125000000,7.125000000,300,TFO FSV0026.H0027_OSCE0000050002092
2026-04-23T00:00:00.000000000Z,35,58,108990638,,,,,300,TFO FMH0027_OMCE0000075002022427
2026-04-23T00:00:00.000000000Z,35,85,31134137,0.425000000,0.425000000,0.425000000,0.425000000,100,TFO  55  31134137
2026-04-23T00:00:00.000000000Z,35,85,31134535,0.150000000,0.175000000,0.150000000,0.175000000,750,TFO  73  31134535
2026-04-23T00:00:00.000000000Z,35,58,109308586,,,,,300,TFO FMF0027_OMPE0000050002122426
2026-04-23T00:00:00.000000000Z,35,85,31135042,4.350000000,4.350000000,4.350000000,4.350000000,50,TFO  55  31135042
2026-04-23T00:00:00.000000000Z,35,85,31134339,8.775000000,8.775000000,8.775000000,8.775000000,50,TFO  55  31134339
2026-04-23T00:00:00.000000000Z,35,85,31134109,0.000000000,0.000000000,0.000000000,0.000000000,25,TFO  58  31134109
2026-04-23T00:00:00.000000000Z,35,58,108481269,5.150000000,5.150000000,5.150000000,5.150000000,90,TFO FQF0027.H0027_OQPE0000037002122
2026-04-23T00:00:00.000000000Z,35,58,110710054,3.750000000,3.750000000,3.750000000,3.750000000,800,TFO FQF0027.H0027_OQCE0000085002122
2026-04-23T00:00:00.000000000Z,35,85,31134134,0.250000000,0.250000000,0.250000000,0.250000000,100,TFO  56  31134134
2026-04-23T00:00:00.000000000Z,35,85,108147183,0.100000000,0.100000000,0.050000000,0.050000000,870,TFO FMK0026_OMPE0000040002042426
2026-04-23T00:00:00.000000000Z,35,58,110615018,,,,,850,TFO FMX0026_OMCE0000080002102726
2026-04-23T00:00:00.000000000Z,35,58,109335151,,,,,100,TFO FMF0027_OMCE0000070002122426
2026-04-23T00:00:00.000000000Z,35,58,109408519,3.000000000,3.100000000,3.000000000,3.100000000,665,TFO FMN0026_OMCE0000060002062626
2026-04-23T00:00:00.000000000Z,35,58,110748584,3.860000000,3.860000000,3.860000000,3.860000000,500,TFO FQN0026.U0026_OQCE0000057002062
2026-04-23T00:00:00.000000000Z,35,85,31134658,-2.360000000,-2.360000000,-2.360000000,-2.360000000,50,TFO  72  31134658
2026-04-23T00:00:00.000000000Z,35,58,108481211,,,,,500,TFO FMZ0026_OMPE0000030002112626
2026-04-23T00:00:00.000000000Z,35,58,108332543,2.175000000,2.350000000,2.175000000,2.350000000,575,TFO FMM0026_OMPE0000040002052726
2026-04-23T00:00:00.000000000Z,35,58,109408522,,,,,85,TFO FMQ0026_OMPE0000060002072726
2026-04-23T00:00:00.000000000Z,35,58,108332542,6.725000000,6.725000000,6.725000000,6.725000000,300,TFO FMM0026_OMCE0000040002052726
2026-04-23T00:00:00.000000000Z,35,85,109838936,1.775000000,1.775000000,1.775000000,1.775000000,140,TFO FMQ0026_OMPE0000034502072726
2026-04-23T00:00:00.000000000Z,35,58,108215821,0.735000000,0.760000000,0.735000000,0.760000000,150,TFO FMM0026_OMPE0000035002052726
2026-04-23T00:00:00.000000000Z,35,85,109838932,0.530000000,0.530000000,0.530000000,0.530000000,50,TFO FMM0026_OMPE0000034502052726
2026-04-23T00:00:00.000000000Z,35,85,31135046,4.350000000,4.350000000,4.350000000,4.350000000,25,TFO  55  31135046
2026-04-23T00:00:00.000000000Z,35,85,31115427,1.700000000,1.700000000,1.350000000,1.350000000,885,TFO  40  31115427
2026-04-23T00:00:00.000000000Z,35,85,31134304,-3.500000000,-3.500000000,-3.500000000,-3.500000000,150,TFO  58  31134304
2026-04-23T00:00:00.000000000Z,35,85,31134120,0.450000000,0.450000000,0.450000000,0.450000000,200,TFO  50  31134120
2026-04-23T00:00:00.000000000Z,35,58,108476847,4.325000000,4.500000000,4.325000000,4.500000000,1000,TFO FMM0026_OMPE0000044002052726
2026-04-23T00:00:00.000000000Z,35,85,31134133,0.340000000,0.340000000,0.340000000,0.340000000,300,TFO  50  31134133
2026-04-23T00:00:00.000000000Z,35,58,110748580,,,,,500,TFO FMQ0026_OMCE0000057002072726
2026-04-23T00:00:00.000000000Z,35,58,109576087,2.515000000,2.515000000,2.275000000,2.275000000,275,TFO FQN0026.U0026_OQCE0000070002062
2026-04-23T00:00:00.000000000Z,35,58,108847982,5.625000000,5.625000000,5.250000000,5.250000000,1600,TFO FQN0026.U0026_OQCE0000050002062
2026-04-23T00:00:00.000000000Z,35,58,108481337,,,,,600,TFO FMH0027_OMPE0000038002022427
2026-04-23T00:00:00.000000000Z,35,85,31134297,1.125000000,1.125000000,1.125000000,1.125000000,500,TFO  50  31134297
2026-04-23T00:00:00.000000000Z,35,85,31134145,0.230000000,0.230000000,0.230000000,0.230000000,100,TFO   6  31134145
2026-04-23T00:00:00.000000000Z,35,58,109185605,4.550000000,4.550000000,4.205000000,4.205000000,100,TFO FQN0026.U0026_OQCE0000055002062
2026-04-23T00:00:00.000000000Z,35,58,108476849,4.900000000,4.975000000,4.725000000,4.725000000,800,TFO FMM0026_OMPE0000045002052726
2026-04-23T00:00:00.000000000Z,35,85,31134317,0.690000000,0.690000000,0.690000000,0.690000000,500,TFO  65  31134317
2026-04-23T00:00:00.000000000Z,35,85,31134396,0.190000000,0.190000000,0.190000000,0.190000000,100,TFO  56  31134396
2026-04-23T00:00:00.000000000Z,35,58,109335145,3.025000000,3.025000000,3.025000000,3.025000000,350,TFO FMV0026_OMCE0000070002092526
2026-04-23T00:00:00.000000000Z,35,58,108280825,,,,,100,TFO FMN0026_OMPE0000025002062626
2026-04-23T00:00:00.000000000Z,35,58,108482175,,,,,200,TFO FMZ0026_OMPE0000040002112626
2026-04-23T00:00:00.000000000Z,35,58,110615022,,,,,850,TFO FMF0027_OMCE0000080002122426
2026-04-23T00:00:00.000000000Z,35,85,31134119,6.100000000,6.100000000,6.100000000,6.100000000,50,TFO  16  31134119
2026-04-23T00:00:00.000000000Z,35,85,31134224,2.600000000,2.625000000,2.600000000,2.625000000,215,TFO  50  31134224
2026-04-23T00:00:00.000000000Z,35,85,108147179,0.050000000,0.050000000,0.040000000,0.040000000,1700,TFO FMK0026_OMPE0000038002042426
2026-04-23T00:00:00.000000000Z,35,58,109576077,,,,,275,TFO FMQ0026_OMCE0000070002072726
2026-04-23T00:00:00.000000000Z,35,85,31134306,2.975000000,2.975000000,2.975000000,2.975000000,75,TFO  50  31134306
2026-04-23T00:00:00.000000000Z,35,58,108381602,,,,,425,TFO FMQ0026_OMPE0000040002072726
2026-04-23T00:00:00.000000000Z,35,85,31134125,0.500000000,0.500000000,0.500000000,0.500000000,50,TFO  55  31134125
2026-04-23T00:00:00.000000000Z,35,85,31134809,1.950000000,1.950000000,1.950000000,1.950000000,25,TFO  56  31134809
2026-04-23T00:00:00.000000000Z,35,58,108280835,0.400000000,0.400000000,0.400000000,0.400000000,400,TFO FMN0026_OMPE0000030002062626
2026-04-23T00:00:00.000000000Z,35,58,108476936,6.550000000,6.550000000,6.550000000,6.550000000,100,TFO FQN0026.U0026_OQCE0000045002062
2026-04-23T00:00:00.000000000Z,35,58,108476884,0.950000000,0.950000000,0.325000000,0.325000000,1275,TFO FMK0026_OMCE0000047002042426
2026-04-23T00:00:00.000000000Z,35,85,31094224,0.130000000,0.130000000,0.130000000,0.130000000,300,TFO   6  31094224
2026-04-23T00:00:00.000000000Z,35,58,109370211,,,,,75,TFO FMF0027_OMCE0000065002122426
2026-04-23T00:00:00.000000000Z,35,85,31134628,0.510000000,0.510000000,0.510000000,0.510000000,205,TFO  58  31134628
2026-04-23T00:00:00.000000000Z,35,85,31134209,1.700000000,1.700000000,1.700000000,1.700000000,75,TFO  56  31134209
2026-04-23T00:00:00.000000000Z,35,58,109184387,,,,,100,TFO FMQ0026_OMCE0000055002072726
2026-04-23T00:00:00.000000000Z,35,58,108476852,,,,,25,TFO FMM0026_OMCE0000047002052726
2026-04-23T00:00:00.000000000Z,35,58,108847184,0.500000000,0.550000000,0.040000000,0.040000000,6085,TFO FMK0026_OMCE0000050002042426
2026-04-23T00:00:00.000000000Z,35,85,31134271,0.370000000,0.370000000,0.370000000,0.370000000,200,TFO  50  31134271
2026-04-23T00:00:00.000000000Z,35,58,108476882,1.470000000,1.470000000,0.475000000,0.475000000,4250,TFO FMK0026_OMCE0000046002042426
2026-04-23T00:00:00.000000000Z,35,85,31134581,1.400000000,1.400000000,1.400000000,1.400000000,50,TFO  46  31134581
2026-04-23T00:00:00.000000000Z,35,85,31134639,0.250000000,0.250000000,0.250000000,0.250000000,50,TFO  58  31134639
2026-04-23T00:00:00.000000000Z,35,58,108481335,,,,,90,TFO FMH0027_OMPE0000037002022427
2026-04-23T00:00:00.000000000Z,35,58,108990634,,,,,300,TFO FMF0027_OMCE0000075002122426
2026-04-23T00:00:00.000000000Z,35,85,31134316,1.275000000,1.275000000,1.275000000,1.275000000,25,TFO  56  31134316
2026-04-23T00:00:00.000000000Z,35,85,108476881,1.175000000,1.175000000,1.175000000,1.175000000,125,TFO FMK0026_OMPE0000045002042426
2026-04-23T00:00:00.000000000Z,35,85,31134356,5.325000000,5.325000000,5.325000000,5.325000000,75,TFO  55  31134356
2026-04-23T00:00:00.000000000Z,35,58,108400937,,,,,455,TFO FMN0026_OMPE0000040002062626
2026-04-23T00:00:00.000000000Z,35,85,31134715,0.175000000,0.175000000,0.175000000,0.175000000,75,TFO  73  31134715
2026-04-23T00:00:00.000000000Z,35,85,31134617,0.175000000,0.175000000,0.175000000,0.175000000,25,TFO  73  31134617
2026-04-23T00:00:00.000000000Z,35,85,31134415,0.850000000,0.850000000,0.850000000,0.850000000,75,TFO  55  31134415
2026-04-23T00:00:00.000000000Z,35,85,31134272,0.340000000,0.340000000,0.340000000,0.340000000,500,TFO  50  31134272
2026-04-23T00:00:00.000000000Z,35,85,31134156,3.425000000,3.425000000,3.425000000,3.425000000,200,TFO  50  31134156
2026-04-23T00:00:00.000000000Z,35,85,31134226,4.850000000,4.850000000,4.850000000,4.850000000,50,TFO  55  31134226
2026-04-23T00:00:00.000000000Z,35,58,109254277,,,,,1000,TFO FMF0027_OMCE0000100002122426
2026-04-23T00:00:00.000000000Z,35,58,108481153,3.600000000,3.625000000,3.600000000,3.625000000,950,TFO FSV0026.H0027_OSPE0000035002092
2026-04-23T00:00:00.000000000Z,35,85,108398556,2.215000000,2.215000000,2.215000000,2.215000000,50,TFO FMU0026_OMPE0000035002082626
2026-04-23T00:00:00.000000000Z,35,85,31134245,0.575000000,0.575000000,0.575000000,0.575000000,50,TFO  55  31134245
2026-04-23T00:00:00.000000000Z,35,85,31134778,2.880000000,2.880000000,2.880000000,2.880000000,110,TFO  58  31134778
2026-04-23T00:00:00.000000000Z,35,85,31134390,2.275000000,2.275000000,2.275000000,2.275000000,200,TFO  55  31134390
2026-04-23T00:00:00.000000000Z,35,58,109773047,,,,,425,TFO FMQ0026_OMCE0000080002072726
2026-04-23T00:00:00.000000000Z,35,58,108482135,,,,,200,TFO FMX0026_OMPE0000040002102726
2026-04-23T00:00:00.000000000Z,35,58,110704930,0.280000000,0.280000000,0.280000000,0.280000000,1000,TFO FMK0026_OMCE0000051002042426
2026-04-23T00:00:00.000000000Z,35,85,31134576,1.400000000,1.400000000,1.400000000,1.400000000,650,TFO  46  31134576
2026-04-23T00:00:00.000000000Z,35,58,110615028,3.450000000,3.450000000,3.450000000,3.450000000,850,TFO FSV0026.H0027_OSCE0000080002092
2026-04-23T00:00:00.000000000Z,35,58,108481189,,,,,500,TFO FMX0026_OMPE0000030002102726
2026-04-23T00:00:00.000000000Z,35,58,108147186,3.740000000,3.740000000,3.740000000,3.740000000,50,TFO FMK0026_OMCE0000042002042426
2026-04-23T00:00:00.000000000Z,35,85,31134149,2.000000000,2.000000000,2.000000000,2.000000000,350,TFO   6  31134149
2026-04-23T00:00:00.000000000Z,35,58,108338590,0.540000000,0.540000000,0.540000000,0.540000000,300,TFO FMQ0026_OMPE0000029002072726
2026-04-23T00:00:00.000000000Z,35,58,109335153,,,,,100,TFO FMG0027_OMCE0000070002012727
2026-04-23T00:00:00.000000000Z,35,58,108215811,0.235000000,0.260000000,0.235000000,0.260000000,600,TFO FMM0026_OMPE0000030002052726
2026-04-24T00:00:00.000000000Z,35,85,31135815,3.600000000,3.600000000,3.600000000,3.600000000,100,TFO  55  31135815
2026-04-24T00:00:00.000000000Z,35,85,31135852,1.175000000,1.175000000,1.175000000,1.175000000,150,TFO  56  31135852
2026-04-24T00:00:00.000000000Z,35,85,108565850,1.050000000,1.050000000,1.000000000,1.000000000,200,TFO FQN0026.U0026_OQCE0000100002062
2026-04-24T00:00:00.000000000Z,35,58,108564124,,,,,705,TFO FMN0026_OMCE0000100002062626
2026-04-24T00:00:00.000000000Z,35,85,31135655,0.225000000,0.225000000,0.225000000,0.225000000,250,TFO  77  31135655
2026-04-24T00:00:00.000000000Z,35,58,108484407,,,,,600,TFO FMG0027_OMPE0000025002012727
2026-04-24T00:00:00.000000000Z,35,58,108481409,,,,,100,TFO FMK0027_OMPE0000030002042627
2026-04-24T00:00:00.000000000Z,35,58,108481341,4.150000000,4.150000000,4.150000000,4.150000000,100,TFO FSJ0027.U0027_OSPE0000030002032
2026-04-24T00:00:00.000000000Z,35,58,108564128,,,,,705,TFO FMU0026_OMCE0000100002082626
2026-04-24T00:00:00.000000000Z,35,58,109335157,4.500000000,4.500000000,4.500000000,4.500000000,75,TFO FSV0026.H0027_OSCE0000070002092
2026-04-24T00:00:00.000000000Z,35,58,108481519,,,,,100,TFO FMU0027_OMPE0000030002082627
2026-04-24T00:00:00.000000000Z,35,58,110615024,,,,,125,TFO FMG0027_OMCE0000080002012727
2026-04-24T00:00:00.000000000Z,35,85,31135365,0.825000000,0.825000000,0.825000000,0.825000000,200,TFO  47  31135365
2026-04-24T00:00:00.000000000Z,35,58,108481189,,,,,330,TFO FMX0026_OMPE0000030002102726
2026-04-24T00:00:00.000000000Z,35,58,108481950,,,,,125,TFO FMH0027_OMCE0000045002022427
2026-04-24T00:00:00.000000000Z,35,58,108484189,,,,,50,TFO FMU0027_OMPE0000025002082627
2026-04-24T00:00:00.000000000Z,35,58,109592761,,,,,75,TFO FMV0026_OMCE0000055002092526
2026-04-24T00:00:00.000000000Z,35,85,109185606,14.600000000,14.600000000,14.600000000,14.600000000,20,TFO FQN0026.U0026_OQPE0000055002062
2026-04-24T00:00:00.000000000Z,35,85,109773049,2.475000000,2.475000000,2.475000000,2.475000000,200,TFO FMU0026_OMCE0000080002082626
2026-04-24T00:00:00.000000000Z,35,58,108564115,,,,,250,TFO FMU0026_OMPE0000025002082626
2026-04-24T00:00:00.000000000Z,35,85,31135941,1.950000000,1.950000000,1.950000000,1.950000000,75,TFO  50  31135941
2026-04-24T00:00:00.000000000Z,35,85,109184383,2.320000000,2.320000000,2.320000000,2.320000000,10,TFO FMM0026_OMCE0000055002052726
2026-04-24T00:00:00.000000000Z,35,58,108481331,,,,,125,TFO FMH0027_OMPE0000035002022427
2026-04-24T00:00:00.000000000Z,35,85,31135386,0.750000000,0.750000000,0.750000000,0.750000000,25,TFO  73  31135386
2026-04-24T00:00:00.000000000Z,35,58,110680186,,,,,50,TFO FMU0027_OMCE0000060002082627
2026-04-24T00:00:00.000000000Z,35,58,109773047,,,,,100,TFO FMQ0026_OMCE0000080002072726
2026-04-24T00:00:00.000000000Z,35,58,108476848,4.225000000,4.550000000,4.225000000,4.550000000,1750,TFO FMM0026_OMCE0000045002052726
2026-04-24T00:00:00.000000000Z,35,58,108332543,2.725000000,2.770000000,2.290000000,2.300000000,1625,TFO FMM0026_OMPE0000040002052726
2026-04-24T00:00:00.000000000Z,35,58,109184389,,,,,600,TFO FMU0026_OMCE0000055002082626
2026-04-24T00:00:00.000000000Z,35,58,108476882,0.350000000,1.250000000,0.350000000,1.250000000,1600,TFO FMK0026_OMCE0000046002042426
2026-04-24T00:00:00.000000000Z,35,85,31135345,0.125000000,0.125000000,0.125000000,0.125000000,100,TFO  72  31135345
2026-04-24T00:00:00.000000000Z,35,85,31134639,0.550000000,0.550000000,0.550000000,0.550000000,50,TFO  58  31134639
2026-04-24T00:00:00.000000000Z,35,85,108482194,0.020000000,0.020000000,0.020000000,0.020000000,50,TFO FMK0026_OMCE0000048002042426
2026-04-24T00:00:00.000000000Z,35,58,108564126,,,,,705,TFO FMQ0026_OMCE0000100002072726
2026-04-24T00:00:00.000000000Z,35,85,31135422,2.225000000,2.250000000,2.225000000,2.250000000,3300,TFO  65  31135422
2026-04-24T00:00:00.000000000Z,35,85,31120960,1.850000000,1.850000000,1.850000000,1.850000000,20,TFO   6  31120960
2026-04-24T00:00:00.000000000Z,35,85,108481143,2.000000000,2.000000000,2.000000000,2.000000000,5,TFO FSV0026.H0027_OSPE0000030002092
2026-04-24T00:00:00.000000000Z,35,85,31135581,1.250000000,1.250000000,1.250000000,1.250000000,50,TFO  55  31135581
2026-04-24T00:00:00.000000000Z,35,58,109592765,,,,,75,TFO FMZ0026_OMCE0000055002112626
2026-04-24T00:00:00.000000000Z,35,85,109839119,6.750000000,6.750000000,6.750000000,6.750000000,150,TFO FQF0027.H0027_OQCE0000060002122
2026-04-24T00:00:00.000000000Z,35,58,108640515,,,,,100,TFO FMQ0027_OMPE0000020002072727
2026-04-24T00:00:00.000000000Z,35,58,109773177,1.925000000,1.925000000,1.925000000,1.925000000,100,TFO FQN0026.U0026_OQCE0000080002062
2026-04-24T00:00:00.000000000Z,35,58,110615016,,,,,125,TFO FMV0026_OMCE0000080002092526
2026-04-24T00:00:00.000000000Z,35,85,31134299,0.525000000,0.525000000,0.525000000,0.525000000,585,TFO  56  31134299
2026-04-24T00:00:00.000000000Z,35,58,109370211,,,,,75,TFO FMF0027_OMCE0000065002122426
2026-04-24T00:00:00.000000000Z,35,85,31134657,0.450000000,0.450000000,0.450000000,0.450000000,300,TFO   6  31134657
2026-04-24T00:00:00.000000000Z,35,58,109254281,3.600000000,3.600000000,3.600000000,3.600000000,325,TFO FMH0027_OMCE0000100002022427
2026-04-24T00:00:00.000000000Z,35,58,108847190,,,,,300,TFO FMQ0026_OMCE0000050002072726
2026-04-24T00:00:00.000000000Z,35,85,31136049,2.950000000,2.950000000,2.950000000,2.950000000,800,TFO  40  31136049
2026-04-24T00:00:00.000000000Z,35,85,31095869,8.475000000,8.500000000,8.475000000,8.500000000,125,TFO  55  31095869
2026-04-24T00:00:00.000000000Z,35,58,108482077,,,,,2045,TFO FMF0027_OMPE0000040002122426
2026-04-24T00:00:00.000000000Z,35,85,31135538,4.275000000,4.275000000,4.275000000,4.275000000,100,TFO  56  31135538
2026-04-24T00:00:00.000000000Z,35,58,110680182,,,,,50,TFO FMN0027_OMCE0000060002062527
2026-04-24T00:00:00.000000000Z,35,58,108338598,,,,,300,TFO FMQ0026_OMPE0000033002072726
2026-04-24T00:00:00.000000000Z,35,85,31135327,1.950000000,1.950000000,1.875000000,1.875000000,75,TFO  56  31135327
2026-04-24T00:00:00.000000000Z,35,85,31135571,0.270000000,0.270000000,0.270000000,0.270000000,200,TFO  75  31135571
2026-04-24T00:00:00.000000000Z,35,58,109768647,6.450000000,6.450000000,6.450000000,6.450000000,75,TFO FSV0026.H0027_OSCE0000055002092
2026-04-24T00:00:00.000000000Z,35,58,110698854,,,,,2200,TFO FMF0027_OMCE0000085002122426
2026-04-24T00:00:00.000000000Z,35,58,108482623,6.925000000,6.925000000,6.925000000,6.925000000,370,TFO FSV0026.H0027_OSPE0000040002092
2026-04-24T00:00:00.000000000Z,35,85,109408517,1.770000000,1.770000000,1.700000000,1.750000000,140,TFO FMM0026_OMCE0000060002052726
2026-04-24T00:00:00.000000000Z,35,85,31126589,2.775000000,2.775000000,2.550000000,2.550000000,80,TFO   6  31126589
2026-04-24T00:00:00.000000000Z,35,58,109838783,,,,,420,TFO FMX0026_OMCE0000060002102726
2026-04-24T00:00:00.000000000Z,35,58,109184388,,,,,20,TFO FMQ0026_OMPE0000055002072726
2026-04-24T00:00:00.000000000Z,35,58,109408521,,,,,730,TFO FMQ0026_OMCE0000060002072726
2026-04-24T00:00:00.000000000Z,35,58,108481211,1.960000000,1.960000000,1.570000000,1.570000000,472,TFO FMZ0026_OMPE0000030002112626
2026-04-24T00:00:00.000000000Z,35,85,31134207,-0.010000000,-0.010000000,-0.010000000,-0.010000000,170,TFO  21  31134207
2026-04-24T00:00:00.000000000Z,35,58,109370297,5.800000000,5.800000000,5.800000000,5.800000000,75,TFO FQF0027.H0027_OQCE0000065002122
2026-04-24T00:00:00.000000000Z,35,58,108338592,0.690000000,0.690000000,0.690000000,0.690000000,1800,TFO FMQ0026_OMPE0000030002072726
2026-04-24T00:00:00.000000000Z,35,58,108481221,3.800000000,3.800000000,3.800000000,3.800000000,457,TFO FMZ0026_OMPE0000035002112626
2026-04-24T00:00:00.000000000Z,35,58,108643817,,,,,100,TFO FMU0027_OMPE0000020002082627
2026-04-24T00:00:00.000000000Z,35,85,31135661,1.225000000,1.225000000,1.225000000,1.225000000,300,TFO  73  31135661
2026-04-24T00:00:00.000000000Z,35,58,108482632,8.475000000,8.500000000,8.475000000,8.500000000,125,TFO FSV0026.H0027_OSCE0000045002092
2026-04-24T00:00:00.000000000Z,35,85,31135434,0.460000000,0.460000000,0.460000000,0.460000000,1500,TFO  47  31135434
2026-04-24T00:00:00.000000000Z,35,58,108482087,10.425000000,10.425000000,10.425000000,10.425000000,200,TFO FMF0027_OMPE0000045002122426
2026-04-24T00:00:00.000000000Z,35,58,108482175,,,,,870,TFO FMZ0026_OMPE0000040002112626
2026-04-24T00:00:00.000000000Z,35,85,31135521,4.340000000,4.340000000,4.340000000,4.340000000,50,TFO  55  31135521
2026-04-24T00:00:00.000000000Z,35,58,109838787,,,,,295,TFO FMF0027_OMCE0000060002122426
2026-04-24T00:00:00.000000000Z,35,58,108481941,,,,,2045,TFO FMH0027_OMPE0000040002022427
2026-04-24T00:00:00.000000000Z,35,58,108248812,1.600000000,1.600000000,1.600000000,1.600000000,730,TFO FMM0026_OMPE0000038002052726
2026-04-24T00:00:00.000000000Z,35,85,31135318,1.100000000,1.140000000,1.100000000,1.140000000,320,TFO  56  31135318
2026-04-24T00:00:00.000000000Z,35,58,109838789,,,,,295,TFO FMG0027_OMCE0000060002012727
2026-04-24T00:00:00.000000000Z,35,85,31135333,-0.100000000,-0.095000000,-0.100000000,-0.095000000,555,TFO  58  31135333
2026-04-24T00:00:00.000000000Z,35,58,110615018,,,,,125,TFO FMX0026_OMCE0000080002102726
2026-04-24T00:00:00.000000000Z,35,85,31135600,2.250000000,2.250000000,2.250000000,2.250000000,50,TFO  65  31135600
2026-04-24T00:00:00.000000000Z,35,58,109184390,,,,,20,TFO FMU0026_OMPE0000055002082626
2026-04-24T00:00:00.000000000Z,35,85,108476878,1.350000000,1.350000000,1.350000000,1.350000000,25,TFO FMK0026_OMCE0000044002042426
2026-04-24T00:00:00.000000000Z,35,58,108147183,0.020000000,0.020000000,0.020000000,0.020000000,200,TFO FMK0026_OMPE0000040002042426
2026-04-24T00:00:00.000000000Z,35,85,31135257,5.675000000,5.675000000,5.675000000,5.675000000,100,TFO  55  31135257
2026-04-24T00:00:00.000000000Z,35,85,31135938,6.700000000,6.700000000,6.700000000,6.700000000,200,TFO  55  31135938
2026-04-24T00:00:00.000000000Z,35,58,108381602,,,,,250,TFO FMQ0026_OMPE0000040002072726
2026-04-24T00:00:00.000000000Z,35,58,108293633,,,,,3145,TFO FMN0026_OMPE0000035002062626
2026-04-24T00:00:00.000000000Z,35,58,108215811,0.275000000,0.275000000,0.230000000,0.275000000,1900,TFO FMM0026_OMPE0000030002052726
2026-04-24T00:00:00.000000000Z,35,58,108401031,3.275000000,3.275000000,3.275000000,3.275000000,65,TFO FMM0026_OMPE0000042002052726
2026-04-24T00:00:00.000000000Z,35,85,31136023,1.915000000,1.915000000,1.915000000,1.915000000,400,TFO  50  31136023
2026-04-24T00:00:00.000000000Z,35,58,109773043,0.700000000,0.700000000,0.700000000,0.700000000,400,TFO FMM0026_OMCE0000080002052726
2026-04-24T00:00:00.000000000Z,35,58,108685479,,,,,100,TFO FMM0027_OMPE0000020002052627
2026-04-24T00:00:00.000000000Z,35,58,110698896,,,,,2200,TFO FMH0027_OMCE0000085002022427
2026-04-24T00:00:00.000000000Z,35,85,31135526,0.350000000,0.350000000,0.350000000,0.350000000,1250,TFO  24  31135526
2026-04-24T00:00:00.000000000Z,35,85,31135494,0.000000000,0.000000000,0.000000000,0.000000000,40,TFO  21  31135494
2026-04-24T00:00:00.000000000Z,35,85,31135951,1.200000000,1.200000000,1.200000000,1.200000000,100,TFO  50  31135951
2026-04-24T00:00:00.000000000Z,35,58,108398552,,,,,300,TFO FMU0026_OMPE0000033002082626
2026-04-24T00:00:00.000000000Z,35,85,31135931,1.450000000,1.450000000,1.450000000,1.450000000,200,TFO  56  31135931
2026-04-24T00:00:00.000000000Z,35,58,109773049,,,,,100,TFO FMU0026_OMCE0000080002082626
2026-04-24T00:00:00.000000000Z,35,58,108455905,4.265000000,4.265000000,4.265000000,4.265000000,250,TFO FQN0026.U0026_OQPE0000040002062
2026-04-24T00:00:00.000000000Z,35,85,31127687,5.600000000,5.600000000,5.600000000,5.600000000,25,TFO  16  31127687
2026-04-24T00:00:00.000000000Z,35,58,108685185,0.650000000,0.650000000,0.650000000,0.650000000,100,TFO FSJ0027.U0027_OSPE0000020002032
2026-04-24T00:00:00.000000000Z,35,85,110704964,4.490000000,4.490000000,4.490000000,4.490000000,5,TFO FMN0026_OMCE0000051002062626
2026-04-24T00:00:00.000000000Z,35,58,109838793,5.350000000,5.350000000,5.350000000,5.350000000,20,TFO FSV0026.H0027_OSCE0000060002092
2026-04-24T00:00:00.000000000Z,35,85,31135383,0.500000000,0.500000000,0.405000000,0.405000000,785,TFO  75  31135383
2026-04-24T00:00:00.000000000Z,35,85,108476882,0.180000000,0.180000000,0.100000000,0.100000000,490,TFO FMK0026_OMCE0000046002042426
2026-04-24T00:00:00.000000000Z,35,85,31135832,5.420000000,5.420000000,5.420000000,5.420000000,175,TFO  58  31135832
2026-04-24T00:00:00.000000000Z,35,85,31135429,0.825000000,0.825000000,0.800000000,0.800000000,75,TFO  72  31135429
2026-04-24T00:00:00.000000000Z,35,58,108481497,,,,,100,TFO FMQ0027_OMPE0000030002072727
2026-04-24T00:00:00.000000000Z,35,58,109768643,,,,,75,TFO FMG0027_OMCE0000055002012727
2026-04-24T00:00:00.000000000Z,35,85,31115427,0.600000000,0.600000000,0.550000000,0.550000000,200,TFO  40  31115427
2026-04-24T00:00:00.000000000Z,35,85,31128445,3.900000000,3.900000000,3.900000000,3.900000000,500,TFO  16  31128445
2026-04-24T00:00:00.000000000Z,35,85,31135437,0.460000000,0.460000000,0.460000000,0.460000000,300,TFO  47  31135437
2026-04-24T00:00:00.000000000Z,35,85,108218362,0.090000000,0.090000000,0.090000000,0.090000000,500,TFO FMM0026_OMPE0000025002052726
2026-04-24T00:00:00.000000000Z,35,85,31135391,3.050000000,3.050000000,3.050000000,3.050000000,50,TFO  50  31135391
2026-04-24T00:00:00.000000000Z,35,58,110680184,,,,,50,TFO FMQ0027_OMCE0000060002072727
2026-04-24T00:00:00.000000000Z,35,85,31101237,0.350000000,0.350000000,0.350000000,0.350000000,300,TFO  75  31101237
2026-04-24T00:00:00.000000000Z,35,58,110658794,,,,,100,TFO FMN0027_OMCE0000100002062527
2026-04-24T00:00:00.000000000Z,35,58,108455367,1.800000000,2.710000000,1.750000000,2.710000000,1575,TFO FQN0026.U0026_OQPE0000035002062
2026-04-24T00:00:00.000000000Z,35,85,31135331,2.000000000,2.000000000,1.950000000,1.950000000,450,TFO  72  31135331
2026-04-24T00:00:00.000000000Z,35,58,108481321,,,,,630,TFO FMH0027_OMPE0000030002022427
2026-04-24T00:00:00.000000000Z,35,85,31135583,1.250000000,1.250000000,1.250000000,1.250000000,50,TFO  55  31135583
2026-04-24T00:00:00.000000000Z,35,58,108481287,,,,,125,TFO FMF0027_OMPE0000035002122426
2026-04-24T00:00:00.000000000Z,35,58,110698458,1.530000000,1.530000000,1.530000000,1.530000000,150,TFO FQN0026.U0026_OQCE0000085002062
2026-04-24T00:00:00.000000000Z,35,58,108255504,2.075000000,2.100000000,2.075000000,2.100000000,975,TFO FMM0026_OMPE0000039002052726
2026-04-24T00:00:00.000000000Z,35,58,108455385,,,,,325,TFO FMV0026_OMPE0000035002092526
2026-04-24T00:00:00.000000000Z,35,58,109308591,7.700000000,7.700000000,7.200000000,7.200000000,120,TFO FSV0026.H0027_OSCE0000050002092
2026-04-24T00:00:00.000000000Z,35,85,31135767,0.875000000,0.875000000,0.875000000,0.875000000,200,TFO   4  31135767
2026-04-24T00:00:00.000000000Z,35,58,108484413,,,,,600,TFO FMF0027_OMPE0000025002122426
2026-04-24T00:00:00.000000000Z,35,85,108215803,0.130000000,0.130000000,0.130000000,0.130000000,650,TFO FMM0026_OMPE0000026002052726
2026-04-24T00:00:00.000000000Z,35,85,31135276,1.950000000,1.950000000,1.950000000,1.950000000,100,TFO  56  31135276
2026-04-24T00:00:00.000000000Z,35,58,109308651,8.450000000,8.450000000,8.425000000,8.425000000,175,TFO FQF0027.H0027_OQCE0000050002122
2026-04-24T00:00:00.000000000Z,35,58,110615028,3.925000000,3.925000000,3.925000000,3.925000000,125,TFO FSV0026.H0027_OSCE0000080002092
2026-04-24T00:00:00.000000000Z,35,58,108482008,,,,,125,TFO FMG0027_OMCE0000045002012727
2026-04-24T00:00:00.000000000Z,35,85,108847186,3.400000000,3.500000000,3.400000000,3.400000000,250,TFO FMM0026_OMCE0000050002052726
2026-04-24T00:00:00.000000000Z,35,58,108564113,,,,,250,TFO FMQ0026_OMPE0000025002072726
2026-04-24T00:00:00.000000000Z,35,85,31135903,1.250000000,1.250000000,1.250000000,1.250000000,50,TFO  58  31135903
2026-04-24T00:00:00.000000000Z,35,58,109370201,3.725000000,3.725000000,3.725000000,3.725000000,200,TFO FMU0026_OMCE0000065002082626
2026-04-24T00:00:00.000000000Z,35,58,110680188,2.600000000,2.600000000,2.600000000,2.600000000,50,TFO FSJ0027.U0027_OSCE0000060002032
2026-04-24T00:00:00.000000000Z,35,85,31135740,-0.490000000,-0.490000000,-0.490000000,-0.490000000,300,TFO  49  31135740
2026-04-24T00:00:00.000000000Z,35,58,108484129,,,,,50,TFO FMJ0027_OMPE0000025002032527
2026-04-24T00:00:00.000000000Z,35,58,108215823,1.250000000,1.250000000,1.100000000,1.100000000,1750,TFO FMM0026_OMPE0000036002052726
2026-04-24T00:00:00.000000000Z,35,58,109408517,1.850000000,1.850000000,1.700000000,1.750000000,4800,TFO FMM0026_OMCE0000060002052726
2026-04-24T00:00:00.000000000Z,35,58,108482168,4.000000000,4.000000000,4.000000000,4.000000000,100,TFO FMM0026_OMCE0000048002052726
2026-04-24T00:00:00.000000000Z,35,85,31135805,6.925000000,6.925000000,6.925000000,6.925000000,350,TFO  56  31135805
2026-04-24T00:00:00.000000000Z,35,58,109185605,4.575000000,4.575000000,4.100000000,4.150000000,600,TFO FQN0026.U0026_OQCE0000055002062
2026-04-24T00:00:00.000000000Z,35,58,108455904,8.800000000,8.800000000,8.800000000,8.800000000,100,TFO FQN0026.U0026_OQCE0000040002062
2026-04-24T00:00:00.000000000Z,35,85,31136013,3.725000000,3.725000000,3.725000000,3.725000000,100,TFO  55  31136013
2026-04-24T00:00:00.000000000Z,35,58,108685483,,,,,100,TFO FMJ0027_OMPE0000020002032527
2026-04-24T00:00:00.000000000Z,35,85,31135543,1.775000000,1.775000000,1.775000000,1.775000000,25,TFO  50  31135543
2026-04-24T00:00:00.000000000Z,35,58,109408523,,,,,730,TFO FMU0026_OMCE0000060002082626
2026-04-24T00:00:00.000000000Z,35,58,109308579,,,,,720,TFO FMV0026_OMCE0000050002092526
2026-04-24T00:00:00.000000000Z,35,58,108482135,,,,,870,TFO FMX0026_OMPE0000040002102726
2026-04-24T00:00:00.000000000Z,35,85,110288737,0.730000000,0.730000000,0.730000000,0.730000000,10,TFO FMN0026_OMPE0000031502062626
2026-04-24T00:00:00.000000000Z,35,85,31135381,0.750000000,0.750000000,0.750000000,0.750000000,100,TFO  73  31135381
2026-04-24T00:00:00.000000000Z,35,58,109576075,1.820000000,1.820000000,1.820000000,1.820000000,1250,TFO FMN0026_OMCE0000070002062626
2026-04-24T00:00:00.000000000Z,35,58,108602791,,,,,100,TFO FMN0027_OMPE0000020002062527
2026-04-24T00:00:00.000000000Z,35,58,108482086,,,,,125,TFO FMF0027_OMCE0000045002122426
2026-04-24T00:00:00.000000000Z,35,58,109308585,,,,,295,TFO FMF0027_OMCE0000050002122426
2026-04-24T00:00:00.000000000Z,35,85,31135230,-0.290000000,-0.290000000,-0.300000000,-0.300000000,1525,TFO  58  31135230
2026-04-24T00:00:00.000000000Z,35,58,108455395,,,,,870,TFO FMV0026_OMPE0000040002092526
2026-04-24T00:00:00.000000000Z,35,58,108476880,0.810000000,1.700000000,0.600000000,0.600000000,2685,TFO FMK0026_OMCE0000045002042426
2026-04-24T00:00:00.000000000Z,35,85,31135918,3.275000000,3.275000000,3.275000000,3.275000000,50,TFO  56  31135918
2026-04-24T00:00:00.000000000Z,35,85,31135597,4.200000000,4.200000000,4.200000000,4.200000000,132,TFO  58  31135597
2026-04-24T00:00:00.000000000Z,35,58,108481999,,,,,2045,TFO FMG0027_OMPE0000040002012727
2026-04-24T00:00:00.000000000Z,35,85,31135516,2.725000000,2.725000000,2.725000000,2.725000000,300,TFO  56  31135516
2026-04-24T00:00:00.000000000Z,35,58,108476878,1.460000000,1.460000000,0.300000000,0.300000000,75,TFO FMK0026_OMCE0000044002042426
2026-04-24T00:00:00.000000000Z,35,58,108381601,,,,,100,TFO FMQ0026_OMCE0000040002072726
2026-04-24T00:00:00.000000000Z,35,58,109184386,,,,,20,TFO FMN0026_OMPE0000055002062626
2026-04-24T00:00:00.000000000Z,35,58,110710054,4.210000000,4.210000000,4.210000000,4.210000000,2200,TFO FQF0027.H0027_OQCE0000085002122
2026-04-24T00:00:00.000000000Z,35,85,31135508,4.200000000,4.200000000,4.200000000,4.200000000,50,TFO  56  31135508
2026-04-24T00:00:00.000000000Z,35,58,109370197,2.170000000,2.170000000,2.170000000,2.170000000,1350,TFO FMN0026_OMCE0000065002062626
2026-04-24T00:00:00.000000000Z,35,58,108484139,,,,,50,TFO FMK0027_OMPE0000025002042627
2026-04-24T00:00:00.000000000Z,35,58,110658796,,,,,100,TFO FMQ0027_OMCE0000100002072727
2026-04-24T00:00:00.000000000Z,35,58,108400937,,,,,1035,TFO FMN0026_OMPE0000040002062626
2026-04-24T00:00:00.000000000Z,35,58,108338602,,,,,1575,TFO FMQ0026_OMPE0000035002072726
2026-04-24T00:00:00.000000000Z,35,58,108398556,,,,,1675,TFO FMU0026_OMPE0000035002082626
2026-04-24T00:00:00.000000000Z,35,85,31135886,1.000000000,1.000000000,1.000000000,1.000000000,750,TFO  73  31135886
2026-04-24T00:00:00.000000000Z,35,58,109254275,,,,,125,TFO FMZ0026_OMCE0000100002112626
2026-04-24T00:00:00.000000000Z,35,85,31135911,3.500000000,3.500000000,3.500000000,3.500000000,100,TFO  51  31135911
2026-04-24T00:00:00.000000000Z,35,58,108280841,,,,,300,TFO FMN0026_OMPE0000033002062626
2026-04-24T00:00:00.000000000Z,35,58,108400936,,,,,100,TFO FMN0026_OMCE0000040002062626
2026-04-24T00:00:00.000000000Z,35,58,109184387,,,,,600,TFO FMQ0026_OMCE0000055002072726
2026-04-24T00:00:00.000000000Z,35,58,108481387,,,,,100,TFO FMJ0027_OMPE0000030002032527
2026-04-24T00:00:00.000000000Z,35,58,110615020,,,,,125,TFO FMZ0026_OMCE0000080002112626
2026-04-24T00:00:00.000000000Z,35,58,108476846,,,,,10,TFO FMM0026_OMCE0000044002052726
2026-04-24T00:00:00.000000000Z,35,58,108481475,,,,,100,TFO FMN0027_OMPE0000030002062527
2026-04-24T00:00:00.000000000Z,35,58,108215821,0.700000000,0.865000000,0.700000000,0.800000000,4000,TFO FMM0026_OMPE0000035002052726
2026-04-24T00:00:00.000000000Z,35,85,108215821,0.970000000,0.970000000,0.970000000,0.970000000,10,TFO FMM0026_OMPE0000035002052726
2026-04-24T00:00:00.000000000Z,35,58,108481277,,,,,630,TFO FMF0027_OMPE0000030002122426
2026-04-24T00:00:00.000000000Z,35,58,110658792,,,,,100,TFO FMM0027_OMCE0000100002052627
2026-04-24T00:00:00.000000000Z,35,85,108564115,0.375000000,0.375000000,0.375000000,0.375000000,300,TFO FMU0026_OMPE0000025002082626
2026-04-24T00:00:00.000000000Z,35,58,108482158,,,,,125,TFO FMV0026_OMCE0000045002092526
2026-04-24T00:00:00.000000000Z,35,58,110615026,,,,,125,TFO FMH0027_OMCE0000080002022427
2026-04-24T00:00:00.000000000Z,35,58,109184383,2.325000000,2.400000000,2.325000000,2.400000000,600,TFO FMM0026_OMCE0000055002052726
2026-04-24T00:00:00.000000000Z,35,85,31135913,0.750000000,0.750000000,0.750000000,0.750000000,50,TFO  72  31135913
2026-04-24T00:00:00.000000000Z,35,85,31135972,2.290000000,2.290000000,2.290000000,2.290000000,50,TFO  56  31135972
2026-04-24T00:00:00.000000000Z,35,85,31135830,3.600000000,3.600000000,3.600000000,3.600000000,50,TFO  55  31135830
2026-04-24T00:00:00.000000000Z,35,58,109335149,4.580000000,4.580000000,4.580000000,4.580000000,175,TFO FMZ0026_OMCE0000070002112626
2026-04-24T00:00:00.000000000Z,35,85,31135504,0.785000000,0.785000000,0.785000000,0.785000000,100,TFO   5  31135504
2026-04-24T00:00:00.000000000Z,35,85,108476848,4.900000000,4.950000000,4.900000000,4.950000000,30,TFO FMM0026_OMCE0000045002052726
2026-04-24T00:00:00.000000000Z,35,85,108332543,2.400000000,2.850000000,2.400000000,2.850000000,200,TFO FMM0026_OMPE0000040002052726
2026-04-24T00:00:00.000000000Z,35,58,110698338,,,,,150,TFO FMN0026_OMCE0000085002062626
2026-04-24T00:00:00.000000000Z,35,58,108332542,7.150000000,7.150000000,6.725000000,7.150000000,3600,TFO FMM0026_OMCE0000040002052726
2026-04-24T00:00:00.000000000Z,35,58,109335151,,,,,125,TFO FMF0027_OMCE0000070002122426
2026-04-24T00:00:00.000000000Z,35,58,110680180,,,,,50,TFO FMM0027_OMCE0000060002052627
2026-04-24T00:00:00.000000000Z,35,58,108476859,,,,,100,TFO FMU0026_OMPE0000045002082626
2026-04-24T00:00:00.000000000Z,35,85,31135425,0.350000000,0.350000000,0.350000000,0.350000000,400,TFO  73  31135425
2026-04-24T00:00:00.000000000Z,35,58,110658800,1.250000000,1.250000000,1.250000000,1.250000000,100,TFO FSJ0027.U0027_OSCE0000100002032
2026-04-24T00:00:00.000000000Z,35,85,31135503,4.200000000,4.200000000,4.200000000,4.200000000,50,TFO  56  31135503
2026-04-24T00:00:00.000000000Z,35,85,31135275,1.125000000,1.125000000,1.125000000,1.125000000,300,TFO  56  31135275
2026-04-24T00:00:00.000000000Z,35,58,108484401,,,,,600,TFO FMH0027_OMPE0000025002022427
2026-04-24T00:00:00.000000000Z,35,85,31129586,1.450000000,1.450000000,1.450000000,1.450000000,10,TFO  70  31129586
2026-04-24T00:00:00.000000000Z,35,85,108476881,0.500000000,0.500000000,0.500000000,0.500000000,10,TFO FMK0026_OMPE0000045002042426
2026-04-24T00:00:00.000000000Z,35,58,109335147,,,,,75,TFO FMX0026_OMCE0000070002102726
2026-04-24T00:00:00.000000000Z,35,85,31134585,2.000000000,2.000000000,2.000000000,2.000000000,25,TFO  56  31134585
2026-04-24T00:00:00.000000000Z,35,58,108685481,,,,,100,TFO FMK0027_OMPE0000020002042627
2026-04-24T00:00:00.000000000Z,35,58,108484149,,,,,50,TFO FMM0027_OMPE0000025002052627
2026-04-24T00:00:00.000000000Z,35,58,109308649,6.700000000,7.100000000,6.700000000,7.100000000,600,TFO FQV0026.Z0026_OQCE0000050002092
2026-04-24T00:00:00.000000000Z,35,85,31135890,0.000000000,0.000000000,0.000000000,0.000000000,700,TFO  75  31135890
2026-04-24T00:00:00.000000000Z,35,58,109838791,,,,,295,TFO FMH0027_OMCE0000060002022427
2026-04-24T00:00:00.000000000Z,35,58,108476840,5.925000000,5.925000000,5.925000000,5.925000000,250,TFO FMN0026_OMCE0000045002062626
2026-04-24T00:00:00.000000000Z,35,58,108482531,7.875000000,7.875000000,7.700000000,7.870000000,1675,TFO FQF0027.H0027_OQPE0000040002122
2026-04-24T00:00:00.000000000Z,35,58,108847186,3.550000000,3.550000000,3.000000000,3.100000000,9575,TFO FMM0026_OMCE0000050002052726
2026-04-24T00:00:00.000000000Z,35,58,108847184,0.050000000,0.050000000,0.050000000,0.050000000,200,TFO FMK0026_OMCE0000050002042426
2026-04-24T00:00:00.000000000Z,35,85,31135410,3.175000000,3.175000000,3.175000000,3.175000000,100,TFO  72  31135410
2026-04-24T00:00:00.000000000Z,35,85,31135343,0.125000000,0.125000000,0.125000000,0.125000000,25,TFO  72  31135343
2026-04-24T00:00:00.000000000Z,35,85,109370201,3.620000000,3.620000000,3.620000000,3.620000000,50,TFO FMU0026_OMCE0000065002082626
2026-04-24T00:00:00.000000000Z,35,58,108245410,1.100000000,1.450000000,1.100000000,1.450000000,1350,TFO FMM0026_OMPE0000037002052726
2026-04-24T00:00:00.000000000Z,35,85,31135855,1.175000000,1.175000000,1.175000000,1.175000000,650,TFO  56  31135855
2026-04-24T00:00:00.000000000Z,35,58,109254273,,,,,125,TFO FMX0026_OMCE0000100002102726
2026-04-24T00:00:00.000000000Z,35,58,109308581,,,,,720,TFO FMX0026_OMCE0000050002102726
2026-04-24T00:00:00.000000000Z,35,85,31135315,1.100000000,1.100000000,1.100000000,1.100000000,30,TFO  56  31135315
2026-04-24T00:00:00.000000000Z,35,58,109370267,2.920000000,2.920000000,2.920000000,2.920000000,100,TFO FQN0026.U0026_OQCE0000065002062
2026-04-24T00:00:00.000000000Z,35,58,108457413,1.175000000,1.175000000,1.175000000,1.175000000,1130,TFO FMV0026_OMPE0000030002092526
2026-04-24T00:00:00.000000000Z,35,58,108847192,,,,,300,TFO FMU0026_OMCE0000050002082626
2026-04-24T00:00:00.000000000Z,35,58,110680176,,,,,50,TFO FMJ0027_OMCE0000060002032527
2026-04-24T00:00:00.000000000Z,35,58,108381946,2.950000000,2.950000000,2.800000000,2.800000000,1050,TFO FMM0026_OMPE0000041002052726
2026-04-24T00:00:00.000000000Z,35,85,31135294,0.700000000,0.700000000,0.700000000,0.700000000,400,TFO  56  31135294
2026-04-24T00:00:00.000000000Z,35,58,109838781,,,,,420,TFO FMV0026_OMCE0000060002092526
2026-04-24T00:00:00.000000000Z,35,58,109839115,5.185000000,5.185000000,5.185000000,5.185000000,400,TFO FQV0026.Z0026_OQCE0000060002092
2026-04-24T00:00:00.000000000Z,35,58,108484171,,,,,50,TFO FMN0027_OMPE0000025002062527
2026-04-24T00:00:00.000000000Z,35,58,108481199,,,,,325,TFO FMX0026_OMPE0000035002102726
2026-04-24T00:00:00.000000000Z,35,58,109335145,,,,,75,TFO FMV0026_OMCE0000070002092526
2026-04-24T00:00:00.000000000Z,35,85,31136038,-0.285000000,-0.285000000,-0.285000000,-0.285000000,100,TFO   4  31136038
2026-04-24T00:00:00.000000000Z,35,85,31135561,2.200000000,2.200000000,2.200000000,2.200000000,100,TFO   6  31135561
2026-04-24T00:00:00.000000000Z,35,85,31135956,1.460000000,1.460000000,1.460000000,1.460000000,250,TFO  72  31135956
2026-04-24T00:00:00.000000000Z,35,58,108481309,,,,,125,TFO FMG0027_OMPE0000035002012727
2026-04-24T00:00:00.000000000Z,35,58,109308587,,,,,295,TFO FMG0027_OMCE0000050002012727
2026-04-24T00:00:00.000000000Z,35,58,108482144,,,,,125,TFO FMX0026_OMCE0000045002102726
2026-04-24T00:00:00.000000000Z,35,85,108147188,1.400000000,1.400000000,1.400000000,1.400000000,400,TFO FMK0026_OMCE0000043002042426
2026-04-24T00:00:00.000000000Z,35,85,108476880,1.000000000,1.100000000,0.355000000,0.355000000,395,TFO FMK0026_OMCE0000045002042426
2026-04-24T00:00:00.000000000Z,35,58,108476847,,,,,10,TFO FMM0026_OMPE0000044002052726
2026-04-24T00:00:00.000000000Z,35,58,109254283,2.760000000,2.760000000,2.735000000,2.735000000,125,TFO FSV0026.H0027_OSCE0000100002092
2026-04-24T00:00:00.000000000Z,35,58,108215819,0.590000000,0.590000000,0.590000000,0.590000000,1000,TFO FMM0026_OMPE0000034002052726
2026-04-24T00:00:00.000000000Z,35,85,109408519,2.810000000,2.810000000,2.810000000,2.810000000,50,TFO FMN0026_OMCE0000060002062626
2026-04-24T00:00:00.000000000Z,35,85,31135648,1.010000000,1.010000000,1.010000000,1.010000000,100,TFO   6  31135648
2026-04-24T00:00:00.000000000Z,35,58,109335155,,,,,125,TFO FMH0027_OMCE0000070002022427
2026-04-24T00:00:00.000000000Z,35,58,108476879,0.300000000,0.300000000,0.300000000,0.300000000,40,TFO FMK0026_OMPE0000044002042426
2026-04-24T00:00:00.000000000Z,35,85,108293633,1.700000000,1.700000000,1.695000000,1.695000000,100,TFO FMN0026_OMPE0000035002062626
2026-04-24T00:00:00.000000000Z,35,85,31135322,1.100000000,1.100000000,1.100000000,1.100000000,100,TFO  53  31135322
2026-04-24T00:00:00.000000000Z,35,58,108565850,0.875000000,1.000000000,0.875000000,0.925000000,505,TFO FQN0026.U0026_OQCE0000100002062
2026-04-24T00:00:00.000000000Z,35,85,31134638,0.550000000,0.550000000,0.550000000,0.550000000,1000,TFO  58  31134638
2026-04-24T00:00:00.000000000Z,35,85,31135900,1.500000000,1.500000000,1.500000000,1.500000000,250,TFO  46  31135900
2026-04-24T00:00:00.000000000Z,35,85,108215811,0.250000000,0.250000000,0.250000000,0.250000000,400,TFO FMM0026_OMPE0000030002052726
2026-04-24T00:00:00.000000000Z,35,58,108482184,8.260000000,8.260000000,8.260000000,8.260000000,389,TFO FMZ0026_OMCE0000045002112626
2026-04-24T00:00:00.000000000Z,35,85,109370195,1.150000000,1.150000000,1.150000000,1.150000000,25,TFO FMM0026_OMCE0000065002052726
2026-04-24T00:00:00.000000000Z,35,58,108400943,,,,,450,TFO FMU0026_OMPE0000040002082626
2026-04-24T00:00:00.000000000Z,35,85,31135301,2.150000000,2.150000000,2.150000000,2.150000000,100,TFO   6  31135301
2026-04-24T00:00:00.000000000Z,35,58,108482166,4.650000000,4.650000000,4.650000000,4.650000000,100,TFO FMN0026_OMCE0000048002062626
2026-04-24T00:00:00.000000000Z,35,85,31135836,5.420000000,5.420000000,5.420000000,5.420000000,25,TFO  58  31135836
2026-04-24T00:00:00.000000000Z,35,85,31135950,0.150000000,0.150000000,0.150000000,0.150000000,300,TFO  42  31135950
2026-04-24T00:00:00.000000000Z,35,85,108280835,0.500000000,0.500000000,0.500000000,0.500000000,50,TFO FMN0026_OMPE0000030002062626
2026-04-24T00:00:00.000000000Z,35,85,31135827,3.600000000,3.600000000,3.600000000,3.600000000,50,TFO  55  31135827
2026-04-24T00:00:00.000000000Z,35,58,109254277,,,,,125,TFO FMF0027_OMCE0000100002122426
2026-04-24T00:00:00.000000000Z,35,85,31124735,3.700000000,3.750000000,3.700000000,3.750000000,50,TFO   6  31124735
2026-04-24T00:00:00.000000000Z,35,58,110680178,,,,,50,TFO FMK0027_OMCE0000060002042627
2026-04-24T00:00:00.000000000Z,35,58,108428899,4.200000000,4.275000000,4.200000000,4.275000000,200,TFO FMM0026_OMPE0000043002052726
2026-04-24T00:00:00.000000000Z,35,85,31136016,2.400000000,2.400000000,2.400000000,2.400000000,100,TFO  55  31136016
2026-04-24T00:00:00.000000000Z,35,85,31135308,2.850000000,2.850000000,2.850000000,2.850000000,400,TFO  50  31135308
2026-04-24T00:00:00.000000000Z,35,58,108280825,,,,,250,TFO FMN0026_OMPE0000025002062626
2026-04-24T00:00:00.000000000Z,35,58,109370215,,,,,75,TFO FMH0027_OMCE0000065002022427
2026-04-24T00:00:00.000000000Z,35,85,31135228,0.650000000,0.700000000,0.650000000,0.700000000,35,TFO   6  31135228
2026-04-24T00:00:00.000000000Z,35,58,108482185,9.600000000,9.600000000,9.600000000,9.600000000,200,TFO FMZ0026_OMPE0000045002112626
2026-04-24T00:00:00.000000000Z,35,85,110704948,2.055000000,2.100000000,2.055000000,2.100000000,25,TFO FMM0026_OMCE0000056002052726
2026-04-24T00:00:00.000000000Z,35,58,108847188,,,,,300,TFO FMN0026_OMCE0000050002062626
2026-04-24T00:00:00.000000000Z,35,85,31135766,-0.100000000,-0.100000000,-0.100000000,-0.100000000,675,TFO  75  31135766
2026-04-24T00:00:00.000000000Z,35,58,110698420,3.020000000,3.020000000,3.020000000,3.020000000,10,TFO FMZ0026_OMCE0000085002112626
2026-04-24T00:00:00.000000000Z,35,85,31135879,6.925000000,6.925000000,6.925000000,6.925000000,20,TFO  56  31135879
2026-04-24T00:00:00.000000000Z,35,58,109184385,3.470000000,3.470000000,3.470000000,3.470000000,1850,TFO FMN0026_OMCE0000055002062626
2026-04-24T00:00:00.000000000Z,35,85,31135247,0.575000000,0.575000000,0.575000000,0.575000000,75,TFO  56  31135247
2026-04-24T00:00:00.000000000Z,35,58,109592763,,,,,75,TFO FMX0026_OMCE0000055002102726
2026-04-24T00:00:00.000000000Z,35,58,109773045,,,,,100,TFO FMN0026_OMCE0000080002062626
2026-04-24T00:00:00.000000000Z,35,85,31135902,2.100000000,2.100000000,2.100000000,2.100000000,500,TFO  47  31135902
2026-04-24T00:00:00.000000000Z,35,58,109335153,,,,,125,TFO FMG0027_OMCE0000070002012727
2026-04-24T00:00:00.000000000Z,35,85,31135249,0.575000000,0.575000000,0.500000000,0.500000000,275,TFO  56  31135249
2026-04-24T00:00:00.000000000Z,35,58,110615022,,,,,125,TFO FMF0027_OMCE0000080002122426
2026-04-24T00:00:00.000000000Z,35,58,109254271,,,,,125,TFO FMV0026_OMCE0000100002092526
2026-04-24T00:00:00.000000000Z,35,58,108481143,1.950000000,2.000000000,1.875000000,2.000000000,325,TFO FSV0026.H0027_OSPE0000030002092
2026-04-24T00:00:00.000000000Z,35,85,31134641,0.550000000,0.550000000,0.550000000,0.550000000,50,TFO  58  31134641
2026-04-24T00:00:00.000000000Z,35,58,108476881,0.610000000,0.610000000,0.450000000,0.505000000,4785,TFO FMK0026_OMPE0000045002042426
2026-04-24T00:00:00.000000000Z,35,58,109839119,6.650000000,6.650000000,6.650000000,6.650000000,125,TFO FQF0027.H0027_OQCE0000060002122
2026-04-24T00:00:00.000000000Z,35,58,108481299,,,,,630,TFO FMG0027_OMPE0000030002012727
2026-04-24T00:00:00.000000000Z,35,85,31135861,3.400000000,3.400000000,3.400000000,3.400000000,500,TFO  55  31135861
2026-04-24T00:00:00.000000000Z,35,85,31135253,0.200000000,0.200000000,0.200000000,0.200000000,1300,TFO  73  31135253
2026-04-24T00:00:00.000000000Z,35,58,110658798,,,,,100,TFO FMU0027_OMCE0000100002082627
2026-04-24T00:00:00.000000000Z,35,58,109370213,,,,,75,TFO FMG0027_OMCE0000065002012727
2026-04-24T00:00:00.000000000Z,35,85,31135367,0.090000000,0.090000000,0.090000000,0.090000000,600,TFO  56  31135367
2026-04-24T00:00:00.000000000Z,35,58,108482511,5.600000000,5.600000000,5.600000000,5.600000000,500,TFO FQV0026.Z0026_OQPE0000040002092
2026-04-24T00:00:00.000000000Z,35,58,109254279,,,,,125,TFO FMG0027_OMCE0000100002012727
2026-04-24T00:00:00.000000000Z,35,58,108481153,3.800000000,3.800000000,3.800000000,3.800000000,125,TFO FSV0026.H0027_OSPE0000035002092
2026-04-24T00:00:00.000000000Z,35,58,108215803,0.090000000,0.090000000,0.090000000,0.090000000,600,TFO FMM0026_OMPE0000026002052726
2026-04-24T00:00:00.000000000Z,35,58,109838785,5.240000000,5.780000000,5.240000000,5.780000000,784,TFO FMZ0026_OMCE0000060002112626
2026-04-24T00:00:00.000000000Z,35,85,31134647,0.520000000,0.520000000,0.520000000,0.520000000,200,TFO   6  31134647
2026-04-24T00:00:00.000000000Z,35,58,108484485,1.125000000,1.125000000,1.125000000,1.125000000,600,TFO FQF0027.H0027_OQPE0000025002122
2026-04-24T00:00:00.000000000Z,35,58,108484181,,,,,50,TFO FMQ0027_OMPE0000025002072727
2026-04-24T00:00:00.000000000Z,35,58,109768641,,,,,75,TFO FMF0027_OMCE0000055002122426
2026-04-24T00:00:00.000000000Z,35,85,31135677,2.075000000,2.075000000,2.075000000,2.075000000,75,TFO  73  31135677
2026-04-24T00:00:00.000000000Z,35,58,108455363,1.125000000,1.125000000,1.125000000,1.125000000,300,TFO FQN0026.U0026_OQPE0000033002062
2026-04-24T00:00:00.000000000Z,35,58,109184381,0.010000000,0.010000000,0.010000000,0.010000000,200,TFO FMK0026_OMCE0000055002042426
2026-04-24T00:00:00.000000000Z,35,58,109768645,,,,,75,TFO FMH0027_OMCE0000055002022427
2026-04-24T00:00:00.000000000Z,35,58,108400942,,,,,100,TFO FMU0026_OMCE0000040002082626
2026-04-24T00:00:00.000000000Z,35,58,110698320,0.350000000,0.350000000,0.350000000,0.350000000,400,TFO FMM0026_OMCE0000090002052726
2026-04-24T00:00:00.000000000Z,35,58,109308589,,,,,295,TFO FMH0027_OMCE0000050002022427
2026-04-24T00:00:00.000000000Z,35,58,110698878,,,,,2200,TFO FMG0027_OMCE0000085002012727
2026-04-24T00:00:00.000000000Z,35,85,108245410,1.200000000,1.200000000,1.200000000,1.200000000,50,TFO FMM0026_OMPE0000037002052726
2026-04-24T00:00:00.000000000Z,35,85,31135985,2.310000000,2.310000000,2.310000000,2.310000000,30,TFO  56  31135985
2026-04-24T00:00:00.000000000Z,35,85,31135502,9.550000000,9.550000000,9.550000000,9.550000000,10,TFO  22  31135502
2026-04-24T00:00:00.000000000Z,35,58,109370199,,,,,100,TFO FMQ0026_OMCE0000065002072726
2026-04-24T00:00:00.000000000Z,35,58,110698378,,,,,150,TFO FMU0026_OMCE0000085002082626
2026-04-24T00:00:00.000000000Z,35,85,31135335,4.575000000,4.575000000,4.575000000,4.575000000,300,TFO  55  31135335
2026-04-24T00:00:00.000000000Z,35,58,108847982,5.675000000,5.675000000,5.505000000,5.505000000,300,TFO FQN0026.U0026_OQCE0000050002062
2026-04-24T00:00:00.000000000Z,35,85,31135551,7.700000000,7.700000000,7.700000000,7.700000000,100,TFO  55  31135551
2026-04-24T00:00:00.000000000Z,35,85,31135392,1.800000000,1.800000000,1.775000000,1.775000000,100,TFO  50  31135392
2026-04-24T00:00:00.000000000Z,35,85,31134242,0.000000000,0.000000000,0.000000000,0.000000000,500,TFO  75  31134242
2026-04-24T00:00:00.000000000Z,35,85,31135490,4.225000000,4.225000000,4.225000000,4.225000000,250,TFO  55  31135490
2026-04-24T00:00:00.000000000Z,35,85,31135983,2.310000000,2.310000000,2.310000000,2.310000000,220,TFO  56  31135983
2026-04-24T00:00:00.000000000Z,35,58,109308583,,,,,720,TFO FMZ0026_OMCE0000050002112626
2026-04-24T00:00:00.000000000Z,35,58,108481255,2.600000000,2.600000000,2.600000000,2.600000000,300,TFO FQF0027.H0027_OQPE0000030002122
2026-04-24T00:00:00.000000000Z,35,58,110707794,6.720000000,6.720000000,6.720000000,6.720000000,100,TFO FMQ0026_OMCE0000056002072726
2026-04-24T00:00:00.000000000Z,35,58,109335167,5.400000000,5.400000000,5.400000000,5.400000000,50,TFO FQF0027.H0027_OQCE0000070002122
2026-04-24T00:00:00.000000000Z,35,58,108481431,,,,,100,TFO FMM0027_OMPE0000030002052627
2026-04-24T00:00:00.000000000Z,35,58,110704972,7.730000000,7.730000000,7.730000000,7.730000000,100,TFO FMQ0026_OMCE0000051002072726
2026-04-24T00:00:00.000000000Z,35,58,109408601,3.650000000,3.800000000,3.450000000,3.600000000,730,TFO FQN0026.U0026_OQCE0000060002062
2026-04-24T00:00:00.000000000Z,35,85,31135876,1.460000000,1.460000000,1.460000000,1.460000000,250,TFO  72  31135876
2026-04-24T00:00:00.000000000Z,35,58,110698898,4.120000000,4.120000000,4.120000000,4.120000000,200,TFO FMH0027_OMCE0000090002022427
2026-04-24T00:00:00.000000000Z,35,58,108484111,1.850000000,1.850000000,1.850000000,1.850000000,50,TFO FSJ0027.U0027_OSPE0000025002032
2026-04-24T00:00:00.000000000Z,35,58,108481177,2.710000000,2.710000000,2.710000000,2.710000000,200,TFO FQV0026.Z0026_OQPE0000035002092
2026-04-24T00:00:00.000000000Z,35,58,110658788,,,,,100,TFO FMJ0027_OMCE0000100002032527
2026-04-24T00:00:00.000000000Z,35,85,31135288,0.180000000,0.180000000,0.180000000,0.180000000,15,TFO  75  31135288
2026-04-24T00:00:00.000000000Z,35,85,31135645,4.100000000,4.150000000,4.100000000,4.150000000,300,TFO  55  31135645
2026-04-24T00:00:00.000000000Z,35,58,109408519,2.770000000,2.770000000,2.450000000,2.770000000,2080,TFO FMN0026_OMCE0000060002062626
2026-04-24T00:00:00.000000000Z,35,85,31135370,0.825000000,0.825000000,0.825000000,0.825000000,50,TFO  72  31135370
2026-04-24T00:00:00.000000000Z,35,58,110698350,,,,,150,TFO FMQ0026_OMCE0000085002072726
2026-04-24T00:00:00.000000000Z,35,85,108565849,0.250000000,0.250000000,0.250000000,0.250000000,250,TFO FQN0026.U0026_OQPE0000025002062
2026-04-24T00:00:00.000000000Z,35,58,110658790,,,,,100,TFO FMK0027_OMCE0000100002042627
2026-04-27T00:00:00.000000000Z,35,85,108332543,2.100000000,2.100000000,1.985000000,1.985000000,75,TFO FMM0026_OMPE0000040002052726
2026-04-27T00:00:00.000000000Z,35,85,108455905,3.910000000,3.910000000,3.910000000,3.910000000,10,TFO FQN0026.U0026_OQPE0000040002062
2026-04-27T00:00:00.000000000Z,35,85,31137054,7.525000000,7.525000000,7.525000000,7.525000000,75,TFO  55  31137054
2026-04-27T00:00:00.000000000Z,35,58,108338602,1.860000000,1.860000000,1.860000000,1.860000000,625,TFO FMQ0026_OMPE0000035002072726
2026-04-27T00:00:00.000000000Z,35,58,109888355,,,,,25,TFO FMU0027_OMCE0000050002082627
2026-04-27T00:00:00.000000000Z,35,85,31136890,0.700000000,0.700000000,0.700000000,0.700000000,100,TFO  51  31136890
2026-04-27T00:00:00.000000000Z,35,58,108455366,11.100000000,11.100000000,11.100000000,11.100000000,200,TFO FQN0026.U0026_OQCE0000035002062
2026-04-27T00:00:00.000000000Z,35,58,108338587,,,,,200,TFO FMQ0026_OMCE0000028002072726
2026-04-27T00:00:00.000000000Z,35,58,108481277,,,,,50,TFO FMF0027_OMPE0000030002122426
2026-04-27T00:00:00.000000000Z,35,58,110615018,,,,,200,TFO FMX0026_OMCE0000080002102726
2026-04-27T00:00:00.000000000Z,35,58,108847188,,,,,225,TFO FMN0026_OMCE0000050002062626
2026-04-27T00:00:00.000000000Z,35,58,108481341,4.050000000,4.050000000,4.050000000,4.050000000,25,TFO FSJ0027.U0027_OSPE0000030002032
2026-04-27T00:00:00.000000000Z,35,58,108476849,4.575000000,4.995000000,4.500000000,4.675000000,890,TFO FMM0026_OMPE0000045002052726
2026-04-27T00:00:00.000000000Z,35,85,108476849,4.550000000,4.550000000,4.450000000,4.450000000,100,TFO FMM0026_OMPE0000045002052726
2026-04-27T00:00:00.000000000Z,35,58,108215815,0.250000000,0.250000000,0.250000000,0.250000000,800,TFO FMM0026_OMPE0000032002052726
2026-04-27T00:00:00.000000000Z,35,58,109838787,,,,,25,TFO FMF0027_OMCE0000060002122426
2026-04-27T00:00:00.000000000Z,35,58,108481309,,,,,275,TFO FMG0027_OMPE0000035002012727
2026-04-27T00:00:00.000000000Z,35,58,108215813,0.270000000,0.270000000,0.270000000,0.270000000,400,TFO FMM0026_OMPE0000031002052726
2026-04-27T00:00:00.000000000Z,35,85,31136631,2.650000000,2.650000000,2.650000000,2.650000000,25,TFO  72  31136631
2026-04-27T00:00:00.000000000Z,35,58,108481143,1.885000000,1.885000000,1.885000000,1.885000000,50,TFO FSV0026.H0027_OSPE0000030002092
2026-04-27T00:00:00.000000000Z,35,85,31137287,1.040000000,1.040000000,1.040000000,1.040000000,100,TFO  48  31137287
2026-04-27T00:00:00.000000000Z,35,58,108398541,,,,,200,TFO FMU0026_OMCE0000028002082626
2026-04-27T00:00:00.000000000Z,35,85,31136865,1.550000000,1.550000000,1.550000000,1.550000000,300,TFO  46  31136865
2026-04-27T00:00:00.000000000Z,35,58,108293633,1.270000000,1.270000000,1.270000000,1.270000000,500,TFO FMN0026_OMPE0000035002062626
2026-04-27T00:00:00.000000000Z,35,58,108484209,,,,,25,TFO FMX0027_OMPE0000025002102727
2026-04-27T00:00:00.000000000Z,35,58,109888347,,,,,25,TFO FMK0027_OMCE0000050002042627
2026-04-27T00:00:00.000000000Z,35,85,31137242,3.925000000,3.925000000,3.925000000,3.925000000,1100,TFO  56  31137242
2026-04-27T00:00:00.000000000Z,35,85,108476848,4.000000000,4.145000000,4.000000000,4.075000000,110,TFO FMM0026_OMCE0000045002052726
2026-04-27T00:00:00.000000000Z,35,58,109308591,7.525000000,7.525000000,7.525000000,7.525000000,75,TFO FSV0026.H0027_OSCE0000050002092
2026-04-27T00:00:00.000000000Z,35,58,108248812,1.460000000,1.460000000,1.330000000,1.330000000,1050,TFO FMM0026_OMPE0000038002052726
2026-04-27T00:00:00.000000000Z,35,58,108215805,0.080000000,0.080000000,0.080000000,0.080000000,1600,TFO FMM0026_OMPE0000027002052726
2026-04-27T00:00:00.000000000Z,35,58,108482066,,,,,25,TFO FMV0027_OMCE0000045002092427
2026-04-27T00:00:00.000000000Z,35,85,31135648,0.940000000,0.970000000,0.940000000,0.970000000,100,TFO   6  31135648
2026-04-27T00:00:00.000000000Z,35,58,108484203,,,,,25,TFO FMV0027_OMPE0000025002092427
2026-04-27T00:00:00.000000000Z,35,85,31136945,1.525000000,1.525000000,1.525000000,1.525000000,750,TFO  50  31136945
2026-04-27T00:00:00.000000000Z,35,58,108381602,,,,,135,TFO FMQ0026_OMPE0000040002072726
2026-04-27T00:00:00.000000000Z,35,58,110698898,4.070000000,4.070000000,4.070000000,4.070000000,300,TFO FMH0027_OMCE0000090002022427
2026-04-27T00:00:00.000000000Z,35,58,109308579,,,,,385,TFO FMV0026_OMCE0000050002092526
2026-04-27T00:00:00.000000000Z,35,58,108481497,,,,,25,TFO FMQ0027_OMPE0000030002072727
2026-04-27T00:00:00.000000000Z,35,85,31137062,3.300000000,3.300000000,3.300000000,3.300000000,100,TFO  55  31137062
2026-04-27T00:00:00.000000000Z,35,58,108280829,0.225000000,0.225000000,0.225000000,0.225000000,1800,TFO FMN0026_OMPE0000027002062626
2026-04-27T00:00:00.000000000Z,35,58,108398556,,,,,425,TFO FMU0026_OMPE0000035002082626
2026-04-27T00:00:00.000000000Z,35,85,31137196,3.360000000,3.360000000,3.360000000,3.360000000,200,TFO  55  31137196
2026-04-27T00:00:00.000000000Z,35,58,109838783,,,,,85,TFO FMX0026_OMCE0000060002102726
2026-04-27T00:00:00.000000000Z,35,58,110043845,,,,,200,TFO FMU0027_OMPE0000015002082627
2026-04-27T00:00:00.000000000Z,35,58,108482520,8.475000000,8.475000000,7.900000000,7.900000000,150,TFO FQV0026.Z0026_OQCE0000045002092
2026-04-27T00:00:00.000000000Z,35,58,109308581,,,,,385,TFO FMX0026_OMCE0000050002102726
2026-04-27T00:00:00.000000000Z,35,58,109838789,,,,,25,TFO FMG0027_OMCE0000060002012727
2026-04-27T00:00:00.000000000Z,35,58,110615026,,,,,200,TFO FMH0027_OMCE0000080002022427
2026-04-27T00:00:00.000000000Z,35,85,31136496,6.240000000,6.240000000,6.240000000,6.240000000,50,TFO  55  31136496
2026-04-27T00:00:00.000000000Z,35,58,109370195,1.225000000,1.225000000,0.900000000,0.900000000,600,TFO FMM0026_OMCE0000065002052726
2026-04-27T00:00:00.000000000Z,35,58,108293632,,,,,200,TFO FMN0026_OMCE0000035002062626
2026-04-27T00:00:00.000000000Z,35,58,108481475,,,,,25,TFO FMN0027_OMPE0000030002062527
2026-04-27T00:00:00.000000000Z,35,85,31136515,2.625000000,2.625000000,2.625000000,2.625000000,150,TFO  72  31136515
2026-04-27T00:00:00.000000000Z,35,85,31136480,0.425000000,0.425000000,0.425000000,0.425000000,750,TFO  65  31136480
2026-04-27T00:00:00.000000000Z,35,58,108482144,,,,,150,TFO FMX0026_OMCE0000045002102726
2026-04-27T00:00:00.000000000Z,35,85,31136423,1.950000000,1.950000000,1.950000000,1.950000000,100,TFO  50  31136423
2026-04-27T00:00:00.000000000Z,35,58,109335153,,,,,25,TFO FMG0027_OMCE0000070002012727
2026-04-27T00:00:00.000000000Z,35,58,108338601,,,,,200,TFO FMQ0026_OMCE0000035002072726
2026-04-27T00:00:00.000000000Z,35,85,31137173,0.090000000,0.090000000,0.090000000,0.090000000,800,TFO  77  31137173
2026-04-27T00:00:00.000000000Z,35,58,110705008,2.075000000,2.075000000,2.075000000,2.075000000,750,TFO FMM0026_OMCE0000058002052726
2026-04-27T00:00:00.000000000Z,35,85,31137124,0.200000000,0.200000000,0.200000000,0.200000000,25,TFO  72  31137124
2026-04-27T00:00:00.000000000Z,35,58,108481189,,,,,50,TFO FMX0026_OMPE0000030002102726
2026-04-27T00:00:00.000000000Z,35,58,109888357,4.250000000,4.250000000,4.250000000,4.250000000,25,TFO FSJ0027.U0027_OSCE0000050002032
2026-04-27T00:00:00.000000000Z,35,58,108482028,,,,,25,TFO FMX0027_OMCE0000045002102727
2026-04-27T00:00:00.000000000Z,35,85,31134647,0.525000000,0.525000000,0.525000000,0.525000000,300,TFO   6  31134647
2026-04-27T00:00:00.000000000Z,35,58,108816705,,,,,25,TFO FMH0028_OMPE0000025002022528
2026-04-27T00:00:00.000000000Z,35,58,109370215,,,,,100,TFO FMH0027_OMCE0000065002022427
2026-04-27T00:00:00.000000000Z,35,85,31136673,1.000000000,1.000000000,1.000000000,1.000000000,300,TFO  55  31136673
2026-04-27T00:00:00.000000000Z,35,85,31136513,9.350000000,9.350000000,9.200000000,9.200000000,325,TFO  53  31136513
2026-04-27T00:00:00.000000000Z,35,58,110615022,,,,,200,TFO FMF0027_OMCE0000080002122426
2026-04-27T00:00:00.000000000Z,35,85,31128445,3.450000000,3.450000000,3.450000000,3.450000000,500,TFO  16  31128445
2026-04-27T00:00:00.000000000Z,35,58,109308589,,,,,175,TFO FMH0027_OMCE0000050002022427
2026-04-27T00:00:00.000000000Z,35,85,31136739,4.900000000,4.900000000,4.900000000,4.900000000,500,TFO  66  31136739
2026-04-27T00:00:00.000000000Z,35,58,110043843,,,,,200,TFO FMQ0027_OMPE0000015002072727
2026-04-27T00:00:00.000000000Z,35,58,110043837,,,,,200,TFO FMK0027_OMPE0000015002042627
2026-04-27T00:00:00.000000000Z,35,58,109838791,,,,,25,TFO FMH0027_OMCE0000060002022427
2026-04-27T00:00:00.000000000Z,35,85,31136517,2.500000000,2.500000000,2.500000000,2.500000000,50,TFO  55  31136517
2026-04-27T00:00:00.000000000Z,35,85,31136516,2.500000000,2.500000000,2.500000000,2.500000000,50,TFO  55  31136516
2026-04-27T00:00:00.000000000Z,35,58,110798840,,,,,25,TFO FMG0028_OMCE0000045002012728
2026-04-27T00:00:00.000000000Z,35,58,110043847,0.200000000,0.200000000,0.200000000,0.200000000,200,TFO FSJ0027.U0027_OSPE0000015002032
2026-04-27T00:00:00.000000000Z,35,85,31137176,2.955000000,2.955000000,2.955000000,2.955000000,100,TFO  58  31137176
2026-04-27T00:00:00.000000000Z,35,58,110798842,,,,,25,TFO FMH0028_OMCE0000045002022528
2026-04-27T00:00:00.000000000Z,35,85,31137065,-0.050000000,-0.050000000,-0.050000000,-0.050000000,100,TFO  75  31137065
2026-04-27T00:00:00.000000000Z,35,58,110323037,,,,,100,TFO FMU0027_OMPE0000017002082627
2026-04-27T00:00:00.000000000Z,35,85,31135345,0.150000000,0.150000000,0.150000000,0.150000000,200,TFO  72  31135345
2026-04-27T00:00:00.000000000Z,35,58,109335155,,,,,25,TFO FMH0027_OMCE0000070002022427
2026-04-27T00:00:00.000000000Z,35,58,108816661,,,,,25,TFO FMF0028_OMPE0000025002122427
2026-04-27T00:00:00.000000000Z,35,85,108215816,11.950000000,11.950000000,11.950000000,11.950000000,50,TFO FMM0026_OMCE0000033002052726
2026-04-27T00:00:00.000000000Z,35,58,108455391,3.925000000,3.925000000,3.925000000,3.925000000,1100,TFO FMV0026_OMPE0000038002092526
2026-04-27T00:00:00.000000000Z,35,58,108481299,,,,,50,TFO FMG0027_OMPE0000030002012727
2026-04-27T00:00:00.000000000Z,35,58,110043841,,,,,200,TFO FMN0027_OMPE0000015002062527
2026-04-27T00:00:00.000000000Z,35,58,110323039,0.350000000,0.350000000,0.350000000,0.350000000,100,TFO FSJ0027.U0027_OSPE0000017002032
2026-04-27T00:00:00.000000000Z,35,58,109335151,,,,,25,TFO FMF0027_OMCE0000070002122426
2026-04-27T00:00:00.000000000Z,35,85,31137132,0.690000000,0.690000000,0.690000000,0.690000000,950,TFO  51  31137132
2026-04-27T00:00:00.000000000Z,35,58,109308585,,,,,175,TFO FMF0027_OMCE0000050002122426
2026-04-27T00:00:00.000000000Z,35,58,109408523,,,,,550,TFO FMU0026_OMCE0000060002082626
2026-04-27T00:00:00.000000000Z,35,85,31136863,3.025000000,3.025000000,3.025000000,3.025000000,100,TFO  46  31136863
2026-04-27T00:00:00.000000000Z,35,58,110707794,,,,,100,TFO FMQ0026_OMCE0000056002072726
2026-04-27T00:00:00.000000000Z,35,58,109308587,,,,,175,TFO FMG0027_OMCE0000050002012727
2026-04-27T00:00:00.000000000Z,35,58,110323029,,,,,100,TFO FMK0027_OMPE0000017002042627
2026-04-27T00:00:00.000000000Z,35,58,108481431,,,,,25,TFO FMM0027_OMPE0000030002052627
2026-04-27T00:00:00.000000000Z,35,58,108482168,3.650000000,3.650000000,3.650000000,3.650000000,750,TFO FMM0026_OMCE0000048002052726
2026-04-27T00:00:00.000000000Z,35,58,110704972,,,,,100,TFO FMQ0026_OMCE0000051002072726
2026-04-27T00:00:00.000000000Z,35,58,108482158,7.425000000,7.425000000,7.425000000,7.425000000,250,TFO FMV0026_OMCE0000045002092526
2026-04-27T00:00:00.000000000Z,35,85,31136814,2.075000000,2.075000000,2.075000000,2.075000000,100,TFO  55  31136814
2026-04-27T00:00:00.000000000Z,35,58,108280830,,,,,200,TFO FMN0026_OMCE0000028002062626
2026-04-27T00:00:00.000000000Z,35,58,108481387,,,,,25,TFO FMJ0027_OMPE0000030002032527
2026-04-27T00:00:00.000000000Z,35,58,108847190,,,,,225,TFO FMQ0026_OMCE0000050002072726
2026-04-27T00:00:00.000000000Z,35,58,108255504,1.850000000,1.850000000,1.650000000,1.650000000,2200,TFO FMM0026_OMPE0000039002052726
2026-04-27T00:00:00.000000000Z,35,85,31137236,4.050000000,4.050000000,4.050000000,4.050000000,75,TFO  56  31137236
2026-04-27T00:00:00.000000000Z,35,85,31136650,1.900000000,1.900000000,1.900000000,1.900000000,25,TFO  50  31136650
2026-04-27T00:00:00.000000000Z,35,58,110043835,,,,,200,TFO FMJ0027_OMPE0000015002032527
2026-04-27T00:00:00.000000000Z,35,58,109888349,,,,,25,TFO FMM0027_OMCE0000050002052627
2026-04-27T00:00:00.000000000Z,35,58,110043839,,,,,200,TFO FMM0027_OMPE0000015002052627
2026-04-27T00:00:00.000000000Z,35,58,108481321,,,,,50,TFO FMH0027_OMPE0000030002022427
2026-04-27T00:00:00.000000000Z,35,58,108400943,,,,,135,TFO FMU0026_OMPE0000040002082626
2026-04-27T00:00:00.000000000Z,35,58,110323031,,,,,100,TFO FMM0027_OMPE0000017002052627
2026-04-27T00:00:00.000000000Z,35,58,108481409,,,,,25,TFO FMK0027_OMPE0000030002042627
2026-04-27T00:00:00.000000000Z,35,85,31136909,2.150000000,2.150000000,2.150000000,2.150000000,100,TFO  50  31136909
2026-04-27T00:00:00.000000000Z,35,58,108847186,3.335000000,3.335000000,2.640000000,2.640000000,1375,TFO FMM0026_OMCE0000050002052726
2026-04-27T00:00:00.000000000Z,35,58,108398555,,,,,200,TFO FMU0026_OMCE0000035002082626
2026-04-27T00:00:00.000000000Z,35,58,109838785,,,,,85,TFO FMZ0026_OMCE0000060002112626
2026-04-27T00:00:00.000000000Z,35,85,31136428,0.280000000,0.280000000,0.280000000,0.280000000,400,TFO  51  31136428
2026-04-27T00:00:00.000000000Z,35,58,108332543,1.850000000,2.050000000,1.850000000,1.940000000,1550,TFO FMM0026_OMPE0000040002052726
2026-04-27T00:00:00.000000000Z,35,85,31136567,1.350000000,1.350000000,1.350000000,1.350000000,100,TFO  50  31136567
2026-04-27T00:00:00.000000000Z,35,58,109838781,,,,,85,TFO FMV0026_OMCE0000060002092526
2026-04-27T00:00:00.000000000Z,35,58,109370211,,,,,100,TFO FMF0027_OMCE0000065002122426
2026-04-27T00:00:00.000000000Z,35,85,31136432,1.780000000,1.780000000,1.780000000,1.780000000,25,TFO  55  31136432
2026-04-27T00:00:00.000000000Z,35,58,109408519,,,,,550,TFO FMN0026_OMCE0000060002062626
2026-04-27T00:00:00.000000000Z,35,85,31136632,2.450000000,2.450000000,2.450000000,2.450000000,100,TFO  50  31136632
2026-04-27T00:00:00.000000000Z,35,58,110323035,,,,,100,TFO FMQ0027_OMPE0000017002072727
2026-04-27T00:00:00.000000000Z,35,58,108816683,,,,,25,TFO FMG0028_OMPE0000025002012728
2026-04-27T00:00:00.000000000Z,35,58,109308583,,,,,385,TFO FMZ0026_OMCE0000050002112626
2026-04-27T00:00:00.000000000Z,35,58,109576075,,,,,500,TFO FMN0026_OMCE0000070002062626
2026-04-27T00:00:00.000000000Z,35,85,108455367,1.750000000,1.750000000,1.750000000,1.750000000,25,TFO FQN0026.U0026_OQPE0000035002062
2026-04-27T00:00:00.000000000Z,35,58,108847192,5.740000000,5.740000000,5.740000000,5.740000000,375,TFO FMU0026_OMCE0000050002082626
2026-04-27T00:00:00.000000000Z,35,58,108847187,8.100000000,8.100000000,8.100000000,8.100000000,500,TFO FMM0026_OMPE0000050002052726
2026-04-27T00:00:00.000000000Z,35,58,110798844,5.175000000,5.175000000,5.175000000,5.175000000,25,TFO FSV0027.H0028_OSCE0000045002092
2026-04-27T00:00:00.000000000Z,35,85,31137071,2.410000000,2.410000000,2.410000000,2.410000000,200,TFO  72  31137071
2026-04-27T00:00:00.000000000Z,35,85,31137210,3.360000000,3.360000000,3.360000000,3.360000000,25,TFO  55  31137210
2026-04-27T00:00:00.000000000Z,35,58,109370203,3.650000000,3.650000000,3.650000000,3.650000000,750,TFO FMV0026_OMCE0000065002092526
2026-04-27T00:00:00.000000000Z,35,85,31136500,1.940000000,1.940000000,1.940000000,1.940000000,100,TFO  50  31136500
2026-04-27T00:00:00.000000000Z,35,58,109592761,5.175000000,5.175000000,5.110000000,5.110000000,900,TFO FMV0026_OMCE0000055002092526
2026-04-27T00:00:00.000000000Z,35,85,110288739,0.975000000,0.975000000,0.975000000,0.975000000,10,TFO FMQ0026_OMPE0000031502072726
2026-04-27T00:00:00.000000000Z,35,58,108476848,4.775000000,4.775000000,3.895000000,4.025000000,1390,TFO FMM0026_OMCE0000045002052726
2026-04-27T00:00:00.000000000Z,35,85,109408517,1.250000000,1.250000000,1.250000000,1.250000000,20,TFO FMM0026_OMCE0000060002052726
2026-04-27T00:00:00.000000000Z,35,58,109370197,2.075000000,2.075000000,2.075000000,2.075000000,100,TFO FMN0026_OMCE0000065002062626
2026-04-27T00:00:00.000000000Z,35,58,108481331,,,,,275,TFO FMH0027_OMPE0000035002022427
2026-04-27T00:00:00.000000000Z,35,85,31136514,1.100000000,1.100000000,1.060000000,1.060000000,500,TFO  56  31136514
2026-04-27T00:00:00.000000000Z,35,58,109308649,7.125000000,7.200000000,6.875000000,6.875000000,310,TFO FQV0026.Z0026_OQCE0000050002092
2026-04-27T00:00:00.000000000Z,35,85,31136648,1.885000000,1.885000000,1.885000000,1.885000000,50,TFO  56  31136648
2026-04-27T00:00:00.000000000Z,35,58,108481519,,,,,25,TFO FMU0027_OMPE0000030002082627
2026-04-27T00:00:00.000000000Z,35,58,109308651,8.830000000,8.830000000,8.830000000,8.830000000,100,TFO FQF0027.H0027_OQCE0000050002122
2026-04-27T00:00:00.000000000Z,35,58,108481221,,,,,275,TFO FMZ0026_OMPE0000035002112626
2026-04-27T00:00:00.000000000Z,35,58,108215821,0.575000000,0.760000000,0.500000000,0.640000000,2200,TFO FMM0026_OMPE0000035002052726
2026-04-27T00:00:00.000000000Z,35,85,108215821,0.675000000,0.675000000,0.625000000,0.625000000,250,TFO FMM0026_OMPE0000035002052726
2026-04-27T00:00:00.000000000Z,35,85,31137239,7.900000000,7.900000000,7.900000000,7.900000000,50,TFO  55  31137239
2026-04-27T00:00:00.000000000Z,35,85,31136546,0.550000000,0.550000000,0.550000000,0.550000000,400,TFO  72  31136546
2026-04-27T00:00:00.000000000Z,35,58,109335167,5.420000000,5.420000000,5.420000000,5.420000000,25,TFO FQF0027.H0027_OQCE0000070002122
2026-04-27T00:00:00.000000000Z,35,85,31135766,0.000000000,0.000000000,0.000000000,0.000000000,200,TFO  75  31135766
2026-04-27T00:00:00.000000000Z,35,58,108481211,,,,,50,TFO FMZ0026_OMPE0000030002112626
2026-04-27T00:00:00.000000000Z,35,58,108481199,,,,,275,TFO FMX0026_OMPE0000035002102726
2026-04-27T00:00:00.000000000Z,35,58,109576077,,,,,500,TFO FMQ0026_OMCE0000070002072726
2026-04-27T00:00:00.000000000Z,35,85,31136545,9.200000000,9.200000000,9.200000000,9.200000000,50,TFO  53  31136545
2026-04-27T00:00:00.000000000Z,35,58,108484215,,,,,25,TFO FMZ0027_OMPE0000025002112627
2026-04-27T00:00:00.000000000Z,35,85,109370195,0.955000000,0.955000000,0.955000000,0.955000000,30,TFO FMM0026_OMCE0000065002052726
2026-04-27T00:00:00.000000000Z,35,85,31136427,1.585000000,1.585000000,1.585000000,1.585000000,100,TFO  50  31136427
2026-04-27T00:00:00.000000000Z,35,58,108847982,5.575000000,5.575000000,5.555000000,5.555000000,225,TFO FQN0026.U0026_OQCE0000050002062
2026-04-27T00:00:00.000000000Z,35,58,109888345,,,,,25,TFO FMJ0027_OMCE0000050002032527
2026-04-27T00:00:00.000000000Z,35,58,108245410,1.100000000,1.100000000,1.060000000,1.060000000,500,TFO FMM0026_OMPE0000037002052726
2026-04-27T00:00:00.000000000Z,35,58,108455385,,,,,275,TFO FMV0026_OMPE0000035002092526
2026-04-27T00:00:00.000000000Z,35,85,31137213,2.175000000,2.175000000,2.175000000,2.175000000,450,TFO  50  31137213
2026-04-27T00:00:00.000000000Z,35,58,109184383,2.470000000,2.470000000,1.850000000,1.850000000,300,TFO FMM0026_OMCE0000055002052726
2026-04-27T00:00:00.000000000Z,35,58,109839115,5.300000000,5.300000000,5.300000000,5.300000000,85,TFO FQV0026.Z0026_OQCE0000060002092
2026-04-27T00:00:00.000000000Z,35,58,108455902,16.700000000,16.700000000,16.700000000,16.700000000,200,TFO FQN0026.U0026_OQCE0000028002062
2026-04-27T00:00:00.000000000Z,35,58,108400937,,,,,135,TFO FMN0026_OMPE0000040002062626
2026-04-27T00:00:00.000000000Z,35,58,108481153,3.800000000,4.050000000,3.800000000,4.050000000,275,TFO FSV0026.H0027_OSPE0000035002092
2026-04-27T00:00:00.000000000Z,35,85,31136591,9.000000000,9.000000000,8.700000000,8.700000000,515,TFO  22  31136591
2026-04-27T00:00:00.000000000Z,35,58,108455905,3.920000000,3.920000000,3.920000000,3.920000000,125,TFO FQN0026.U0026_OQPE0000040002062
2026-04-27T00:00:00.000000000Z,35,58,108481287,,,,,275,TFO FMF0027_OMPE0000035002122426
2026-04-27T00:00:00.000000000Z,35,58,108816599,2.525000000,2.525000000,2.525000000,2.525000000,25,TFO FSV0027.H0028_OSPE0000025002092
2026-04-27T00:00:00.000000000Z,35,58,110798838,,,,,25,TFO FMF0028_OMCE0000045002122427
2026-04-27T00:00:00.000000000Z,35,58,110615028,3.950000000,3.950000000,3.950000000,3.950000000,200,TFO FSV0026.H0027_OSCE0000080002092
2026-04-27T00:00:00.000000000Z,35,58,109576079,,,,,500,TFO FMU0026_OMCE0000070002082626
2026-04-27T00:00:00.000000000Z,35,58,110615024,,,,,200,TFO FMG0027_OMCE0000080002012727
2026-04-27T00:00:00.000000000Z,35,85,31137137,0.860000000,0.860000000,0.860000000,0.860000000,75,TFO  51  31137137
2026-04-27T00:00:00.000000000Z,35,58,110323033,,,,,100,TFO FMN0027_OMPE0000017002062527
2026-04-27T00:00:00.000000000Z,35,58,108457413,,,,,50,TFO FMV0026_OMPE0000030002092526
2026-04-27T00:00:00.000000000Z,35,58,110615020,,,,,200,TFO FMZ0026_OMCE0000080002112626
2026-04-27T00:00:00.000000000Z,35,58,109592763,,,,,50,TFO FMX0026_OMCE0000055002102726
2026-04-27T00:00:00.000000000Z,35,58,108476847,4.150000000,4.150000000,4.150000000,4.150000000,1000,TFO FMM0026_OMPE0000044002052726
2026-04-27T00:00:00.000000000Z,35,58,108455367,1.950000000,1.950000000,1.950000000,1.950000000,400,TFO FQN0026.U0026_OQPE0000035002062
2026-04-27T00:00:00.000000000Z,35,58,109576073,0.700000000,0.700000000,0.700000000,0.700000000,100,TFO FMM0026_OMCE0000070002052726
2026-04-27T00:00:00.000000000Z,35,58,109408601,3.625000000,3.625000000,3.300000000,3.360000000,550,TFO FQN0026.U0026_OQCE0000060002062
2026-04-27T00:00:00.000000000Z,35,85,31137015,1.835000000,1.835000000,1.835000000,1.835000000,60,TFO  50  31137015
2026-04-27T00:00:00.000000000Z,35,85,31136842,1.250000000,1.250000000,1.250000000,1.250000000,25,TFO  50  31136842
2026-04-27T00:00:00.000000000Z,35,58,109576087,2.500000000,2.500000000,2.500000000,2.500000000,500,TFO FQN0026.U0026_OQCE0000070002062
2026-04-27T00:00:00.000000000Z,35,58,108215819,0.550000000,0.550000000,0.550000000,0.550000000,400,TFO FMM0026_OMPE0000034002052726
2026-04-27T00:00:00.000000000Z,35,58,109408517,1.750000000,1.800000000,1.750000000,1.800000000,345,TFO FMM0026_OMCE0000060002052726
2026-04-27T00:00:00.000000000Z,35,58,109184387,4.270000000,4.270000000,4.270000000,4.270000000,200,TFO FMQ0026_OMCE0000055002072726
2026-04-27T00:00:00.000000000Z,35,58,108476840,5.450000000,5.450000000,5.450000000,5.450000000,300,TFO FMN0026_OMCE0000045002062626
2026-04-27T00:00:00.000000000Z,35,85,31137208,3.360000000,3.360000000,3.360000000,3.360000000,25,TFO  55  31137208
2026-04-27T00:00:00.000000000Z,35,58,108482184,,,,,150,TFO FMZ0026_OMCE0000045002112626
2026-04-27T00:00:00.000000000Z,35,58,109592767,6.240000000,6.240000000,6.240000000,6.240000000,50,TFO FQV0026.Z0026_OQCE0000055002092
2026-04-27T00:00:00.000000000Z,35,85,108280841,0.825000000,0.870000000,0.825000000,0.870000000,55,TFO FMN0026_OMPE0000033002062626
2026-04-27T00:00:00.000000000Z,35,85,31136512,1.225000000,1.225000000,1.225000000,1.225000000,200,TFO  55  31136512
2026-04-27T00:00:00.000000000Z,35,85,31137218,-0.025000000,-0.025000000,-0.025000000,-0.025000000,900,TFO  13  31137218
2026-04-27T00:00:00.000000000Z,35,85,31137011,5.050000000,5.050000000,5.050000000,5.050000000,25,TFO  55  31137011
2026-04-27T00:00:00.000000000Z,35,85,31136439,0.670000000,0.670000000,0.560000000,0.560000000,220,TFO   6  31136439
2026-04-27T00:00:00.000000000Z,35,58,109254281,3.545000000,3.545000000,3.545000000,3.545000000,300,TFO FMH0027_OMCE0000100002022427
2026-04-27T00:00:00.000000000Z,35,58,109408521,3.350000000,3.350000000,3.350000000,3.350000000,1000,TFO FMQ0026_OMCE0000060002072726
2026-04-27T00:00:00.000000000Z,35,85,31136875,3.025000000,3.025000000,3.025000000,3.025000000,50,TFO  46  31136875
2026-04-27T00:00:00.000000000Z,35,85,31136554,3.000000000,3.000000000,3.000000000,3.000000000,275,TFO  55  31136554
2026-04-27T00:00:00.000000000Z,35,58,110615016,,,,,200,TFO FMV0026_OMCE0000080002092526
2026-04-27T00:00:00.000000000Z,35,58,110323027,,,,,100,TFO FMJ0027_OMPE0000017002032527
2026-04-27T00:00:00.000000000Z,35,58,108215823,0.925000000,0.925000000,0.925000000,0.925000000,400,TFO FMM0026_OMPE0000036002052726
2026-04-27T00:00:00.000000000Z,35,85,109773043,0.440000000,0.440000000,0.440000000,0.440000000,250,TFO FMM0026_OMCE0000080002052726
2026-04-27T00:00:00.000000000Z,35,58,109839119,6.670000000,6.670000000,6.670000000,6.670000000,25,TFO FQF0027.H0027_OQCE0000060002122
2026-04-27T00:00:00.000000000Z,35,58,108481970,,,,,25,TFO FMZ0027_OMCE0000045002112627
2026-04-27T00:00:00.000000000Z,35,58,109888351,,,,,25,TFO FMN0027_OMCE0000050002062527
2026-04-27T00:00:00.000000000Z,35,58,110704946,2.650000000,2.650000000,2.650000000,2.650000000,1500,TFO FMM0026_OMCE0000053002052726
2026-04-27T00:00:00.000000000Z,35,85,31137020,1.940000000,1.940000000,1.940000000,1.940000000,300,TFO  56  31137020
2026-04-27T00:00:00.000000000Z,35,58,109592765,,,,,50,TFO FMZ0026_OMCE0000055002112626
2026-04-27T00:00:00.000000000Z,35,85,31137247,2.315000000,2.315000000,2.315000000,2.315000000,100,TFO  50  31137247
2026-04-27T00:00:00.000000000Z,35,58,110698348,1.175000000,1.175000000,1.175000000,1.175000000,450,TFO FMQ0026_OMCE0000090002072726
2026-04-27T00:00:00.000000000Z,35,85,31137072,0.850000000,0.850000000,0.850000000,0.850000000,1000,TFO  77  31137072
2026-04-27T00:00:00.000000000Z,35,85,31136791,2.050000000,2.050000000,2.050000000,2.050000000,250,TFO  56  31136791
2026-04-27T00:00:00.000000000Z,35,85,31136617,5.600000000,5.600000000,5.600000000,5.600000000,200,TFO   6  31136617
2026-04-27T00:00:00.000000000Z,35,85,31137182,2.955000000,2.955000000,2.955000000,2.955000000,25,TFO  58  31137182
2026-04-27T00:00:00.000000000Z,35,85,109184383,1.750000000,1.750000000,1.750000000,1.750000000,60,TFO FMM0026_OMCE0000055002052726
2026-04-27T00:00:00.000000000Z,35,58,109370297,6.380000000,6.380000000,6.380000000,6.380000000,100,TFO FQF0027.H0027_OQCE0000065002122
2026-04-27T00:00:00.000000000Z,35,85,108564122,0.250000000,0.250000000,0.250000000,0.250000000,1000,TFO FMM0026_OMCE0000100002052726
2026-04-27T00:00:00.000000000Z,35,85,31131209,1.385000000,1.385000000,1.385000000,1.385000000,100,TFO   6  31131209
2026-04-27T00:00:00.000000000Z,35,58,109370213,,,,,100,TFO FMG0027_OMCE0000065002012727
2026-04-27T00:00:00.000000000Z,35,85,108847186,2.615000000,2.750000000,2.615000000,2.750000000,30,TFO FMM0026_OMCE0000050002052726
2026-04-27T00:00:00.000000000Z,35,58,109888353,,,,,25,TFO FMQ0027_OMCE0000050002072727
2026-04-27T00:00:00.000000000Z,35,58,108280835,0.410000000,0.475000000,0.410000000,0.475000000,975,TFO FMN0026_OMPE0000030002062626
2026-04-28T00:00:00.000000000Z,35,85,109576075,1.360000000,1.360000000,1.360000000,1.360000000,50,TFO FMN0026_OMCE0000070002062626
2026-04-28T00:00:00.000000000Z,35,85,31138029,6.760000000,6.760000000,6.760000000,6.760000000,30,TFO  58  31138029
2026-04-28T00:00:00.000000000Z,35,58,108482086,,,,,180,TFO FMF0027_OMCE0000045002122426
2026-04-28T00:00:00.000000000Z,35,85,109184383,1.780000000,1.780000000,1.635000000,1.635000000,70,TFO FMM0026_OMCE0000055002052726
2026-04-28T00:00:00.000000000Z,35,58,110615024,,,,,400,TFO FMG0027_OMCE0000080002012727
2026-04-28T00:00:00.000000000Z,35,58,108476850,4.000000000,4.000000000,4.000000000,4.000000000,290,TFO FMM0026_OMCE0000046002052726
2026-04-28T00:00:00.000000000Z,35,58,108280841,0.770000000,0.770000000,0.770000000,0.770000000,600,TFO FMN0026_OMPE0000033002062626
2026-04-28T00:00:00.000000000Z,35,85,108280841,0.735000000,0.735000000,0.735000000,0.735000000,50,TFO FMN0026_OMPE0000033002062626
2026-04-28T00:00:00.000000000Z,35,85,31138103,4.650000000,4.650000000,4.650000000,4.650000000,50,TFO  55  31138103
2026-04-28T00:00:00.000000000Z,35,58,108215815,0.175000000,0.175000000,0.175000000,0.175000000,100,TFO FMM0026_OMPE0000032002052726
2026-04-28T00:00:00.000000000Z,35,58,108455394,,,,,200,TFO FMV0026_OMCE0000040002092526
2026-04-28T00:00:00.000000000Z,35,85,31137585,2.450000000,2.450000000,2.450000000,2.450000000,100,TFO  50  31137585
2026-04-28T00:00:00.000000000Z,35,85,31138058,0.000000000,0.000000000,0.000000000,0.000000000,100,TFO  44  31138058
2026-04-28T00:00:00.000000000Z,35,58,108482184,,,,,25,TFO FMZ0026_OMCE0000045002112626
2026-04-28T00:00:00.000000000Z,35,58,108482540,9.575000000,9.600000000,9.305000000,9.575000000,180,TFO FQF0027.H0027_OQCE0000045002122
2026-04-28T00:00:00.000000000Z,35,58,109184390,,,,,30,TFO FMU0026_OMPE0000055002082626
2026-04-28T00:00:00.000000000Z,35,58,108398562,,,,,50,TFO FMU0026_OMPE0000038002082626
2026-04-28T00:00:00.000000000Z,35,58,109592761,,,,,90,TFO FMV0026_OMCE0000055002092526
2026-04-28T00:00:00.000000000Z,35,58,108215805,0.050000000,0.075000000,0.050000000,0.075000000,250,TFO FMM0026_OMPE0000027002052726
2026-04-28T00:00:00.000000000Z,35,58,108297427,1.425000000,1.425000000,1.425000000,1.425000000,200,TFO FMN0026_OMPE0000036002062626
2026-04-28T00:00:00.000000000Z,35,85,31137783,2.975000000,2.975000000,2.975000000,2.975000000,40,TFO   7  31137783
2026-04-28T00:00:00.000000000Z,35,58,110731400,,,,,90,TFO FMV0026_OMCE0000053002092526
2026-04-28T00:00:00.000000000Z,35,58,108481309,,,,,415,TFO FMG0027_OMPE0000035002012727
2026-04-28T00:00:00.000000000Z,35,85,31137651,-0.075000000,-0.075000000,-0.075000000,-0.075000000,50,TFO  77  31137651
2026-04-28T00:00:00.000000000Z,35,58,108280835,0.415000000,0.415000000,0.415000000,0.415000000,1800,TFO FMN0026_OMPE0000030002062626
2026-04-28T00:00:00.000000000Z,35,58,110615028,3.875000000,3.875000000,3.875000000,3.875000000,200,TFO FSV0026.H0027_OSCE0000080002092
2026-04-28T00:00:00.000000000Z,35,58,108847188,4.540000000,4.540000000,3.750000000,3.750000000,2525,TFO FMN0026_OMCE0000050002062626
2026-04-28T00:00:00.000000000Z,35,58,109408601,3.300000000,3.300000000,3.090000000,3.090000000,2120,TFO FQN0026.U0026_OQCE0000060002062
2026-04-28T00:00:00.000000000Z,35,58,108847186,2.750000000,2.890000000,2.210000000,2.350000000,1670,TFO FMM0026_OMCE0000050002052726
2026-04-28T00:00:00.000000000Z,35,58,108476849,4.250000000,4.250000000,4.210000000,4.210000000,1400,TFO FMM0026_OMPE0000045002052726
2026-04-28T00:00:00.000000000Z,35,58,109838791,,,,,300,TFO FMH0027_OMCE0000060002022427
2026-04-28T00:00:00.000000000Z,35,85,31137664,1.485000000,1.485000000,1.485000000,1.485000000,50,TFO  51  31137664
2026-04-28T00:00:00.000000000Z,35,58,108215821,0.450000000,0.590000000,0.450000000,0.590000000,1700,TFO FMM0026_OMPE0000035002052726
2026-04-28T00:00:00.000000000Z,35,85,31138094,1.800000000,1.800000000,1.800000000,1.800000000,25,TFO  56  31138094
2026-04-28T00:00:00.000000000Z,35,58,109838783,,,,,1100,TFO FMX0026_OMCE0000060002102726
2026-04-28T00:00:00.000000000Z,35,85,31138191,2.350000000,2.350000000,2.350000000,2.350000000,1000,TFO  55  31138191
2026-04-28T00:00:00.000000000Z,35,85,31138124,2.725000000,2.725000000,2.725000000,2.725000000,25,TFO  50  31138124
2026-04-28T00:00:00.000000000Z,35,58,109839115,5.050000000,5.170000000,4.650000000,4.650000000,1100,TFO FQV0026.Z0026_OQCE0000060002092
2026-04-28T00:00:00.000000000Z,35,85,31137604,0.300000000,0.300000000,0.300000000,0.300000000,200,TFO  77  31137604
2026-04-28T00:00:00.000000000Z,35,58,109408519,,,,,2270,TFO FMN0026_OMCE0000060002062626
2026-04-28T00:00:00.000000000Z,35,85,31137945,0.080000000,0.080000000,0.080000000,0.080000000,1300,TFO  73  31137945
2026-04-28T00:00:00.000000000Z,35,58,108381946,,,,,100,TFO FMM0026_OMPE0000041002052726
2026-04-28T00:00:00.000000000Z,35,85,31137910,0.610000000,0.610000000,0.610000000,0.610000000,300,TFO  58  31137910
2026-04-28T00:00:00.000000000Z,35,85,31137922,1.080000000,1.080000000,1.080000000,1.080000000,50,TFO  56  31137922
2026-04-28T00:00:00.000000000Z,35,58,109335149,4.040000000,4.040000000,4.040000000,4.040000000,200,TFO FMZ0026_OMCE0000070002112626
2026-04-28T00:00:00.000000000Z,35,58,110615016,,,,,200,TFO FMV0026_OMCE0000080002092526
2026-04-28T00:00:00.000000000Z,35,58,108482159,7.800000000,7.800000000,7.800000000,7.800000000,1000,TFO FMV0026_OMPE0000045002092526
2026-04-28T00:00:00.000000000Z,35,85,31135345,0.175000000,0.175000000,0.175000000,0.175000000,200,TFO  72  31135345
2026-04-28T00:00:00.000000000Z,35,85,31138034,5.275000000,5.275000000,5.275000000,5.275000000,75,TFO  55  31138034
2026-04-28T00:00:00.000000000Z,35,85,110705012,0.980000000,0.980000000,0.980000000,0.980000000,50,TFO FMM0026_OMCE0000061002052726
2026-04-28T00:00:00.000000000Z,35,85,108234386,0.060000000,0.060000000,0.060000000,0.060000000,75,TFO FMM0026_OMPE0000024002052726
2026-04-28T00:00:00.000000000Z,35,58,108245410,0.950000000,0.950000000,0.950000000,0.950000000,200,TFO FMM0026_OMPE0000037002052726
2026-04-28T00:00:00.000000000Z,35,85,31137947,1.740000000,1.740000000,1.740000000,1.740000000,50,TFO  56  31137947
2026-04-28T00:00:00.000000000Z,35,85,31137792,0.800000000,0.800000000,0.800000000,0.800000000,50,TFO  65  31137792
2026-04-28T00:00:00.000000000Z,35,58,108455905,3.800000000,4.150000000,3.800000000,4.150000000,1050,TFO FQN0026.U0026_OQPE0000040002062
2026-04-28T00:00:00.000000000Z,35,58,108482168,,,,,90,TFO FMM0026_OMCE0000048002052726
2026-04-28T00:00:00.000000000Z,35,85,31137814,0.140000000,0.140000000,0.140000000,0.140000000,50,TFO  56  31137814
2026-04-28T00:00:00.000000000Z,35,58,109308579,,,,,200,TFO FMV0026_OMCE0000050002092526
2026-04-28T00:00:00.000000000Z,35,58,109592765,6.120000000,6.120000000,6.120000000,6.120000000,190,TFO FMZ0026_OMCE0000055002112626
2026-04-28T00:00:00.000000000Z,35,58,109184386,,,,,30,TFO FMN0026_OMPE0000055002062626
2026-04-28T00:00:00.000000000Z,35,58,110698856,3.700000000,3.700000000,3.700000000,3.700000000,200,TFO FMF0027_OMCE0000090002122426
2026-04-28T00:00:00.000000000Z,35,58,109768643,,,,,200,TFO FMG0027_OMCE0000055002012727
2026-04-28T00:00:00.000000000Z,35,58,109254275,,,,,100,TFO FMZ0026_OMCE0000100002112626
2026-04-28T00:00:00.000000000Z,35,58,109308587,,,,,325,TFO FMG0027_OMCE0000050002012727
2026-04-28T00:00:00.000000000Z,35,58,108400943,,,,,1050,TFO FMU0026_OMPE0000040002082626
2026-04-28T00:00:00.000000000Z,35,58,108685467,,,,,40,TFO FMZ0026_OMPE0000025002112626
2026-04-28T00:00:00.000000000Z,35,58,108476868,,,,,775,TFO FMQ0026_OMCE0000045002072726
2026-04-28T00:00:00.000000000Z,35,58,108455357,0.600000000,0.710000000,0.600000000,0.700000000,1550,TFO FQN0026.U0026_OQPE0000030002062
2026-04-28T00:00:00.000000000Z,35,58,108457413,0.950000000,0.950000000,0.950000000,0.950000000,1250,TFO FMV0026_OMPE0000030002092526
2026-04-28T00:00:00.000000000Z,35,85,31137952,3.900000000,3.900000000,3.900000000,3.900000000,50,TFO  56  31137952
2026-04-28T00:00:00.000000000Z,35,85,109185606,14.000000000,14.000000000,14.000000000,14.000000000,30,TFO FQN0026.U0026_OQPE0000055002062
2026-04-28T00:00:00.000000000Z,35,85,109254327,1.950000000,1.950000000,1.950000000,1.950000000,100,TFO FQV0026.Z0026_OQCE0000100002092
2026-04-28T00:00:00.000000000Z,35,85,108401031,2.385000000,2.385000000,2.385000000,2.385000000,100,TFO FMM0026_OMPE0000042002052726
2026-04-28T00:00:00.000000000Z,35,58,109335167,5.400000000,5.400000000,5.025000000,5.025000000,425,TFO FQF0027.H0027_OQCE0000070002122
2026-04-28T00:00:00.000000000Z,35,58,110615020,3.220000000,3.220000000,3.220000000,3.220000000,300,TFO FMZ0026_OMCE0000080002112626
2026-04-28T00:00:00.000000000Z,35,58,108476936,6.000000000,6.000000000,6.000000000,6.000000000,775,TFO FQN0026.U0026_OQCE0000045002062
2026-04-28T00:00:00.000000000Z,35,85,109773047,1.600000000,1.600000000,1.600000000,1.600000000,50,TFO FMQ0026_OMCE0000080002072726
2026-04-28T00:00:00.000000000Z,35,58,109592767,6.010000000,6.010000000,6.010000000,6.010000000,90,TFO FQV0026.Z0026_OQCE0000055002092
2026-04-28T00:00:00.000000000Z,35,58,108280839,0.600000000,0.600000000,0.600000000,0.600000000,200,TFO FMN0026_OMPE0000032002062626
2026-04-28T00:00:00.000000000Z,35,85,108215815,0.200000000,0.200000000,0.200000000,0.200000000,500,TFO FMM0026_OMPE0000032002052726
2026-04-28T00:00:00.000000000Z,35,85,31137647,1.625000000,1.625000000,1.625000000,1.625000000,50,TFO  56  31137647
2026-04-28T00:00:00.000000000Z,35,58,108482510,10.280000000,10.280000000,10.280000000,10.280000000,200,TFO FQV0026.Z0026_OQCE0000040002092
2026-04-28T00:00:00.000000000Z,35,85,31138037,0.860000000,0.860000000,0.860000000,0.860000000,75,TFO  55  31138037
2026-04-28T00:00:00.000000000Z,35,85,31138092,0.860000000,0.860000000,0.860000000,0.860000000,250,TFO  55  31138092
2026-04-28T00:00:00.000000000Z,35,58,110615022,,,,,400,TFO FMF0027_OMCE0000080002122426
2026-04-28T00:00:00.000000000Z,35,58,109308585,,,,,325,TFO FMF0027_OMCE0000050002122426
2026-04-28T00:00:00.000000000Z,35,58,108280831,,,,,50,TFO FMN0026_OMPE0000028002062626
2026-04-28T00:00:00.000000000Z,35,58,109370211,,,,,200,TFO FMF0027_OMCE0000065002122426
2026-04-28T00:00:00.000000000Z,35,85,31137956,1.800000000,1.800000000,1.800000000,1.800000000,100,TFO  56  31137956
2026-04-28T00:00:00.000000000Z,35,85,108476848,4.020000000,4.020000000,3.430000000,3.430000000,60,TFO FMM0026_OMCE0000045002052726
2026-04-28T00:00:00.000000000Z,35,58,108847982,5.150000000,5.150000000,4.700000000,4.700000000,1775,TFO FQN0026.U0026_OQCE0000050002062
2026-04-28T00:00:00.000000000Z,35,58,108476859,,,,,75,TFO FMU0026_OMPE0000045002082626
2026-04-28T00:00:00.000000000Z,35,85,31129117,1.510000000,1.600000000,1.510000000,1.600000000,150,TFO   6  31129117
2026-04-28T00:00:00.000000000Z,35,58,109592763,6.120000000,6.120000000,6.120000000,6.120000000,190,TFO FMX0026_OMCE0000055002102726
2026-04-28T00:00:00.000000000Z,35,85,31137566,5.050000000,5.050000000,5.050000000,5.050000000,50,TFO  55  31137566
2026-04-28T00:00:00.000000000Z,35,85,108476846,4.000000000,4.000000000,3.800000000,3.850000000,240,TFO FMM0026_OMCE0000044002052726
2026-04-28T00:00:00.000000000Z,35,58,109370215,,,,,200,TFO FMH0027_OMCE0000065002022427
2026-04-28T00:00:00.000000000Z,35,58,108474925,0.260000000,0.260000000,0.260000000,0.260000000,100,TFO FQN0026.U0026_OQPE0000027002062
2026-04-28T00:00:00.000000000Z,35,85,108332543,1.600000000,1.600000000,1.600000000,1.600000000,100,TFO FMM0026_OMPE0000040002052726
2026-04-28T00:00:00.000000000Z,35,58,109768641,,,,,200,TFO FMF0027_OMCE0000055002122426
2026-04-28T00:00:00.000000000Z,35,58,108847190,,,,,1775,TFO FMQ0026_OMCE0000050002072726
2026-04-28T00:00:00.000000000Z,35,85,31137656,3.230000000,3.230000000,3.230000000,3.230000000,200,TFO  50  31137656
2026-04-28T00:00:00.000000000Z,35,58,108484413,,,,,40,TFO FMF0027_OMPE0000025002122426
2026-04-28T00:00:00.000000000Z,35,85,31137989,2.135000000,2.135000000,2.135000000,2.135000000,60,TFO  50  31137989
2026-04-28T00:00:00.000000000Z,35,58,108482158,,,,,25,TFO FMV0026_OMCE0000045002092526
2026-04-28T00:00:00.000000000Z,35,58,109838787,6.475000000,6.475000000,6.475000000,6.475000000,500,TFO FMF0027_OMCE0000060002122426
2026-04-28T00:00:00.000000000Z,35,58,109773045,,,,,150,TFO FMN0026_OMCE0000080002062626
2026-04-28T00:00:00.000000000Z,35,85,109773045,1.035000000,1.035000000,1.035000000,1.035000000,50,TFO FMN0026_OMCE0000080002062626
2026-04-28T00:00:00.000000000Z,35,58,108475347,,,,,100,TFO FMU0026_OMPE0000027002082626
2026-04-28T00:00:00.000000000Z,35,58,108482144,,,,,25,TFO FMX0026_OMCE0000045002102726
2026-04-28T00:00:00.000000000Z,35,58,108218362,0.100000000,0.100000000,0.100000000,0.100000000,50,TFO FMM0026_OMPE0000025002052726
2026-04-28T00:00:00.000000000Z,35,58,109769257,7.440000000,7.440000000,7.440000000,7.440000000,200,TFO FQF0027.H0027_OQCE0000055002122
2026-04-28T00:00:00.000000000Z,35,58,109335155,,,,,425,TFO FMH0027_OMCE0000070002022427
2026-04-28T00:00:00.000000000Z,35,85,31137999,1.090000000,1.090000000,1.090000000,1.090000000,500,TFO  51  31137999
2026-04-28T00:00:00.000000000Z,35,85,108646542,2.460000000,2.460000000,2.460000000,2.460000000,50,TFO FMU0026_OMCE0000075002082626
2026-04-28T00:00:00.000000000Z,35,58,108481287,,,,,415,TFO FMF0027_OMPE0000035002122426
2026-04-28T00:00:00.000000000Z,35,58,108564126,,,,,350,TFO FMQ0026_OMCE0000100002072726
2026-04-28T00:00:00.000000000Z,35,58,108338592,,,,,1550,TFO FMQ0026_OMPE0000030002072726
2026-04-28T00:00:00.000000000Z,35,85,31137886,1.140000000,1.140000000,1.140000000,1.140000000,200,TFO  65  31137886
2026-04-28T00:00:00.000000000Z,35,58,109576079,,,,,1000,TFO FMU0026_OMCE0000070002082626
2026-04-28T00:00:00.000000000Z,35,85,31137974,5.650000000,5.650000000,5.650000000,5.650000000,250,TFO  55  31137974
2026-04-28T00:00:00.000000000Z,35,85,31137979,2.650000000,2.650000000,2.650000000,2.650000000,50,TFO  58  31137979
2026-04-28T00:00:00.000000000Z,35,85,31137530,5.150000000,5.150000000,5.150000000,5.150000000,100,TFO  55  31137530
2026-04-28T00:00:00.000000000Z,35,85,31137986,0.450000000,0.450000000,0.450000000,0.450000000,50,TFO  51  31137986
2026-04-28T00:00:00.000000000Z,35,85,31137539,2.475000000,2.475000000,2.475000000,2.475000000,150,TFO  56  31137539
2026-04-28T00:00:00.000000000Z,35,58,108484401,,,,,40,TFO FMH0027_OMPE0000025002022427
2026-04-28T00:00:00.000000000Z,35,85,31137805,6.410000000,6.410000000,6.410000000,6.410000000,75,TFO  56  31137805
2026-04-28T00:00:00.000000000Z,35,58,109335153,,,,,425,TFO FMG0027_OMCE0000070002012727
2026-04-28T00:00:00.000000000Z,35,58,108564124,,,,,350,TFO FMN0026_OMCE0000100002062626
2026-04-28T00:00:00.000000000Z,35,85,31138175,2.325000000,2.325000000,2.325000000,2.325000000,200,TFO  56  31138175
2026-04-28T00:00:00.000000000Z,35,58,109308581,,,,,200,TFO FMX0026_OMCE0000050002102726
2026-04-28T00:00:00.000000000Z,35,58,108455385,2.350000000,2.350000000,2.350000000,2.350000000,2665,TFO FMV0026_OMPE0000035002092526
2026-04-28T00:00:00.000000000Z,35,85,31137851,2.520000000,2.520000000,2.520000000,2.520000000,100,TFO  58  31137851
2026-04-28T00:00:00.000000000Z,35,58,108398542,,,,,50,TFO FMU0026_OMPE0000028002082626
2026-04-28T00:00:00.000000000Z,35,58,108481199,,,,,1415,TFO FMX0026_OMPE0000035002102726
2026-04-28T00:00:00.000000000Z,35,58,108398556,2.325000000,2.325000000,2.325000000,2.325000000,3025,TFO FMU0026_OMPE0000035002082626
2026-04-28T00:00:00.000000000Z,35,58,110615026,,,,,400,TFO FMH0027_OMCE0000080002022427
2026-04-28T00:00:00.000000000Z,35,85,31137724,1.650000000,1.650000000,1.650000000,1.650000000,200,TFO  46  31137724
2026-04-28T00:00:00.000000000Z,35,85,31138014,5.275000000,5.345000000,5.275000000,5.275000000,550,TFO  55  31138014
2026-04-28T00:00:00.000000000Z,35,58,108401031,2.475000000,2.495000000,2.475000000,2.495000000,700,TFO FMM0026_OMPE0000042002052726
2026-04-28T00:00:00.000000000Z,35,58,108481221,,,,,1415,TFO FMZ0026_OMPE0000035002112626
2026-04-28T00:00:00.000000000Z,35,85,31137958,0.565000000,0.565000000,0.565000000,0.565000000,50,TFO  61  31137958
2026-04-28T00:00:00.000000000Z,35,58,108476847,3.600000000,3.850000000,3.600000000,3.850000000,550,TFO FMM0026_OMPE0000044002052726
2026-04-28T00:00:00.000000000Z,35,85,31137934,0.075000000,0.075000000,0.075000000,0.075000000,100,TFO  77  31137934
2026-04-28T00:00:00.000000000Z,35,58,108476858,,,,,775,TFO FMU0026_OMCE0000045002082626
2026-04-28T00:00:00.000000000Z,35,85,31137693,3.320000000,3.320000000,3.320000000,3.320000000,100,TFO  46  31137693
2026-04-28T00:00:00.000000000Z,35,85,31137892,2.450000000,2.450000000,2.450000000,2.450000000,1000,TFO  72  31137892
2026-04-28T00:00:00.000000000Z,35,58,109184383,1.825000000,1.825000000,1.750000000,1.750000000,185,TFO FMM0026_OMCE0000055002052726
2026-04-28T00:00:00.000000000Z,35,58,109254273,,,,,100,TFO FMX0026_OMCE0000100002102726
2026-04-28T00:00:00.000000000Z,35,58,108482134,,,,,200,TFO FMX0026_OMCE0000040002102726
2026-04-28T00:00:00.000000000Z,35,58,108482520,8.150000000,8.150000000,8.150000000,8.150000000,25,TFO FQV0026.Z0026_OQCE0000045002092
2026-04-28T00:00:00.000000000Z,35,58,108990638,,,,,100,TFO FMH0027_OMCE0000075002022427
2026-04-28T00:00:00.000000000Z,35,58,108640503,,,,,40,TFO FMV0026_OMPE0000025002092526
2026-04-28T00:00:00.000000000Z,35,85,108215811,0.130000000,0.150000000,0.130000000,0.150000000,450,TFO FMM0026_OMPE0000030002052726
2026-04-28T00:00:00.000000000Z,35,58,108476834,6.840000000,6.840000000,6.840000000,6.840000000,300,TFO FMN0026_OMCE0000042002062626
2026-04-28T00:00:00.000000000Z,35,58,108455903,0.520000000,0.520000000,0.520000000,0.520000000,50,TFO FQN0026.U0026_OQPE0000028002062
2026-04-28T00:00:00.000000000Z,35,58,109408517,1.220000000,1.220000000,1.220000000,1.220000000,1300,TFO FMM0026_OMCE0000060002052726
2026-04-28T00:00:00.000000000Z,35,85,31138075,3.400000000,3.400000000,3.400000000,3.400000000,100,TFO  50  31138075
2026-04-28T00:00:00.000000000Z,35,85,109773177,1.580000000,1.580000000,1.570000000,1.570000000,200,TFO FQN0026.U0026_OQCE0000080002062
2026-04-28T00:00:00.000000000Z,35,58,109370213,,,,,200,TFO FMG0027_OMCE0000065002012727
2026-04-28T00:00:00.000000000Z,35,85,31137729,1.650000000,1.650000000,1.650000000,1.650000000,50,TFO  46  31137729
2026-04-28T00:00:00.000000000Z,35,85,31137878,0.200000000,0.200000000,0.200000000,0.200000000,100,TFO  77  31137878
2026-04-28T00:00:00.000000000Z,35,85,108476849,4.200000000,4.200000000,4.200000000,4.200000000,25,TFO FMM0026_OMPE0000045002052726
2026-04-28T00:00:00.000000000Z,35,58,109408521,,,,,2120,TFO FMQ0026_OMCE0000060002072726
2026-04-28T00:00:00.000000000Z,35,85,31138147,1.220000000,1.220000000,1.220000000,1.220000000,70,TFO  50  31138147
2026-04-28T00:00:00.000000000Z,35,58,109308649,7.050000000,7.050000000,7.050000000,7.050000000,200,TFO FQV0026.Z0026_OQCE0000050002092
2026-04-28T00:00:00.000000000Z,35,58,108481331,,,,,415,TFO FMH0027_OMPE0000035002022427
2026-04-28T00:00:00.000000000Z,35,58,110731408,,,,,90,TFO FMX0026_OMCE0000053002102726
2026-04-28T00:00:00.000000000Z,35,85,109773043,0.400000000,0.400000000,0.400000000,0.400000000,100,TFO FMM0026_OMCE0000080002052726
2026-04-28T00:00:00.000000000Z,35,58,109838789,,,,,300,TFO FMG0027_OMCE0000060002012727
2026-04-28T00:00:00.000000000Z,35,58,110698454,1.120000000,1.120000000,1.120000000,1.120000000,150,TFO FQN0026.U0026_OQCE0000090002062
2026-04-28T00:00:00.000000000Z,35,58,108482141,7.500000000,7.500000000,7.500000000,7.500000000,25,TFO FMX0026_OMPE0000043002102726
2026-04-28T00:00:00.000000000Z,35,85,31138032,0.860000000,0.860000000,0.860000000,0.860000000,25,TFO  55  31138032
2026-04-28T00:00:00.000000000Z,35,58,108481950,,,,,180,TFO FMH0027_OMCE0000045002022427
2026-04-28T00:00:00.000000000Z,35,58,108381602,,,,,1050,TFO FMQ0026_OMPE0000040002072726
2026-04-28T00:00:00.000000000Z,35,58,108255504,1.285000000,1.300000000,1.285000000,1.300000000,2200,TFO FMM0026_OMPE0000039002052726
2026-04-28T00:00:00.000000000Z,35,85,31137218,-0.025000000,-0.025000000,-0.025000000,-0.025000000,250,TFO  13  31137218
2026-04-28T00:00:00.000000000Z,35,58,108484407,,,,,40,TFO FMG0027_OMPE0000025002012727
2026-04-28T00:00:00.000000000Z,35,85,31137552,2.475000000,2.475000000,2.475000000,2.475000000,50,TFO  56  31137552
2026-04-28T00:00:00.000000000Z,35,58,108685181,,,,,40,TFO FMX0026_OMPE0000025002102726
2026-04-28T00:00:00.000000000Z,35,58,110617288,4.500000000,4.500000000,4.500000000,4.500000000,200,TFO FQF0027.H0027_OQCE0000080002122
2026-04-28T00:00:00.000000000Z,35,85,31137981,0.150000000,0.150000000,0.150000000,0.150000000,350,TFO  77  31137981
2026-04-28T00:00:00.000000000Z,35,85,31137690,2.375000000,2.375000000,2.375000000,2.375000000,100,TFO   6  31137690
2026-04-28T00:00:00.000000000Z,35,85,31138001,9.575000000,9.600000000,9.575000000,9.575000000,80,TFO  55  31138001
2026-04-28T00:00:00.000000000Z,35,85,31137778,0.800000000,0.800000000,0.800000000,0.800000000,950,TFO  65  31137778
2026-04-28T00:00:00.000000000Z,35,58,109838785,,,,,1100,TFO FMZ0026_OMCE0000060002112626
2026-04-28T00:00:00.000000000Z,35,58,108482155,6.850000000,6.850000000,6.850000000,6.850000000,25,TFO FMV0026_OMPE0000043002092526
2026-04-28T00:00:00.000000000Z,35,58,108481295,,,,,125,TFO FMG0027_OMPE0000028002012727
2026-04-28T00:00:00.000000000Z,35,58,108481177,2.720000000,2.720000000,2.720000000,2.720000000,1000,TFO FQV0026.Z0026_OQPE0000035002092
2026-04-28T00:00:00.000000000Z,35,85,31138063,1.400000000,1.400000000,1.400000000,1.400000000,1000,TFO  51  31138063
2026-04-28T00:00:00.000000000Z,35,58,109308589,,,,,325,TFO FMH0027_OMCE0000050002022427
2026-04-28T00:00:00.000000000Z,35,58,108350892,,,,,50,TFO FMQ0026_OMPE0000038002072726
2026-04-28T00:00:00.000000000Z,35,85,31137661,3.525000000,3.525000000,3.525000000,3.525000000,400,TFO  51  31137661
2026-04-28T00:00:00.000000000Z,35,58,109768645,,,,,200,TFO FMH0027_OMCE0000055002022427
2026-04-28T00:00:00.000000000Z,35,85,31137940,3.900000000,3.900000000,3.900000000,3.900000000,125,TFO  56  31137940
2026-04-28T00:00:00.000000000Z,35,58,109184389,,,,,475,TFO FMU0026_OMCE0000055002082626
2026-04-28T00:00:00.000000000Z,35,85,31137567,1.400000000,1.400000000,1.400000000,1.400000000,1250,TFO  51  31137567
2026-04-28T00:00:00.000000000Z,35,85,31137553,1.310000000,1.310000000,1.310000000,1.310000000,100,TFO  51  31137553
2026-04-28T00:00:00.000000000Z,35,58,108323492,8.990000000,8.990000000,8.990000000,8.990000000,300,TFO FMN0026_OMCE0000038002062626
2026-04-28T00:00:00.000000000Z,35,58,108398546,,,,,1550,TFO FMU0026_OMPE0000030002082626
2026-04-28T00:00:00.000000000Z,35,58,108338602,,,,,2825,TFO FMQ0026_OMPE0000035002072726
2026-04-28T00:00:00.000000000Z,35,58,109576077,,,,,1000,TFO FMQ0026_OMCE0000070002072726
2026-04-28T00:00:00.000000000Z,35,85,31137730,3.590000000,3.590000000,3.590000000,3.590000000,1000,TFO  47  31137730
2026-04-28T00:00:00.000000000Z,35,58,108215823,,,,,150,TFO FMM0026_OMPE0000036002052726
2026-04-28T00:00:00.000000000Z,35,58,108476851,4.750000000,4.750000000,4.750000000,4.750000000,200,TFO FMM0026_OMPE0000046002052726
2026-04-28T00:00:00.000000000Z,35,58,108481153,3.700000000,3.900000000,3.700000000,3.900000000,415,TFO FSV0026.H0027_OSPE0000035002092
2026-04-28T00:00:00.000000000Z,35,58,108293633,1.400000000,1.400000000,1.275000000,1.400000000,3575,TFO FMN0026_OMPE0000035002062626
2026-04-28T00:00:00.000000000Z,35,85,108476847,3.500000000,3.950000000,3.500000000,3.950000000,35,TFO FMM0026_OMPE0000044002052726
2026-04-28T00:00:00.000000000Z,35,58,108338586,,,,,100,TFO FMQ0026_OMPE0000027002072726
2026-04-28T00:00:00.000000000Z,35,58,109773047,,,,,150,TFO FMQ0026_OMCE0000080002072726
2026-04-28T00:00:00.000000000Z,35,58,109773049,,,,,200,TFO FMU0026_OMCE0000080002082626
2026-04-28T00:00:00.000000000Z,35,58,109576075,,,,,1000,TFO FMN0026_OMCE0000070002062626
2026-04-28T00:00:00.000000000Z,35,85,31122618,2.000000000,2.000000000,2.000000000,2.000000000,400,TFO   7  31122618
2026-04-28T00:00:00.000000000Z,35,58,108564128,,,,,350,TFO FMU0026_OMCE0000100002082626
2026-04-28T00:00:00.000000000Z,35,58,108400937,3.400000000,3.400000000,3.400000000,3.400000000,1450,TFO FMN0026_OMPE0000040002062626
2026-04-28T00:00:00.000000000Z,35,58,108455373,2.910000000,2.910000000,2.910000000,2.910000000,50,TFO FQN0026.U0026_OQPE0000038002062
2026-04-28T00:00:00.000000000Z,35,85,31127417,1.050000000,1.100000000,1.050000000,1.100000000,1050,TFO   5  31127417
2026-04-28T00:00:00.000000000Z,35,58,108215811,0.140000000,0.150000000,0.140000000,0.150000000,300,TFO FMM0026_OMPE0000030002052726
2026-04-28T00:00:00.000000000Z,35,85,31138138,0.650000000,0.650000000,0.650000000,0.650000000,25,TFO  47  31138138
2026-04-28T00:00:00.000000000Z,35,85,31137640,1.850000000,1.850000000,1.850000000,1.850000000,250,TFO  58  31137640
2026-04-28T00:00:00.000000000Z,35,85,31137835,3.300000000,3.300000000,3.300000000,3.300000000,100,TFO  58  31137835
2026-04-28T00:00:00.000000000Z,35,58,109184385,,,,,475,TFO FMN0026_OMCE0000055002062626
2026-04-28T00:00:00.000000000Z,35,58,108476848,4.550000000,4.550000000,3.430000000,3.430000000,655,TFO FMM0026_OMCE0000045002052726
2026-04-28T00:00:00.000000000Z,35,58,108481251,1.800000000,1.800000000,1.800000000,1.800000000,125,TFO FQF0027.H0027_OQPE0000028002122
2026-04-28T00:00:00.000000000Z,35,58,110698342,,,,,150,TFO FMN0026_OMCE0000090002062626
2026-04-28T00:00:00.000000000Z,35,58,108338588,,,,,50,TFO FMQ0026_OMPE0000028002072726
2026-04-28T00:00:00.000000000Z,35,85,31137832,8.150000000,8.150000000,8.150000000,8.150000000,25,TFO  55  31137832
2026-04-28T00:00:00.000000000Z,35,85,109408517,1.300000000,1.300000000,1.000000000,1.000000000,345,TFO FMM0026_OMCE0000060002052726
2026-04-28T00:00:00.000000000Z,35,58,108323493,,,,,50,TFO FMN0026_OMPE0000038002062626
2026-04-28T00:00:00.000000000Z,35,58,108332543,1.650000000,1.990000000,1.625000000,1.990000000,2550,TFO FMM0026_OMPE0000040002052726
2026-04-28T00:00:00.000000000Z,35,85,108215821,0.575000000,0.575000000,0.540000000,0.540000000,50,TFO FMM0026_OMPE0000035002052726
2026-04-28T00:00:00.000000000Z,35,58,109184388,,,,,30,TFO FMQ0026_OMPE0000055002072726
2026-04-28T00:00:00.000000000Z,35,58,110698348,,,,,150,TFO FMQ0026_OMCE0000090002072726
2026-04-28T00:00:00.000000000Z,35,58,108992846,5.150000000,5.150000000,5.150000000,5.150000000,100,TFO FQF0027.H0027_OQCE0000075002122
2026-04-28T00:00:00.000000000Z,35,58,108685175,0.775000000,0.775000000,0.775000000,0.775000000,40,TFO FSV0026.H0027_OSPE0000025002092
2026-04-28T00:00:00.000000000Z,35,58,108847192,6.180000000,6.180000000,6.180000000,6.180000000,1875,TFO FMU0026_OMCE0000050002082626
2026-04-28T00:00:00.000000000Z,35,58,110733390,,,,,90,TFO FMZ0026_OMCE0000053002112626
2026-04-28T00:00:00.000000000Z,35,85,31137790,2.575000000,2.575000000,2.575000000,2.575000000,125,TFO  72  31137790
2026-04-28T00:00:00.000000000Z,35,85,31138151,3.800000000,3.800000000,3.800000000,3.800000000,350,TFO  55  31138151
2026-04-28T00:00:00.000000000Z,35,85,31137622,7.800000000,7.800000000,7.800000000,7.800000000,200,TFO  58  31137622
2026-04-28T00:00:00.000000000Z,35,58,108990636,,,,,100,TFO FMG0027_OMCE0000075002012727
2026-04-28T00:00:00.000000000Z,35,85,31137615,0.415000000,0.415000000,0.415000000,0.415000000,90,TFO  50  31137615
2026-04-28T00:00:00.000000000Z,35,85,31137577,1.650000000,1.650000000,1.625000000,1.625000000,350,TFO  56  31137577
2026-04-28T00:00:00.000000000Z,35,58,109408523,,,,,2120,TFO FMU0026_OMCE0000060002082626
2026-04-28T00:00:00.000000000Z,35,58,109185605,4.455000000,4.455000000,3.800000000,3.800000000,475,TFO FQN0026.U0026_OQCE0000055002062
2026-04-28T00:00:00.000000000Z,35,58,108476937,6.410000000,6.410000000,6.410000000,6.410000000,75,TFO FQN0026.U0026_OQPE0000045002062
2026-04-28T00:00:00.000000000Z,35,58,109335147,4.040000000,4.040000000,4.040000000,4.040000000,200,TFO FMX0026_OMCE0000070002102726
2026-04-28T00:00:00.000000000Z,35,85,31137526,1.625000000,1.625000000,1.625000000,1.625000000,400,TFO  46  31137526
2026-04-28T00:00:00.000000000Z,35,58,109839119,6.700000000,6.700000000,6.700000000,6.700000000,300,TFO FQF0027.H0027_OQCE0000060002122
2026-04-28T00:00:00.000000000Z,35,58,108476840,6.175000000,6.175000000,5.050000000,5.050000000,2400,TFO FMN0026_OMCE0000045002062626
2026-04-28T00:00:00.000000000Z,35,58,108481273,,,,,125,TFO FMF0027_OMPE0000028002122426
2026-04-28T00:00:00.000000000Z,35,58,108482174,,,,,200,TFO FMZ0026_OMCE0000040002112626
2026-04-28T00:00:00.000000000Z,35,85,110288739,0.875000000,0.985000000,0.875000000,0.985000000,25,TFO FMQ0026_OMPE0000031502072726
2026-04-28T00:00:00.000000000Z,35,85,31137546,0.620000000,0.620000000,0.620000000,0.620000000,90,TFO   6  31137546
2026-04-28T00:00:00.000000000Z,35,58,109308651,8.690000000,8.690000000,7.750000000,7.750000000,325,TFO FQF0027.H0027_OQCE0000050002122
2026-04-28T00:00:00.000000000Z,35,85,31138172,1.300000000,1.300000000,1.300000000,1.300000000,775,TFO  50  31138172
2026-04-28T00:00:00.000000000Z,35,58,109576087,2.250000000,2.250000000,2.250000000,2.250000000,1000,TFO FQN0026.U0026_OQCE0000070002062
2026-04-28T00:00:00.000000000Z,35,58,110731404,6.425000000,6.425000000,6.425000000,6.425000000,90,TFO FQV0026.Z0026_OQCE0000053002092
2026-04-28T00:00:00.000000000Z,35,85,31138066,0.000000000,0.000000000,-0.100000000,-0.100000000,250,TFO  34  31138066
2026-04-28T00:00:00.000000000Z,35,58,108990634,,,,,100,TFO FMF0027_OMCE0000075002122426
2026-04-28T00:00:00.000000000Z,35,58,108481317,,,,,125,TFO FMH0027_OMPE0000028002022427
2026-04-28T00:00:00.000000000Z,35,58,109335151,,,,,425,TFO FMF0027_OMCE0000070002122426
2026-04-28T00:00:00.000000000Z,35,58,108455367,1.570000000,1.880000000,1.570000000,1.875000000,2825,TFO FQN0026.U0026_OQPE0000035002062
2026-04-28T00:00:00.000000000Z,35,58,108280829,0.195000000,0.195000000,0.195000000,0.195000000,600,TFO FMN0026_OMPE0000027002062626
2026-04-28T00:00:00.000000000Z,35,58,108248812,1.080000000,1.200000000,1.080000000,1.200000000,150,TFO FMM0026_OMPE0000038002052726
2026-04-28T00:00:00.000000000Z,35,85,31137636,2.775000000,2.775000000,2.775000000,2.775000000,200,TFO   6  31137636
2026-04-28T00:00:00.000000000Z,35,85,31137994,2.135000000,2.135000000,2.135000000,2.135000000,25,TFO  50  31137994
2026-04-28T00:00:00.000000000Z,35,58,109184387,,,,,475,TFO FMQ0026_OMCE0000055002072726
2026-04-28T00:00:00.000000000Z,35,85,31137920,2.390000000,2.390000000,2.390000000,2.390000000,50,TFO  51  31137920
2026-04-28T00:00:00.000000000Z,35,58,109308583,,,,,200,TFO FMZ0026_OMCE0000050002112626
2026-04-28T00:00:00.000000000Z,35,58,108847187,7.775000000,7.775000000,7.775000000,7.775000000,400,TFO FMM0026_OMPE0000050002052726
2026-04-28T00:00:00.000000000Z,35,58,108565850,0.860000000,0.860000000,0.860000000,0.860000000,350,TFO FQN0026.U0026_OQCE0000100002062
2026-04-28T00:00:00.000000000Z,35,58,109838781,,,,,1100,TFO FMV0026_OMCE0000060002092526
2026-04-28T00:00:00.000000000Z,35,58,109370297,6.240000000,6.240000000,5.905000000,5.905000000,200,TFO FQF0027.H0027_OQCE0000065002122
2026-04-28T00:00:00.000000000Z,35,58,110698368,,,,,150,TFO FMU0026_OMCE0000090002082626
2026-04-28T00:00:00.000000000Z,35,58,108476841,,,,,75,TFO FMN0026_OMPE0000045002062626
2026-04-28T00:00:00.000000000Z,35,58,108482008,,,,,180,TFO FMG0027_OMCE0000045002012727
2026-04-28T00:00:00.000000000Z,35,85,108215803,0.090000000,0.090000000,0.090000000,0.090000000,800,TFO FMM0026_OMPE0000026002052726
2026-04-28T00:00:00.000000000Z,35,58,109254271,,,,,100,TFO FMV0026_OMCE0000100002092526
2026-04-28T00:00:00.000000000Z,35,85,31137710,0.825000000,0.825000000,0.825000000,0.825000000,200,TFO   7  31137710
2026-04-28T00:00:00.000000000Z,35,85,31137649,-0.075000000,-0.075000000,-0.075000000,-0.075000000,400,TFO  77  31137649
2026-04-28T00:00:00.000000000Z,35,58,108476869,,,,,75,TFO FMQ0026_OMPE0000045002072726
2026-04-28T00:00:00.000000000Z,35,58,110615018,3.220000000,3.220000000,3.220000000,3.220000000,300,TFO FMX0026_OMCE0000080002102726
2026-04-29T00:00:00.000000000Z,35,85,31138094,1.885000000,1.885000000,1.885000000,1.885000000,75,TFO  56  31138094
2026-04-29T00:00:00.000000000Z,35,58,108215823,0.580000000,0.580000000,0.500000000,0.510000000,1200,TFO FMM0026_OMPE0000036002052726
2026-04-29T00:00:00.000000000Z,35,58,108990640,4.275000000,4.500000000,4.275000000,4.500000000,3100,TFO FSV0026.H0027_OSCE0000075002092
2026-04-29T00:00:00.000000000Z,35,85,31139082,0.725000000,0.725000000,0.725000000,0.725000000,50,TFO  50  31139082
2026-04-29T00:00:00.000000000Z,35,85,31138447,8.350000000,8.350000000,8.350000000,8.350000000,250,TFO  53  31138447
2026-04-29T00:00:00.000000000Z,35,58,108484215,,,,,150,TFO FMZ0027_OMPE0000025002112627
2026-04-29T00:00:00.000000000Z,35,58,109308589,,,,,475,TFO FMH0027_OMCE0000050002022427
2026-04-29T00:00:00.000000000Z,35,85,31136591,8.250000000,8.250000000,8.250000000,8.250000000,100,TFO  22  31136591
2026-04-29T00:00:00.000000000Z,35,58,108685479,,,,,250,TFO FMM0027_OMPE0000020002052627
2026-04-29T00:00:00.000000000Z,35,85,31138399,0.810000000,0.810000000,0.810000000,0.810000000,200,TFO   7  31138399
2026-04-29T00:00:00.000000000Z,35,58,109370197,2.100000000,2.100000000,2.100000000,2.100000000,2515,TFO FMN0026_OMCE0000065002062626
2026-04-29T00:00:00.000000000Z,35,58,108481199,,,,,500,TFO FMX0026_OMPE0000035002102726
2026-04-29T00:00:00.000000000Z,35,58,108481475,,,,,250,TFO FMN0027_OMPE0000030002062527
2026-04-29T00:00:00.000000000Z,35,58,108481317,,,,,75,TFO FMH0027_OMPE0000028002022427
2026-04-29T00:00:00.000000000Z,35,85,31138503,3.300000000,3.300000000,3.300000000,3.300000000,200,TFO  19  31138503
2026-04-29T00:00:00.000000000Z,35,85,31138893,1.225000000,1.225000000,1.225000000,1.225000000,100,TFO  65  31138893
2026-04-29T00:00:00.000000000Z,35,85,31138949,0.125000000,0.125000000,0.125000000,0.125000000,100,TFO   7  31138949
2026-04-29T00:00:00.000000000Z,35,58,108476840,5.890000000,5.890000000,5.800000000,5.800000000,875,TFO FMN0026_OMCE0000045002062626
2026-04-29T00:00:00.000000000Z,35,85,31138632,2.375000000,2.375000000,2.375000000,2.375000000,200,TFO  50  31138632
2026-04-29T00:00:00.000000000Z,35,85,31138538,7.000000000,7.000000000,7.000000000,7.000000000,25,TFO  72  31138538
2026-04-29T00:00:00.000000000Z,35,85,31139131,15.150000000,15.150000000,15.150000000,15.150000000,150,TFO  22  31139131
2026-04-29T00:00:00.000000000Z,35,85,31135301,2.100000000,2.100000000,2.100000000,2.100000000,100,TFO   6  31135301
2026-04-29T00:00:00.000000000Z,35,58,108476858,7.520000000,7.520000000,7.520000000,7.520000000,625,TFO FMU0026_OMCE0000045002082626
2026-04-29T00:00:00.000000000Z,35,58,108476873,,,,,150,TFO FMQ0026_OMPE0000047002072726
2026-04-29T00:00:00.000000000Z,35,58,109254273,,,,,1500,TFO FMX0026_OMCE0000100002102726
2026-04-29T00:00:00.000000000Z,35,58,108482088,,,,,25,TFO FMF0027_OMCE0000046002122426
2026-04-29T00:00:00.000000000Z,35,58,108482627,8.100000000,8.310000000,8.100000000,8.310000000,1050,TFO FSV0026.H0027_OSPE0000042002092
2026-04-29T00:00:00.000000000Z,35,85,31139047,3.300000000,3.300000000,3.300000000,3.300000000,50,TFO  51  31139047
2026-04-29T00:00:00.000000000Z,35,85,31139043,0.775000000,0.775000000,0.775000000,0.775000000,200,TFO  50  31139043
2026-04-29T00:00:00.000000000Z,35,58,109370201,,,,,425,TFO FMU0026_OMCE0000065002082626
2026-04-29T00:00:00.000000000Z,35,58,108280841,0.710000000,0.815000000,0.650000000,0.650000000,1000,TFO FMN0026_OMPE0000033002062626
2026-04-29T00:00:00.000000000Z,35,85,31138463,0.080000000,0.080000000,0.000000000,0.000000000,1000,TFO  75  31138463
2026-04-29T00:00:00.000000000Z,35,85,108476848,4.300000000,4.300000000,4.300000000,4.300000000,50,TFO FMM0026_OMCE0000045002052726
2026-04-29T00:00:00.000000000Z,35,58,108476847,3.700000000,3.700000000,3.700000000,3.700000000,1150,TFO FMM0026_OMPE0000044002052726
2026-04-29T00:00:00.000000000Z,35,58,108482158,,,,,325,TFO FMV0026_OMCE0000045002092526
2026-04-29T00:00:00.000000000Z,35,58,108284663,,,,,300,TFO FMN0026_OMPE0000034002062626
2026-04-29T00:00:00.000000000Z,35,58,109370207,,,,,200,TFO FMZ0026_OMCE0000065002112626
2026-04-29T00:00:00.000000000Z,35,58,108481167,1.350000000,1.400000000,1.250000000,1.250000000,250,TFO FQV0026.Z0026_OQPE0000030002092
2026-04-29T00:00:00.000000000Z,35,58,108455385,,,,,500,TFO FMV0026_OMPE0000035002092526
2026-04-29T00:00:00.000000000Z,35,85,31138380,1.800000000,1.800000000,1.800000000,1.800000000,200,TFO  56  31138380
2026-04-29T00:00:00.000000000Z,35,85,110704948,1.620000000,1.660000000,1.620000000,1.660000000,50,TFO FMM0026_OMCE0000056002052726
2026-04-29T00:00:00.000000000Z,35,58,109370215,,,,,300,TFO FMH0027_OMCE0000065002022427
2026-04-29T00:00:00.000000000Z,35,58,109254279,,,,,1500,TFO FMG0027_OMCE0000100002012727
2026-04-29T00:00:00.000000000Z,35,58,108481203,,,,,1100,TFO FMX0026_OMPE0000037002102726
2026-04-29T00:00:00.000000000Z,35,58,108484411,,,,,105,TFO FMG0027_OMPE0000027002012727
2026-04-29T00:00:00.000000000Z,35,58,108476844,5.350000000,5.350000000,5.350000000,5.350000000,450,TFO FMN0026_OMCE0000047002062626
2026-04-29T00:00:00.000000000Z,35,58,108398556,,,,,700,TFO FMU0026_OMPE0000035002082626
2026-04-29T00:00:00.000000000Z,35,58,108481397,,,,,25,TFO FMJ0027_OMPE0000035002032527
2026-04-29T00:00:00.000000000Z,35,85,31138744,0.500000000,0.500000000,0.500000000,0.500000000,1500,TFO  56  31138744
2026-04-29T00:00:00.000000000Z,35,58,108481529,,,,,25,TFO FMU0027_OMPE0000035002082627
2026-04-29T00:00:00.000000000Z,35,85,31139189,0.150000000,0.150000000,0.150000000,0.150000000,100,TFO  75  31139189
2026-04-29T00:00:00.000000000Z,35,58,108482520,8.100000000,8.650000000,8.100000000,8.650000000,250,TFO FQV0026.Z0026_OQCE0000045002092
2026-04-29T00:00:00.000000000Z,35,58,108482542,9.250000000,9.250000000,9.250000000,9.250000000,25,TFO FQF0027.H0027_OQCE0000046002122
2026-04-29T00:00:00.000000000Z,35,58,108847192,,,,,1600,TFO FMU0026_OMCE0000050002082626
2026-04-29T00:00:00.000000000Z,35,58,108398560,,,,,700,TFO FMU0026_OMPE0000037002082626
2026-04-29T00:00:00.000000000Z,35,85,31138566,0.700000000,0.700000000,0.700000000,0.700000000,30,TFO   6  31138566
2026-04-29T00:00:00.000000000Z,35,85,31138515,9.250000000,9.250000000,9.250000000,9.250000000,25,TFO  55  31138515
2026-04-29T00:00:00.000000000Z,35,58,108847190,,,,,1600,TFO FMQ0026_OMCE0000050002072726
2026-04-29T00:00:00.000000000Z,35,85,31139011,0.750000000,0.750000000,0.750000000,0.750000000,150,TFO  56  31139011
2026-04-29T00:00:00.000000000Z,35,58,108685185,0.895000000,0.895000000,0.775000000,0.775000000,250,TFO FSJ0027.U0027_OSPE0000020002032
2026-04-29T00:00:00.000000000Z,35,85,31115178,0.460000000,0.460000000,0.460000000,0.460000000,100,TFO  75  31115178
2026-04-29T00:00:00.000000000Z,35,58,109408519,2.540000000,3.560000000,2.540000000,3.510000000,1175,TFO FMN0026_OMCE0000060002062626
2026-04-29T00:00:00.000000000Z,35,58,108481941,,,,,45,TFO FMH0027_OMPE0000040002022427
2026-04-29T00:00:00.000000000Z,35,58,108476872,,,,,150,TFO FMQ0026_OMCE0000047002072726
2026-04-29T00:00:00.000000000Z,35,58,108297427,1.420000000,1.420000000,1.420000000,1.420000000,150,TFO FMN0026_OMPE0000036002062626
2026-04-29T00:00:00.000000000Z,35,58,108323493,,,,,150,TFO FMN0026_OMPE0000038002062626
2026-04-29T00:00:00.000000000Z,35,58,108482144,,,,,325,TFO FMX0026_OMCE0000045002102726
2026-04-29T00:00:00.000000000Z,35,58,108482632,9.250000000,9.250000000,9.250000000,9.250000000,75,TFO FSV0026.H0027_OSCE0000045002092
2026-04-29T00:00:00.000000000Z,35,58,108481197,,,,,500,TFO FMX0026_OMPE0000034002102726
2026-04-29T00:00:00.000000000Z,35,85,31138672,1.800000000,1.800000000,1.800000000,1.800000000,100,TFO  56  31138672
2026-04-29T00:00:00.000000000Z,35,85,31139126,0.950000000,0.950000000,0.950000000,0.950000000,100,TFO  76  31139126
2026-04-29T00:00:00.000000000Z,35,58,108482170,,,,,250,TFO FMU0026_OMCE0000048002082626
2026-04-29T00:00:00.000000000Z,35,58,108476849,4.275000000,4.275000000,4.070000000,4.070000000,550,TFO FMM0026_OMPE0000045002052726
2026-04-29T00:00:00.000000000Z,35,58,108398552,,,,,200,TFO FMU0026_OMPE0000033002082626
2026-04-29T00:00:00.000000000Z,35,58,108481999,,,,,45,TFO FMG0027_OMPE0000040002012727
2026-04-29T00:00:00.000000000Z,35,58,108685481,,,,,250,TFO FMK0027_OMPE0000020002042627
2026-04-29T00:00:00.000000000Z,35,85,31138396,0.520000000,0.520000000,0.520000000,0.520000000,20,TFO  50  31138396
2026-04-29T00:00:00.000000000Z,35,85,31138512,2.140000000,2.140000000,2.140000000,2.140000000,275,TFO  50  31138512
2026-04-29T00:00:00.000000000Z,35,85,31138977,8.650000000,8.750000000,8.650000000,8.750000000,75,TFO  55  31138977
2026-04-29T00:00:00.000000000Z,35,58,108482008,,,,,75,TFO FMG0027_OMCE0000045002012727
2026-04-29T00:00:00.000000000Z,35,85,31138451,-0.065000000,-0.065000000,-0.065000000,-0.065000000,50,TFO  77  31138451
2026-04-29T00:00:00.000000000Z,35,85,31139122,7.075000000,7.075000000,7.075000000,7.075000000,25,TFO  56  31139122
2026-04-29T00:00:00.000000000Z,35,58,109184387,,,,,1500,TFO FMQ0026_OMCE0000055002072726
2026-04-29T00:00:00.000000000Z,35,58,108816599,2.900000000,2.900000000,2.900000000,2.900000000,150,TFO FSV0027.H0028_OSPE0000025002092
2026-04-29T00:00:00.000000000Z,35,58,108481213,,,,,500,TFO FMZ0026_OMPE0000031002112626
2026-04-29T00:00:00.000000000Z,35,85,31138674,1.800000000,1.800000000,1.800000000,1.800000000,50,TFO  56  31138674
2026-04-29T00:00:00.000000000Z,35,58,108990636,,,,,3125,TFO FMG0027_OMCE0000075002012727
2026-04-29T00:00:00.000000000Z,35,58,108484489,1.540000000,1.540000000,1.540000000,1.540000000,105,TFO FQF0027.H0027_OQPE0000027002122
2026-04-29T00:00:00.000000000Z,35,58,109184385,,,,,1500,TFO FMN0026_OMCE0000055002062626
2026-04-29T00:00:00.000000000Z,35,85,109408517,1.100000000,1.880000000,1.100000000,1.880000000,810,TFO FMM0026_OMCE0000060002052726
2026-04-29T00:00:00.000000000Z,35,85,31139000,0.320000000,0.320000000,0.320000000,0.320000000,100,TFO  51  31139000
2026-04-29T00:00:00.000000000Z,35,58,110705012,,,,,50,TFO FMM0026_OMCE0000061002052726
2026-04-29T00:00:00.000000000Z,35,58,110781208,,,,,150,TFO FMF0028_OMCE0000060002122427
2026-04-29T00:00:00.000000000Z,35,58,108482077,,,,,45,TFO FMF0027_OMPE0000040002122426
2026-04-29T00:00:00.000000000Z,35,58,108481945,,,,,1050,TFO FMH0027_OMPE0000042002022427
2026-04-29T00:00:00.000000000Z,35,85,31138775,2.275000000,2.275000000,2.100000000,2.100000000,2090,TFO  55  31138775
2026-04-29T00:00:00.000000000Z,35,58,108476851,4.170000000,4.170000000,4.170000000,4.170000000,10,TFO FMM0026_OMPE0000046002052726
2026-04-29T00:00:00.000000000Z,35,58,110698348,1.210000000,1.210000000,1.210000000,1.210000000,275,TFO FMQ0026_OMCE0000090002072726
2026-04-29T00:00:00.000000000Z,35,58,108338606,,,,,700,TFO FMQ0026_OMPE0000037002072726
2026-04-29T00:00:00.000000000Z,35,85,31138869,2.265000000,2.265000000,2.265000000,2.265000000,25,TFO  72  31138869
2026-04-29T00:00:00.000000000Z,35,58,108482184,,,,,325,TFO FMZ0026_OMCE0000045002112626
2026-04-29T00:00:00.000000000Z,35,85,31138830,0.500000000,0.500000000,0.500000000,0.500000000,400,TFO  65  31138830
2026-04-29T00:00:00.000000000Z,35,58,109370297,5.930000000,5.930000000,5.930000000,5.930000000,100,TFO FQF0027.H0027_OQCE0000065002122
2026-04-29T00:00:00.000000000Z,35,58,108685177,0.540000000,0.590000000,0.540000000,0.590000000,200,TFO FQV0026.Z0026_OQPE0000025002092
2026-04-29T00:00:00.000000000Z,35,58,108990634,,,,,3125,TFO FMF0027_OMCE0000075002122426
2026-04-29T00:00:00.000000000Z,35,58,108455379,,,,,250,TFO FMV0026_OMPE0000032002092526
2026-04-29T00:00:00.000000000Z,35,85,31138922,1.525000000,1.525000000,1.525000000,1.525000000,50,TFO  50  31138922
2026-04-29T00:00:00.000000000Z,35,58,108640515,,,,,250,TFO FMQ0027_OMPE0000020002072727
2026-04-29T00:00:00.000000000Z,35,85,31139140,4.200000000,4.200000000,4.200000000,4.200000000,200,TFO  56  31139140
2026-04-29T00:00:00.000000000Z,35,58,108481225,,,,,1100,TFO FMZ0026_OMPE0000037002112626
2026-04-29T00:00:00.000000000Z,35,58,108847982,5.120000000,6.225000000,4.750000000,6.225000000,1600,TFO FQN0026.U0026_OQCE0000050002062
2026-04-29T00:00:00.000000000Z,35,58,108476848,3.900000000,4.270000000,3.900000000,4.270000000,910,TFO FMM0026_OMCE0000045002052726
2026-04-29T00:00:00.000000000Z,35,85,31138724,1.540000000,1.540000000,1.540000000,1.540000000,80,TFO  56  31138724
2026-04-29T00:00:00.000000000Z,35,85,31139067,0.050000000,0.050000000,0.050000000,0.050000000,150,TFO  75  31139067
2026-04-29T00:00:00.000000000Z,35,58,109254283,2.975000000,3.570000000,2.975000000,3.570000000,1500,TFO FSV0026.H0027_OSCE0000100002092
2026-04-29T00:00:00.000000000Z,35,58,108481351,7.075000000,7.075000000,7.075000000,7.075000000,25,TFO FSJ0027.U0027_OSPE0000035002032
2026-04-29T00:00:00.000000000Z,35,58,108481419,,,,,25,TFO FMK0027_OMPE0000035002042627
2026-04-29T00:00:00.000000000Z,35,85,31139150,4.625000000,4.625000000,4.625000000,4.625000000,300,TFO  56  31139150
2026-04-29T00:00:00.000000000Z,35,85,31138381,1.800000000,1.800000000,1.800000000,1.800000000,100,TFO  56  31138381
2026-04-29T00:00:00.000000000Z,35,58,108455367,1.700000000,1.700000000,1.600000000,1.600000000,700,TFO FQN0026.U0026_OQPE0000035002062
2026-04-29T00:00:00.000000000Z,35,58,108992844,3.225000000,3.225000000,3.225000000,3.225000000,250,TFO FQV0026.Z0026_OQCE0000075002092
2026-04-29T00:00:00.000000000Z,35,58,109254271,,,,,1500,TFO FMV0026_OMCE0000100002092526
2026-04-29T00:00:00.000000000Z,35,58,109408521,3.350000000,3.350000000,3.350000000,3.350000000,600,TFO FMQ0026_OMCE0000060002072726
2026-04-29T00:00:00.000000000Z,35,85,108476931,4.770000000,4.770000000,4.770000000,4.770000000,25,TFO FQN0026.U0026_OQPE0000042002062
2026-04-29T00:00:00.000000000Z,35,58,108646536,0.635000000,0.635000000,0.635000000,0.635000000,200,TFO FMM0026_OMCE0000075002052726
2026-04-29T00:00:00.000000000Z,35,58,108481171,1.800000000,1.800000000,1.800000000,1.800000000,250,TFO FQV0026.Z0026_OQPE0000032002092
2026-04-29T00:00:00.000000000Z,35,85,108280825,0.100000000,0.100000000,0.100000000,0.100000000,200,TFO FMN0026_OMPE0000025002062626
2026-04-29T00:00:00.000000000Z,35,58,108847186,2.515000000,3.400000000,2.515000000,3.400000000,2325,TFO FMM0026_OMCE0000050002052726
2026-04-29T00:00:00.000000000Z,35,58,110698378,2.050000000,2.050000000,2.050000000,2.050000000,800,TFO FMU0026_OMCE0000085002082626
2026-04-29T00:00:00.000000000Z,35,58,109370205,,,,,200,TFO FMX0026_OMCE0000065002102726
2026-04-29T00:00:00.000000000Z,35,58,108293633,1.275000000,1.275000000,1.100000000,1.100000000,2050,TFO FMN0026_OMPE0000035002062626
2026-04-29T00:00:00.000000000Z,35,85,31138833,1.225000000,1.225000000,1.225000000,1.225000000,250,TFO  65  31138833
2026-04-29T00:00:00.000000000Z,35,58,108816661,,,,,150,TFO FMF0028_OMPE0000025002122427
2026-04-29T00:00:00.000000000Z,35,85,31138679,1.800000000,1.800000000,1.800000000,1.800000000,100,TFO  56  31138679
2026-04-29T00:00:00.000000000Z,35,58,108847188,4.290000000,5.430000000,4.290000000,5.430000000,2450,TFO FMN0026_OMCE0000050002062626
2026-04-29T00:00:00.000000000Z,35,58,110781202,,,,,150,TFO FMV0027_OMCE0000060002092427
2026-04-29T00:00:00.000000000Z,35,85,31138735,4.400000000,4.525000000,4.400000000,4.525000000,500,TFO  55  31138735
2026-04-29T00:00:00.000000000Z,35,58,109308585,,,,,475,TFO FMF0027_OMCE0000050002122426
2026-04-29T00:00:00.000000000Z,35,58,108481950,,,,,75,TFO FMH0027_OMCE0000045002022427
2026-04-29T00:00:00.000000000Z,35,85,31138625,11.600000000,11.600000000,11.600000000,11.600000000,100,TFO  22  31138625
2026-04-29T00:00:00.000000000Z,35,85,31138815,2.200000000,2.200000000,2.200000000,2.200000000,125,TFO  58  31138815
2026-04-29T00:00:00.000000000Z,35,85,31138522,0.450000000,0.450000000,0.450000000,0.450000000,925,TFO  58  31138522
2026-04-29T00:00:00.000000000Z,35,58,108481215,,,,,250,TFO FMZ0026_OMPE0000032002112626
2026-04-29T00:00:00.000000000Z,35,58,108640503,,,,,200,TFO FMV0026_OMPE0000025002092526
2026-04-29T00:00:00.000000000Z,35,85,31139149,0.250000000,0.250000000,0.250000000,0.250000000,500,TFO  73  31139149
2026-04-29T00:00:00.000000000Z,35,85,31139006,1.250000000,1.250000000,1.250000000,1.250000000,50,TFO  55  31139006
2026-04-29T00:00:00.000000000Z,35,58,109370271,5.425000000,5.425000000,5.425000000,5.425000000,200,TFO FSV0026.H0027_OSCE0000065002092
2026-04-29T00:00:00.000000000Z,35,58,108245410,0.750000000,0.750000000,0.750000000,0.750000000,150,TFO FMM0026_OMPE0000037002052726
2026-04-29T00:00:00.000000000Z,35,85,108847190,6.400000000,6.400000000,6.400000000,6.400000000,50,TFO FMQ0026_OMCE0000050002072726
2026-04-29T00:00:00.000000000Z,35,58,108481191,,,,,500,TFO FMX0026_OMPE0000031002102726
2026-04-29T00:00:00.000000000Z,35,58,108302833,,,,,700,TFO FMN0026_OMPE0000037002062626
2026-04-29T00:00:00.000000000Z,35,58,109308591,7.800000000,9.300000000,7.800000000,9.300000000,375,TFO FSV0026.H0027_OSCE0000050002092
2026-04-29T00:00:00.000000000Z,35,85,31138441,0.890000000,0.890000000,0.890000000,0.890000000,200,TFO  50  31138441
2026-04-29T00:00:00.000000000Z,35,58,108484179,,,,,100,TFO FMQ0027_OMPE0000024002072727
2026-04-29T00:00:00.000000000Z,35,58,109254281,,,,,1500,TFO FMH0027_OMCE0000100002022427
2026-04-29T00:00:00.000000000Z,35,58,108481189,,,,,250,TFO FMX0026_OMPE0000030002102726
2026-04-29T00:00:00.000000000Z,35,58,108455373,2.400000000,2.400000000,2.400000000,2.400000000,150,TFO FQN0026.U0026_OQPE0000038002062
2026-04-29T00:00:00.000000000Z,35,58,108816683,,,,,150,TFO FMG0028_OMPE0000025002012728
2026-04-29T00:00:00.000000000Z,35,58,108484127,,,,,100,TFO FMJ0027_OMPE0000024002032527
2026-04-29T00:00:00.000000000Z,35,85,109576073,0.550000000,0.925000000,0.550000000,0.925000000,420,TFO FMM0026_OMCE0000070002052726
2026-04-29T00:00:00.000000000Z,35,58,108481181,4.100000000,4.100000000,2.815000000,2.815000000,1100,TFO FQV0026.Z0026_OQPE0000037002092
2026-04-29T00:00:00.000000000Z,35,58,109576079,3.040000000,3.050000000,3.040000000,3.050000000,625,TFO FMU0026_OMCE0000070002082626
2026-04-29T00:00:00.000000000Z,35,58,108381946,2.155000000,2.155000000,2.155000000,2.155000000,400,TFO FMM0026_OMPE0000041002052726
2026-04-29T00:00:00.000000000Z,35,85,31138519,-0.250000000,-0.250000000,-0.250000000,-0.250000000,500,TFO  49  31138519
2026-04-29T00:00:00.000000000Z,35,58,108481409,,,,,250,TFO FMK0027_OMPE0000030002042627
2026-04-29T00:00:00.000000000Z,35,58,108990630,,,,,3350,TFO FMX0026_OMCE0000075002102726
2026-04-29T00:00:00.000000000Z,35,85,31138727,1.540000000,1.540000000,1.540000000,1.540000000,25,TFO  56  31138727
2026-04-29T00:00:00.000000000Z,35,58,108476936,6.100000000,6.850000000,6.100000000,6.850000000,575,TFO FQN0026.U0026_OQCE0000045002062
2026-04-29T00:00:00.000000000Z,35,58,110781210,,,,,150,TFO FMG0028_OMCE0000060002012728
2026-04-29T00:00:00.000000000Z,35,58,108484187,,,,,100,TFO FMU0027_OMPE0000024002082627
2026-04-29T00:00:00.000000000Z,35,58,108481265,4.625000000,4.625000000,4.625000000,4.625000000,300,TFO FQF0027.H0027_OQPE0000035002122
2026-04-29T00:00:00.000000000Z,35,85,31138719,1.525000000,1.525000000,1.525000000,1.525000000,900,TFO  50  31138719
2026-04-29T00:00:00.000000000Z,35,58,110781214,3.250000000,3.250000000,3.250000000,3.250000000,150,TFO FSV0027.H0028_OSCE0000060002092
2026-04-29T00:00:00.000000000Z,35,58,109576077,,,,,175,TFO FMQ0026_OMCE0000070002072726
2026-04-29T00:00:00.000000000Z,35,85,31138842,2.875000000,2.875000000,2.875000000,2.875000000,1000,TFO  56  31138842
2026-04-29T00:00:00.000000000Z,35,85,31138931,1.150000000,1.150000000,1.150000000,1.150000000,100,TFO  55  31138931
2026-04-29T00:00:00.000000000Z,35,85,108215821,0.435000000,0.435000000,0.435000000,0.435000000,900,TFO FMM0026_OMPE0000035002052726
2026-04-29T00:00:00.000000000Z,35,58,109576087,2.240000000,2.240000000,2.240000000,2.240000000,175,TFO FQN0026.U0026_OQCE0000070002062
2026-04-29T00:00:00.000000000Z,35,85,31138762,9.250000000,9.250000000,9.250000000,9.250000000,50,TFO  55  31138762
2026-04-29T00:00:00.000000000Z,35,58,109408517,1.165000000,1.750000000,1.120000000,1.750000000,600,TFO FMM0026_OMCE0000060002052726
2026-04-29T00:00:00.000000000Z,35,58,108990638,,,,,3125,TFO FMH0027_OMCE0000075002022427
2026-04-29T00:00:00.000000000Z,35,58,109838781,4.630000000,4.630000000,4.570000000,4.570000000,950,TFO FMV0026_OMCE0000060002092526
2026-04-29T00:00:00.000000000Z,35,58,108455383,,,,,500,TFO FMV0026_OMPE0000034002092526
2026-04-29T00:00:00.000000000Z,35,85,31138717,1.525000000,1.525000000,1.525000000,1.525000000,50,TFO  50  31138717
2026-04-29T00:00:00.000000000Z,35,58,109308579,6.465000000,6.465000000,6.465000000,6.465000000,975,TFO FMV0026_OMCE0000050002092526
2026-04-29T00:00:00.000000000Z,35,58,109370213,,,,,300,TFO FMG0027_OMCE0000065002012727
2026-04-29T00:00:00.000000000Z,35,85,108280835,0.380000000,0.380000000,0.380000000,0.380000000,50,TFO FMN0026_OMPE0000030002062626
2026-04-29T00:00:00.000000000Z,35,58,108484203,,,,,150,TFO FMV0027_OMPE0000025002092427
2026-04-29T00:00:00.000000000Z,35,58,108482504,5.600000000,5.600000000,5.600000000,5.600000000,250,TFO FQN0026.U0026_OQCE0000048002062
2026-04-29T00:00:00.000000000Z,35,58,108481295,,,,,75,TFO FMG0027_OMPE0000028002012727
2026-04-29T00:00:00.000000000Z,35,85,31138375,0.135000000,0.135000000,0.135000000,0.135000000,80,TFO  24  31138375
2026-04-29T00:00:00.000000000Z,35,85,31138452,-0.065000000,-0.065000000,-0.065000000,-0.065000000,50,TFO  77  31138452
2026-04-29T00:00:00.000000000Z,35,85,31138614,1.200000000,1.200000000,1.200000000,1.200000000,250,TFO  50  31138614
2026-04-29T00:00:00.000000000Z,35,85,31136554,2.550000000,2.550000000,2.550000000,2.550000000,350,TFO  55  31136554
2026-04-29T00:00:00.000000000Z,35,58,108455905,3.660000000,3.660000000,3.660000000,3.660000000,100,TFO FQN0026.U0026_OQPE0000040002062
2026-04-29T00:00:00.000000000Z,35,58,108455365,1.175000000,1.175000000,1.175000000,1.175000000,300,TFO FQN0026.U0026_OQPE0000034002062
2026-04-29T00:00:00.000000000Z,35,58,110781206,,,,,150,TFO FMZ0027_OMCE0000060002112627
2026-04-29T00:00:00.000000000Z,35,85,31138821,1.250000000,1.250000000,1.250000000,1.250000000,50,TFO  56  31138821
2026-04-29T00:00:00.000000000Z,35,85,31138484,5.750000000,5.750000000,5.750000000,5.750000000,150,TFO  16  31138484
2026-04-29T00:00:00.000000000Z,35,58,109576075,,,,,175,TFO FMN0026_OMCE0000070002062626
2026-04-29T00:00:00.000000000Z,35,85,31139090,2.750000000,2.750000000,2.750000000,2.750000000,10,TFO   7  31139090
2026-04-29T00:00:00.000000000Z,35,58,108564126,,,,,50,TFO FMQ0026_OMCE0000100002072726
2026-04-29T00:00:00.000000000Z,35,85,31138730,0.510000000,0.510000000,0.510000000,0.510000000,100,TFO  56  31138730
2026-04-29T00:00:00.000000000Z,35,58,108685467,,,,,200,TFO FMZ0026_OMPE0000025002112626
2026-04-29T00:00:00.000000000Z,35,58,109254277,,,,,1500,TFO FMF0027_OMCE0000100002122426
2026-04-29T00:00:00.000000000Z,35,58,108428647,,,,,25,TFO FMQ0026_OMPE0000042002072726
2026-04-29T00:00:00.000000000Z,35,58,108248812,1.000000000,1.000000000,1.000000000,1.000000000,400,TFO FMM0026_OMPE0000038002052726
2026-04-29T00:00:00.000000000Z,35,58,108476941,7.300000000,7.300000000,7.300000000,7.300000000,150,TFO FQN0026.U0026_OQPE0000047002062
2026-04-29T00:00:00.000000000Z,35,58,108381602,,,,,100,TFO FMQ0026_OMPE0000040002072726
2026-04-29T00:00:00.000000000Z,35,58,110795292,1.150000000,1.150000000,1.150000000,1.150000000,100,TFO FMM0026_OMCE0000062002052726
2026-04-29T00:00:00.000000000Z,35,58,109254275,,,,,1500,TFO FMZ0026_OMCE0000100002112626
2026-04-29T00:00:00.000000000Z,35,58,108481507,,,,,25,TFO FMQ0027_OMPE0000035002072727
2026-04-29T00:00:00.000000000Z,35,58,109308583,,,,,625,TFO FMZ0026_OMCE0000050002112626
2026-04-29T00:00:00.000000000Z,35,58,108484109,1.850000000,1.850000000,1.850000000,1.850000000,100,TFO FSJ0027.U0027_OSPE0000024002032
2026-04-29T00:00:00.000000000Z,35,85,108338598,0.990000000,0.990000000,0.990000000,0.990000000,10,TFO FMQ0026_OMPE0000033002072726
2026-04-29T00:00:00.000000000Z,35,58,108685483,,,,,250,TFO FMJ0027_OMPE0000020002032527
2026-04-29T00:00:00.000000000Z,35,58,108476852,3.300000000,3.300000000,3.300000000,3.300000000,110,TFO FMM0026_OMCE0000047002052726
2026-04-29T00:00:00.000000000Z,35,85,31138479,3.425000000,3.425000000,3.425000000,3.425000000,250,TFO  50  31138479
2026-04-29T00:00:00.000000000Z,35,58,108476845,,,,,150,TFO FMN0026_OMPE0000047002062626
2026-04-29T00:00:00.000000000Z,35,85,108482168,4.400000000,4.400000000,4.400000000,4.400000000,10,TFO FMM0026_OMCE0000048002052726
2026-04-29T00:00:00.000000000Z,35,58,108481193,,,,,250,TFO FMX0026_OMPE0000032002102726
2026-04-29T00:00:00.000000000Z,35,58,110704948,,,,,50,TFO FMM0026_OMCE0000056002052726
2026-04-29T00:00:00.000000000Z,35,58,108401031,,,,,200,TFO FMM0026_OMPE0000042002052726
2026-04-29T00:00:00.000000000Z,35,58,108482003,,,,,1050,TFO FMG0027_OMPE0000042002012727
2026-04-29T00:00:00.000000000Z,35,58,108350892,,,,,150,TFO FMQ0026_OMPE0000038002072726
2026-04-29T00:00:00.000000000Z,35,58,108482531,7.600000000,7.600000000,7.600000000,7.600000000,45,TFO FQF0027.H0027_OQPE0000040002122
2026-04-29T00:00:00.000000000Z,35,58,108481519,,,,,250,TFO FMU0027_OMPE0000030002082627
2026-04-29T00:00:00.000000000Z,35,85,31138805,4.480000000,4.480000000,4.480000000,4.480000000,50,TFO  50  31138805
2026-04-29T00:00:00.000000000Z,35,58,108398562,,,,,150,TFO FMU0026_OMPE0000038002082626
2026-04-29T00:00:00.000000000Z,35,58,109184389,,,,,1500,TFO FMU0026_OMCE0000055002082626
2026-04-29T00:00:00.000000000Z,35,58,108482139,,,,,1050,TFO FMX0026_OMPE0000042002102726
2026-04-29T00:00:00.000000000Z,35,58,108427169,,,,,25,TFO FMU0026_OMPE0000042002082626
2026-04-29T00:00:00.000000000Z,35,85,31138904,1.450000000,1.450000000,1.450000000,1.450000000,300,TFO  63  31138904
2026-04-29T00:00:00.000000000Z,35,58,110698316,0.355000000,0.355000000,0.355000000,0.355000000,50,TFO FMM0026_OMCE0000085002052726
2026-04-29T00:00:00.000000000Z,35,58,109408601,3.550000000,4.150000000,3.550000000,4.150000000,325,TFO FQN0026.U0026_OQCE0000060002062
2026-04-29T00:00:00.000000000Z,35,58,108476863,,,,,150,TFO FMU0026_OMPE0000047002082626
2026-04-29T00:00:00.000000000Z,35,85,31138877,5.875000000,5.875000000,5.875000000,5.875000000,175,TFO  55  31138877
2026-04-29T00:00:00.000000000Z,35,58,108476846,4.690000000,4.690000000,4.690000000,4.690000000,250,TFO FMM0026_OMCE0000044002052726
2026-04-29T00:00:00.000000000Z,35,58,108476940,7.850000000,7.850000000,7.850000000,7.850000000,150,TFO FQN0026.U0026_OQCE0000047002062
2026-04-29T00:00:00.000000000Z,35,58,108484405,,,,,105,TFO FMH0027_OMPE0000027002022427
2026-04-29T00:00:00.000000000Z,35,85,31138533,5.150000000,5.150000000,5.150000000,5.150000000,25,TFO  72  31138533
2026-04-29T00:00:00.000000000Z,35,85,31138400,5.025000000,5.025000000,5.025000000,5.025000000,25,TFO  55  31138400
2026-04-29T00:00:00.000000000Z,35,58,109408523,3.955000000,3.955000000,3.955000000,3.955000000,525,TFO FMU0026_OMCE0000060002082626
2026-04-29T00:00:00.000000000Z,35,85,31138468,1.725000000,1.725000000,1.725000000,1.725000000,50,TFO  56  31138468
2026-04-29T00:00:00.000000000Z,35,58,108481273,,,,,75,TFO FMF0027_OMPE0000028002122426
2026-04-29T00:00:00.000000000Z,35,58,108457413,,,,,250,TFO FMV0026_OMPE0000030002092526
2026-04-29T00:00:00.000000000Z,35,58,108565850,1.250000000,1.250000000,1.250000000,1.250000000,50,TFO FQN0026.U0026_OQCE0000100002062
2026-04-29T00:00:00.000000000Z,35,85,31137218,-0.025000000,-0.025000000,-0.025000000,-0.025000000,500,TFO  13  31137218
2026-04-29T00:00:00.000000000Z,35,85,31138773,3.300000000,3.300000000,3.300000000,3.300000000,75,TFO  50  31138773
2026-04-29T00:00:00.000000000Z,35,58,109769257,7.450000000,7.450000000,7.450000000,7.450000000,25,TFO FQF0027.H0027_OQCE0000055002122
2026-04-29T00:00:00.000000000Z,35,85,31138504,1.125000000,1.125000000,1.125000000,1.125000000,200,TFO  58  31138504
2026-04-29T00:00:00.000000000Z,35,85,31138500,2.280000000,2.280000000,2.280000000,2.280000000,100,TFO  50  31138500
2026-04-29T00:00:00.000000000Z,35,58,109768645,,,,,25,TFO FMH0027_OMCE0000055002022427
2026-04-29T00:00:00.000000000Z,35,58,109370267,2.720000000,2.770000000,2.720000000,2.720000000,425,TFO FQN0026.U0026_OQCE0000065002062
2026-04-29T00:00:00.000000000Z,35,58,108990632,,,,,3350,TFO FMZ0026_OMCE0000075002112626
2026-04-29T00:00:00.000000000Z,35,58,108481331,,,,,800,TFO FMH0027_OMPE0000035002022427
2026-04-29T00:00:00.000000000Z,35,85,31138750,1.700000000,1.700000000,1.700000000,1.700000000,500,TFO  56  31138750
2026-04-29T00:00:00.000000000Z,35,58,108482153,,,,,1050,TFO FMV0026_OMPE0000042002092526
2026-04-29T00:00:00.000000000Z,35,58,108482179,,,,,1050,TFO FMZ0026_OMPE0000042002112626
2026-04-29T00:00:00.000000000Z,35,58,108685181,,,,,200,TFO FMX0026_OMPE0000025002102726
2026-04-29T00:00:00.000000000Z,35,85,31138559,0.830000000,0.830000000,0.830000000,0.830000000,50,TFO  55  31138559
2026-04-29T00:00:00.000000000Z,35,58,108481287,,,,,800,TFO FMF0027_OMPE0000035002122426
2026-04-29T00:00:00.000000000Z,35,58,108332543,1.750000000,1.825000000,1.420000000,1.420000000,2685,TFO FMM0026_OMPE0000040002052726
2026-04-29T00:00:00.000000000Z,35,85,108332543,1.425000000,1.425000000,1.425000000,1.425000000,140,TFO FMM0026_OMPE0000040002052726
2026-04-29T00:00:00.000000000Z,35,58,109308587,,,,,475,TFO FMG0027_OMCE0000050002012727
2026-04-29T00:00:00.000000000Z,35,58,109184383,1.680000000,2.220000000,1.660000000,2.220000000,1375,TFO FMM0026_OMCE0000055002052726
2026-04-29T00:00:00.000000000Z,35,85,109184383,2.000000000,2.000000000,2.000000000,2.000000000,15,TFO FMM0026_OMCE0000055002052726
2026-04-29T00:00:00.000000000Z,35,58,109768641,,,,,25,TFO FMF0027_OMCE0000055002122426
2026-04-29T00:00:00.000000000Z,35,58,108400937,2.875000000,2.875000000,2.875000000,2.875000000,1100,TFO FMN0026_OMPE0000040002062626
2026-04-29T00:00:00.000000000Z,35,85,31137572,0.480000000,0.480000000,0.480000000,0.480000000,50,TFO   6  31137572
2026-04-29T00:00:00.000000000Z,35,85,31138448,5.425000000,5.425000000,5.425000000,5.425000000,250,TFO  54  31138448
2026-04-29T00:00:00.000000000Z,35,58,109370211,,,,,300,TFO FMF0027_OMCE0000065002122426
2026-04-29T00:00:00.000000000Z,35,85,31135502,7.950000000,7.950000000,7.950000000,7.950000000,50,TFO  22  31135502
2026-04-29T00:00:00.000000000Z,35,58,108481309,,,,,800,TFO FMG0027_OMPE0000035002012727
2026-04-29T00:00:00.000000000Z,35,85,31139017,6.000000000,6.000000000,6.000000000,6.000000000,500,TFO  58  31139017
2026-04-29T00:00:00.000000000Z,35,58,109335145,3.430000000,3.430000000,3.430000000,3.430000000,250,TFO FMV0026_OMCE0000070002092526
2026-04-29T00:00:00.000000000Z,35,58,108643817,,,,,250,TFO FMU0027_OMPE0000020002082627
2026-04-29T00:00:00.000000000Z,35,58,108481431,,,,,250,TFO FMM0027_OMPE0000030002052627
2026-04-29T00:00:00.000000000Z,35,58,109308651,8.210000000,8.210000000,8.210000000,8.210000000,100,TFO FQF0027.H0027_OQCE0000050002122
2026-04-29T00:00:00.000000000Z,35,58,108481952,,,,,25,TFO FMH0027_OMCE0000046002022427
2026-04-29T00:00:00.000000000Z,35,85,31129117,1.900000000,1.900000000,1.900000000,1.900000000,100,TFO   6  31129117
2026-04-29T00:00:00.000000000Z,35,58,108338602,1.800000000,1.800000000,1.800000000,1.800000000,1100,TFO FMQ0026_OMPE0000035002072726
2026-04-29T00:00:00.000000000Z,35,85,31138993,3.150000000,3.150000000,3.150000000,3.150000000,25,TFO  55  31138993
2026-04-29T00:00:00.000000000Z,35,58,109370203,3.900000000,3.900000000,3.900000000,3.900000000,550,TFO FMV0026_OMCE0000065002092526
2026-04-29T00:00:00.000000000Z,35,58,108476868,,,,,575,TFO FMQ0026_OMCE0000045002072726
2026-04-29T00:00:00.000000000Z,35,58,109370195,0.830000000,1.110000000,0.830000000,1.110000000,300,TFO FMM0026_OMCE0000065002052726
2026-04-29T00:00:00.000000000Z,35,58,108484169,,,,,100,TFO FMN0027_OMPE0000024002062527
2026-04-29T00:00:00.000000000Z,35,85,31138467,1.825000000,1.825000000,1.825000000,1.825000000,250,TFO  56  31138467
2026-04-29T00:00:00.000000000Z,35,85,31138530,0.350000000,0.350000000,0.350000000,0.350000000,150,TFO  72  31138530
2026-04-29T00:00:00.000000000Z,35,85,31139103,0.450000000,0.450000000,0.450000000,0.450000000,50,TFO  56  31139103
2026-04-29T00:00:00.000000000Z,35,58,108482086,,,,,75,TFO FMF0027_OMCE0000045002122426
2026-04-29T00:00:00.000000000Z,35,85,31138598,0.340000000,0.340000000,0.340000000,0.340000000,400,TFO  58  31138598
2026-04-29T00:00:00.000000000Z,35,58,108482010,,,,,25,TFO FMG0027_OMCE0000046002012727
2026-04-29T00:00:00.000000000Z,35,58,108484137,,,,,100,TFO FMK0027_OMPE0000024002042627
2026-04-29T00:00:00.000000000Z,35,85,31139119,9.300000000,9.300000000,9.300000000,9.300000000,100,TFO  55  31139119
2026-04-29T00:00:00.000000000Z,35,58,108481341,4.075000000,4.200000000,4.075000000,4.200000000,250,TFO FSJ0027.U0027_OSPE0000030002032
2026-04-29T00:00:00.000000000Z,35,58,108816705,,,,,150,TFO FMH0028_OMPE0000025002022528
2026-04-29T00:00:00.000000000Z,35,58,108481251,1.885000000,1.885000000,1.885000000,1.885000000,75,TFO FQF0027.H0027_OQPE0000028002122
2026-04-29T00:00:00.000000000Z,35,58,109768643,,,,,25,TFO FMG0027_OMCE0000055002012727
2026-04-29T00:00:00.000000000Z,35,85,31139002,7.600000000,7.600000000,7.600000000,7.600000000,45,TFO  56  31139002
2026-04-29T00:00:00.000000000Z,35,85,31138987,3.150000000,3.400000000,3.150000000,3.400000000,1450,TFO  55  31138987
2026-04-29T00:00:00.000000000Z,35,58,108484417,,,,,105,TFO FMF0027_OMPE0000027002122426
2026-04-29T00:00:00.000000000Z,35,85,110819162,2.135000000,2.750000000,2.135000000,2.750000000,10,TFO FMN0026_OMCE0000063002062626
2026-04-29T00:00:00.000000000Z,35,58,108481221,,,,,500,TFO FMZ0026_OMPE0000035002112626
2026-04-29T00:00:00.000000000Z,35,85,31139078,5.630000000,5.630000000,5.630000000,5.630000000,100,TFO  58  31139078
2026-04-29T00:00:00.000000000Z,35,58,108280829,0.195000000,0.195000000,0.195000000,0.195000000,1000,TFO FMN0026_OMPE0000027002062626
2026-04-29T00:00:00.000000000Z,35,85,108248812,1.155000000,1.155000000,1.155000000,1.155000000,10,TFO FMM0026_OMPE0000038002052726
2026-04-29T00:00:00.000000000Z,35,85,108476847,3.230000000,3.230000000,3.230000000,3.230000000,5,TFO FMM0026_OMPE0000044002052726
2026-04-29T00:00:00.000000000Z,35,58,108481321,,,,,50,TFO FMH0027_OMPE0000030002022427
2026-04-29T00:00:00.000000000Z,35,58,108338598,,,,,200,TFO FMQ0026_OMPE0000033002072726
2026-04-29T00:00:00.000000000Z,35,58,108602791,,,,,250,TFO FMN0027_OMPE0000020002062527
2026-04-29T00:00:00.000000000Z,35,58,108476850,3.650000000,3.900000000,3.650000000,3.900000000,550,TFO FMM0026_OMCE0000046002052726
2026-04-29T00:00:00.000000000Z,35,58,108476835,,,,,25,TFO FMN0026_OMPE0000042002062626
2026-04-29T00:00:00.000000000Z,35,58,108481277,,,,,50,TFO FMF0027_OMPE0000030002122426
2026-04-29T00:00:00.000000000Z,35,58,108481299,,,,,50,TFO FMG0027_OMPE0000030002012727
2026-04-29T00:00:00.000000000Z,35,85,108475813,0.840000000,0.840000000,0.840000000,0.840000000,25,TFO FMM0026_OMPE0000036502052726
2026-04-29T00:00:00.000000000Z,35,58,108481441,,,,,25,TFO FMM0027_OMPE0000035002052627
2026-04-29T00:00:00.000000000Z,35,58,108482168,3.220000000,3.715000000,3.220000000,3.715000000,125,TFO FMM0026_OMCE0000048002052726
2026-04-29T00:00:00.000000000Z,35,58,108481497,,,,,250,TFO FMQ0027_OMPE0000030002072727
2026-04-29T00:00:00.000000000Z,35,58,108481169,1.650000000,1.650000000,1.650000000,1.650000000,500,TFO FQV0026.Z0026_OQPE0000031002092
2026-04-29T00:00:00.000000000Z,35,58,108215817,0.260000000,0.260000000,0.250000000,0.255000000,2200,TFO FMM0026_OMPE0000033002052726
2026-04-29T00:00:00.000000000Z,35,58,108455377,,,,,500,TFO FMV0026_OMPE0000031002092526
2026-04-29T00:00:00.000000000Z,35,85,108646542,2.535000000,2.535000000,2.535000000,2.535000000,45,TFO FMU0026_OMCE0000075002082626
2026-04-29T00:00:00.000000000Z,35,85,108847186,2.600000000,3.020000000,2.600000000,3.000000000,260,TFO FMM0026_OMCE0000050002052726
2026-04-29T00:00:00.000000000Z,35,58,108481485,,,,,25,TFO FMN0027_OMPE0000035002062527
2026-04-29T00:00:00.000000000Z,35,58,109308581,,,,,625,TFO FMX0026_OMCE0000050002102726
2026-04-29T00:00:00.000000000Z,35,58,108476841,5.750000000,5.800000000,5.750000000,5.800000000,300,TFO FMN0026_OMPE0000045002062626
2026-04-29T00:00:00.000000000Z,35,85,31138871,8.500000000,8.650000000,8.500000000,8.650000000,150,TFO  55  31138871
2026-04-29T00:00:00.000000000Z,35,58,108218362,0.050000000,0.050000000,0.050000000,0.050000000,200,TFO FMM0026_OMPE0000025002052726
2026-04-29T00:00:00.000000000Z,35,58,108400936,9.200000000,9.200000000,9.200000000,9.200000000,250,TFO FMN0026_OMCE0000040002062626
2026-04-29T00:00:00.000000000Z,35,85,31138716,1.850000000,1.850000000,1.850000000,1.850000000,250,TFO  65  31138716
2026-04-29T00:00:00.000000000Z,35,58,108481387,,,,,250,TFO FMJ0027_OMPE0000030002032527
2026-04-29T00:00:00.000000000Z,35,58,108400943,,,,,100,TFO FMU0026_OMPE0000040002082626
2026-04-29T00:00:00.000000000Z,35,85,31138531,0.450000000,0.550000000,0.450000000,0.550000000,125,TFO  58  31138531
2026-04-29T00:00:00.000000000Z,35,58,109185605,4.100000000,4.525000000,3.750000000,4.525000000,1500,TFO FQN0026.U0026_OQCE0000055002062
2026-04-29T00:00:00.000000000Z,35,85,31138429,8.100000000,8.100000000,8.100000000,8.100000000,100,TFO  55  31138429
2026-04-29T00:00:00.000000000Z,35,58,108484209,,,,,150,TFO FMX0027_OMPE0000025002102727
2026-04-29T00:00:00.000000000Z,35,58,108564124,,,,,50,TFO FMN0026_OMCE0000100002062626
2026-04-29T00:00:00.000000000Z,35,58,110781204,,,,,150,TFO FMX0027_OMCE0000060002102727
2026-04-29T00:00:00.000000000Z,35,85,31139062,0.300000000,0.300000000,0.300000000,0.300000000,1050,TFO  58  31139062
2026-04-29T00:00:00.000000000Z,35,58,108481153,3.820000000,3.820000000,3.820000000,3.820000000,500,TFO FSV0026.H0027_OSPE0000035002092
2026-04-29T00:00:00.000000000Z,35,58,108398554,,,,,300,TFO FMU0026_OMPE0000034002082626
2026-04-29T00:00:00.000000000Z,35,85,31139034,0.425000000,0.425000000,0.425000000,0.425000000,100,TFO  56  31139034
2026-04-29T00:00:00.000000000Z,35,58,110781212,,,,,150,TFO FMH0028_OMCE0000060002022528
2026-04-29T00:00:00.000000000Z,35,58,108338600,,,,,300,TFO FMQ0026_OMPE0000034002072726
2026-04-29T00:00:00.000000000Z,35,85,31023731,0.060000000,0.060000000,0.060000000,0.060000000,100,TFO  75  31023731
2026-04-29T00:00:00.000000000Z,35,85,31138545,0.170000000,0.170000000,0.170000000,0.170000000,250,TFO   4  31138545
2026-04-29T00:00:00.000000000Z,35,58,108481255,2.300000000,2.300000000,2.250000000,2.250000000,50,TFO FQF0027.H0027_OQPE0000030002122
2026-04-29T00:00:00.000000000Z,35,58,108482166,5.910000000,5.910000000,5.910000000,5.910000000,350,TFO FMN0026_OMCE0000048002062626
2026-04-29T00:00:00.000000000Z,35,58,108564128,1.550000000,1.550000000,1.550000000,1.550000000,450,TFO FMU0026_OMCE0000100002082626
2026-04-29T00:00:00.000000000Z,35,58,108992846,5.025000000,5.025000000,5.025000000,5.025000000,25,TFO FQF0027.H0027_OQCE0000075002122
2026-04-29T00:00:00.000000000Z,35,58,108481175,2.700000000,2.700000000,2.700000000,2.700000000,500,TFO FQV0026.Z0026_OQPE0000034002092
2026-04-29T00:00:00.000000000Z,35,58,109576073,0.975000000,0.975000000,0.975000000,0.975000000,200,TFO FMM0026_OMCE0000070002052726
2026-04-29T00:00:00.000000000Z,35,85,31138462,0.160000000,0.160000000,0.125000000,0.125000000,175,TFO  17  31138462
2026-04-29T00:00:00.000000000Z,35,58,108455371,3.000000000,3.000000000,2.050000000,2.050000000,700,TFO FQN0026.U0026_OQPE0000037002062
2026-04-29T00:00:00.000000000Z,35,58,108482081,,,,,1050,TFO FMF0027_OMPE0000042002122426
2026-04-29T00:00:00.000000000Z,35,58,108481219,,,,,500,TFO FMZ0026_OMPE0000034002112626
2026-04-29T00:00:00.000000000Z,35,58,108476862,,,,,150,TFO FMU0026_OMCE0000047002082626
2026-04-29T00:00:00.000000000Z,35,58,108482172,,,,,250,TFO FMQ0026_OMCE0000048002072726
2026-04-29T00:00:00.000000000Z,35,85,31138439,0.200000000,0.200000000,0.200000000,0.200000000,1100,TFO  77  31138439
2026-04-29T00:00:00.000000000Z,35,58,109308649,6.650000000,6.650000000,6.650000000,6.650000000,250,TFO FQV0026.Z0026_OQCE0000050002092
2026-04-29T00:00:00.000000000Z,35,85,31138948,0.350000000,0.350000000,0.350000000,0.350000000,200,TFO  51  31138948
2026-04-29T00:00:00.000000000Z,35,85,109184387,5.760000000,5.760000000,5.760000000,5.760000000,20,TFO FMQ0026_OMCE0000055002072726
2026-04-29T00:00:00.000000000Z,35,58,108481211,,,,,250,TFO FMZ0026_OMPE0000030002112626
2026-04-29T00:00:00.000000000Z,35,58,109370199,,,,,425,TFO FMQ0026_OMCE0000065002072726
2026-04-29T00:00:00.000000000Z,35,85,31138421,0.855000000,0.855000000,0.855000000,0.855000000,50,TFO  51  31138421
2026-04-29T00:00:00.000000000Z,35,85,31139042,0.025000000,0.025000000,0.000000000,0.000000000,100,TFO  76  31139042
2026-04-29T00:00:00.000000000Z,35,85,31139076,-0.400000000,0.000000000,-0.460000000,0.000000000,100,TFO  58  31139076
2026-04-29T00:00:00.000000000Z,35,85,31138742,2.325000000,2.325000000,2.325000000,2.325000000,200,TFO   4  31138742
2026-04-29T00:00:00.000000000Z,35,58,108215821,0.455000000,0.500000000,0.375000000,0.450000000,4150,TFO FMM0026_OMPE0000035002052726
2026-04-29T00:00:00.000000000Z,35,85,31139083,2.075000000,2.075000000,2.075000000,2.075000000,250,TFO  50  31139083
2026-04-29T00:00:00.000000000Z,35,85,31138464,0.000000000,0.000000000,0.000000000,0.000000000,150,TFO  75  31138464
2026-04-29T00:00:00.000000000Z,35,58,108455389,,,,,1100,TFO FMV0026_OMPE0000037002092526
2026-04-29T00:00:00.000000000Z,35,85,31135561,2.350000000,2.350000000,2.350000000,2.350000000,100,TFO   6  31135561
2026-04-29T00:00:00.000000000Z,35,85,31138624,0.350000000,0.350000000,0.350000000,0.350000000,500,TFO  65  31138624
2026-04-29T00:00:00.000000000Z,35,58,108990628,,,,,3350,TFO FMV0026_OMCE0000075002092526
2026-04-29T00:00:00.000000000Z,35,58,108484147,,,,,100,TFO FMM0027_OMPE0000024002052627
2026-04-29T00:00:00.000000000Z,35,85,31138373,0.550000000,0.550000000,0.550000000,0.550000000,100,TFO  65  31138373
2026-04-29T00:00:00.000000000Z,35,58,108280835,0.420000000,0.420000000,0.330000000,0.330000000,650,TFO FMN0026_OMPE0000030002062626
2026-04-29T00:00:00.000000000Z,35,58,108455363,0.950000000,0.950000000,0.950000000,0.950000000,200,TFO FQN0026.U0026_OQPE0000033002062
2026-04-29T00:00:00.000000000Z,35,85,31138415,1.800000000,1.800000000,1.800000000,1.800000000,100,TFO  56  31138415
2026-04-30T00:00:00.000000000Z,35,85,31139508,0.680000000,0.680000000,0.680000000,0.680000000,25,TFO   7  31139508
2026-04-30T00:00:00.000000000Z,35,58,109773045,,,,,150,TFO FMN0026_OMCE0000080002062626
2026-04-30T00:00:00.000000000Z,35,85,31139726,1.500000000,1.500000000,1.500000000,1.500000000,50,TFO   7  31139726
2026-04-30T00:00:00.000000000Z,35,58,109768645,,,,,90,TFO FMH0027_OMCE0000055002022427
2026-04-30T00:00:00.000000000Z,35,85,31139583,1.060000000,1.060000000,1.060000000,1.060000000,50,TFO  42  31139583
2026-04-30T00:00:00.000000000Z,35,85,108476853,4.720000000,4.720000000,4.645000000,4.645000000,50,TFO FMM0026_OMPE0000047002052726
2026-04-30T00:00:00.000000000Z,35,58,109408523,,,,,955,TFO FMU0026_OMCE0000060002082626
2026-04-30T00:00:00.000000000Z,35,58,108481506,,,,,30,TFO FMQ0027_OMCE0000035002072727
2026-04-30T00:00:00.000000000Z,35,85,31139577,0.660000000,0.660000000,0.660000000,0.660000000,150,TFO  56  31139577
2026-04-30T00:00:00.000000000Z,35,58,108481387,,,,,50,TFO FMJ0027_OMPE0000030002032527
2026-04-30T00:00:00.000000000Z,35,85,31140126,5.775000000,5.775000000,5.775000000,5.775000000,300,TFO  55  31140126
2026-04-30T00:00:00.000000000Z,35,58,109768643,,,,,90,TFO FMG0027_OMCE0000055002012727
2026-04-30T00:00:00.000000000Z,35,58,108481396,,,,,30,TFO FMJ0027_OMCE0000035002032527
2026-04-30T00:00:00.000000000Z,35,58,108400943,,,,,950,TFO FMU0026_OMPE0000040002082626
2026-04-30T00:00:00.000000000Z,35,58,108248812,0.750000000,0.800000000,0.700000000,0.700000000,560,TFO FMM0026_OMPE0000038002052726
2026-04-30T00:00:00.000000000Z,35,58,109184385,4.520000000,4.520000000,3.760000000,3.760000000,350,TFO FMN0026_OMCE0000055002062626
2026-04-30T00:00:00.000000000Z,35,58,108482089,,,,,25,TFO FMF0027_OMPE0000046002122426
2026-04-30T00:00:00.000000000Z,35,58,108481351,6.730000000,6.730000000,6.730000000,6.730000000,30,TFO FSJ0027.U0027_OSPE0000035002032
2026-04-30T00:00:00.000000000Z,35,85,31096642,1.800000000,1.800000000,1.800000000,1.800000000,250,TFO   6  31096642
2026-04-30T00:00:00.000000000Z,35,58,108338592,0.475000000,0.475000000,0.475000000,0.475000000,1475,TFO FMQ0026_OMPE0000030002072726
2026-04-30T00:00:00.000000000Z,35,58,108482185,,,,,75,TFO FMZ0026_OMPE0000045002112626
2026-04-30T00:00:00.000000000Z,35,58,108284663,,,,,400,TFO FMN0026_OMPE0000034002062626
2026-04-30T00:00:00.000000000Z,35,58,108481397,,,,,30,TFO FMJ0027_OMPE0000035002032527
2026-04-30T00:00:00.000000000Z,35,58,108481409,,,,,50,TFO FMK0027_OMPE0000030002042627
2026-04-30T00:00:00.000000000Z,35,58,109408521,,,,,955,TFO FMQ0026_OMCE0000060002072726
2026-04-30T00:00:00.000000000Z,35,85,31139698,8.100000000,8.100000000,8.100000000,8.100000000,90,TFO  55  31139698
2026-04-30T00:00:00.000000000Z,35,58,108481951,,,,,200,TFO FMH0027_OMPE0000045002022427
2026-04-30T00:00:00.000000000Z,35,58,108481189,,,,,35,TFO FMX0026_OMPE0000030002102726
2026-04-30T00:00:00.000000000Z,35,85,31139480,14.750000000,14.750000000,14.750000000,14.750000000,30,TFO  22  31139480
2026-04-30T00:00:00.000000000Z,35,85,31139531,0.950000000,0.950000000,0.950000000,0.950000000,200,TFO  50  31139531
2026-04-30T00:00:00.000000000Z,35,58,109592767,6.400000000,6.400000000,6.400000000,6.400000000,25,TFO FQV0026.Z0026_OQCE0000055002092
2026-04-30T00:00:00.000000000Z,35,85,31139532,3.875000000,3.875000000,3.875000000,3.875000000,350,TFO  55  31139532
2026-04-30T00:00:00.000000000Z,35,85,31140112,0.460000000,0.460000000,0.460000000,0.460000000,250,TFO  51  31140112
2026-04-30T00:00:00.000000000Z,35,58,109592765,,,,,115,TFO FMZ0026_OMCE0000055002112626
2026-04-30T00:00:00.000000000Z,35,85,31140037,3.360000000,3.360000000,3.360000000,3.360000000,250,TFO  55  31140037
2026-04-30T00:00:00.000000000Z,35,58,108481529,,,,,30,TFO FMU0027_OMPE0000035002082627
2026-04-30T00:00:00.000000000Z,35,58,108481528,,,,,30,TFO FMU0027_OMCE0000035002082627
2026-04-30T00:00:00.000000000Z,35,85,31139909,3.425000000,3.425000000,3.425000000,3.425000000,450,TFO  56  31139909
2026-04-30T00:00:00.000000000Z,35,85,31139664,2.300000000,2.300000000,2.300000000,2.300000000,1000,TFO   5  31139664
2026-04-30T00:00:00.000000000Z,35,58,108215813,0.130000000,0.130000000,0.130000000,0.130000000,280,TFO FMM0026_OMPE0000031002052726
2026-04-30T00:00:00.000000000Z,35,85,31139785,8.270000000,8.270000000,8.270000000,8.270000000,25,TFO  58  31139785
2026-04-30T00:00:00.000000000Z,35,85,31139565,0.950000000,0.950000000,0.950000000,0.950000000,200,TFO  56  31139565
2026-04-30T00:00:00.000000000Z,35,85,31140061,-0.175000000,-0.175000000,-0.175000000,-0.175000000,150,TFO  44  31140061
2026-04-30T00:00:00.000000000Z,35,85,31139484,2.200000000,2.200000000,2.200000000,2.200000000,275,TFO  50  31139484
2026-04-30T00:00:00.000000000Z,35,58,109254283,3.795000000,3.795000000,3.795000000,3.795000000,25,TFO FSV0026.H0027_OSCE0000100002092
2026-04-30T00:00:00.000000000Z,35,58,108481365,3.725000000,3.725000000,3.725000000,3.725000000,50,TFO FQJ0027.M0027_OQPE0000030002032
2026-04-30T00:00:00.000000000Z,35,58,110704966,5.450000000,5.450000000,5.450000000,5.450000000,50,TFO FMN0026_OMCE0000052002062626
2026-04-30T00:00:00.000000000Z,35,58,108847193,,,,,700,TFO FMU0026_OMPE0000050002082626
2026-04-30T00:00:00.000000000Z,35,58,108481441,,,,,30,TFO FMM0027_OMPE0000035002052627
2026-04-30T00:00:00.000000000Z,35,58,108482161,,,,,25,TFO FMV0026_OMPE0000046002092526
2026-04-30T00:00:00.000000000Z,35,58,108482159,,,,,75,TFO FMV0026_OMPE0000045002092526
2026-04-30T00:00:00.000000000Z,35,58,108481309,,,,,150,TFO FMG0027_OMPE0000035002012727
2026-04-30T00:00:00.000000000Z,35,58,108215821,0.350000000,0.350000000,0.350000000,0.350000000,140,TFO FMM0026_OMPE0000035002052726
2026-04-30T00:00:00.000000000Z,35,85,31139917,3.425000000,3.425000000,3.425000000,3.425000000,50,TFO  56  31139917
2026-04-30T00:00:00.000000000Z,35,58,109768641,,,,,90,TFO FMF0027_OMCE0000055002122426
2026-04-30T00:00:00.000000000Z,35,58,108338602,,,,,350,TFO FMQ0026_OMPE0000035002072726
2026-04-30T00:00:00.000000000Z,35,58,108455367,1.500000000,1.630000000,1.500000000,1.630000000,350,TFO FQN0026.U0026_OQPE0000035002062
2026-04-30T00:00:00.000000000Z,35,85,31140013,2.250000000,2.250000000,2.250000000,2.250000000,150,TFO  50  31140013
2026-04-30T00:00:00.000000000Z,35,58,108482187,,,,,25,TFO FMZ0026_OMPE0000046002112626
2026-04-30T00:00:00.000000000Z,35,58,108482145,,,,,75,TFO FMX0026_OMPE0000045002102726
2026-04-30T00:00:00.000000000Z,35,85,31139499,0.090000000,0.090000000,0.090000000,0.090000000,140,TFO  75  31139499
2026-04-30T00:00:00.000000000Z,35,58,108481507,,,,,30,TFO FMQ0027_OMPE0000035002072727
2026-04-30T00:00:00.000000000Z,35,58,109408522,,,,,250,TFO FMQ0026_OMPE0000060002072726
2026-04-30T00:00:00.000000000Z,35,58,108481484,,,,,30,TFO FMN0027_OMCE0000035002062527
2026-04-30T00:00:00.000000000Z,35,85,108215811,0.060000000,0.060000000,0.060000000,0.060000000,1000,TFO FMM0026_OMPE0000030002052726
2026-04-30T00:00:00.000000000Z,35,58,108323493,,,,,200,TFO FMN0026_OMPE0000038002062626
2026-04-30T00:00:00.000000000Z,35,58,108482635,10.160000000,10.160000000,10.160000000,10.160000000,25,TFO FSV0026.H0027_OSPE0000046002092
2026-04-30T00:00:00.000000000Z,35,58,108476849,3.750000000,3.750000000,3.275000000,3.275000000,2101,TFO FMM0026_OMPE0000045002052726
2026-04-30T00:00:00.000000000Z,35,58,108847186,3.875000000,3.875000000,3.325000000,3.360000000,3100,TFO FMM0026_OMCE0000050002052726
2026-04-30T00:00:00.000000000Z,35,58,108482531,7.300000000,7.300000000,7.300000000,7.300000000,25,TFO FQF0027.H0027_OQPE0000040002122
2026-04-30T00:00:00.000000000Z,35,58,109189018,,,,,50,TFO FMG0028_OMPE0000035002012728
2026-04-30T00:00:00.000000000Z,35,85,31139956,2.760000000,2.760000000,2.760000000,2.760000000,750,TFO  50  31139956
2026-04-30T00:00:00.000000000Z,35,58,108255504,1.030000000,1.150000000,1.030000000,1.150000000,1100,TFO FMM0026_OMPE0000039002052726
2026-04-30T00:00:00.000000000Z,35,58,109370197,2.395000000,2.395000000,2.395000000,2.395000000,100,TFO FMN0026_OMCE0000065002062626
2026-04-30T00:00:00.000000000Z,35,58,108482086,,,,,125,TFO FMF0027_OMCE0000045002122426
2026-04-30T00:00:00.000000000Z,35,58,108245410,0.630000000,0.630000000,0.550000000,0.550000000,950,TFO FMM0026_OMPE0000037002052726
2026-04-30T00:00:00.000000000Z,35,58,109773047,,,,,150,TFO FMQ0026_OMCE0000080002072726
2026-04-30T00:00:00.000000000Z,35,85,108482169,5.000000000,5.000000000,5.000000000,5.000000000,25,TFO FMM0026_OMPE0000048002052726
2026-04-30T00:00:00.000000000Z,35,85,31139576,0.300000000,0.300000000,0.300000000,0.300000000,150,TFO  44  31139576
2026-04-30T00:00:00.000000000Z,35,85,31120759,1.200000000,1.200000000,1.180000000,1.180000000,100,TFO   6  31120759
2026-04-30T00:00:00.000000000Z,35,58,109408519,3.535000000,3.535000000,3.535000000,3.535000000,1155,TFO FMN0026_OMCE0000060002062626
2026-04-30T00:00:00.000000000Z,35,58,108990630,,,,,250,TFO FMX0026_OMCE0000075002102726
2026-04-30T00:00:00.000000000Z,35,58,108332543,1.100000000,1.375000000,1.100000000,1.255000000,1025,TFO FMM0026_OMPE0000040002052726
2026-04-30T00:00:00.000000000Z,35,85,108332543,1.255000000,1.255000000,1.255000000,1.255000000,10,TFO FMM0026_OMPE0000040002052726
2026-04-30T00:00:00.000000000Z,35,85,109773177,2.125000000,2.125000000,2.125000000,2.125000000,150,TFO FQN0026.U0026_OQCE0000080002062
2026-04-30T00:00:00.000000000Z,35,58,108455357,0.475000000,0.475000000,0.475000000,0.475000000,25,TFO FQN0026.U0026_OQPE0000030002062
2026-04-30T00:00:00.000000000Z,35,58,108338598,0.950000000,0.950000000,0.950000000,0.950000000,200,TFO FMQ0026_OMPE0000033002072726
2026-04-30T00:00:00.000000000Z,35,85,109576073,1.000000000,1.050000000,0.800000000,0.800000000,700,TFO FMM0026_OMCE0000070002052726
2026-04-30T00:00:00.000000000Z,35,58,108476844,6.750000000,6.750000000,5.775000000,5.775000000,500,TFO FMN0026_OMCE0000047002062626
2026-04-30T00:00:00.000000000Z,35,58,108398562,,,,,200,TFO FMU0026_OMPE0000038002082626
2026-04-30T00:00:00.000000000Z,35,58,108992844,4.050000000,4.050000000,4.050000000,4.050000000,250,TFO FQV0026.Z0026_OQCE0000075002092
2026-04-30T00:00:00.000000000Z,35,58,108847983,9.800000000,9.800000000,9.800000000,9.800000000,500,TFO FQN0026.U0026_OQPE0000050002062
2026-04-30T00:00:00.000000000Z,35,85,31139649,7.300000000,7.300000000,7.300000000,7.300000000,25,TFO  56  31139649
2026-04-30T00:00:00.000000000Z,35,58,108481153,3.510000000,3.750000000,3.510000000,3.750000000,150,TFO FSV0026.H0027_OSPE0000035002092
2026-04-30T00:00:00.000000000Z,35,85,109184383,2.100000000,2.100000000,2.100000000,2.100000000,25,TFO FMM0026_OMCE0000055002052726
2026-04-30T00:00:00.000000000Z,35,58,108400937,2.600000000,2.820000000,2.600000000,2.695000000,975,TFO FMN0026_OMPE0000040002062626
2026-04-30T00:00:00.000000000Z,35,85,31139543,1.140000000,1.140000000,1.140000000,1.140000000,100,TFO  65  31139543
2026-04-30T00:00:00.000000000Z,35,58,108482011,,,,,25,TFO FMG0027_OMPE0000046002012727
2026-04-30T00:00:00.000000000Z,35,85,31139736,1.940000000,1.940000000,1.940000000,1.940000000,500,TFO  50  31139736
2026-04-30T00:00:00.000000000Z,35,58,108481953,,,,,25,TFO FMH0027_OMPE0000046002022427
2026-04-30T00:00:00.000000000Z,35,58,108457413,,,,,35,TFO FMV0026_OMPE0000030002092526
2026-04-30T00:00:00.000000000Z,35,85,31139666,3.400000000,3.400000000,3.400000000,3.400000000,50,TFO  56  31139666
2026-04-30T00:00:00.000000000Z,35,58,108293633,,,,,350,TFO FMN0026_OMPE0000035002062626
2026-04-30T00:00:00.000000000Z,35,85,31139489,0.270000000,0.270000000,0.270000000,0.270000000,100,TFO  56  31139489
2026-04-30T00:00:00.000000000Z,35,58,109185605,5.050000000,5.050000000,5.050000000,5.050000000,50,TFO FQN0026.U0026_OQCE0000055002062
2026-04-30T00:00:00.000000000Z,35,58,109592763,,,,,115,TFO FMX0026_OMCE0000055002102726
2026-04-30T00:00:00.000000000Z,35,58,108455905,3.400000000,3.425000000,3.400000000,3.425000000,550,TFO FQN0026.U0026_OQPE0000040002062
2026-04-30T00:00:00.000000000Z,35,58,108482077,,,,,25,TFO FMF0027_OMPE0000040002122426
2026-04-30T00:00:00.000000000Z,35,85,108476852,4.145000000,4.145000000,4.115000000,4.130000000,50,TFO FMM0026_OMCE0000047002052726
2026-04-30T00:00:00.000000000Z,35,58,109254281,,,,,25,TFO FMH0027_OMCE0000100002022427
2026-04-30T00:00:00.000000000Z,35,58,108481941,,,,,25,TFO FMH0027_OMPE0000040002022427
2026-04-30T00:00:00.000000000Z,35,58,108215803,0.060000000,0.060000000,0.060000000,0.060000000,600,TFO FMM0026_OMPE0000026002052726
2026-04-30T00:00:00.000000000Z,35,85,31137546,0.700000000,0.700000000,0.700000000,0.700000000,20,TFO   6  31137546
2026-04-30T00:00:00.000000000Z,35,85,31140121,4.925000000,4.925000000,4.925000000,4.925000000,100,TFO  55  31140121
2026-04-30T00:00:00.000000000Z,35,58,108481350,8.020000000,8.020000000,8.020000000,8.020000000,30,TFO FSJ0027.U0027_OSCE0000035002032
2026-04-30T00:00:00.000000000Z,35,85,31139945,5.425000000,5.425000000,5.425000000,5.425000000,51,TFO  16  31139945
2026-04-30T00:00:00.000000000Z,35,58,108481299,,,,,35,TFO FMG0027_OMPE0000030002012727
2026-04-30T00:00:00.000000000Z,35,58,108476840,6.360000000,6.360000000,6.360000000,6.360000000,100,TFO FMN0026_OMCE0000045002062626
2026-04-30T00:00:00.000000000Z,35,58,108990638,6.650000000,6.650000000,6.650000000,6.650000000,100,TFO FMH0027_OMCE0000075002022427
2026-04-30T00:00:00.000000000Z,35,85,31140053,1.675000000,1.675000000,1.675000000,1.675000000,35,TFO  56  31140053
2026-04-30T00:00:00.000000000Z,35,85,31139528,4.575000000,4.575000000,4.575000000,4.575000000,600,TFO  55  31139528
2026-04-30T00:00:00.000000000Z,35,58,108482540,10.900000000,10.900000000,10.900000000,10.900000000,125,TFO FQF0027.H0027_OQCE0000045002122
2026-04-30T00:00:00.000000000Z,35,58,108481950,,,,,125,TFO FMH0027_OMCE0000045002022427
2026-04-30T00:00:00.000000000Z,35,58,109254275,,,,,25,TFO FMZ0026_OMCE0000100002112626
2026-04-30T00:00:00.000000000Z,35,58,108398556,,,,,350,TFO FMU0026_OMPE0000035002082626
2026-04-30T00:00:00.000000000Z,35,58,108476868,8.020000000,8.020000000,8.020000000,8.020000000,750,TFO FMQ0026_OMCE0000045002072726
2026-04-30T00:00:00.000000000Z,35,85,31140026,0.110000000,0.110000000,0.110000000,0.110000000,100,TFO  77  31140026
2026-04-30T00:00:00.000000000Z,35,58,108847190,6.700000000,6.700000000,6.700000000,6.700000000,405,TFO FMQ0026_OMCE0000050002072726
2026-04-30T00:00:00.000000000Z,35,58,109838785,7.250000000,7.250000000,6.600000000,6.600000000,350,TFO FMZ0026_OMCE0000060002112626
2026-04-30T00:00:00.000000000Z,35,58,108381602,,,,,950,TFO FMQ0026_OMPE0000040002072726
2026-04-30T00:00:00.000000000Z,35,58,108482087,,,,,200,TFO FMF0027_OMPE0000045002122426
2026-04-30T00:00:00.000000000Z,35,85,31139928,0.700000000,0.700000000,0.700000000,0.700000000,60,TFO  56  31139928
2026-04-30T00:00:00.000000000Z,35,58,108990632,,,,,250,TFO FMZ0026_OMCE0000075002112626
2026-04-30T00:00:00.000000000Z,35,85,31139722,3.725000000,3.725000000,3.725000000,3.725000000,50,TFO  56  31139722
2026-04-30T00:00:00.000000000Z,35,58,108481440,,,,,30,TFO FMM0027_OMCE0000035002052627
2026-04-30T00:00:00.000000000Z,35,85,31137572,0.630000000,0.630000000,0.630000000,0.630000000,30,TFO   6  31137572
2026-04-30T00:00:00.000000000Z,35,58,109768647,8.100000000,8.100000000,8.100000000,8.100000000,90,TFO FSV0026.H0027_OSCE0000055002092
2026-04-30T00:00:00.000000000Z,35,85,31139680,2.175000000,2.175000000,2.175000000,2.175000000,80,TFO  50  31139680
2026-04-30T00:00:00.000000000Z,35,85,31139670,2.800000000,2.800000000,2.750000000,2.750000000,1000,TFO  50  31139670
2026-04-30T00:00:00.000000000Z,35,58,109408520,,,,,250,TFO FMN0026_OMPE0000060002062626
2026-04-30T00:00:00.000000000Z,35,58,108847982,6.725000000,6.725000000,6.700000000,6.700000000,355,TFO FQN0026.U0026_OQCE0000050002062
2026-04-30T00:00:00.000000000Z,35,58,108476853,4.650000000,4.650000000,4.650000000,4.650000000,200,TFO FMM0026_OMPE0000047002052726
2026-04-30T00:00:00.000000000Z,35,85,31139999,2.400000000,2.400000000,2.400000000,2.400000000,150,TFO   6  31139999
2026-04-30T00:00:00.000000000Z,35,58,108476850,4.280000000,4.280000000,4.280000000,4.280000000,270,TFO FMM0026_OMCE0000046002052726
2026-04-30T00:00:00.000000000Z,35,85,31139585,0.550000000,0.550000000,0.550000000,0.550000000,500,TFO  56  31139585
2026-04-30T00:00:00.000000000Z,35,85,31139595,0.400000000,0.400000000,0.400000000,0.400000000,1000,TFO  58  31139595
2026-04-30T00:00:00.000000000Z,35,85,31139505,1.975000000,1.975000000,1.975000000,1.975000000,50,TFO   6  31139505
2026-04-30T00:00:00.000000000Z,35,85,31139587,5.450000000,5.450000000,5.450000000,5.450000000,75,TFO  55  31139587
2026-04-30T00:00:00.000000000Z,35,85,31139752,-0.220000000,-0.220000000,-0.220000000,-0.220000000,250,TFO  66  31139752
2026-04-30T00:00:00.000000000Z,35,58,108481331,5.200000000,5.200000000,5.200000000,5.200000000,250,TFO FMH0027_OMPE0000035002022427
2026-04-30T00:00:00.000000000Z,35,85,31139523,0.230000000,0.230000000,0.230000000,0.230000000,100,TFO  43  31139523
2026-04-30T00:00:00.000000000Z,35,58,108481199,,,,,200,TFO FMX0026_OMPE0000035002102726
2026-04-30T00:00:00.000000000Z,35,85,109576075,2.330000000,2.400000000,2.330000000,2.400000000,475,TFO FMN0026_OMCE0000070002062626
2026-04-30T00:00:00.000000000Z,35,58,108482541,10.700000000,10.700000000,10.700000000,10.700000000,125,TFO FQF0027.H0027_OQPE0000045002122
2026-04-30T00:00:00.000000000Z,35,85,31139540,1.500000000,1.500000000,1.500000000,1.500000000,100,TFO  56  31139540
2026-04-30T00:00:00.000000000Z,35,85,31140095,0.980000000,0.980000000,0.980000000,0.980000000,250,TFO   6  31140095
2026-04-30T00:00:00.000000000Z,35,58,108482008,,,,,125,TFO FMG0027_OMCE0000045002012727
2026-04-30T00:00:00.000000000Z,35,58,109596768,8.650000000,8.650000000,8.650000000,8.650000000,1000,TFO FMM0026_OMPE0000052002052726
2026-04-30T00:00:00.000000000Z,35,58,109254279,,,,,25,TFO FMG0027_OMCE0000100002012727
2026-04-30T00:00:00.000000000Z,35,58,108481211,,,,,35,TFO FMZ0026_OMPE0000030002112626
2026-04-30T00:00:00.000000000Z,35,58,109184387,5.260000000,5.260000000,4.925000000,4.925000000,900,TFO FMQ0026_OMCE0000055002072726
2026-04-30T00:00:00.000000000Z,35,58,109184389,,,,,50,TFO FMU0026_OMCE0000055002082626
2026-04-30T00:00:00.000000000Z,35,85,31140055,5.050000000,5.050000000,5.050000000,5.050000000,50,TFO  55  31140055
2026-04-30T00:00:00.000000000Z,35,58,109254271,,,,,25,TFO FMV0026_OMCE0000100002092526
2026-04-30T00:00:00.000000000Z,35,58,108481321,,,,,35,TFO FMH0027_OMPE0000030002022427
2026-04-30T00:00:00.000000000Z,35,58,108338600,,,,,400,TFO FMQ0026_OMPE0000034002072726
2026-04-30T00:00:00.000000000Z,35,85,31139556,8.400000000,8.400000000,8.400000000,8.400000000,25,TFO  54  31139556
2026-04-30T00:00:00.000000000Z,35,58,108482147,,,,,25,TFO FMX0026_OMPE0000046002102726
2026-04-30T00:00:00.000000000Z,35,58,108847189,,,,,500,TFO FMN0026_OMPE0000050002062626
2026-04-30T00:00:00.000000000Z,35,85,31139551,0.600000000,0.600000000,0.600000000,0.600000000,200,TFO  64  31139551
2026-04-30T00:00:00.000000000Z,35,58,109254277,,,,,25,TFO FMF0027_OMCE0000100002122426
2026-04-30T00:00:00.000000000Z,35,58,108481143,1.675000000,1.675000000,1.675000000,1.675000000,35,TFO FSV0026.H0027_OSPE0000030002092
2026-04-30T00:00:00.000000000Z,35,58,108398546,,,,,25,TFO FMU0026_OMPE0000030002082626
2026-04-30T00:00:00.000000000Z,35,85,31139920,2.600000000,2.600000000,2.600000000,2.600000000,200,TFO  75  31139920
2026-04-30T00:00:00.000000000Z,35,58,108481287,,,,,150,TFO FMF0027_OMPE0000035002122426
2026-04-30T00:00:00.000000000Z,35,58,108482168,,,,,20,TFO FMM0026_OMCE0000048002052726
2026-04-30T00:00:00.000000000Z,35,58,108482009,,,,,200,TFO FMG0027_OMPE0000045002012727
2026-04-30T00:00:00.000000000Z,35,85,31139483,0.675000000,0.675000000,0.675000000,0.675000000,30,TFO  76  31139483
2026-04-30T00:00:00.000000000Z,35,85,31139642,-0.090000000,-0.090000000,-0.090000000,-0.090000000,100,TFO  77  31139642
2026-04-30T00:00:00.000000000Z,35,58,109592761,,,,,115,TFO FMV0026_OMCE0000055002092526
2026-04-30T00:00:00.000000000Z,35,58,108847191,,,,,700,TFO FMQ0026_OMPE0000050002072726
2026-04-30T00:00:00.000000000Z,35,58,109617307,3.300000000,3.300000000,3.300000000,3.300000000,250,TFO FMM0026_OMCE0000049002052726
2026-04-30T00:00:00.000000000Z,35,85,31140045,0.475000000,0.475000000,0.475000000,0.475000000,25,TFO  56  31140045
2026-04-30T00:00:00.000000000Z,35,85,31139745,8.000000000,8.000000000,8.000000000,8.000000000,50,TFO  56  31139745
2026-04-30T00:00:00.000000000Z,35,58,109773049,,,,,150,TFO FMU0026_OMCE0000080002082626
2026-04-30T00:00:00.000000000Z,35,85,31139658,0.750000000,0.750000000,0.750000000,0.750000000,400,TFO  56  31139658
2026-04-30T00:00:00.000000000Z,35,58,108350892,,,,,200,TFO FMQ0026_OMPE0000038002072726
2026-04-30T00:00:00.000000000Z,35,85,31139624,0.355000000,0.355000000,0.355000000,0.355000000,50,TFO  56  31139624
2026-04-30T00:00:00.000000000Z,35,85,31139889,21.600000000,21.600000000,21.600000000,21.600000000,100,TFO  53  31139889
2026-04-30T00:00:00.000000000Z,35,85,108302833,1.500000000,1.500000000,1.500000000,1.500000000,20,TFO FMN0026_OMPE0000037002062626
2026-04-30T00:00:00.000000000Z,35,85,31139536,3.875000000,3.875000000,3.875000000,3.875000000,500,TFO  55  31139536
2026-04-30T00:00:00.000000000Z,35,58,108280841,0.660000000,0.660000000,0.660000000,0.660000000,150,TFO FMN0026_OMPE0000033002062626
2026-04-30T00:00:00.000000000Z,35,58,108847188,5.800000000,5.800000000,5.450000000,5.450000000,655,TFO FMN0026_OMCE0000050002062626
2026-04-30T00:00:00.000000000Z,35,58,109189016,8.000000000,8.000000000,8.000000000,8.000000000,50,TFO FQF0028.H0028_OQPE0000035002122
2026-04-30T00:00:00.000000000Z,35,58,108990628,,,,,250,TFO FMV0026_OMCE0000075002092526
2026-04-30T00:00:00.000000000Z,35,58,110798846,3.475000000,3.475000000,3.475000000,3.475000000,50,TFO FMN0026_OMCE0000062002062626
2026-04-30T00:00:00.000000000Z,35,58,108482633,9.480000000,9.760000000,9.480000000,9.760000000,75,TFO FSV0026.H0027_OSPE0000045002092
2026-04-30T00:00:00.000000000Z,35,85,31140021,0.475000000,0.475000000,0.475000000,0.475000000,1450,TFO  56  31140021
2026-04-30T00:00:00.000000000Z,35,85,108280835,0.335000000,0.335000000,0.335000000,0.335000000,50,TFO FMN0026_OMPE0000030002062626
2026-04-30T00:00:00.000000000Z,35,58,108564126,1.470000000,1.470000000,1.470000000,1.470000000,100,TFO FMQ0026_OMCE0000100002072726
2026-04-30T00:00:00.000000000Z,35,85,31139521,2.075000000,2.075000000,2.075000000,2.075000000,50,TFO   6  31139521
2026-04-30T00:00:00.000000000Z,35,85,31140115,3.950000000,3.950000000,3.950000000,3.950000000,100,TFO  55  31140115
2026-04-30T00:00:00.000000000Z,35,85,31139894,21.600000000,21.600000000,21.600000000,21.600000000,25,TFO  53  31139894
2026-04-30T00:00:00.000000000Z,35,58,108481418,,,,,30,TFO FMK0027_OMCE0000035002042627
2026-04-30T00:00:00.000000000Z,35,85,31139986,0.065000000,0.065000000,0.065000000,0.065000000,600,TFO   7  31139986
2026-04-30T00:00:00.000000000Z,35,85,110459494,2.490000000,2.490000000,2.490000000,2.490000000,5,TFO FMN0026_OMCE0000068002062626
2026-04-30T00:00:00.000000000Z,35,85,109370197,2.850000000,2.850000000,2.850000000,2.850000000,25,TFO FMN0026_OMCE0000065002062626
2026-04-30T00:00:00.000000000Z,35,85,31139689,1.450000000,1.450000000,1.450000000,1.450000000,100,TFO  72  31139689
2026-04-30T00:00:00.000000000Z,35,58,109408602,17.750000000,17.750000000,17.750000000,17.750000000,250,TFO FQN0026.U0026_OQPE0000060002062
2026-04-30T00:00:00.000000000Z,35,58,108481485,,,,,30,TFO FMN0027_OMPE0000035002062527
2026-04-30T00:00:00.000000000Z,35,85,108245410,0.700000000,0.700000000,0.700000000,0.700000000,50,TFO FMM0026_OMPE0000037002052726
2026-04-30T00:00:00.000000000Z,35,58,108847192,,,,,355,TFO FMU0026_OMCE0000050002082626
2026-04-30T00:00:00.000000000Z,35,58,109576075,,,,,100,TFO FMN0026_OMCE0000070002062626
2026-04-30T00:00:00.000000000Z,35,58,109408517,1.920000000,1.920000000,1.800000000,1.850000000,950,TFO FMM0026_OMCE0000060002052726
2026-04-30T00:00:00.000000000Z,35,85,109408517,1.900000000,2.000000000,1.750000000,1.750000000,45,TFO FMM0026_OMCE0000060002052726
2026-04-30T00:00:00.000000000Z,35,85,108338598,1.045000000,1.045000000,1.045000000,1.045000000,5,TFO FMQ0026_OMPE0000033002072726
2026-04-30T00:00:00.000000000Z,35,58,109576073,1.040000000,1.040000000,0.900000000,0.975000000,1410,TFO FMM0026_OMCE0000070002052726
2026-04-30T00:00:00.000000000Z,35,58,108481431,,,,,50,TFO FMM0027_OMPE0000030002052627
2026-04-30T00:00:00.000000000Z,35,58,109308583,9.325000000,9.325000000,9.325000000,9.325000000,50,TFO FMZ0026_OMCE0000050002112626
2026-04-30T00:00:00.000000000Z,35,85,31140014,1.235000000,1.235000000,1.235000000,1.235000000,100,TFO   4  31140014
2026-04-30T00:00:00.000000000Z,35,85,31139572,0.285000000,0.285000000,0.285000000,0.285000000,25,TFO  72  31139572
2026-04-30T00:00:00.000000000Z,35,58,110698348,1.880000000,1.880000000,1.880000000,1.880000000,50,TFO FMQ0026_OMCE0000090002072726
2026-04-30T00:00:00.000000000Z,35,58,110964071,3.700000000,3.700000000,3.700000000,3.700000000,400,TFO FSQ0026.U0026_OSPE0000040002072
2026-04-30T00:00:00.000000000Z,35,58,109184383,2.675000000,2.750000000,2.050000000,2.050000000,1031,TFO FMM0026_OMCE0000055002052726
2026-04-30T00:00:00.000000000Z,35,58,108481277,,,,,35,TFO FMF0027_OMPE0000030002122426
2026-04-30T00:00:00.000000000Z,35,85,31139895,1.130000000,1.130000000,1.130000000,1.130000000,400,TFO  50  31139895
2026-04-30T00:00:00.000000000Z,35,58,108215819,0.270000000,0.270000000,0.270000000,0.270000000,100,TFO FMM0026_OMPE0000034002052726
2026-04-30T00:00:00.000000000Z,35,85,31139857,1.235000000,1.235000000,1.235000000,1.235000000,675,TFO  56  31139857
2026-04-30T00:00:00.000000000Z,35,58,110615020,4.300000000,4.350000000,4.300000000,4.350000000,300,TFO FMZ0026_OMCE0000080002112626
2026-04-30T00:00:00.000000000Z,35,58,108481221,,,,,200,TFO FMZ0026_OMPE0000035002112626
2026-04-30T00:00:00.000000000Z,35,85,31139915,0.800000000,0.800000000,0.800000000,0.800000000,100,TFO  56  31139915
2026-04-30T00:00:00.000000000Z,35,85,108481177,2.650000000,2.650000000,2.650000000,2.650000000,50,TFO FQV0026.Z0026_OQPE0000035002092
2026-04-30T00:00:00.000000000Z,35,58,109189314,,,,,50,TFO FMH0028_OMPE0000035002022528
2026-04-30T00:00:00.000000000Z,35,85,31140078,6.400000000,6.400000000,6.400000000,6.400000000,25,TFO  55  31140078
2026-04-30T00:00:00.000000000Z,35,58,108476852,3.950000000,3.950000000,3.950000000,3.950000000,100,TFO FMM0026_OMCE0000047002052726
2026-04-30T00:00:00.000000000Z,35,58,109773043,0.450000000,0.450000000,0.450000000,0.450000000,250,TFO FMM0026_OMCE0000080002052726
2026-04-30T00:00:00.000000000Z,35,85,31139634,6.700000000,6.700000000,6.700000000,6.700000000,50,TFO  55  31139634
2026-04-30T00:00:00.000000000Z,35,58,110704948,,,,,30,TFO FMM0026_OMCE0000056002052726
2026-04-30T00:00:00.000000000Z,35,58,110964091,10.000000000,10.000000000,10.000000000,10.000000000,200,TFO FSQ0026.U0026_OSPE0000050002072
2026-04-30T00:00:00.000000000Z,35,58,110705012,,,,,30,TFO FMM0026_OMCE0000061002052726
2026-04-30T00:00:00.000000000Z,35,85,31139727,3.600000000,3.600000000,3.600000000,3.600000000,50,TFO  56  31139727
2026-04-30T00:00:00.000000000Z,35,85,31139067,0.090000000,0.090000000,0.090000000,0.090000000,200,TFO  75  31139067
2026-04-30T00:00:00.000000000Z,35,58,108916357,,,,,50,TFO FMF0028_OMPE0000035002122427
2026-04-30T00:00:00.000000000Z,35,58,108481419,,,,,30,TFO FMK0027_OMPE0000035002042627
2026-04-30T00:00:00.000000000Z,35,85,108215821,0.350000000,0.350000000,0.350000000,0.350000000,50,TFO FMM0026_OMPE0000035002052726
2026-04-30T00:00:00.000000000Z,35,85,31117607,0.880000000,0.900000000,0.880000000,0.900000000,250,TFO   6  31117607
2026-04-30T00:00:00.000000000Z,35,58,108398554,,,,,400,TFO FMU0026_OMPE0000034002082626
2026-04-30T00:00:00.000000000Z,35,58,108476841,5.250000000,5.550000000,5.250000000,5.500000000,400,TFO FMN0026_OMPE0000045002062626
2026-04-30T00:00:00.000000000Z,35,58,108401031,,,,,50,TFO FMM0026_OMPE0000042002052726
2026-04-30T00:00:00.000000000Z,35,58,108455365,1.205000000,1.205000000,1.205000000,1.205000000,400,TFO FQN0026.U0026_OQPE0000034002062
2026-04-30T00:00:00.000000000Z,35,85,31139498,0.985000000,0.985000000,0.985000000,0.985000000,100,TFO  50  31139498
2026-04-30T00:00:00.000000000Z,35,85,31140193,4.050000000,4.050000000,4.050000000,4.050000000,250,TFO  55  31140193
2026-04-30T00:00:00.000000000Z,35,58,108455385,,,,,200,TFO FMV0026_OMPE0000035002092526
2026-04-30T00:00:00.000000000Z,35,85,31139589,1.375000000,1.375000000,1.375000000,1.375000000,50,TFO  56  31139589
2026-04-30T00:00:00.000000000Z,35,58,108481999,,,,,25,TFO FMG0027_OMPE0000040002012727
2026-04-30T00:00:00.000000000Z,35,58,108455373,2.500000000,2.500000000,2.500000000,2.500000000,200,TFO FQN0026.U0026_OQPE0000038002062
2026-04-30T00:00:00.000000000Z,35,58,108280835,0.355000000,0.355000000,0.355000000,0.355000000,75,TFO FMN0026_OMPE0000030002062626
2026-04-30T00:00:00.000000000Z,35,58,109370195,1.350000000,1.350000000,0.970000000,0.970000000,300,TFO FMM0026_OMCE0000065002052726
2026-04-30T00:00:00.000000000Z,35,58,109408601,4.525000000,4.575000000,4.525000000,4.525000000,955,TFO FQN0026.U0026_OQCE0000060002062
2026-04-30T00:00:00.000000000Z,35,58,109254273,,,,,25,TFO FMX0026_OMCE0000100002102726
2026-04-30T00:00:00.000000000Z,35,58,109408524,,,,,250,TFO FMU0026_OMPE0000060002082626
2026-04-30T00:00:00.000000000Z,35,58,108215811,0.125000000,0.125000000,0.090000000,0.090000000,850,TFO FMM0026_OMPE0000030002052726
2026-05-01T00:00:00.000000000Z,35,58,108482531,7.305000000,7.305000000,7.305000000,7.305000000,300,TFO FQF0027.H0027_OQPE0000040002122
2026-05-01T00:00:00.000000000Z,35,85,31140448,3.925000000,3.925000000,3.925000000,3.925000000,200,TFO  56  31140448
2026-05-01T00:00:00.000000000Z,35,85,31140380,0.550000000,0.550000000,0.550000000,0.550000000,160,TFO  66  31140380
2026-05-01T00:00:00.000000000Z,35,58,108847189,,,,,800,TFO FMN0026_OMPE0000050002062626
2026-05-01T00:00:00.000000000Z,35,85,31140447,0.625000000,0.625000000,0.625000000,0.625000000,70,TFO  55  31140447
2026-05-01T00:00:00.000000000Z,35,58,109308579,,,,,225,TFO FMV0026_OMCE0000050002092526
2026-05-01T00:00:00.000000000Z,35,85,31140535,5.000000000,5.000000000,5.000000000,5.000000000,100,TFO  55  31140535
2026-05-01T00:00:00.000000000Z,35,58,109839119,7.800000000,7.800000000,7.800000000,7.800000000,90,TFO FQF0027.H0027_OQCE0000060002122
2026-05-01T00:00:00.000000000Z,35,58,108482520,9.225000000,9.225000000,9.225000000,9.225000000,300,TFO FQV0026.Z0026_OQCE0000045002092
2026-05-01T00:00:00.000000000Z,35,85,108565849,0.140000000,0.140000000,0.140000000,0.140000000,700,TFO FQN0026.U0026_OQPE0000025002062
2026-05-01T00:00:00.000000000Z,35,58,108245410,0.530000000,0.530000000,0.530000000,0.530000000,100,TFO FMM0026_OMPE0000037002052726
2026-05-01T00:00:00.000000000Z,35,58,109408602,17.700000000,18.350000000,17.700000000,18.300000000,505,TFO FQN0026.U0026_OQPE0000060002062
2026-05-01T00:00:00.000000000Z,35,58,109308592,13.415000000,13.415000000,13.415000000,13.415000000,100,TFO FSV0026.H0027_OSPE0000050002092
2026-05-01T00:00:00.000000000Z,35,58,109838794,21.550000000,21.550000000,21.550000000,21.550000000,50,TFO FSV0026.H0027_OSPE0000060002092
2026-05-01T00:00:00.000000000Z,35,85,31140431,1.310000000,1.310000000,1.310000000,1.310000000,250,TFO  50  31140431
2026-05-01T00:00:00.000000000Z,35,85,31140339,-0.250000000,-0.250000000,-0.250000000,-0.250000000,250,TFO   5  31140339
2026-05-01T00:00:00.000000000Z,35,85,31140376,0.440000000,0.440000000,0.440000000,0.440000000,1000,TFO  65  31140376
2026-05-01T00:00:00.000000000Z,35,58,108481528,,,,,180,TFO FMU0027_OMCE0000035002082627
2026-05-01T00:00:00.000000000Z,35,58,108484407,,,,,200,TFO FMG0027_OMPE0000025002012727
2026-05-01T00:00:00.000000000Z,35,58,110662674,4.300000000,4.300000000,4.300000000,4.300000000,50,TFO FQF0028.H0028_OQCE0000050002122
2026-05-01T00:00:00.000000000Z,35,58,109888345,5.500000000,5.500000000,5.500000000,5.500000000,100,TFO FMJ0027_OMCE0000050002032527
2026-05-01T00:00:00.000000000Z,35,58,109838792,,,,,50,TFO FMH0027_OMPE0000060002022427
2026-05-01T00:00:00.000000000Z,35,58,109838785,,,,,771,TFO FMZ0026_OMCE0000060002112626
2026-05-01T00:00:00.000000000Z,35,58,109308589,9.600000000,9.600000000,9.600000000,9.600000000,250,TFO FMH0027_OMCE0000050002022427
2026-05-01T00:00:00.000000000Z,35,85,108476850,3.675000000,3.675000000,3.675000000,3.675000000,50,TFO FMM0026_OMCE0000046002052726
2026-05-01T00:00:00.000000000Z,35,58,108847188,5.000000000,5.000000000,5.000000000,5.000000000,100,TFO FMN0026_OMCE0000050002062626
2026-05-01T00:00:00.000000000Z,35,58,108338606,2.300000000,2.300000000,2.300000000,2.300000000,100,TFO FMQ0026_OMPE0000037002072726
2026-05-01T00:00:00.000000000Z,35,58,109254283,3.400000000,3.400000000,3.400000000,3.400000000,100,TFO FSV0026.H0027_OSCE0000100002092
2026-05-01T00:00:00.000000000Z,35,85,31140439,3.850000000,3.850000000,3.850000000,3.850000000,40,TFO  72  31140439
2026-05-01T00:00:00.000000000Z,35,58,108476851,3.925000000,3.975000000,3.925000000,3.950000000,900,TFO FMM0026_OMPE0000046002052726
2026-05-01T00:00:00.000000000Z,35,58,109408519,3.090000000,3.150000000,2.750000000,2.750000000,1400,TFO FMN0026_OMCE0000060002062626
2026-05-01T00:00:00.000000000Z,35,58,108215821,0.310000000,0.365000000,0.310000000,0.365000000,1150,TFO FMM0026_OMPE0000035002052726
2026-05-01T00:00:00.000000000Z,35,85,108215821,0.310000000,0.350000000,0.310000000,0.350000000,55,TFO FMM0026_OMPE0000035002052726
2026-05-01T00:00:00.000000000Z,35,58,108481211,,,,,175,TFO FMZ0026_OMPE0000030002112626
2026-05-01T00:00:00.000000000Z,35,58,109370215,,,,,300,TFO FMH0027_OMCE0000065002022427
2026-05-01T00:00:00.000000000Z,35,58,109254277,,,,,100,TFO FMF0027_OMCE0000100002122426
2026-05-01T00:00:00.000000000Z,35,85,108215817,0.175000000,0.175000000,0.175000000,0.175000000,300,TFO FMM0026_OMPE0000033002052726
2026-05-01T00:00:00.000000000Z,35,58,109838788,,,,,50,TFO FMF0027_OMPE0000060002122426
2026-05-01T00:00:00.000000000Z,35,58,109408523,,,,,250,TFO FMU0026_OMCE0000060002082626
2026-05-01T00:00:00.000000000Z,35,85,31140812,2.750000000,2.750000000,2.750000000,2.750000000,100,TFO  55  31140812
2026-05-01T00:00:00.000000000Z,35,85,109370195,0.920000000,0.920000000,0.920000000,0.920000000,20,TFO FMM0026_OMCE0000065002052726
2026-05-01T00:00:00.000000000Z,35,85,31140406,2.000000000,2.000000000,2.000000000,2.000000000,200,TFO  47  31140406
2026-05-01T00:00:00.000000000Z,35,85,31140435,1.650000000,1.650000000,1.650000000,1.650000000,100,TFO  72  31140435
2026-05-01T00:00:00.000000000Z,35,58,108990628,,,,,600,TFO FMV0026_OMCE0000075002092526
2026-05-01T00:00:00.000000000Z,35,58,110725776,,,,,40,TFO FMX0026_OMCE0000057002102726
2026-05-01T00:00:00.000000000Z,35,58,108847983,9.675000000,9.675000000,9.675000000,9.675000000,800,TFO FQN0026.U0026_OQPE0000050002062
2026-05-01T00:00:00.000000000Z,35,85,31140336,-0.250000000,-0.250000000,-0.250000000,-0.250000000,100,TFO  66  31140336
2026-05-01T00:00:00.000000000Z,35,58,108484401,,,,,200,TFO FMH0027_OMPE0000025002022427
2026-05-01T00:00:00.000000000Z,35,58,109408601,3.590000000,3.590000000,3.590000000,3.590000000,250,TFO FQN0026.U0026_OQCE0000060002062
2026-05-01T00:00:00.000000000Z,35,58,110615019,,,,,160,TFO FMX0026_OMPE0000080002102726
2026-05-01T00:00:00.000000000Z,35,58,109576073,0.700000000,0.700000000,0.575000000,0.675000000,2120,TFO FMM0026_OMCE0000070002052726
2026-05-01T00:00:00.000000000Z,35,85,31140717,1.300000000,1.300000000,1.300000000,1.300000000,100,TFO  77  31140717
2026-05-01T00:00:00.000000000Z,35,58,110615021,,,,,160,TFO FMZ0026_OMPE0000080002112626
2026-05-01T00:00:00.000000000Z,35,58,109617312,,,,,210,TFO FMQ0026_OMPE0000049002072726
2026-05-01T00:00:00.000000000Z,35,58,108564113,,,,,700,TFO FMQ0026_OMPE0000025002072726
2026-05-01T00:00:00.000000000Z,35,58,108482174,,,,,171,TFO FMZ0026_OMCE0000040002112626
2026-05-01T00:00:00.000000000Z,35,58,108428899,2.910000000,2.910000000,2.910000000,2.910000000,825,TFO FMM0026_OMPE0000043002052726
2026-05-01T00:00:00.000000000Z,35,85,31140818,3.590000000,3.590000000,3.590000000,3.590000000,25,TFO  55  31140818
2026-05-01T00:00:00.000000000Z,35,58,109308584,,,,,100,TFO FMZ0026_OMPE0000050002112626
2026-05-01T00:00:00.000000000Z,35,85,31101237,0.350000000,0.350000000,0.350000000,0.350000000,100,TFO  75  31101237
2026-05-01T00:00:00.000000000Z,35,58,108476853,,,,,50,TFO FMM0026_OMPE0000047002052726
2026-05-01T00:00:00.000000000Z,35,58,108338592,0.425000000,0.500000000,0.425000000,0.500000000,2200,TFO FMQ0026_OMPE0000030002072726
2026-05-01T00:00:00.000000000Z,35,85,31140636,1.250000000,1.250000000,1.250000000,1.250000000,500,TFO  56  31140636
2026-05-01T00:00:00.000000000Z,35,58,109839116,20.000000000,20.000000000,20.000000000,20.000000000,320,TFO FQV0026.Z0026_OQPE0000060002092
2026-05-01T00:00:00.000000000Z,35,58,108455357,0.425000000,0.425000000,0.425000000,0.425000000,1000,TFO FQN0026.U0026_OQPE0000030002062
2026-05-01T00:00:00.000000000Z,35,58,110658696,,,,,50,TFO FMH0028_OMCE0000050002022528
2026-05-01T00:00:00.000000000Z,35,58,108338602,,,,,940,TFO FMQ0026_OMPE0000035002072726
2026-05-01T00:00:00.000000000Z,35,58,108401031,1.900000000,2.300000000,1.900000000,2.300000000,500,TFO FMM0026_OMPE0000042002052726
2026-05-01T00:00:00.000000000Z,35,85,31140760,0.300000000,0.325000000,0.300000000,0.325000000,1950,TFO  12  31140760
2026-05-01T00:00:00.000000000Z,35,58,108481999,,,,,300,TFO FMG0027_OMPE0000040002012727
2026-05-01T00:00:00.000000000Z,35,58,109254271,,,,,120,TFO FMV0026_OMCE0000100002092526
2026-05-01T00:00:00.000000000Z,35,58,108280835,0.330000000,0.330000000,0.330000000,0.330000000,1125,TFO FMN0026_OMPE0000030002062626
2026-05-01T00:00:00.000000000Z,35,85,31140360,1.410000000,1.410000000,1.410000000,1.410000000,100,TFO  51  31140360
2026-05-01T00:00:00.000000000Z,35,58,108992844,4.135000000,4.135000000,3.740000000,3.740000000,600,TFO FQV0026.Z0026_OQCE0000075002092
2026-05-01T00:00:00.000000000Z,35,58,108455395,4.800000000,4.800000000,4.525000000,4.525000000,350,TFO FMV0026_OMPE0000040002092526
2026-05-01T00:00:00.000000000Z,35,85,31140536,7.300000000,7.300000000,7.300000000,7.300000000,180,TFO  55  31140536
2026-05-01T00:00:00.000000000Z,35,58,109408517,1.350000000,1.360000000,1.350000000,1.360000000,1050,TFO FMM0026_OMCE0000060002052726
2026-05-01T00:00:00.000000000Z,35,58,108381602,,,,,300,TFO FMQ0026_OMPE0000040002072726
2026-05-01T00:00:00.000000000Z,35,58,109370211,,,,,300,TFO FMF0027_OMCE0000065002122426
2026-05-01T00:00:00.000000000Z,35,58,110704946,2.390000000,2.390000000,2.390000000,2.390000000,250,TFO FMM0026_OMCE0000053002052726
2026-05-01T00:00:00.000000000Z,35,58,109838787,,,,,261,TFO FMF0027_OMCE0000060002122426
2026-05-01T00:00:00.000000000Z,35,58,108476848,4.950000000,4.950000000,4.050000000,4.050000000,1100,TFO FMM0026_OMCE0000045002052726
2026-05-01T00:00:00.000000000Z,35,58,108476840,5.925000000,5.925000000,5.925000000,5.925000000,175,TFO FMN0026_OMCE0000045002062626
2026-05-01T00:00:00.000000000Z,35,85,108476840,6.700000000,6.700000000,6.700000000,6.700000000,200,TFO FMN0026_OMCE0000045002062626
2026-05-01T00:00:00.000000000Z,35,58,108847190,5.875000000,5.875000000,5.875000000,5.875000000,400,TFO FMQ0026_OMCE0000050002072726
2026-05-01T00:00:00.000000000Z,35,58,108481998,,,,,171,TFO FMG0027_OMCE0000040002012727
2026-05-01T00:00:00.000000000Z,35,85,31140403,0.235000000,0.235000000,0.235000000,0.235000000,50,TFO  73  31140403
2026-05-01T00:00:00.000000000Z,35,58,108481940,,,,,171,TFO FMH0027_OMCE0000040002022427
2026-05-01T00:00:00.000000000Z,35,58,108381601,9.355000000,9.355000000,9.355000000,9.355000000,300,TFO FMQ0026_OMCE0000040002072726
2026-05-01T00:00:00.000000000Z,35,58,109308580,,,,,100,TFO FMV0026_OMPE0000050002092526
2026-05-01T00:00:00.000000000Z,35,58,110615017,,,,,160,TFO FMV0026_OMPE0000080002092526
2026-05-01T00:00:00.000000000Z,35,85,31140408,2.000000000,2.000000000,2.000000000,2.000000000,50,TFO  47  31140408
2026-05-01T00:00:00.000000000Z,35,85,31140338,3.950000000,3.950000000,3.925000000,3.925000000,3850,TFO  55  31140338
2026-05-01T00:00:00.000000000Z,35,58,109617310,,,,,210,TFO FMU0026_OMPE0000049002082626
2026-05-01T00:00:00.000000000Z,35,58,108476936,6.900000000,6.900000000,6.900000000,6.900000000,75,TFO FQN0026.U0026_OQCE0000045002062
2026-05-01T00:00:00.000000000Z,35,58,108564115,,,,,700,TFO FMU0026_OMPE0000025002082626
2026-05-01T00:00:00.000000000Z,35,58,108481143,1.675000000,1.750000000,1.675000000,1.750000000,175,TFO FSV0026.H0027_OSPE0000030002092
2026-05-01T00:00:00.000000000Z,35,58,108398556,,,,,940,TFO FMU0026_OMPE0000035002082626
2026-05-01T00:00:00.000000000Z,35,85,31140427,-0.725000000,-0.725000000,-0.725000000,-0.725000000,500,TFO  65  31140427
2026-05-01T00:00:00.000000000Z,35,85,31140742,0.330000000,0.330000000,0.330000000,0.330000000,825,TFO  73  31140742
2026-05-01T00:00:00.000000000Z,35,58,108481199,,,,,250,TFO FMX0026_OMPE0000035002102726
2026-05-01T00:00:00.000000000Z,35,58,109838781,,,,,771,TFO FMV0026_OMCE0000060002092526
2026-05-01T00:00:00.000000000Z,35,58,108481350,7.300000000,7.300000000,7.300000000,7.300000000,180,TFO FSJ0027.U0027_OSCE0000035002032
2026-05-01T00:00:00.000000000Z,35,58,109254279,,,,,100,TFO FMG0027_OMCE0000100002012727
2026-05-01T00:00:00.000000000Z,35,58,109308588,,,,,100,TFO FMG0027_OMPE0000050002012727
2026-05-01T00:00:00.000000000Z,35,85,31140456,2.200000000,2.200000000,2.200000000,2.200000000,500,TFO  49  31140456
2026-05-01T00:00:00.000000000Z,35,85,31140838,3.740000000,3.740000000,3.740000000,3.740000000,300,TFO  55  31140838
2026-05-01T00:00:00.000000000Z,35,58,108476858,,,,,75,TFO FMU0026_OMCE0000045002082626
2026-05-01T00:00:00.000000000Z,35,58,108400943,,,,,300,TFO FMU0026_OMPE0000040002082626
2026-05-01T00:00:00.000000000Z,35,58,109254273,,,,,120,TFO FMX0026_OMCE0000100002102726
2026-05-01T00:00:00.000000000Z,35,58,108482168,3.700000000,3.700000000,3.700000000,3.700000000,250,TFO FMM0026_OMCE0000048002052726
2026-05-01T00:00:00.000000000Z,35,58,108255504,1.125000000,1.125000000,1.125000000,1.125000000,50,TFO FMM0026_OMPE0000039002052726
2026-05-01T00:00:00.000000000Z,35,85,31140454,0.840000000,0.840000000,0.840000000,0.840000000,450,TFO  51  31140454
2026-05-01T00:00:00.000000000Z,35,85,109184383,1.750000000,1.750000000,1.600000000,1.650000000,500,TFO FMM0026_OMCE0000055002052726
2026-05-01T00:00:00.000000000Z,35,85,31140655,1.350000000,1.350000000,1.350000000,1.350000000,100,TFO  58  31140655
2026-05-01T00:00:00.000000000Z,35,85,31128190,4.820000000,4.820000000,4.820000000,4.820000000,71,TFO   6  31128190
2026-05-01T00:00:00.000000000Z,35,85,31140386,0.235000000,0.235000000,0.235000000,0.235000000,50,TFO  73  31140386
2026-05-01T00:00:00.000000000Z,35,58,110617285,37.800000000,37.800000000,37.800000000,37.800000000,160,TFO FQV0026.Z0026_OQPE0000080002092
2026-05-01T00:00:00.000000000Z,35,58,109254327,2.625000000,2.625000000,2.625000000,2.625000000,20,TFO FQV0026.Z0026_OQCE0000100002092
2026-05-01T00:00:00.000000000Z,35,58,108476849,3.350000000,3.400000000,3.350000000,3.350000000,700,TFO FMM0026_OMPE0000045002052726
2026-05-01T00:00:00.000000000Z,35,58,110725780,6.330000000,6.330000000,6.330000000,6.330000000,40,TFO FQV0026.Z0026_OQCE0000057002092
2026-05-01T00:00:00.000000000Z,35,58,108455394,,,,,171,TFO FMV0026_OMCE0000040002092526
2026-05-01T00:00:00.000000000Z,35,58,109408524,,,,,505,TFO FMU0026_OMPE0000060002082626
2026-05-01T00:00:00.000000000Z,35,85,31140377,0.425000000,0.425000000,0.425000000,0.425000000,1000,TFO  56  31140377
2026-05-01T00:00:00.000000000Z,35,85,31140419,1.150000000,1.150000000,1.150000000,1.150000000,1000,TFO  50  31140419
2026-05-01T00:00:00.000000000Z,35,85,31140576,4.810000000,4.810000000,4.810000000,4.810000000,100,TFO  50  31140576
2026-05-01T00:00:00.000000000Z,35,85,31140382,0.235000000,0.235000000,0.235000000,0.235000000,200,TFO  73  31140382
2026-05-01T00:00:00.000000000Z,35,58,108398554,,,,,105,TFO FMU0026_OMPE0000034002082626
2026-05-01T00:00:00.000000000Z,35,58,108428898,5.950000000,5.950000000,5.950000000,5.950000000,500,TFO FMM0026_OMCE0000043002052726
2026-05-01T00:00:00.000000000Z,35,58,108481153,3.765000000,3.765000000,3.765000000,3.765000000,50,TFO FSV0026.H0027_OSPE0000035002092
2026-05-01T00:00:00.000000000Z,35,58,110725774,,,,,40,TFO FMV0026_OMCE0000057002092526
2026-05-01T00:00:00.000000000Z,35,58,108482077,6.800000000,6.800000000,6.800000000,6.800000000,550,TFO FMF0027_OMPE0000040002122426
2026-05-01T00:00:00.000000000Z,35,58,108398546,,,,,1000,TFO FMU0026_OMPE0000030002082626
2026-05-01T00:00:00.000000000Z,35,58,108646536,0.500000000,0.500000000,0.500000000,0.500000000,3900,TFO FMM0026_OMCE0000075002052726
2026-05-01T00:00:00.000000000Z,35,58,109308590,,,,,100,TFO FMH0027_OMPE0000050002022427
2026-05-01T00:00:00.000000000Z,35,58,109576075,2.000000000,2.000000000,1.950000000,2.000000000,1700,TFO FMN0026_OMCE0000070002062626
2026-05-01T00:00:00.000000000Z,35,58,108482144,,,,,300,TFO FMX0026_OMCE0000045002102726
2026-05-01T00:00:00.000000000Z,35,58,109308649,7.700000000,7.700000000,7.700000000,7.700000000,225,TFO FQV0026.Z0026_OQCE0000050002092
2026-05-01T00:00:00.000000000Z,35,85,31140379,1.675000000,1.675000000,1.675000000,1.675000000,50,TFO  56  31140379
2026-05-01T00:00:00.000000000Z,35,58,108481287,,,,,50,TFO FMF0027_OMPE0000035002122426
2026-05-01T00:00:00.000000000Z,35,58,108481484,,,,,180,TFO FMN0027_OMCE0000035002062527
2026-05-01T00:00:00.000000000Z,35,85,31140805,0.575000000,0.575000000,0.575000000,0.575000000,50,TFO  55  31140805
2026-05-01T00:00:00.000000000Z,35,58,109308585,,,,,150,TFO FMF0027_OMCE0000050002122426
2026-05-01T00:00:00.000000000Z,35,85,31140327,1.900000000,1.900000000,1.900000000,1.900000000,100,TFO  56  31140327
2026-05-01T00:00:00.000000000Z,35,58,108481440,,,,,180,TFO FMM0027_OMCE0000035002052627
2026-05-01T00:00:00.000000000Z,35,58,108481396,,,,,180,TFO FMJ0027_OMCE0000035002032527
2026-05-01T00:00:00.000000000Z,35,58,108481321,,,,,275,TFO FMH0027_OMPE0000030002022427
2026-05-01T00:00:00.000000000Z,35,58,108847187,6.700000000,6.700000000,6.700000000,6.700000000,500,TFO FMM0026_OMPE0000050002052726
2026-05-01T00:00:00.000000000Z,35,85,31140413,0.450000000,0.450000000,0.450000000,0.450000000,650,TFO  73  31140413
2026-05-01T00:00:00.000000000Z,35,85,108476848,4.000000000,4.000000000,3.980000000,3.980000000,75,TFO FMM0026_OMCE0000045002052726
2026-05-01T00:00:00.000000000Z,35,58,109254275,,,,,120,TFO FMZ0026_OMCE0000100002112626
2026-05-01T00:00:00.000000000Z,35,58,109184385,3.950000000,3.950000000,3.925000000,3.925000000,3850,TFO FMN0026_OMCE0000055002062626
2026-05-01T00:00:00.000000000Z,35,58,108481221,,,,,250,TFO FMZ0026_OMPE0000035002112626
2026-05-01T00:00:00.000000000Z,35,85,31140466,3.050000000,3.050000000,3.050000000,3.050000000,200,TFO  51  31140466
2026-05-01T00:00:00.000000000Z,35,85,31140450,-4.100000000,-4.100000000,-4.100000000,-4.100000000,100,TFO  46  31140450
2026-05-01T00:00:00.000000000Z,35,58,108481299,,,,,275,TFO FMG0027_OMPE0000030002012727
2026-05-01T00:00:00.000000000Z,35,58,109838793,6.790000000,6.800000000,6.790000000,6.800000000,171,TFO FSV0026.H0027_OSCE0000060002092
2026-05-01T00:00:00.000000000Z,35,58,109617458,9.400000000,9.400000000,9.400000000,9.400000000,210,TFO FQN0026.U0026_OQPE0000049002062
2026-05-01T00:00:00.000000000Z,35,85,31140465,4.300000000,4.300000000,4.300000000,4.300000000,50,TFO  55  31140465
2026-05-01T00:00:00.000000000Z,35,58,108338600,,,,,105,TFO FMQ0026_OMPE0000034002072726
2026-05-01T00:00:00.000000000Z,35,58,108400937,2.400000000,2.500000000,2.400000000,2.500000000,1350,TFO FMN0026_OMPE0000040002062626
2026-05-01T00:00:00.000000000Z,35,85,108400937,2.600000000,2.600000000,2.600000000,2.600000000,100,TFO FMN0026_OMPE0000040002062626
2026-05-01T00:00:00.000000000Z,35,58,108476852,3.500000000,3.500000000,3.500000000,3.500000000,400,TFO FMM0026_OMCE0000047002052726
2026-05-01T00:00:00.000000000Z,35,85,31140414,1.900000000,1.900000000,1.900000000,1.900000000,250,TFO  56  31140414
2026-05-01T00:00:00.000000000Z,35,58,109838789,,,,,261,TFO FMG0027_OMCE0000060002012727
2026-05-01T00:00:00.000000000Z,35,85,31140452,3.250000000,3.250000000,3.250000000,3.250000000,75,TFO  56  31140452
2026-05-01T00:00:00.000000000Z,35,58,109617306,,,,,210,TFO FMN0026_OMPE0000049002062626
2026-05-01T00:00:00.000000000Z,35,85,31140695,0.650000000,0.650000000,0.650000000,0.650000000,50,TFO  49  31140695
2026-05-01T00:00:00.000000000Z,35,58,108455367,1.400000000,1.400000000,1.310000000,1.350000000,940,TFO FQN0026.U0026_OQPE0000035002062
2026-05-01T00:00:00.000000000Z,35,58,108990632,,,,,600,TFO FMZ0026_OMCE0000075002112626
2026-05-01T00:00:00.000000000Z,35,58,109308581,,,,,225,TFO FMX0026_OMCE0000050002102726
2026-05-01T00:00:00.000000000Z,35,85,31140507,0.975000000,0.975000000,0.950000000,0.950000000,700,TFO  77  31140507
2026-05-01T00:00:00.000000000Z,35,85,31140378,1.675000000,1.675000000,1.675000000,1.675000000,25,TFO  56  31140378
2026-05-01T00:00:00.000000000Z,35,58,108481941,,,,,300,TFO FMH0027_OMPE0000040002022427
2026-05-01T00:00:00.000000000Z,35,58,110698874,,,,,90,TFO FMF0027_OMCE0000150002122426
2026-05-01T00:00:00.000000000Z,35,85,31140530,1.510000000,1.510000000,1.510000000,1.510000000,300,TFO  65  31140530
2026-05-01T00:00:00.000000000Z,35,58,108476868,,,,,75,TFO FMQ0026_OMCE0000045002072726
2026-05-01T00:00:00.000000000Z,35,58,108284663,,,,,105,TFO FMN0026_OMPE0000034002062626
2026-05-01T00:00:00.000000000Z,35,85,31140394,4.600000000,4.600000000,4.600000000,4.600000000,50,TFO  58  31140394
2026-05-01T00:00:00.000000000Z,35,85,31140335,-0.250000000,-0.250000000,-0.250000000,-0.250000000,50,TFO  66  31140335
2026-05-01T00:00:00.000000000Z,35,58,108381946,1.500000000,1.500000000,1.500000000,1.500000000,1400,TFO FMM0026_OMPE0000041002052726
2026-05-01T00:00:00.000000000Z,35,58,108455365,1.300000000,1.300000000,1.300000000,1.300000000,105,TFO FQN0026.U0026_OQPE0000034002062
2026-05-01T00:00:00.000000000Z,35,85,31140780,0.850000000,0.850000000,0.800000000,0.800000000,105,TFO   5  31140780
2026-05-01T00:00:00.000000000Z,35,58,109408522,,,,,505,TFO FMQ0026_OMPE0000060002072726
2026-05-01T00:00:00.000000000Z,35,58,109308587,,,,,150,TFO FMG0027_OMCE0000050002012727
2026-05-01T00:00:00.000000000Z,35,58,109254281,,,,,100,TFO FMH0027_OMCE0000100002022427
2026-05-01T00:00:00.000000000Z,35,85,31140384,3.250000000,3.250000000,3.250000000,3.250000000,225,TFO  56  31140384
2026-05-01T00:00:00.000000000Z,35,58,108293633,0.990000000,0.990000000,0.990000000,0.990000000,1065,TFO FMN0026_OMPE0000035002062626
2026-05-01T00:00:00.000000000Z,35,58,109184383,1.950000000,2.025000000,1.950000000,1.990000000,3500,TFO FMM0026_OMCE0000055002052726
2026-05-01T00:00:00.000000000Z,35,58,109838786,,,,,370,TFO FMZ0026_OMPE0000060002112626
2026-05-01T00:00:00.000000000Z,35,58,109838791,,,,,261,TFO FMH0027_OMCE0000060002022427
2026-05-01T00:00:00.000000000Z,35,85,31140662,3.310000000,3.310000000,3.310000000,3.310000000,75,TFO  50  31140662
2026-05-01T00:00:00.000000000Z,35,85,31140352,-0.440000000,-0.440000000,-0.440000000,-0.440000000,50,TFO  58  31140352
2026-05-01T00:00:00.000000000Z,35,58,110698892,,,,,90,TFO FMG0027_OMCE0000150002012727
2026-05-01T00:00:00.000000000Z,35,85,31140355,0.660000000,0.660000000,0.660000000,0.660000000,125,TFO  51  31140355
2026-05-01T00:00:00.000000000Z,35,58,109308651,9.250000000,9.250000000,9.250000000,9.250000000,150,TFO FQF0027.H0027_OQCE0000050002122
2026-05-01T00:00:00.000000000Z,35,85,31140443,1.310000000,1.310000000,1.310000000,1.310000000,40,TFO  56  31140443
2026-05-01T00:00:00.000000000Z,35,58,108484485,0.975000000,0.975000000,0.975000000,0.975000000,200,TFO FQF0027.H0027_OQPE0000025002122
2026-05-01T00:00:00.000000000Z,35,58,109838784,,,,,370,TFO FMX0026_OMPE0000060002102726
2026-05-01T00:00:00.000000000Z,35,58,110658694,,,,,50,TFO FMG0028_OMCE0000050002012728
2026-05-01T00:00:00.000000000Z,35,58,108482158,,,,,300,TFO FMV0026_OMCE0000045002092526
2026-05-01T00:00:00.000000000Z,35,58,109408520,,,,,505,TFO FMN0026_OMPE0000060002062626
2026-05-01T00:00:00.000000000Z,35,85,31140326,8.500000000,8.500000000,8.500000000,8.500000000,50,TFO  22  31140326
2026-05-01T00:00:00.000000000Z,35,58,108481506,,,,,180,TFO FMQ0027_OMCE0000035002072727
2026-05-01T00:00:00.000000000Z,35,85,31140486,0.500000000,0.500000000,0.500000000,0.500000000,500,TFO  77  31140486
2026-05-01T00:00:00.000000000Z,35,58,108481309,,,,,50,TFO FMG0027_OMPE0000035002012727
2026-05-01T00:00:00.000000000Z,35,58,108847186,3.130000000,3.225000000,2.580000000,2.580000000,3775,TFO FMM0026_OMCE0000050002052726
2026-05-01T00:00:00.000000000Z,35,58,108215823,0.525000000,0.525000000,0.475000000,0.475000000,1050,TFO FMM0026_OMPE0000036002052726
2026-05-01T00:00:00.000000000Z,35,85,31140397,4.600000000,4.600000000,4.600000000,4.600000000,25,TFO  58  31140397
2026-05-01T00:00:00.000000000Z,35,58,109308586,,,,,100,TFO FMF0027_OMPE0000050002122426
2026-05-01T00:00:00.000000000Z,35,58,110658692,,,,,50,TFO FMF0028_OMCE0000050002122427
2026-05-01T00:00:00.000000000Z,35,58,108481418,,,,,180,TFO FMK0027_OMCE0000035002042627
2026-05-01T00:00:00.000000000Z,35,58,109408521,,,,,250,TFO FMQ0026_OMCE0000060002072726
2026-05-01T00:00:00.000000000Z,35,58,108481331,,,,,50,TFO FMH0027_OMPE0000035002022427
2026-05-01T00:00:00.000000000Z,35,85,31140639,6.675000000,6.675000000,6.675000000,6.675000000,350,TFO  54  31140639
2026-05-01T00:00:00.000000000Z,35,58,108455385,,,,,250,TFO FMV0026_OMPE0000035002092526
2026-05-01T00:00:00.000000000Z,35,85,31140442,2.225000000,2.225000000,2.225000000,2.225000000,950,TFO  50  31140442
2026-05-01T00:00:00.000000000Z,35,58,110698910,,,,,90,TFO FMH0027_OMCE0000150002022427
2026-05-01T00:00:00.000000000Z,35,58,109308583,,,,,225,TFO FMZ0026_OMCE0000050002112626
2026-05-01T00:00:00.000000000Z,35,58,108847191,,,,,800,TFO FMQ0026_OMPE0000050002072726
2026-05-01T00:00:00.000000000Z,35,58,108332543,1.175000000,1.510000000,1.150000000,1.510000000,2700,TFO FMM0026_OMPE0000040002052726
2026-05-01T00:00:00.000000000Z,35,85,108332543,1.250000000,1.250000000,1.250000000,1.250000000,50,TFO FMM0026_OMPE0000040002052726
2026-05-01T00:00:00.000000000Z,35,58,108457413,,,,,175,TFO FMV0026_OMPE0000030002092526
2026-05-01T00:00:00.000000000Z,35,58,108482622,11.600000000,11.620000000,11.600000000,11.620000000,171,TFO FSV0026.H0027_OSCE0000040002092
2026-05-01T00:00:00.000000000Z,35,58,109838782,,,,,370,TFO FMV0026_OMPE0000060002092526
2026-05-01T00:00:00.000000000Z,35,85,108215813,0.125000000,0.125000000,0.125000000,0.125000000,5,TFO FMM0026_OMPE0000031002052726
2026-05-01T00:00:00.000000000Z,35,58,108481177,2.750000000,2.750000000,2.480000000,2.480000000,200,TFO FQV0026.Z0026_OQPE0000035002092
2026-05-01T00:00:00.000000000Z,35,85,31140817,3.590000000,3.590000000,3.590000000,3.590000000,150,TFO  55  31140817
2026-05-01T00:00:00.000000000Z,35,85,31140438,2.625000000,2.625000000,2.625000000,2.625000000,20,TFO  55  31140438
2026-05-01T00:00:00.000000000Z,35,58,109370213,,,,,300,TFO FMG0027_OMCE0000065002012727
2026-05-01T00:00:00.000000000Z,35,58,110725778,,,,,40,TFO FMZ0026_OMCE0000057002112626
2026-05-01T00:00:00.000000000Z,35,85,31140370,-1.515000000,-1.515000000,-1.515000000,-1.515000000,50,TFO  66  31140370
2026-05-01T00:00:00.000000000Z,35,58,108990630,,,,,600,TFO FMX0026_OMCE0000075002102726
2026-05-01T00:00:00.000000000Z,35,58,109308582,,,,,100,TFO FMX0026_OMPE0000050002102726
2026-05-01T00:00:00.000000000Z,35,58,108455905,3.250000000,3.250000000,3.250000000,3.250000000,300,TFO FQN0026.U0026_OQPE0000040002062
2026-05-01T00:00:00.000000000Z,35,58,110710068,2.600000000,2.600000000,2.600000000,2.600000000,90,TFO FQF0027.H0027_OQCE0000150002122
2026-05-01T00:00:00.000000000Z,35,85,31140749,0.135000000,0.135000000,0.135000000,0.135000000,500,TFO  51  31140749
2026-05-01T00:00:00.000000000Z,35,58,108482184,,,,,300,TFO FMZ0026_OMCE0000045002112626
2026-05-01T00:00:00.000000000Z,35,85,31139895,1.110000000,1.110000000,1.110000000,1.110000000,500,TFO  50  31139895
2026-05-01T00:00:00.000000000Z,35,58,108476841,5.200000000,5.200000000,5.200000000,5.200000000,200,TFO FMN0026_OMPE0000045002062626
2026-05-01T00:00:00.000000000Z,35,85,31140830,0.560000000,0.560000000,0.560000000,0.560000000,250,TFO  77  31140830
2026-05-01T00:00:00.000000000Z,35,58,109370195,0.950000000,0.950000000,0.925000000,0.925000000,1950,TFO FMM0026_OMCE0000065002052726
2026-05-01T00:00:00.000000000Z,35,58,108481277,,,,,275,TFO FMF0027_OMPE0000030002122426
2026-05-01T00:00:00.000000000Z,35,85,31140464,0.200000000,0.200000000,0.200000000,0.200000000,200,TFO  77  31140464
2026-05-01T00:00:00.000000000Z,35,58,108481255,2.300000000,2.300000000,2.300000000,2.300000000,100,TFO FQF0027.H0027_OQPE0000030002122
2026-05-01T00:00:00.000000000Z,35,85,31140444,5.200000000,5.200000000,5.200000000,5.200000000,90,TFO   6  31140444
2026-05-01T00:00:00.000000000Z,35,58,108482134,,,,,171,TFO FMX0026_OMCE0000040002102726
2026-05-01T00:00:00.000000000Z,35,58,109839115,5.925000000,5.925000000,5.925000000,5.925000000,600,TFO FQV0026.Z0026_OQCE0000060002092
2026-05-01T00:00:00.000000000Z,35,58,108476847,3.175000000,3.175000000,3.175000000,3.175000000,350,TFO FMM0026_OMPE0000044002052726
2026-05-01T00:00:00.000000000Z,35,58,108482076,,,,,171,TFO FMF0027_OMCE0000040002122426
2026-05-01T00:00:00.000000000Z,35,85,31140348,-0.175000000,-0.175000000,-0.175000000,-0.175000000,1000,TFO  44  31140348
2026-05-01T00:00:00.000000000Z,35,58,109838783,,,,,771,TFO FMX0026_OMCE0000060002102726
2026-05-01T00:00:00.000000000Z,35,85,31140729,1.875000000,1.875000000,1.875000000,1.875000000,100,TFO  46  31140729
2026-05-01T00:00:00.000000000Z,35,58,108481189,,,,,175,TFO FMX0026_OMPE0000030002102726
2026-05-01T00:00:00.000000000Z,35,85,31140806,3.480000000,3.480000000,3.480000000,3.480000000,300,TFO  50  31140806
2026-05-01T00:00:00.000000000Z,35,58,109370297,7.070000000,7.070000000,7.070000000,7.070000000,300,TFO FQF0027.H0027_OQCE0000065002122
2026-05-01T00:00:00.000000000Z,35,58,108280825,,,,,700,TFO FMN0026_OMPE0000025002062626
2026-05-01T00:00:00.000000000Z,35,58,108847193,,,,,800,TFO FMU0026_OMPE0000050002082626
2026-05-01T00:00:00.000000000Z,35,58,109838790,,,,,50,TFO FMG0027_OMPE0000060002012727
2026-05-01T00:00:00.000000000Z,35,58,108484413,,,,,200,TFO FMF0027_OMPE0000025002122426
2026-05-04T00:00:00.000000000Z,35,85,31141490,5.300000000,5.300000000,5.300000000,5.300000000,200,TFO  56  31141490
2026-05-04T00:00:00.000000000Z,35,58,109184389,,,,,275,TFO FMU0026_OMCE0000055002082626
2026-05-04T00:00:00.000000000Z,35,85,108847186,3.200000000,4.500000000,3.200000000,4.500000000,220,TFO FMM0026_OMCE0000050002052726
2026-05-04T00:00:00.000000000Z,35,85,31141432,5.550000000,5.550000000,5.550000000,5.550000000,50,TFO  55  31141432
2026-05-04T00:00:00.000000000Z,35,85,108332543,0.950000000,0.950000000,0.950000000,0.950000000,100,TFO FMM0026_OMPE0000040002052726
2026-05-04T00:00:00.000000000Z,35,58,108481313,,,,,200,TFO FMG0027_OMPE0000037002012727
2026-05-04T00:00:00.000000000Z,35,85,31141430,5.550000000,5.750000000,5.550000000,5.750000000,100,TFO  55  31141430
2026-05-04T00:00:00.000000000Z,35,85,110698326,0.250000000,0.250000000,0.250000000,0.250000000,80,TFO FMM0026_OMCE0000120002052726
2026-05-04T00:00:00.000000000Z,35,58,108481335,,,,,200,TFO FMH0027_OMPE0000037002022427
2026-05-04T00:00:00.000000000Z,35,85,110459494,1.995000000,2.740000000,1.995000000,2.740000000,15,TFO FMN0026_OMCE0000068002062626
2026-05-04T00:00:00.000000000Z,35,85,109576073,0.760000000,0.860000000,0.760000000,0.860000000,100,TFO FMM0026_OMCE0000070002052726
2026-05-04T00:00:00.000000000Z,35,85,110704944,3.350000000,3.350000000,3.350000000,3.350000000,25,TFO FMM0026_OMCE0000051002052726
2026-05-04T00:00:00.000000000Z,35,58,108481291,,,,,200,TFO FMF0027_OMPE0000037002122426
2026-05-04T00:00:00.000000000Z,35,85,109408517,1.360000000,1.695000000,1.360000000,1.695000000,240,TFO FMM0026_OMCE0000060002052726
2026-05-04T00:00:00.000000000Z,35,85,31141297,0.650000000,0.650000000,0.650000000,0.650000000,100,TFO   4  31141297
2026-05-04T00:00:00.000000000Z,35,85,31138590,0.425000000,0.425000000,0.425000000,0.425000000,25,TFO   6  31138590
2026-05-04T00:00:00.000000000Z,35,58,109617307,,,,,50,TFO FMM0026_OMCE0000049002052726
2026-05-04T00:00:00.000000000Z,35,58,108457413,,,,,50,TFO FMV0026_OMPE0000030002092526
2026-05-04T00:00:00.000000000Z,35,85,31141144,1.050000000,1.050000000,1.050000000,1.050000000,50,TFO  56  31141144
2026-05-04T00:00:00.000000000Z,35,58,108280835,0.275000000,0.275000000,0.275000000,0.275000000,500,TFO FMN0026_OMPE0000030002062626
2026-05-04T00:00:00.000000000Z,35,58,108476850,,,,,50,TFO FMM0026_OMCE0000046002052726
2026-05-04T00:00:00.000000000Z,35,85,108564115,0.230000000,0.230000000,0.230000000,0.230000000,200,TFO FMU0026_OMPE0000025002082626
2026-05-04T00:00:00.000000000Z,35,85,31140760,0.450000000,0.450000000,0.450000000,0.450000000,300,TFO  12  31140760
2026-05-04T00:00:00.000000000Z,35,85,109370195,1.020000000,1.700000000,1.020000000,1.700000000,45,TFO FMM0026_OMCE0000065002052726
2026-05-04T00:00:00.000000000Z,35,58,108646542,,,,,25,TFO FMU0026_OMCE0000075002082626
2026-05-04T00:00:00.000000000Z,35,85,108646542,3.500000000,3.500000000,3.500000000,3.500000000,25,TFO FMU0026_OMCE0000075002082626
2026-05-04T00:00:00.000000000Z,35,85,31141468,-0.515000000,-0.515000000,-0.515000000,-0.515000000,25,TFO  74  31141468
2026-05-04T00:00:00.000000000Z,35,58,108481211,,,,,50,TFO FMZ0026_OMPE0000030002112626
2026-05-04T00:00:00.000000000Z,35,85,108564128,1.910000000,1.910000000,1.910000000,1.910000000,25,TFO FMU0026_OMCE0000100002082626
2026-05-04T00:00:00.000000000Z,35,85,109184383,2.250000000,2.250000000,2.250000000,2.250000000,20,TFO FMM0026_OMCE0000055002052726
2026-05-04T00:00:00.000000000Z,35,85,109185605,5.305000000,5.305000000,5.305000000,5.305000000,25,TFO FQN0026.U0026_OQCE0000055002062
2026-05-04T00:00:00.000000000Z,35,58,109184387,,,,,275,TFO FMQ0026_OMCE0000055002072726
2026-05-04T00:00:00.000000000Z,35,85,31141467,1.575000000,1.575000000,1.575000000,1.575000000,100,TFO  65  31141467
2026-05-04T00:00:00.000000000Z,35,85,31141425,5.550000000,5.550000000,5.550000000,5.550000000,100,TFO  55  31141425
2026-05-04T00:00:00.000000000Z,35,58,109370195,0.905000000,0.905000000,0.905000000,0.905000000,100,TFO FMM0026_OMCE0000065002052726
2026-05-04T00:00:00.000000000Z,35,85,31141187,-0.370000000,-0.370000000,-0.370000000,-0.370000000,25,TFO   4  31141187
2026-05-04T00:00:00.000000000Z,35,85,31141103,1.775000000,1.775000000,1.775000000,1.775000000,25,TFO  56  31141103
2026-05-04T00:00:00.000000000Z,35,58,108646536,0.685000000,0.685000000,0.685000000,0.685000000,600,TFO FMM0026_OMCE0000075002052726
2026-05-04T00:00:00.000000000Z,35,85,109576077,3.220000000,3.220000000,3.000000000,3.000000000,240,TFO FMQ0026_OMCE0000070002072726
2026-05-04T00:00:00.000000000Z,35,58,109184385,,,,,275,TFO FMN0026_OMCE0000055002062626
2026-05-04T00:00:00.000000000Z,35,85,109184385,3.725000000,3.725000000,3.725000000,3.725000000,10,TFO FMN0026_OMCE0000055002062626
2026-05-04T00:00:00.000000000Z,35,58,109408517,1.300000000,1.300000000,1.300000000,1.300000000,240,TFO FMM0026_OMCE0000060002052726
2026-05-04T00:00:00.000000000Z,35,58,108564128,,,,,50,TFO FMU0026_OMCE0000100002082626
2026-05-04T00:00:00.000000000Z,35,58,108481167,1.050000000,1.050000000,1.050000000,1.050000000,50,TFO FQV0026.Z0026_OQPE0000030002092
2026-05-04T00:00:00.000000000Z,35,58,109185605,5.550000000,5.750000000,5.550000000,5.750000000,250,TFO FQN0026.U0026_OQCE0000055002062
2026-05-04T00:00:00.000000000Z,35,58,108847186,3.700000000,3.700000000,3.150000000,3.270000000,1850,TFO FMM0026_OMCE0000050002052726
2026-05-04T00:00:00.000000000Z,35,58,108481269,5.300000000,5.300000000,5.300000000,5.300000000,200,TFO FQF0027.H0027_OQPE0000037002122
2026-05-04T00:00:00.000000000Z,35,85,31141145,3.700000000,3.700000000,3.700000000,3.700000000,50,TFO  55  31141145
2026-05-04T00:00:00.000000000Z,35,85,31136439,0.700000000,0.700000000,0.700000000,0.700000000,15,TFO   6  31136439
2026-05-04T00:00:00.000000000Z,35,85,108215819,0.205000000,0.205000000,0.205000000,0.205000000,10,TFO FMM0026_OMPE0000034002052726
2026-05-04T00:00:00.000000000Z,35,85,108245410,0.450000000,0.490000000,0.450000000,0.490000000,40,TFO FMM0026_OMPE0000037002052726
2026-05-04T00:00:00.000000000Z,35,58,108476848,4.960000000,4.960000000,4.960000000,4.960000000,150,TFO FMM0026_OMCE0000045002052726
2026-05-04T00:00:00.000000000Z,35,58,108481189,,,,,50,TFO FMX0026_OMPE0000030002102726
2026-05-04T00:00:00.000000000Z,35,58,108293633,0.850000000,0.850000000,0.850000000,0.850000000,500,TFO FMN0026_OMPE0000035002062626
2026-05-04T00:00:00.000000000Z,35,85,31141139,3.700000000,3.700000000,3.700000000,3.700000000,1350,TFO  55  31141139
2026-05-04T00:00:00.000000000Z,35,58,109576073,0.920000000,0.920000000,0.920000000,0.920000000,300,TFO FMM0026_OMCE0000070002052726
2026-05-04T00:00:00.000000000Z,35,85,31141354,0.985000000,0.985000000,0.985000000,0.985000000,25,TFO   4  31141354
2026-05-04T00:00:00.000000000Z,35,85,108476852,5.000000000,5.000000000,5.000000000,5.000000000,5,TFO FMM0026_OMCE0000047002052726
2026-05-04T00:00:00.000000000Z,35,58,110704944,,,,,25,TFO FMM0026_OMCE0000051002052726
2026-05-04T00:00:00.000000000Z,35,85,31141392,0.575000000,0.575000000,0.575000000,0.575000000,500,TFO   7  31141392
2026-05-04T00:00:00.000000000Z,35,58,108401031,,,,,25,TFO FMM0026_OMPE0000042002052726
2026-05-04T00:00:00.000000000Z,35,85,31141146,3.700000000,3.700000000,3.700000000,3.700000000,100,TFO  55  31141146
2026-05-04T00:00:00.000000000Z,35,58,109184383,1.990000000,1.990000000,1.990000000,1.990000000,115,TFO FMM0026_OMCE0000055002052726
2026-05-05T00:00:00.000000000Z,35,85,31142097,1.750000000,1.750000000,1.750000000,1.750000000,25,TFO  55  31142097
2026-05-05T00:00:00.000000000Z,35,58,108482541,10.600000000,10.600000000,10.600000000,10.600000000,225,TFO FQF0027.H0027_OQPE0000045002122
2026-05-05T00:00:00.000000000Z,35,58,108484215,,,,,50,TFO FMZ0027_OMPE0000025002112627
2026-05-05T00:00:00.000000000Z,35,58,109370195,0.950000000,0.950000000,0.950000000,0.950000000,100,TFO FMM0026_OMCE0000065002052726
2026-05-05T00:00:00.000000000Z,35,58,109254273,,,,,350,TFO FMX0026_OMCE0000100002102726
2026-05-05T00:00:00.000000000Z,35,85,31142106,2.500000000,2.500000000,2.500000000,2.500000000,300,TFO   4  31142106
2026-05-05T00:00:00.000000000Z,35,85,108215817,0.135000000,0.135000000,0.135000000,0.135000000,200,TFO FMM0026_OMPE0000033002052726
2026-05-05T00:00:00.000000000Z,35,58,108398560,,,,,400,TFO FMU0026_OMPE0000037002082626
2026-05-05T00:00:00.000000000Z,35,58,108215811,0.080000000,0.080000000,0.050000000,0.050000000,1450,TFO FMM0026_OMPE0000030002052726
2026-05-05T00:00:00.000000000Z,35,58,108990628,,,,,850,TFO FMV0026_OMCE0000075002092526
2026-05-05T00:00:00.000000000Z,35,58,109184388,,,,,200,TFO FMQ0026_OMPE0000055002072726
2026-05-05T00:00:00.000000000Z,35,85,31142002,4.825000000,4.825000000,4.800000000,4.800000000,450,TFO  55  31142002
2026-05-05T00:00:00.000000000Z,35,58,109254277,,,,,350,TFO FMF0027_OMCE0000100002122426
2026-05-05T00:00:00.000000000Z,35,58,109254271,,,,,350,TFO FMV0026_OMCE0000100002092526
2026-05-05T00:00:00.000000000Z,35,85,108476847,2.300000000,2.300000000,2.300000000,2.300000000,5,TFO FMM0026_OMPE0000044002052726
2026-05-05T00:00:00.000000000Z,35,58,108284663,,,,,200,TFO FMN0026_OMPE0000034002062626
2026-05-05T00:00:00.000000000Z,35,58,109838785,,,,,990,TFO FMZ0026_OMCE0000060002112626
2026-05-05T00:00:00.000000000Z,35,58,108484407,0.815000000,0.815000000,0.815000000,0.815000000,57,TFO FMG0027_OMPE0000025002012727
2026-05-05T00:00:00.000000000Z,35,85,108484407,0.870000000,0.870000000,0.870000000,0.870000000,57,TFO FMG0027_OMPE0000025002012727
2026-05-05T00:00:00.000000000Z,35,58,108990638,,,,,850,TFO FMH0027_OMCE0000075002022427
2026-05-05T00:00:00.000000000Z,35,85,31142104,2.550000000,2.550000000,2.550000000,2.550000000,100,TFO  72  31142104
2026-05-05T00:00:00.000000000Z,35,58,108481211,,,,,325,TFO FMZ0026_OMPE0000030002112626
2026-05-05T00:00:00.000000000Z,35,58,108476859,,,,,550,TFO FMU0026_OMPE0000045002082626
2026-05-05T00:00:00.000000000Z,35,58,108481173,1.850000000,1.850000000,1.850000000,1.850000000,200,TFO FQV0026.Z0026_OQPE0000033002092
2026-05-05T00:00:00.000000000Z,35,58,110658696,,,,,50,TFO FMH0028_OMCE0000050002022528
2026-05-05T00:00:00.000000000Z,35,85,31142571,0.110000000,0.110000000,0.110000000,0.110000000,100,TFO  76  31142571
2026-05-05T00:00:00.000000000Z,35,58,109185606,12.800000000,12.800000000,12.800000000,12.800000000,200,TFO FQN0026.U0026_OQPE0000055002062
2026-05-05T00:00:00.000000000Z,35,85,31094838,1.550000000,1.550000000,1.550000000,1.550000000,25,TFO   6  31094838
2026-05-05T00:00:00.000000000Z,35,58,108564126,,,,,1000,TFO FMQ0026_OMCE0000100002072726
2026-05-05T00:00:00.000000000Z,35,58,109370205,,,,,150,TFO FMX0026_OMCE0000065002102726
2026-05-05T00:00:00.000000000Z,35,58,109370271,6.670000000,6.670000000,6.670000000,6.670000000,150,TFO FSV0026.H0027_OSCE0000065002092
2026-05-05T00:00:00.000000000Z,35,58,108646536,0.625000000,0.625000000,0.450000000,0.450000000,1250,TFO FMM0026_OMCE0000075002052726
2026-05-05T00:00:00.000000000Z,35,85,31142203,5.550000000,5.550000000,5.550000000,5.550000000,100,TFO  55  31142203
2026-05-05T00:00:00.000000000Z,35,85,31142146,4.325000000,4.325000000,4.325000000,4.325000000,250,TFO  72  31142146
2026-05-05T00:00:00.000000000Z,35,58,108481199,,,,,1040,TFO FMX0026_OMPE0000035002102726
2026-05-05T00:00:00.000000000Z,35,85,31142058,5.100000000,5.100000000,5.100000000,5.100000000,250,TFO  55  31142058
2026-05-05T00:00:00.000000000Z,35,85,31142256,4.300000000,4.300000000,4.300000000,4.300000000,30,TFO  16  31142256
2026-05-05T00:00:00.000000000Z,35,58,109184386,,,,,200,TFO FMN0026_OMPE0000055002062626
2026-05-05T00:00:00.000000000Z,35,58,109592761,6.430000000,6.430000000,6.430000000,6.430000000,250,TFO FMV0026_OMCE0000055002092526
2026-05-05T00:00:00.000000000Z,35,85,31142065,4.450000000,4.450000000,4.450000000,4.450000000,100,TFO  72  31142065
2026-05-05T00:00:00.000000000Z,35,58,108482169,4.320000000,4.320000000,4.320000000,4.320000000,1000,TFO FMM0026_OMPE0000048002052726
2026-05-05T00:00:00.000000000Z,35,58,109184390,,,,,200,TFO FMU0026_OMPE0000055002082626
2026-05-05T00:00:00.000000000Z,35,85,31142213,0.200000000,0.200000000,0.200000000,0.200000000,150,TFO  56  31142213
2026-05-05T00:00:00.000000000Z,35,58,108455357,0.400000000,0.400000000,0.400000000,0.400000000,50,TFO FQN0026.U0026_OQPE0000030002062
2026-05-05T00:00:00.000000000Z,35,85,109184383,2.740000000,2.740000000,2.740000000,2.740000000,10,TFO FMM0026_OMCE0000055002052726
2026-05-05T00:00:00.000000000Z,35,58,108427169,,,,,200,TFO FMU0026_OMPE0000042002082626
2026-05-05T00:00:00.000000000Z,35,58,108398542,,,,,200,TFO FMU0026_OMPE0000028002082626
2026-05-05T00:00:00.000000000Z,35,58,109184385,4.875000000,4.875000000,3.950000000,3.950000000,870,TFO FMN0026_OMCE0000055002062626
2026-05-05T00:00:00.000000000Z,35,58,108476841,,,,,600,TFO FMN0026_OMPE0000045002062626
2026-05-05T00:00:00.000000000Z,35,58,109838791,,,,,990,TFO FMH0027_OMCE0000060002022427
2026-05-05T00:00:00.000000000Z,35,58,108455373,2.250000000,2.250000000,2.250000000,2.250000000,200,TFO FQN0026.U0026_OQPE0000038002062
2026-05-05T00:00:00.000000000Z,35,58,109335147,,,,,220,TFO FMX0026_OMCE0000070002102726
2026-05-05T00:00:00.000000000Z,35,58,108401031,1.550000000,1.710000000,1.550000000,1.550000000,2100,TFO FMM0026_OMPE0000042002052726
2026-05-05T00:00:00.000000000Z,35,58,109408519,,,,,300,TFO FMN0026_OMCE0000060002062626
2026-05-05T00:00:00.000000000Z,35,85,31141895,1.250000000,1.250000000,1.250000000,1.250000000,500,TFO  50  31141895
2026-05-05T00:00:00.000000000Z,35,58,109768643,9.500000000,9.500000000,9.500000000,9.500000000,120,TFO FMG0027_OMCE0000055002012727
2026-05-05T00:00:00.000000000Z,35,58,108280839,,,,,200,TFO FMN0026_OMPE0000032002062626
2026-05-05T00:00:00.000000000Z,35,58,108482623,5.700000000,5.700000000,5.500000000,5.500000000,890,TFO FSV0026.H0027_OSPE0000040002092
2026-05-05T00:00:00.000000000Z,35,85,108332543,0.915000000,0.925000000,0.915000000,0.925000000,60,TFO FMM0026_OMPE0000040002052726
2026-05-05T00:00:00.000000000Z,35,58,108476835,,,,,200,TFO FMN0026_OMPE0000042002062626
2026-05-05T00:00:00.000000000Z,35,85,31142060,5.100000000,5.100000000,5.100000000,5.100000000,50,TFO  55  31142060
2026-05-05T00:00:00.000000000Z,35,58,108990634,,,,,850,TFO FMF0027_OMCE0000075002122426
2026-05-05T00:00:00.000000000Z,35,58,109408601,5.100000000,5.100000000,5.100000000,5.100000000,300,TFO FQN0026.U0026_OQCE0000060002062
2026-05-05T00:00:00.000000000Z,35,58,108457413,,,,,325,TFO FMV0026_OMPE0000030002092526
2026-05-05T00:00:00.000000000Z,35,85,108564122,0.205000000,0.205000000,0.205000000,0.205000000,25,TFO FMM0026_OMCE0000100002052726
2026-05-05T00:00:00.000000000Z,35,85,31142150,1.780000000,1.780000000,1.780000000,1.780000000,350,TFO  51  31142150
2026-05-05T00:00:00.000000000Z,35,85,31142354,6.500000000,6.500000000,6.500000000,6.500000000,200,TFO  54  31142354
2026-05-05T00:00:00.000000000Z,35,85,31141893,-0.275000000,-0.275000000,-0.275000000,-0.275000000,35,TFO  77  31141893
2026-05-05T00:00:00.000000000Z,35,58,108481321,,,,,250,TFO FMH0027_OMPE0000030002022427
2026-05-05T00:00:00.000000000Z,35,58,108400943,,,,,200,TFO FMU0026_OMPE0000040002082626
2026-05-05T00:00:00.000000000Z,35,58,108481999,,,,,925,TFO FMG0027_OMPE0000040002012727
2026-05-05T00:00:00.000000000Z,35,58,108481143,1.630000000,1.630000000,1.300000000,1.300000000,250,TFO FSV0026.H0027_OSPE0000030002092
2026-05-05T00:00:00.000000000Z,35,85,31142482,0.910000000,0.910000000,0.910000000,0.910000000,25,TFO   5  31142482
2026-05-05T00:00:00.000000000Z,35,58,108338596,,,,,200,TFO FMQ0026_OMPE0000032002072726
2026-05-05T00:00:00.000000000Z,35,58,109596767,2.750000000,2.750000000,2.750000000,2.750000000,30,TFO FMM0026_OMCE0000052002052726
2026-05-05T00:00:00.000000000Z,35,58,108482086,,,,,225,TFO FMF0027_OMCE0000045002122426
2026-05-05T00:00:00.000000000Z,35,58,109308587,,,,,990,TFO FMG0027_OMCE0000050002012727
2026-05-05T00:00:00.000000000Z,35,58,108481167,1.000000000,1.080000000,1.000000000,1.080000000,75,TFO FQV0026.Z0026_OQPE0000030002092
2026-05-05T00:00:00.000000000Z,35,58,109370211,7.140000000,7.140000000,7.140000000,7.140000000,285,TFO FMF0027_OMCE0000065002122426
2026-05-05T00:00:00.000000000Z,35,58,108847190,7.000000000,7.350000000,6.300000000,6.300000000,1350,TFO FMQ0026_OMCE0000050002072726
2026-05-05T00:00:00.000000000Z,35,58,110658688,,,,,50,TFO FMX0027_OMCE0000050002102727
2026-05-05T00:00:00.000000000Z,35,58,109308591,9.550000000,9.550000000,9.300000000,9.300000000,990,TFO FSV0026.H0027_OSCE0000050002092
2026-05-05T00:00:00.000000000Z,35,85,108565850,1.550000000,1.550000000,1.550000000,1.550000000,1000,TFO FQN0026.U0026_OQCE0000100002062
2026-05-05T00:00:00.000000000Z,35,58,108482135,,,,,915,TFO FMX0026_OMPE0000040002102726
2026-05-05T00:00:00.000000000Z,35,58,108323493,,,,,200,TFO FMN0026_OMPE0000038002062626
2026-05-05T00:00:00.000000000Z,35,85,31142132,9.550000000,9.550000000,9.550000000,9.550000000,100,TFO  55  31142132
2026-05-05T00:00:00.000000000Z,35,58,110658686,,,,,50,TFO FMV0027_OMCE0000050002092427
2026-05-05T00:00:00.000000000Z,35,58,108990630,,,,,850,TFO FMX0026_OMCE0000075002102726
2026-05-05T00:00:00.000000000Z,35,85,31142245,3.525000000,3.525000000,3.525000000,3.525000000,400,TFO  55  31142245
2026-05-05T00:00:00.000000000Z,35,85,31142499,2.100000000,2.100000000,2.100000000,2.100000000,750,TFO  50  31142499
2026-05-05T00:00:00.000000000Z,35,85,31142473,8.040000000,8.040000000,8.040000000,8.040000000,300,TFO  55  31142473
2026-05-05T00:00:00.000000000Z,35,58,109408521,5.050000000,5.050000000,4.200000000,4.200000000,1550,TFO FMQ0026_OMCE0000060002072726
2026-05-05T00:00:00.000000000Z,35,85,31142309,2.550000000,2.550000000,2.550000000,2.550000000,50,TFO  51  31142309
2026-05-05T00:00:00.000000000Z,35,58,108476862,8.040000000,8.040000000,8.040000000,8.040000000,300,TFO FMU0026_OMCE0000047002082626
2026-05-05T00:00:00.000000000Z,35,58,108481950,,,,,225,TFO FMH0027_OMCE0000045002022427
2026-05-05T00:00:00.000000000Z,35,85,31142355,0.600000000,0.600000000,0.600000000,0.600000000,250,TFO  74  31142355
2026-05-05T00:00:00.000000000Z,35,85,31142272,0.930000000,0.930000000,0.930000000,0.930000000,250,TFO  50  31142272
2026-05-05T00:00:00.000000000Z,35,85,109576073,0.975000000,0.975000000,0.625000000,0.625000000,450,TFO FMM0026_OMCE0000070002052726
2026-05-05T00:00:00.000000000Z,35,58,108476931,3.950000000,3.950000000,3.950000000,3.950000000,200,TFO FQN0026.U0026_OQPE0000042002062
2026-05-05T00:00:00.000000000Z,35,58,109185605,6.000000000,6.000000000,6.000000000,6.000000000,50,TFO FQN0026.U0026_OQCE0000055002062
2026-05-05T00:00:00.000000000Z,35,85,31142383,1.450000000,1.450000000,1.450000000,1.450000000,150,TFO  77  31142383
2026-05-05T00:00:00.000000000Z,35,58,108482540,10.600000000,10.600000000,10.600000000,10.600000000,225,TFO FQF0027.H0027_OQCE0000045002122
2026-05-05T00:00:00.000000000Z,35,85,31141876,0.500000000,0.500000000,0.500000000,0.500000000,500,TFO  18  31141876
2026-05-05T00:00:00.000000000Z,35,58,108990640,5.550000000,5.550000000,5.300000000,5.300000000,350,TFO FSV0026.H0027_OSCE0000075002092
2026-05-05T00:00:00.000000000Z,35,85,31142392,0.600000000,0.600000000,0.600000000,0.600000000,150,TFO  16  31142392
2026-05-05T00:00:00.000000000Z,35,58,108816683,,,,,50,TFO FMG0028_OMPE0000025002012728
2026-05-05T00:00:00.000000000Z,35,58,109838781,5.850000000,5.850000000,5.500000000,5.500000000,1874,TFO FMV0026_OMCE0000060002092526
2026-05-05T00:00:00.000000000Z,35,85,31141935,0.320000000,0.320000000,0.320000000,0.320000000,200,TFO  77  31141935
2026-05-05T00:00:00.000000000Z,35,58,108481287,3.370000000,3.370000000,3.370000000,3.370000000,1047,TFO FMF0027_OMPE0000035002122426
2026-05-05T00:00:00.000000000Z,35,58,110658698,4.225000000,4.225000000,4.225000000,4.225000000,50,TFO FSV0027.H0028_OSCE0000050002092
2026-05-05T00:00:00.000000000Z,35,58,108280829,,,,,150,TFO FMN0026_OMPE0000027002062626
2026-05-05T00:00:00.000000000Z,35,58,108338592,0.390000000,0.390000000,0.390000000,0.390000000,350,TFO FMQ0026_OMPE0000030002072726
2026-05-05T00:00:00.000000000Z,35,58,108428645,,,,,50,TFO FMN0026_OMPE0000041002062626
2026-05-05T00:00:00.000000000Z,35,58,108398546,,,,,50,TFO FMU0026_OMPE0000030002082626
2026-05-05T00:00:00.000000000Z,35,58,108816661,,,,,50,TFO FMF0028_OMPE0000025002122427
2026-05-05T00:00:00.000000000Z,35,58,108564124,,,,,1000,TFO FMN0026_OMCE0000100002062626
2026-05-05T00:00:00.000000000Z,35,58,110658690,,,,,50,TFO FMZ0027_OMCE0000050002112627
2026-05-05T00:00:00.000000000Z,35,58,108476937,5.700000000,5.730000000,5.700000000,5.730000000,550,TFO FQN0026.U0026_OQPE0000045002062
2026-05-05T00:00:00.000000000Z,35,58,108476849,2.925000000,2.925000000,2.650000000,2.880000000,2585,TFO FMM0026_OMPE0000045002052726
2026-05-05T00:00:00.000000000Z,35,85,108476849,2.890000000,2.890000000,2.890000000,2.890000000,5,TFO FMM0026_OMPE0000045002052726
2026-05-05T00:00:00.000000000Z,35,85,31142339,0.005000000,0.005000000,0.005000000,0.005000000,3,TFO  58  31142339
2026-05-05T00:00:00.000000000Z,35,85,31141948,8.300000000,8.300000000,8.300000000,8.300000000,150,TFO  54  31141948
2026-05-05T00:00:00.000000000Z,35,58,108455903,0.260000000,0.260000000,0.260000000,0.260000000,200,TFO FQN0026.U0026_OQPE0000028002062
2026-05-05T00:00:00.000000000Z,35,58,108482077,,,,,925,TFO FMF0027_OMPE0000040002122426
2026-05-05T00:00:00.000000000Z,35,58,109408517,1.750000000,1.750000000,1.750000000,1.750000000,25,TFO FMM0026_OMCE0000060002052726
2026-05-05T00:00:00.000000000Z,35,85,109408517,1.800000000,1.875000000,1.800000000,1.850000000,450,TFO FMM0026_OMCE0000060002052726
2026-05-05T00:00:00.000000000Z,35,58,108482008,,,,,225,TFO FMG0027_OMCE0000045002012727
2026-05-05T00:00:00.000000000Z,35,85,109768643,9.400000000,9.400000000,9.400000000,9.400000000,117,TFO FMG0027_OMCE0000055002012727
2026-05-05T00:00:00.000000000Z,35,58,108482082,11.250000000,11.250000000,11.250000000,11.250000000,50,TFO FMF0027_OMCE0000043002122426
2026-05-05T00:00:00.000000000Z,35,85,31141956,0.170000000,0.175000000,0.170000000,0.175000000,1250,TFO  51  31141956
2026-05-05T00:00:00.000000000Z,35,85,31142266,0.810000000,0.810000000,0.810000000,0.810000000,200,TFO  61  31142266
2026-05-05T00:00:00.000000000Z,35,58,109254281,,,,,350,TFO FMH0027_OMCE0000100002022427
2026-05-05T00:00:00.000000000Z,35,58,108481299,,,,,250,TFO FMG0027_OMPE0000030002012727
2026-05-05T00:00:00.000000000Z,35,58,108428647,,,,,200,TFO FMQ0026_OMPE0000042002072726
2026-05-05T00:00:00.000000000Z,35,58,108455905,3.050000000,3.050000000,2.950000000,2.950000000,200,TFO FQN0026.U0026_OQPE0000040002062
2026-05-05T00:00:00.000000000Z,35,58,108482087,,,,,225,TFO FMF0027_OMPE0000045002122426
2026-05-05T00:00:00.000000000Z,35,58,108428899,2.000000000,2.000000000,1.810000000,1.810000000,2500,TFO FMM0026_OMPE0000043002052726
2026-05-05T00:00:00.000000000Z,35,85,109370195,1.240000000,1.240000000,1.240000000,1.240000000,10,TFO FMM0026_OMCE0000065002052726
2026-05-05T00:00:00.000000000Z,35,58,108474925,0.200000000,0.200000000,0.200000000,0.200000000,150,TFO FQN0026.U0026_OQPE0000027002062
2026-05-05T00:00:00.000000000Z,35,85,31141990,2.700000000,2.700000000,2.700000000,2.700000000,150,TFO  56  31141990
2026-05-05T00:00:00.000000000Z,35,58,108482009,,,,,225,TFO FMG0027_OMPE0000045002012727
2026-05-05T00:00:00.000000000Z,35,58,108484413,0.590000000,0.590000000,0.590000000,0.590000000,57,TFO FMF0027_OMPE0000025002122426
2026-05-05T00:00:00.000000000Z,35,58,109308585,,,,,990,TFO FMF0027_OMCE0000050002122426
2026-05-05T00:00:00.000000000Z,35,58,108476869,,,,,550,TFO FMQ0026_OMPE0000045002072726
2026-05-05T00:00:00.000000000Z,35,85,31142527,3.950000000,3.950000000,3.950000000,3.950000000,100,TFO  55  31142527
2026-05-05T00:00:00.000000000Z,35,85,31142153,1.400000000,1.400000000,1.400000000,1.400000000,200,TFO  75  31142153
2026-05-05T00:00:00.000000000Z,35,58,108475347,,,,,150,TFO FMU0026_OMPE0000027002082626
2026-05-05T00:00:00.000000000Z,35,85,31142438,2.875000000,2.875000000,2.875000000,2.875000000,100,TFO  56  31142438
2026-05-05T00:00:00.000000000Z,35,58,108484203,,,,,50,TFO FMV0027_OMPE0000025002092427
2026-05-05T00:00:00.000000000Z,35,85,31142330,1.930000000,1.930000000,1.930000000,1.930000000,300,TFO  51  31142330
2026-05-05T00:00:00.000000000Z,35,58,109370297,7.900000000,7.900000000,7.900000000,7.900000000,35,TFO FQF0027.H0027_OQCE0000065002122
2026-05-05T00:00:00.000000000Z,35,58,109370215,,,,,185,TFO FMH0027_OMCE0000065002022427
2026-05-05T00:00:00.000000000Z,35,85,31141998,4.875000000,4.875000000,4.875000000,4.875000000,700,TFO  55  31141998
2026-05-05T00:00:00.000000000Z,35,85,31142294,0.320000000,0.320000000,0.320000000,0.320000000,200,TFO  51  31142294
2026-05-05T00:00:00.000000000Z,35,58,108350892,2.230000000,2.230000000,2.230000000,2.230000000,350,TFO FMQ0026_OMPE0000038002072726
2026-05-05T00:00:00.000000000Z,35,85,31142052,0.700000000,0.700000000,0.700000000,0.700000000,1000,TFO  75  31142052
2026-05-05T00:00:00.000000000Z,35,85,108481309,4.360000000,4.360000000,4.355000000,4.355000000,57,TFO FMG0027_OMPE0000035002012727
2026-05-05T00:00:00.000000000Z,35,58,108215821,0.250000000,0.250000000,0.200000000,0.200000000,1400,TFO FMM0026_OMPE0000035002052726
2026-05-05T00:00:00.000000000Z,35,85,31142566,1.530000000,1.530000000,1.530000000,1.530000000,150,TFO  58  31142566
2026-05-05T00:00:00.000000000Z,35,58,108338588,,,,,200,TFO FMQ0026_OMPE0000028002072726
2026-05-05T00:00:00.000000000Z,35,58,108455381,,,,,200,TFO FMV0026_OMPE0000033002092526
2026-05-05T00:00:00.000000000Z,35,58,108338606,,,,,400,TFO FMQ0026_OMPE0000037002072726
2026-05-05T00:00:00.000000000Z,35,85,108646536,0.785000000,0.785000000,0.585000000,0.585000000,75,TFO FMM0026_OMCE0000075002052726
2026-05-05T00:00:00.000000000Z,35,85,31141910,6.775000000,6.775000000,6.775000000,6.775000000,50,TFO  54  31141910
2026-05-05T00:00:00.000000000Z,35,58,109576073,0.775000000,0.775000000,0.600000000,0.600000000,500,TFO FMM0026_OMCE0000070002052726
2026-05-05T00:00:00.000000000Z,35,58,109838793,7.750000000,7.750000000,7.300000000,7.300000000,990,TFO FSV0026.H0027_OSCE0000060002092
2026-05-05T00:00:00.000000000Z,35,85,31142160,4.800000000,4.800000000,4.800000000,4.800000000,450,TFO  55  31142160
2026-05-05T00:00:00.000000000Z,35,58,109254283,3.850000000,3.850000000,3.600000000,3.600000000,350,TFO FSV0026.H0027_OSCE0000100002092
2026-05-05T00:00:00.000000000Z,35,85,31141970,3.400000000,3.400000000,3.400000000,3.400000000,20,TFO  42  31141970
2026-05-05T00:00:00.000000000Z,35,85,31142166,1.620000000,1.620000000,1.620000000,1.620000000,20,TFO   6  31142166
2026-05-05T00:00:00.000000000Z,35,58,108481221,,,,,1040,TFO FMZ0026_OMPE0000035002112626
2026-05-05T00:00:00.000000000Z,35,58,109184389,,,,,50,TFO FMU0026_OMCE0000055002082626
2026-05-05T00:00:00.000000000Z,35,58,109838789,,,,,990,TFO FMG0027_OMCE0000060002012727
2026-05-05T00:00:00.000000000Z,35,58,108280835,,,,,50,TFO FMN0026_OMPE0000030002062626
2026-05-05T00:00:00.000000000Z,35,58,109838787,,,,,990,TFO FMF0027_OMCE0000060002122426
2026-05-05T00:00:00.000000000Z,35,58,108302833,,,,,400,TFO FMN0026_OMPE0000037002062626
2026-05-05T00:00:00.000000000Z,35,58,109773043,0.400000000,0.420000000,0.400000000,0.420000000,350,TFO FMM0026_OMCE0000080002052726
2026-05-05T00:00:00.000000000Z,35,58,108338586,,,,,150,TFO FMQ0026_OMPE0000027002072726
2026-05-05T00:00:00.000000000Z,35,58,108847192,7.850000000,7.850000000,7.400000000,7.400000000,550,TFO FMU0026_OMCE0000050002082626
2026-05-05T00:00:00.000000000Z,35,58,108381602,3.230000000,3.230000000,3.230000000,3.230000000,300,TFO FMQ0026_OMPE0000040002072726
2026-05-05T00:00:00.000000000Z,35,58,108455365,1.025000000,1.025000000,1.025000000,1.025000000,200,TFO FQN0026.U0026_OQPE0000034002062
2026-05-05T00:00:00.000000000Z,35,85,31142076,0.695000000,0.695000000,0.695000000,0.695000000,200,TFO  56  31142076
2026-05-05T00:00:00.000000000Z,35,85,31142067,1.000000000,1.000000000,1.000000000,1.000000000,50,TFO  56  31142067
2026-05-05T00:00:00.000000000Z,35,58,109335145,4.350000000,4.825000000,4.300000000,4.800000000,1854,TFO FMV0026_OMCE0000070002092526
2026-05-05T00:00:00.000000000Z,35,58,109308579,8.750000000,8.750000000,8.750000000,8.750000000,1240,TFO FMV0026_OMCE0000050002092526
2026-05-05T00:00:00.000000000Z,35,85,31141999,4.825000000,4.825000000,4.825000000,4.825000000,100,TFO  55  31141999
2026-05-05T00:00:00.000000000Z,35,85,31142044,2.300000000,2.300000000,2.300000000,2.300000000,500,TFO  50  31142044
2026-05-05T00:00:00.000000000Z,35,85,31142426,0.450000000,0.450000000,0.400000000,0.400000000,890,TFO  58  31142426
2026-05-05T00:00:00.000000000Z,35,58,108847186,3.700000000,3.820000000,3.525000000,3.525000000,3500,TFO FMM0026_OMCE0000050002052726
2026-05-05T00:00:00.000000000Z,35,85,108847186,3.900000000,3.900000000,3.900000000,3.900000000,25,TFO FMM0026_OMCE0000050002052726
2026-05-05T00:00:00.000000000Z,35,85,31142117,6.000000000,6.000000000,6.000000000,6.000000000,50,TFO  55  31142117
2026-05-05T00:00:00.000000000Z,35,85,110698560,1.340000000,1.400000000,1.340000000,1.400000000,50,TFO FMU0026_OMCE0000125002082626
2026-05-05T00:00:00.000000000Z,35,58,109370213,7.840000000,7.840000000,7.840000000,7.840000000,305,TFO FMG0027_OMCE0000065002012727
2026-05-05T00:00:00.000000000Z,35,85,109370213,7.700000000,7.700000000,7.700000000,7.700000000,117,TFO FMG0027_OMCE0000065002012727
2026-05-05T00:00:00.000000000Z,35,85,108401031,1.670000000,1.670000000,1.670000000,1.670000000,5,TFO FMM0026_OMPE0000042002052726
2026-05-05T00:00:00.000000000Z,35,58,109308589,,,,,990,TFO FMH0027_OMCE0000050002022427
2026-05-05T00:00:00.000000000Z,35,85,110704968,4.600000000,4.600000000,4.600000000,4.600000000,5,TFO FMN0026_OMCE0000053002062626
2026-05-05T00:00:00.000000000Z,35,58,109768641,8.725000000,8.725000000,8.725000000,8.725000000,100,TFO FMF0027_OMCE0000055002122426
2026-05-05T00:00:00.000000000Z,35,58,108400937,,,,,200,TFO FMN0026_OMPE0000040002062626
2026-05-05T00:00:00.000000000Z,35,85,108400937,2.370000000,2.370000000,2.260000000,2.270000000,510,TFO FMN0026_OMPE0000040002062626
2026-05-05T00:00:00.000000000Z,35,58,108280831,,,,,200,TFO FMN0026_OMPE0000028002062626
2026-05-05T00:00:00.000000000Z,35,58,108484209,,,,,50,TFO FMX0027_OMPE0000025002102727
2026-05-05T00:00:00.000000000Z,35,85,31138194,1.500000000,1.500000000,1.500000000,1.500000000,384,TFO   6  31138194
2026-05-05T00:00:00.000000000Z,35,58,108332543,0.870000000,0.990000000,0.870000000,0.990000000,650,TFO FMM0026_OMPE0000040002052726
2026-05-05T00:00:00.000000000Z,35,58,110615020,,,,,40,TFO FMZ0026_OMCE0000080002112626
2026-05-05T00:00:00.000000000Z,35,58,109370197,3.080000000,3.080000000,3.080000000,3.080000000,20,TFO FMN0026_OMCE0000065002062626
2026-05-05T00:00:00.000000000Z,35,85,109717160,0.465000000,0.530000000,0.465000000,0.530000000,50,TFO FMU0026_OMCE0000200002082626
2026-05-05T00:00:00.000000000Z,35,58,110615016,,,,,40,TFO FMV0026_OMCE0000080002092526
2026-05-05T00:00:00.000000000Z,35,85,110698342,1.230000000,1.230000000,1.230000000,1.230000000,50,TFO FMN0026_OMCE0000090002062626
2026-05-05T00:00:00.000000000Z,35,58,108816599,2.550000000,2.550000000,2.550000000,2.550000000,50,TFO FSV0027.H0028_OSPE0000025002092
2026-05-05T00:00:00.000000000Z,35,85,31142179,2.680000000,2.680000000,2.680000000,2.680000000,75,TFO  51  31142179
2026-05-05T00:00:00.000000000Z,35,58,109370203,,,,,150,TFO FMV0026_OMCE0000065002092526
2026-05-05T00:00:00.000000000Z,35,85,31141995,1.025000000,1.025000000,1.025000000,1.025000000,1000,TFO  72  31141995
2026-05-05T00:00:00.000000000Z,35,58,108481195,,,,,200,TFO FMX0026_OMPE0000033002102726
2026-05-05T00:00:00.000000000Z,35,58,108455361,0.675000000,0.675000000,0.675000000,0.675000000,200,TFO FQN0026.U0026_OQPE0000032002062
2026-05-05T00:00:00.000000000Z,35,85,31142528,6.530000000,6.530000000,6.530000000,6.530000000,50,TFO   6  31142528
2026-05-05T00:00:00.000000000Z,35,58,109254279,,,,,350,TFO FMG0027_OMCE0000100002012727
2026-05-05T00:00:00.000000000Z,35,58,108476853,4.170000000,4.170000000,4.170000000,4.170000000,1000,TFO FMM0026_OMPE0000047002052726
2026-05-05T00:00:00.000000000Z,35,85,31142334,-0.040000000,-0.040000000,-0.040000000,-0.040000000,1,TFO  58  31142334
2026-05-05T00:00:00.000000000Z,35,85,110704948,2.340000000,2.340000000,2.340000000,2.340000000,25,TFO FMM0026_OMCE0000056002052726
2026-05-05T00:00:00.000000000Z,35,85,108215811,0.100000000,0.100000000,0.100000000,0.100000000,100,TFO FMM0026_OMPE0000030002052726
2026-05-05T00:00:00.000000000Z,35,58,110617284,4.650000000,4.650000000,4.650000000,4.650000000,40,TFO FQV0026.Z0026_OQCE0000080002092
2026-05-05T00:00:00.000000000Z,35,58,108482511,4.790000000,4.790000000,4.790000000,4.790000000,25,TFO FQV0026.Z0026_OQPE0000040002092
2026-05-05T00:00:00.000000000Z,35,58,110615018,,,,,40,TFO FMX0026_OMCE0000080002102726
2026-05-05T00:00:00.000000000Z,35,85,31141973,1.500000000,1.500000000,1.500000000,1.500000000,250,TFO  50  31141973
2026-05-05T00:00:00.000000000Z,35,58,108816705,,,,,50,TFO FMH0028_OMPE0000025002022528
2026-05-05T00:00:00.000000000Z,35,58,108338600,,,,,200,TFO FMQ0026_OMPE0000034002072726
2026-05-05T00:00:00.000000000Z,35,58,108990636,,,,,850,TFO FMG0027_OMCE0000075002012727
2026-05-05T00:00:00.000000000Z,35,58,109254275,,,,,350,TFO FMZ0026_OMCE0000100002112626
2026-05-05T00:00:00.000000000Z,35,58,108646542,3.725000000,3.725000000,3.400000000,3.400000000,1125,TFO FMU0026_OMCE0000075002082626
2026-05-05T00:00:00.000000000Z,35,58,109184387,,,,,50,TFO FMQ0026_OMCE0000055002072726
2026-05-05T00:00:00.000000000Z,35,85,110704944,3.480000000,3.480000000,3.480000000,3.480000000,25,TFO FMM0026_OMCE0000051002052726
2026-05-05T00:00:00.000000000Z,35,58,109370207,,,,,150,TFO FMZ0026_OMCE0000065002112626
2026-05-05T00:00:00.000000000Z,35,58,108481189,,,,,325,TFO FMX0026_OMPE0000030002102726
2026-05-05T00:00:00.000000000Z,35,58,110658692,,,,,50,TFO FMF0028_OMCE0000050002122427
2026-05-05T00:00:00.000000000Z,35,58,108398562,,,,,200,TFO FMU0026_OMPE0000038002082626
2026-05-05T00:00:00.000000000Z,35,85,31142553,0.150000000,0.150000000,0.150000000,0.150000000,200,TFO  50  31142553
2026-05-05T00:00:00.000000000Z,35,85,109717158,0.410000000,0.410000000,0.410000000,0.410000000,25,TFO FMQ0026_OMCE0000200002072726
2026-05-05T00:00:00.000000000Z,35,58,108455371,1.815000000,1.815000000,1.815000000,1.815000000,400,TFO FQN0026.U0026_OQPE0000037002062
2026-05-05T00:00:00.000000000Z,35,58,108255504,0.695000000,0.695000000,0.695000000,0.695000000,200,TFO FMM0026_OMPE0000039002052726
2026-05-05T00:00:00.000000000Z,35,58,108481309,4.310000000,4.310000000,4.310000000,4.310000000,1047,TFO FMG0027_OMPE0000035002012727
2026-05-05T00:00:00.000000000Z,35,58,108481153,3.300000000,3.300000000,3.100000000,3.100000000,990,TFO FSV0026.H0027_OSPE0000035002092
2026-05-05T00:00:00.000000000Z,35,85,108215821,0.200000000,0.200000000,0.200000000,0.200000000,50,TFO FMM0026_OMPE0000035002052726
2026-05-05T00:00:00.000000000Z,35,58,109838783,,,,,990,TFO FMX0026_OMCE0000060002102726
2026-05-05T00:00:00.000000000Z,35,85,31142253,1.250000000,1.250000000,1.250000000,1.250000000,1600,TFO  50  31142253
2026-05-05T00:00:00.000000000Z,35,58,108455385,,,,,1040,TFO FMV0026_OMPE0000035002092526
2026-05-05T00:00:00.000000000Z,35,58,108455395,4.425000000,4.425000000,4.425000000,4.425000000,1165,TFO FMV0026_OMPE0000040002092526
2026-05-05T00:00:00.000000000Z,35,58,108398554,,,,,200,TFO FMU0026_OMPE0000034002082626
2026-05-05T00:00:00.000000000Z,35,58,110698854,4.720000000,4.720000000,4.720000000,4.720000000,50,TFO FMF0027_OMCE0000085002122426
2026-05-05T00:00:00.000000000Z,35,58,108564128,2.100000000,2.100000000,2.100000000,2.100000000,1325,TFO FMU0026_OMCE0000100002082626
2026-05-05T00:00:00.000000000Z,35,58,110658694,,,,,50,TFO FMG0028_OMCE0000050002012728
2026-05-05T00:00:00.000000000Z,35,58,109308581,,,,,990,TFO FMX0026_OMCE0000050002102726
2026-05-05T00:00:00.000000000Z,35,58,108398550,,,,,200,TFO FMU0026_OMPE0000032002082626
2026-05-05T00:00:00.000000000Z,35,58,108245410,0.425000000,0.425000000,0.370000000,0.370000000,700,TFO FMM0026_OMPE0000037002052726
2026-05-05T00:00:00.000000000Z,35,58,108481951,,,,,225,TFO FMH0027_OMPE0000045002022427
2026-05-05T00:00:00.000000000Z,35,85,31142126,0.800000000,0.800000000,0.800000000,0.800000000,35,TFO  72  31142126
2026-05-05T00:00:00.000000000Z,35,85,108990640,5.550000000,5.550000000,5.550000000,5.550000000,500,TFO FSV0026.H0027_OSCE0000075002092
2026-05-05T00:00:00.000000000Z,35,58,108481177,2.480000000,2.480000000,2.480000000,2.480000000,50,TFO FQV0026.Z0026_OQPE0000035002092
2026-05-05T00:00:00.000000000Z,35,58,109335165,5.900000000,5.900000000,4.650000000,4.650000000,220,TFO FQV0026.Z0026_OQCE0000070002092
2026-05-05T00:00:00.000000000Z,35,58,109184383,2.450000000,2.450000000,2.275000000,2.275000000,2100,TFO FMM0026_OMCE0000055002052726
2026-05-05T00:00:00.000000000Z,35,85,31140760,0.475000000,0.475000000,0.475000000,0.475000000,300,TFO  12  31140760
2026-05-05T00:00:00.000000000Z,35,85,31142436,21.200000000,21.200000000,21.200000000,21.200000000,225,TFO  53  31142436
2026-05-05T00:00:00.000000000Z,35,85,31141896,0.750000000,0.750000000,0.750000000,0.750000000,1000,TFO  75  31141896
2026-05-05T00:00:00.000000000Z,35,58,108481277,,,,,250,TFO FMF0027_OMPE0000030002122426
2026-05-05T00:00:00.000000000Z,35,58,108481331,,,,,990,TFO FMH0027_OMPE0000035002022427
2026-05-05T00:00:00.000000000Z,35,58,109335149,,,,,220,TFO FMZ0026_OMCE0000070002112626
2026-05-05T00:00:00.000000000Z,35,58,109408523,,,,,300,TFO FMU0026_OMCE0000060002082626
2026-05-05T00:00:00.000000000Z,35,58,108481217,,,,,200,TFO FMZ0026_OMPE0000033002112626
2026-05-05T00:00:00.000000000Z,35,85,109408519,3.750000000,3.750000000,3.750000000,3.750000000,10,TFO FMN0026_OMCE0000060002062626
2026-05-05T00:00:00.000000000Z,35,85,31141909,3.770000000,3.770000000,3.770000000,3.770000000,100,TFO  72  31141909
2026-05-05T00:00:00.000000000Z,35,58,108482531,7.100000000,7.100000000,7.100000000,7.100000000,35,TFO FQF0027.H0027_OQPE0000040002122
2026-05-05T00:00:00.000000000Z,35,58,108481941,,,,,925,TFO FMH0027_OMPE0000040002022427
2026-05-05T00:00:00.000000000Z,35,58,108482175,,,,,915,TFO FMZ0026_OMPE0000040002112626
2026-05-05T00:00:00.000000000Z,35,85,31142430,1.700000000,1.700000000,1.700000000,1.700000000,250,TFO  50  31142430
2026-05-05T00:00:00.000000000Z,35,85,31141930,2.040000000,2.040000000,2.040000000,2.040000000,50,TFO  51  31141930
2026-05-05T00:00:00.000000000Z,35,85,110698946,2.730000000,2.730000000,2.260000000,2.260000000,50,TFO FMM0026_OMCE0000054002052726
2026-05-05T00:00:00.000000000Z,35,58,108990632,,,,,850,TFO FMZ0026_OMCE0000075002112626
2026-05-05T00:00:00.000000000Z,35,85,31142178,2.680000000,2.680000000,2.680000000,2.680000000,75,TFO  51  31142178
2026-05-05T00:00:00.000000000Z,35,58,109308583,,,,,990,TFO FMZ0026_OMCE0000050002112626
2026-05-06T00:00:00.000000000Z,35,58,109408602,19.575000000,19.575000000,19.575000000,19.575000000,100,TFO FQN0026.U0026_OQPE0000060002062
2026-05-06T00:00:00.000000000Z,35,58,108455361,0.905000000,0.905000000,0.905000000,0.905000000,900,TFO FQN0026.U0026_OQPE0000032002062
2026-05-06T00:00:00.000000000Z,35,58,109335153,,,,,400,TFO FMG0027_OMCE0000070002012727
2026-05-06T00:00:00.000000000Z,35,58,109408523,,,,,200,TFO FMU0026_OMCE0000060002082626
2026-05-06T00:00:00.000000000Z,35,58,108427169,,,,,50,TFO FMU0026_OMPE0000042002082626
2026-05-06T00:00:00.000000000Z,35,85,31143241,1.040000000,1.040000000,1.040000000,1.040000000,1200,TFO  50  31143241
2026-05-06T00:00:00.000000000Z,35,58,108401031,1.875000000,3.290000000,1.875000000,2.850000000,4600,TFO FMM0026_OMPE0000042002052726
2026-05-06T00:00:00.000000000Z,35,58,108481999,,,,,740,TFO FMG0027_OMPE0000040002012727
2026-05-06T00:00:00.000000000Z,35,85,31143023,3.050000000,3.050000000,3.050000000,3.050000000,350,TFO  56  31143023
2026-05-06T00:00:00.000000000Z,35,85,31143355,1.360000000,1.360000000,1.360000000,1.360000000,1000,TFO  51  31143355
2026-05-06T00:00:00.000000000Z,35,58,108398542,,,,,1800,TFO FMU0026_OMPE0000028002082626
2026-05-06T00:00:00.000000000Z,35,85,31143219,3.850000000,3.850000000,3.850000000,3.850000000,100,TFO  55  31143219
2026-05-06T00:00:00.000000000Z,35,85,108293633,0.900000000,1.170000000,0.850000000,1.150000000,350,TFO FMN0026_OMPE0000035002062626
2026-05-06T00:00:00.000000000Z,35,85,31143035,8.100000000,8.100000000,8.100000000,8.100000000,100,TFO  56  31143035
2026-05-06T00:00:00.000000000Z,35,58,108428899,3.000000000,3.075000000,3.000000000,3.075000000,500,TFO FMM0026_OMPE0000043002052726
2026-05-06T00:00:00.000000000Z,35,85,109185605,4.250000000,4.250000000,4.250000000,4.250000000,25,TFO FQN0026.U0026_OQCE0000055002062
2026-05-06T00:00:00.000000000Z,35,85,108215819,0.395000000,0.395000000,0.395000000,0.395000000,10,TFO FMM0026_OMPE0000034002052726
2026-05-06T00:00:00.000000000Z,35,58,109184389,,,,,140,TFO FMU0026_OMCE0000055002082626
2026-05-06T00:00:00.000000000Z,35,58,108482134,,,,,50,TFO FMX0026_OMCE0000040002102726
2026-05-06T00:00:00.000000000Z,35,85,109184387,3.485000000,3.485000000,3.485000000,3.485000000,10,TFO FMQ0026_OMCE0000055002072726
2026-05-06T00:00:00.000000000Z,35,58,109408521,,,,,200,TFO FMQ0026_OMCE0000060002072726
2026-05-06T00:00:00.000000000Z,35,58,108482168,2.125000000,2.125000000,1.620000000,1.620000000,1200,TFO FMM0026_OMCE0000048002052726
2026-05-06T00:00:00.000000000Z,35,58,109308579,,,,,585,TFO FMV0026_OMCE0000050002092526
2026-05-06T00:00:00.000000000Z,35,58,108847188,,,,,350,TFO FMN0026_OMCE0000050002062626
2026-05-06T00:00:00.000000000Z,35,58,108476868,,,,,300,TFO FMQ0026_OMCE0000045002072726
2026-05-06T00:00:00.000000000Z,35,58,109370297,5.645000000,5.645000000,5.645000000,5.645000000,115,TFO FQF0027.H0027_OQCE0000065002122
2026-05-06T00:00:00.000000000Z,35,58,109408520,,,,,100,TFO FMN0026_OMPE0000060002062626
2026-05-06T00:00:00.000000000Z,35,58,110658698,3.450000000,3.450000000,3.450000000,3.450000000,250,TFO FSV0027.H0028_OSCE0000050002092
2026-05-06T00:00:00.000000000Z,35,85,31142834,0.800000000,0.800000000,0.800000000,0.800000000,100,TFO  56  31142834
2026-05-06T00:00:00.000000000Z,35,58,108481998,,,,,350,TFO FMG0027_OMCE0000040002012727
2026-05-06T00:00:00.000000000Z,35,85,31143430,4.125000000,4.125000000,4.125000000,4.125000000,50,TFO  50  31143430
2026-05-06T00:00:00.000000000Z,35,58,108990634,3.850000000,3.850000000,3.850000000,3.850000000,175,TFO FMF0027_OMCE0000075002122426
2026-05-06T00:00:00.000000000Z,35,58,109308587,,,,,435,TFO FMG0027_OMCE0000050002012727
2026-05-06T00:00:00.000000000Z,35,58,109408519,2.050000000,2.050000000,2.050000000,2.050000000,390,TFO FMN0026_OMCE0000060002062626
2026-05-06T00:00:00.000000000Z,35,58,109335149,,,,,100,TFO FMZ0026_OMCE0000070002112626
2026-05-06T00:00:00.000000000Z,35,85,31142987,2.175000000,2.175000000,2.175000000,2.175000000,115,TFO  73  31142987
2026-05-06T00:00:00.000000000Z,35,85,31124739,1.450000000,1.450000000,1.450000000,1.450000000,100,TFO   7  31124739
2026-05-06T00:00:00.000000000Z,35,58,108428647,,,,,50,TFO FMQ0026_OMPE0000042002072726
2026-05-06T00:00:00.000000000Z,35,58,109769257,6.825000000,6.825000000,6.825000000,6.825000000,600,TFO FQF0027.H0027_OQCE0000055002122
2026-05-06T00:00:00.000000000Z,35,58,108215823,0.620000000,0.800000000,0.620000000,0.800000000,650,TFO FMM0026_OMPE0000036002052726
2026-05-06T00:00:00.000000000Z,35,58,108847192,5.760000000,5.760000000,5.760000000,5.760000000,950,TFO FMU0026_OMCE0000050002082626
2026-05-06T00:00:00.000000000Z,35,85,31143030,5.500000000,5.500000000,5.500000000,5.500000000,50,TFO  56  31143030
2026-05-06T00:00:00.000000000Z,35,85,108564115,0.200000000,0.200000000,0.200000000,0.200000000,100,TFO FMU0026_OMPE0000025002082626
2026-05-06T00:00:00.000000000Z,35,58,108476841,7.135000000,7.135000000,7.135000000,7.135000000,300,TFO FMN0026_OMPE0000045002062626
2026-05-06T00:00:00.000000000Z,35,85,31143024,1.700000000,1.700000000,1.650000000,1.650000000,500,TFO  46  31143024
2026-05-06T00:00:00.000000000Z,35,58,108481940,,,,,350,TFO FMH0027_OMCE0000040002022427
2026-05-06T00:00:00.000000000Z,35,85,31143526,2.190000000,2.190000000,2.190000000,2.190000000,100,TFO  50  31143526
2026-05-06T00:00:00.000000000Z,35,58,108476839,5.275000000,5.275000000,5.275000000,5.275000000,100,TFO FMN0026_OMPE0000044002062626
2026-05-06T00:00:00.000000000Z,35,85,31143170,0.890000000,0.890000000,0.890000000,0.890000000,300,TFO  50  31143170
2026-05-06T00:00:00.000000000Z,35,58,108255504,0.800000000,0.800000000,0.800000000,0.800000000,100,TFO FMM0026_OMPE0000039002052726
2026-05-06T00:00:00.000000000Z,35,58,108428898,2.790000000,2.790000000,2.790000000,2.790000000,50,TFO FMM0026_OMCE0000043002052726
2026-05-06T00:00:00.000000000Z,35,58,108215817,0.275000000,0.275000000,0.275000000,0.275000000,500,TFO FMM0026_OMPE0000033002052726
2026-05-06T00:00:00.000000000Z,35,85,31143088,1.800000000,1.800000000,1.800000000,1.800000000,5,TFO   6  31143088
2026-05-06T00:00:00.000000000Z,35,58,109839115,4.500000000,4.500000000,4.500000000,4.500000000,500,TFO FQV0026.Z0026_OQCE0000060002092
2026-05-06T00:00:00.000000000Z,35,85,108323493,2.200000000,2.200000000,2.200000000,2.200000000,75,TFO FMN0026_OMPE0000038002062626
2026-05-06T00:00:00.000000000Z,35,58,108476849,3.290000000,5.950000000,3.290000000,4.525000000,1300,TFO FMM0026_OMPE0000045002052726
2026-05-06T00:00:00.000000000Z,35,58,108476937,6.700000000,6.700000000,6.700000000,6.700000000,100,TFO FQN0026.U0026_OQPE0000045002062
2026-05-06T00:00:00.000000000Z,35,85,31143596,1.550000000,1.550000000,1.550000000,1.550000000,300,TFO  65  31143596
2026-05-06T00:00:00.000000000Z,35,58,109335165,3.465000000,3.465000000,3.465000000,3.465000000,100,TFO FQV0026.Z0026_OQCE0000070002092
2026-05-06T00:00:00.000000000Z,35,85,108476852,1.500000000,1.500000000,1.500000000,1.500000000,200,TFO FMM0026_OMCE0000047002052726
2026-05-06T00:00:00.000000000Z,35,58,108284663,0.675000000,0.675000000,0.675000000,0.675000000,100,TFO FMN0026_OMPE0000034002062626
2026-05-06T00:00:00.000000000Z,35,58,108481287,,,,,425,TFO FMF0027_OMPE0000035002122426
2026-05-06T00:00:00.000000000Z,35,85,31143247,4.650000000,4.650000000,4.650000000,4.650000000,100,TFO  54  31143247
2026-05-06T00:00:00.000000000Z,35,85,31142997,1.725000000,1.725000000,1.725000000,1.725000000,25,TFO  55  31142997
2026-05-06T00:00:00.000000000Z,35,85,31143400,2.190000000,2.190000000,2.190000000,2.190000000,100,TFO  51  31143400
2026-05-06T00:00:00.000000000Z,35,85,31142893,1.700000000,1.700000000,1.700000000,1.700000000,400,TFO  73  31142893
2026-05-06T00:00:00.000000000Z,35,85,31143195,3.290000000,3.290000000,3.290000000,3.290000000,500,TFO  56  31143195
2026-05-06T00:00:00.000000000Z,35,58,108643817,,,,,150,TFO FMU0027_OMPE0000020002082627
2026-05-06T00:00:00.000000000Z,35,85,31142970,3.000000000,3.000000000,3.000000000,3.000000000,50,TFO  56  31142970
2026-05-06T00:00:00.000000000Z,35,58,108482632,8.100000000,8.100000000,8.100000000,8.100000000,75,TFO FSV0026.H0027_OSCE0000045002092
2026-05-06T00:00:00.000000000Z,35,58,109838791,,,,,535,TFO FMH0027_OMCE0000060002022427
2026-05-06T00:00:00.000000000Z,35,58,108482511,6.530000000,6.530000000,6.530000000,6.530000000,100,TFO FQV0026.Z0026_OQPE0000040002092
2026-05-06T00:00:00.000000000Z,35,58,109370211,,,,,115,TFO FMF0027_OMCE0000065002122426
2026-05-06T00:00:00.000000000Z,35,58,109308581,,,,,585,TFO FMX0026_OMCE0000050002102726
2026-05-06T00:00:00.000000000Z,35,85,31142992,0.610000000,0.610000000,0.610000000,0.610000000,200,TFO  77  31142992
2026-05-06T00:00:00.000000000Z,35,85,31142962,2.050000000,2.050000000,2.050000000,2.050000000,190,TFO  55  31142962
2026-05-06T00:00:00.000000000Z,35,58,108481221,,,,,425,TFO FMZ0026_OMPE0000035002112626
2026-05-06T00:00:00.000000000Z,35,85,109576077,1.950000000,2.000000000,1.950000000,2.000000000,240,TFO FMQ0026_OMCE0000070002072726
2026-05-06T00:00:00.000000000Z,35,58,108401030,4.500000000,4.500000000,4.500000000,4.500000000,165,TFO FMM0026_OMCE0000042002052726
2026-05-06T00:00:00.000000000Z,35,58,110704944,,,,,30,TFO FMM0026_OMCE0000051002052726
2026-05-06T00:00:00.000000000Z,35,85,31143063,1.475000000,1.475000000,1.475000000,1.475000000,100,TFO  46  31143063
2026-05-06T00:00:00.000000000Z,35,58,108482531,7.820000000,8.680000000,7.820000000,8.680000000,315,TFO FQF0027.H0027_OQPE0000040002122
2026-05-06T00:00:00.000000000Z,35,58,109370213,,,,,115,TFO FMG0027_OMCE0000065002012727
2026-05-06T00:00:00.000000000Z,35,58,109308589,,,,,435,TFO FMH0027_OMCE0000050002022427
2026-05-06T00:00:00.000000000Z,35,58,108481409,,,,,150,TFO FMK0027_OMPE0000030002042627
2026-05-06T00:00:00.000000000Z,35,85,31143003,4.500000000,4.500000000,4.500000000,4.500000000,450,TFO  55  31143003
2026-05-06T00:00:00.000000000Z,35,58,109335155,,,,,400,TFO FMH0027_OMCE0000070002022427
2026-05-06T00:00:00.000000000Z,35,85,31143009,4.500000000,4.500000000,4.500000000,4.500000000,50,TFO  55  31143009
2026-05-06T00:00:00.000000000Z,35,58,108482622,9.450000000,9.450000000,9.450000000,9.450000000,50,TFO FSV0026.H0027_OSCE0000040002092
2026-05-06T00:00:00.000000000Z,35,85,31143668,1.700000000,1.700000000,1.700000000,1.700000000,60,TFO   6  31143668
2026-05-06T00:00:00.000000000Z,35,58,108482144,,,,,75,TFO FMX0026_OMCE0000045002102726
2026-05-06T00:00:00.000000000Z,35,58,108481475,,,,,150,TFO FMN0027_OMPE0000030002062527
2026-05-06T00:00:00.000000000Z,35,58,108215811,0.050000000,0.100000000,0.050000000,0.100000000,200,TFO FMM0026_OMPE0000030002052726
2026-05-06T00:00:00.000000000Z,35,58,109308591,6.650000000,6.650000000,6.100000000,6.100000000,435,TFO FSV0026.H0027_OSCE0000050002092
2026-05-06T00:00:00.000000000Z,35,58,108476853,4.700000000,4.700000000,4.700000000,4.700000000,100,TFO FMM0026_OMPE0000047002052726
2026-05-06T00:00:00.000000000Z,35,85,31142885,8.000000000,8.000000000,8.000000000,8.000000000,100,TFO  53  31142885
2026-05-06T00:00:00.000000000Z,35,85,109308649,5.800000000,5.800000000,5.800000000,5.800000000,100,TFO FQV0026.Z0026_OQCE0000050002092
2026-05-06T00:00:00.000000000Z,35,58,108280831,0.160000000,0.160000000,0.160000000,0.160000000,2350,TFO FMN0026_OMPE0000028002062626
2026-05-06T00:00:00.000000000Z,35,85,109408519,2.040000000,2.040000000,1.975000000,2.030000000,300,TFO FMN0026_OMCE0000060002062626
2026-05-06T00:00:00.000000000Z,35,58,108482086,,,,,75,TFO FMF0027_OMCE0000045002122426
2026-05-06T00:00:00.000000000Z,35,58,108476850,3.700000000,3.700000000,3.700000000,3.700000000,935,TFO FMM0026_OMCE0000046002052726
2026-05-06T00:00:00.000000000Z,35,85,31135502,7.300000000,7.300000000,7.000000000,7.000000000,225,TFO  22  31135502
2026-05-06T00:00:00.000000000Z,35,85,108338602,1.800000000,1.800000000,1.800000000,1.800000000,50,TFO FMQ0026_OMPE0000035002072726
2026-05-06T00:00:00.000000000Z,35,58,108847189,,,,,200,TFO FMN0026_OMPE0000050002062626
2026-05-06T00:00:00.000000000Z,35,85,31142965,2.200000000,2.400000000,2.200000000,2.400000000,80,TFO   7  31142965
2026-05-06T00:00:00.000000000Z,35,85,31143360,3.800000000,3.800000000,3.800000000,3.800000000,500,TFO  51  31143360
2026-05-06T00:00:00.000000000Z,35,58,108476859,,,,,100,TFO FMU0026_OMPE0000045002082626
2026-05-06T00:00:00.000000000Z,35,58,108476936,5.725000000,5.900000000,5.725000000,5.900000000,300,TFO FQN0026.U0026_OQCE0000045002062
2026-05-06T00:00:00.000000000Z,35,85,31143539,0.265000000,0.265000000,0.265000000,0.265000000,900,TFO  77  31143539
2026-05-06T00:00:00.000000000Z,35,58,108685481,,,,,150,TFO FMK0027_OMPE0000020002042627
2026-05-06T00:00:00.000000000Z,35,85,108248812,1.040000000,1.200000000,1.040000000,1.200000000,625,TFO FMM0026_OMPE0000038002052726
2026-05-06T00:00:00.000000000Z,35,58,109839119,6.260000000,6.260000000,6.260000000,6.260000000,50,TFO FQF0027.H0027_OQCE0000060002122
2026-05-06T00:00:00.000000000Z,35,85,31143527,2.190000000,2.190000000,2.190000000,2.190000000,200,TFO  50  31143527
2026-05-06T00:00:00.000000000Z,35,85,31143015,0.160000000,0.160000000,0.160000000,0.160000000,550,TFO  56  31143015
2026-05-06T00:00:00.000000000Z,35,85,31143111,0.800000000,0.800000000,0.800000000,0.800000000,1000,TFO  75  31143111
2026-05-06T00:00:00.000000000Z,35,85,31143240,2.150000000,2.150000000,2.150000000,2.150000000,100,TFO  47  31143240
2026-05-06T00:00:00.000000000Z,35,58,108323493,1.725000000,1.725000000,1.725000000,1.725000000,130,TFO FMN0026_OMPE0000038002062626
2026-05-06T00:00:00.000000000Z,35,58,108482530,10.150000000,10.150000000,10.150000000,10.150000000,300,TFO FQF0027.H0027_OQCE0000040002122
2026-05-06T00:00:00.000000000Z,35,58,108427168,8.040000000,8.040000000,8.040000000,8.040000000,400,TFO FMU0026_OMCE0000042002082626
2026-05-06T00:00:00.000000000Z,35,58,109768645,,,,,600,TFO FMH0027_OMCE0000055002022427
2026-05-06T00:00:00.000000000Z,35,58,108481497,,,,,150,TFO FMQ0027_OMPE0000030002072727
2026-05-06T00:00:00.000000000Z,35,85,31143472,1.000000000,1.000000000,1.000000000,1.000000000,150,TFO  56  31143472
2026-05-06T00:00:00.000000000Z,35,58,108381602,3.825000000,3.825000000,3.825000000,3.825000000,340,TFO FMQ0026_OMPE0000040002072726
2026-05-06T00:00:00.000000000Z,35,85,108245410,0.700000000,1.105000000,0.700000000,1.105000000,115,TFO FMM0026_OMPE0000037002052726
2026-05-06T00:00:00.000000000Z,35,58,108685483,,,,,150,TFO FMJ0027_OMPE0000020002032527
2026-05-06T00:00:00.000000000Z,35,58,108455394,,,,,50,TFO FMV0026_OMCE0000040002092526
2026-05-06T00:00:00.000000000Z,35,58,108381946,3.240000000,3.240000000,2.330000000,2.330000000,1000,TFO FMM0026_OMPE0000041002052726
2026-05-06T00:00:00.000000000Z,35,58,109576087,2.050000000,2.050000000,2.050000000,2.050000000,60,TFO FQN0026.U0026_OQCE0000070002062
2026-05-06T00:00:00.000000000Z,35,58,108847982,5.600000000,5.600000000,4.400000000,4.600000000,350,TFO FQN0026.U0026_OQCE0000050002062
2026-05-06T00:00:00.000000000Z,35,85,31143305,4.000000000,4.000000000,4.000000000,4.000000000,20,TFO  56  31143305
2026-05-06T00:00:00.000000000Z,35,58,108481519,,,,,150,TFO FMU0027_OMPE0000030002082627
2026-05-06T00:00:00.000000000Z,35,85,31142985,2.075000000,2.075000000,2.075000000,2.075000000,600,TFO  54  31142985
2026-05-06T00:00:00.000000000Z,35,58,109576079,,,,,60,TFO FMU0026_OMCE0000070002082626
2026-05-06T00:00:00.000000000Z,35,58,108476931,5.500000000,5.500000000,5.500000000,5.500000000,50,TFO FQN0026.U0026_OQPE0000042002062
2026-05-06T00:00:00.000000000Z,35,58,109768641,,,,,600,TFO FMF0027_OMCE0000055002122426
2026-05-06T00:00:00.000000000Z,35,85,109184383,0.860000000,1.050000000,0.860000000,1.050000000,170,TFO FMM0026_OMCE0000055002052726
2026-05-06T00:00:00.000000000Z,35,85,31143317,1.710000000,1.710000000,1.710000000,1.710000000,125,TFO  55  31143317
2026-05-06T00:00:00.000000000Z,35,58,109838785,,,,,985,TFO FMZ0026_OMCE0000060002112626
2026-05-06T00:00:00.000000000Z,35,58,109184385,2.700000000,2.700000000,2.700000000,2.700000000,335,TFO FMN0026_OMCE0000055002062626
2026-05-06T00:00:00.000000000Z,35,85,31143490,-1.200000000,-1.200000000,-1.200000000,-1.200000000,200,TFO  58  31143490
2026-05-06T00:00:00.000000000Z,35,58,108481153,4.350000000,4.350000000,4.350000000,4.350000000,425,TFO FSV0026.H0027_OSPE0000035002092
2026-05-06T00:00:00.000000000Z,35,85,108332543,1.880000000,1.880000000,1.880000000,1.880000000,5,TFO FMM0026_OMPE0000040002052726
2026-05-06T00:00:00.000000000Z,35,58,110658686,,,,,250,TFO FMV0027_OMCE0000050002092427
2026-05-06T00:00:00.000000000Z,35,85,31138590,0.410000000,0.410000000,0.410000000,0.410000000,35,TFO   6  31138590
2026-05-06T00:00:00.000000000Z,35,85,109773043,0.200000000,0.200000000,0.200000000,0.200000000,300,TFO FMM0026_OMCE0000080002052726
2026-05-06T00:00:00.000000000Z,35,85,31143029,5.725000000,5.725000000,5.725000000,5.725000000,100,TFO  55  31143029
2026-05-06T00:00:00.000000000Z,35,58,108482175,,,,,525,TFO FMZ0026_OMPE0000040002112626
2026-05-06T00:00:00.000000000Z,35,58,108847190,,,,,350,TFO FMQ0026_OMCE0000050002072726
2026-05-06T00:00:00.000000000Z,35,58,109335167,4.940000000,5.050000000,4.940000000,5.050000000,400,TFO FQF0027.H0027_OQCE0000070002122
2026-05-06T00:00:00.000000000Z,35,58,109838793,5.040000000,5.325000000,4.600000000,5.325000000,485,TFO FSV0026.H0027_OSCE0000060002092
2026-05-06T00:00:00.000000000Z,35,58,108400943,,,,,140,TFO FMU0026_OMPE0000040002082626
2026-05-06T00:00:00.000000000Z,35,85,31143567,0.950000000,0.950000000,0.950000000,0.950000000,50,TFO   6  31143567
2026-05-06T00:00:00.000000000Z,35,58,108482158,,,,,75,TFO FMV0026_OMCE0000045002092526
2026-05-06T00:00:00.000000000Z,35,58,108400937,3.050000000,3.050000000,2.875000000,2.875000000,690,TFO FMN0026_OMPE0000040002062626
2026-05-06T00:00:00.000000000Z,35,58,109184387,,,,,135,TFO FMQ0026_OMCE0000055002072726
2026-05-06T00:00:00.000000000Z,35,85,31143672,1.250000000,1.250000000,1.250000000,1.250000000,165,TFO   6  31143672
2026-05-06T00:00:00.000000000Z,35,85,31143448,4.875000000,4.875000000,4.875000000,4.875000000,100,TFO  55  31143448
2026-05-06T00:00:00.000000000Z,35,85,31142958,3.000000000,3.075000000,3.000000000,3.075000000,400,TFO  56  31142958
2026-05-06T00:00:00.000000000Z,35,58,108302833,1.625000000,1.625000000,1.625000000,1.625000000,200,TFO FMN0026_OMPE0000037002062626
2026-05-06T00:00:00.000000000Z,35,58,108482008,,,,,75,TFO FMG0027_OMCE0000045002012727
2026-05-06T00:00:00.000000000Z,35,85,31143629,-0.725000000,-0.725000000,-0.725000000,-0.725000000,50,TFO  66  31143629
2026-05-06T00:00:00.000000000Z,35,58,109335147,,,,,100,TFO FMX0026_OMCE0000070002102726
2026-05-06T00:00:00.000000000Z,35,85,31143160,4.600000000,4.600000000,4.600000000,4.600000000,20,TFO  56  31143160
2026-05-06T00:00:00.000000000Z,35,58,108847187,8.750000000,8.790000000,8.700000000,8.790000000,1250,TFO FMM0026_OMPE0000050002052726
2026-05-06T00:00:00.000000000Z,35,85,31138702,1.000000000,1.000000000,1.000000000,1.000000000,30,TFO   6  31138702
2026-05-06T00:00:00.000000000Z,35,85,31142851,0.600000000,0.600000000,0.600000000,0.600000000,50,TFO  66  31142851
2026-05-06T00:00:00.000000000Z,35,85,109370197,1.110000000,1.300000000,1.110000000,1.300000000,130,TFO FMN0026_OMCE0000065002062626
2026-05-06T00:00:00.000000000Z,35,85,31143224,1.550000000,1.550000000,1.550000000,1.550000000,425,TFO  58  31143224
2026-05-06T00:00:00.000000000Z,35,58,109308649,5.325000000,5.325000000,5.325000000,5.325000000,50,TFO FQV0026.Z0026_OQCE0000050002092
2026-05-06T00:00:00.000000000Z,35,85,31143165,5.325000000,5.325000000,5.325000000,5.325000000,200,TFO  51  31143165
2026-05-06T00:00:00.000000000Z,35,58,108338596,,,,,900,TFO FMQ0026_OMPE0000032002072726
2026-05-06T00:00:00.000000000Z,35,58,108455905,4.600000000,4.600000000,3.590000000,3.590000000,140,TFO FQN0026.U0026_OQPE0000040002062
2026-05-06T00:00:00.000000000Z,35,85,31120960,1.610000000,1.610000000,1.610000000,1.610000000,10,TFO   6  31120960
2026-05-06T00:00:00.000000000Z,35,85,108847189,11.000000000,11.000000000,11.000000000,11.000000000,280,TFO FMN0026_OMPE0000050002062626
2026-05-06T00:00:00.000000000Z,35,58,109838783,,,,,985,TFO FMX0026_OMCE0000060002102726
2026-05-06T00:00:00.000000000Z,35,85,31143403,4.700000000,4.700000000,4.700000000,4.700000000,100,TFO  54  31143403
2026-05-06T00:00:00.000000000Z,35,58,108476869,,,,,100,TFO FMQ0026_OMPE0000045002072726
2026-05-06T00:00:00.000000000Z,35,58,108482623,7.400000000,7.400000000,7.400000000,7.400000000,425,TFO FSV0026.H0027_OSPE0000040002092
2026-05-06T00:00:00.000000000Z,35,58,108847193,,,,,200,TFO FMU0026_OMPE0000050002082626
2026-05-06T00:00:00.000000000Z,35,58,108476846,3.625000000,3.625000000,3.420000000,3.420000000,325,TFO FMM0026_OMCE0000044002052726
2026-05-06T00:00:00.000000000Z,35,85,108476846,2.100000000,2.150000000,2.100000000,2.150000000,200,TFO FMM0026_OMCE0000044002052726
2026-05-06T00:00:00.000000000Z,35,58,108476847,3.675000000,3.675000000,3.675000000,3.675000000,225,TFO FMM0026_OMPE0000044002052726
2026-05-06T00:00:00.000000000Z,35,58,108482077,,,,,740,TFO FMF0027_OMPE0000040002122426
2026-05-06T00:00:00.000000000Z,35,85,31128445,2.050000000,2.050000000,2.050000000,2.050000000,250,TFO  16  31128445
2026-05-06T00:00:00.000000000Z,35,85,108476849,3.485000000,3.485000000,3.485000000,3.485000000,50,TFO FMM0026_OMPE0000045002052726
2026-05-06T00:00:00.000000000Z,35,58,110658696,,,,,250,TFO FMH0028_OMCE0000050002022528
2026-05-06T00:00:00.000000000Z,35,58,108476848,2.850000000,4.890000000,2.125000000,3.250000000,5000,TFO FMM0026_OMCE0000045002052726
2026-05-06T00:00:00.000000000Z,35,58,108245410,0.400000000,1.220000000,0.400000000,0.725000000,2750,TFO FMM0026_OMPE0000037002052726
2026-05-06T00:00:00.000000000Z,35,85,31142833,0.400000000,0.400000000,0.400000000,0.400000000,150,TFO  56  31142833
2026-05-06T00:00:00.000000000Z,35,58,108481199,,,,,425,TFO FMX0026_OMPE0000035002102726
2026-05-06T00:00:00.000000000Z,35,58,109370195,0.700000000,0.700000000,0.700000000,0.700000000,50,TFO FMM0026_OMCE0000065002052726
2026-05-06T00:00:00.000000000Z,35,85,109370195,0.400000000,0.400000000,0.400000000,0.400000000,315,TFO FMM0026_OMCE0000065002052726
2026-05-06T00:00:00.000000000Z,35,58,108476858,,,,,305,TFO FMU0026_OMCE0000045002082626
2026-05-06T00:00:00.000000000Z,35,58,108476840,4.550000000,4.890000000,4.035000000,4.890000000,1300,TFO FMN0026_OMCE0000045002062626
2026-05-06T00:00:00.000000000Z,35,58,108476835,,,,,130,TFO FMN0026_OMPE0000042002062626
2026-05-06T00:00:00.000000000Z,35,85,108476835,4.230000000,4.230000000,4.230000000,4.230000000,75,TFO FMN0026_OMPE0000042002062626
2026-05-06T00:00:00.000000000Z,35,85,31143395,1.575000000,1.575000000,1.575000000,1.575000000,200,TFO  50  31143395
2026-05-06T00:00:00.000000000Z,35,85,31143193,0.550000000,0.600000000,0.550000000,0.600000000,350,TFO  56  31143193
2026-05-06T00:00:00.000000000Z,35,58,109370215,,,,,115,TFO FMH0027_OMCE0000065002022427
2026-05-06T00:00:00.000000000Z,35,58,108847983,11.000000000,11.000000000,11.000000000,11.000000000,200,TFO FQN0026.U0026_OQPE0000050002062
2026-05-06T00:00:00.000000000Z,35,85,31143189,0.300000000,0.300000000,0.300000000,0.300000000,1000,TFO  73  31143189
2026-05-06T00:00:00.000000000Z,35,85,31142914,1.100000000,1.100000000,1.100000000,1.100000000,100,TFO  73  31142914
2026-05-06T00:00:00.000000000Z,35,58,109838781,,,,,985,TFO FMV0026_OMCE0000060002092526
2026-05-06T00:00:00.000000000Z,35,58,108338588,,,,,1800,TFO FMQ0026_OMPE0000028002072726
2026-05-06T00:00:00.000000000Z,35,58,109408524,,,,,100,TFO FMU0026_OMPE0000060002082626
2026-05-06T00:00:00.000000000Z,35,85,31143475,0.550000000,0.550000000,0.550000000,0.550000000,700,TFO  65  31143475
2026-05-06T00:00:00.000000000Z,35,58,108455367,1.400000000,1.700000000,1.400000000,1.700000000,200,TFO FQN0026.U0026_OQPE0000035002062
2026-05-06T00:00:00.000000000Z,35,58,109408601,2.825000000,2.825000000,2.825000000,2.825000000,200,TFO FQN0026.U0026_OQCE0000060002062
2026-05-06T00:00:00.000000000Z,35,58,108640515,,,,,150,TFO FMQ0027_OMPE0000020002072727
2026-05-06T00:00:00.000000000Z,35,58,108847186,1.625000000,1.975000000,1.360000000,1.975000000,4995,TFO FMM0026_OMCE0000050002052726
2026-05-06T00:00:00.000000000Z,35,85,108847186,2.000000000,2.020000000,1.070000000,2.020000000,490,TFO FMM0026_OMCE0000050002052726
2026-05-06T00:00:00.000000000Z,35,58,108685479,,,,,150,TFO FMM0027_OMPE0000020002052627
2026-05-06T00:00:00.000000000Z,35,58,109773043,,,,,25,TFO FMM0026_OMCE0000080002052726
2026-05-06T00:00:00.000000000Z,35,58,108481941,,,,,740,TFO FMH0027_OMPE0000040002022427
2026-05-06T00:00:00.000000000Z,35,85,31143478,2.025000000,2.025000000,2.025000000,2.025000000,100,TFO  75  31143478
2026-05-06T00:00:00.000000000Z,35,85,31143546,0.750000000,0.750000000,0.750000000,0.750000000,200,TFO  50  31143546
2026-05-06T00:00:00.000000000Z,35,85,31138503,3.020000000,3.020000000,3.020000000,3.020000000,200,TFO  19  31138503
2026-05-06T00:00:00.000000000Z,35,85,110288739,0.695000000,0.895000000,0.695000000,0.895000000,15,TFO FMQ0026_OMPE0000031502072726
2026-05-06T00:00:00.000000000Z,35,58,108685185,0.900000000,0.900000000,0.900000000,0.900000000,150,TFO FSJ0027.U0027_OSPE0000020002032
2026-05-06T00:00:00.000000000Z,35,58,109308585,,,,,435,TFO FMF0027_OMCE0000050002122426
2026-05-06T00:00:00.000000000Z,35,85,31143117,3.450000000,3.450000000,3.450000000,3.450000000,250,TFO  55  31143117
2026-05-06T00:00:00.000000000Z,35,85,31142999,2.125000000,2.125000000,2.125000000,2.125000000,1100,TFO  55  31142999
2026-05-06T00:00:00.000000000Z,35,85,31143372,5.050000000,5.050000000,5.050000000,5.050000000,100,TFO  66  31143372
2026-05-06T00:00:00.000000000Z,35,85,108280841,0.540000000,0.850000000,0.540000000,0.850000000,1705,TFO FMN0026_OMPE0000033002062626
2026-05-06T00:00:00.000000000Z,35,58,109838789,,,,,535,TFO FMG0027_OMCE0000060002012727
2026-05-06T00:00:00.000000000Z,35,58,109408522,,,,,100,TFO FMQ0026_OMPE0000060002072726
2026-05-06T00:00:00.000000000Z,35,58,109576073,0.510000000,0.510000000,0.510000000,0.510000000,75,TFO FMM0026_OMCE0000070002052726
2026-05-06T00:00:00.000000000Z,35,58,108482184,,,,,75,TFO FMZ0026_OMCE0000045002112626
2026-05-06T00:00:00.000000000Z,35,58,108481387,,,,,150,TFO FMJ0027_OMPE0000030002032527
2026-05-06T00:00:00.000000000Z,35,85,31143625,5.900000000,5.900000000,5.900000000,5.900000000,200,TFO  55  31143625
2026-05-06T00:00:00.000000000Z,35,58,109838787,,,,,535,TFO FMF0027_OMCE0000060002122426
2026-05-06T00:00:00.000000000Z,35,58,108481431,,,,,150,TFO FMM0027_OMPE0000030002052627
2026-05-06T00:00:00.000000000Z,35,58,108215821,0.450000000,0.625000000,0.350000000,0.600000000,2500,TFO FMM0026_OMPE0000035002052726
2026-05-06T00:00:00.000000000Z,35,85,108215821,0.200000000,0.620000000,0.200000000,0.330000000,1185,TFO FMM0026_OMPE0000035002052726
2026-05-06T00:00:00.000000000Z,35,58,109576077,,,,,60,TFO FMQ0026_OMCE0000070002072726
2026-05-06T00:00:00.000000000Z,35,85,31104622,0.150000000,0.150000000,0.150000000,0.150000000,25,TFO   6  31104622
2026-05-06T00:00:00.000000000Z,35,58,108482174,,,,,50,TFO FMZ0026_OMCE0000040002112626
2026-05-06T00:00:00.000000000Z,35,85,31142906,0.190000000,0.190000000,0.190000000,0.190000000,50,TFO  50  31142906
2026-05-06T00:00:00.000000000Z,35,58,108293633,1.000000000,1.000000000,1.000000000,1.000000000,350,TFO FMN0026_OMPE0000035002062626
2026-05-06T00:00:00.000000000Z,35,58,108481950,,,,,75,TFO FMH0027_OMCE0000045002022427
2026-05-06T00:00:00.000000000Z,35,58,108481341,4.350000000,4.350000000,4.350000000,4.350000000,150,TFO FSJ0027.U0027_OSPE0000030002032
2026-05-06T00:00:00.000000000Z,35,58,109185605,3.650000000,3.750000000,3.650000000,3.750000000,110,TFO FQN0026.U0026_OQCE0000055002062
2026-05-06T00:00:00.000000000Z,35,58,110658694,,,,,250,TFO FMG0028_OMCE0000050002012728
2026-05-06T00:00:00.000000000Z,35,85,31143626,-0.725000000,-0.725000000,-0.725000000,-0.725000000,50,TFO  66  31143626
2026-05-06T00:00:00.000000000Z,35,58,109308583,,,,,585,TFO FMZ0026_OMCE0000050002112626
2026-05-06T00:00:00.000000000Z,35,85,109184389,3.500000000,3.500000000,3.500000000,3.500000000,75,TFO FMU0026_OMCE0000055002082626
2026-05-06T00:00:00.000000000Z,35,58,108481331,,,,,425,TFO FMH0027_OMPE0000035002022427
2026-05-06T00:00:00.000000000Z,35,58,109335151,,,,,400,TFO FMF0027_OMCE0000070002122426
2026-05-06T00:00:00.000000000Z,35,85,31142880,0.400000000,0.400000000,0.400000000,0.400000000,100,TFO  51  31142880
2026-05-06T00:00:00.000000000Z,35,85,31143496,3.450000000,3.450000000,3.450000000,3.450000000,150,TFO  51  31143496
2026-05-06T00:00:00.000000000Z,35,85,31142975,3.000000000,3.000000000,3.000000000,3.000000000,50,TFO  56  31142975
2026-05-06T00:00:00.000000000Z,35,85,31143103,2.550000000,2.550000000,2.550000000,2.550000000,100,TFO  56  31143103
2026-05-06T00:00:00.000000000Z,35,58,108482076,,,,,350,TFO FMF0027_OMCE0000040002122426
2026-05-06T00:00:00.000000000Z,35,85,31143221,3.850000000,3.850000000,3.850000000,3.850000000,75,TFO  55  31143221
2026-05-06T00:00:00.000000000Z,35,58,109335145,,,,,100,TFO FMV0026_OMCE0000070002092526
2026-05-06T00:00:00.000000000Z,35,58,108398556,,,,,200,TFO FMU0026_OMPE0000035002082626
2026-05-06T00:00:00.000000000Z,35,58,108455903,0.320000000,0.320000000,0.320000000,0.320000000,1800,TFO FQN0026.U0026_OQPE0000028002062
2026-05-06T00:00:00.000000000Z,35,58,110658690,,,,,250,TFO FMZ0027_OMCE0000050002112627
2026-05-06T00:00:00.000000000Z,35,58,108280835,0.225000000,0.225000000,0.225000000,0.225000000,50,TFO FMN0026_OMPE0000030002062626
2026-05-06T00:00:00.000000000Z,35,85,31143442,1.705000000,1.705000000,1.705000000,1.705000000,100,TFO  56  31143442
2026-05-06T00:00:00.000000000Z,35,58,109408517,0.700000000,0.700000000,0.700000000,0.700000000,170,TFO FMM0026_OMCE0000060002052726
2026-05-06T00:00:00.000000000Z,35,85,109408517,0.470000000,0.870000000,0.470000000,0.870000000,305,TFO FMM0026_OMCE0000060002052726
2026-05-06T00:00:00.000000000Z,35,85,31143036,2.950000000,3.000000000,2.950000000,3.000000000,1150,TFO  77  31143036
2026-05-06T00:00:00.000000000Z,35,58,108847191,,,,,200,TFO FMQ0026_OMPE0000050002072726
2026-05-06T00:00:00.000000000Z,35,58,109768643,,,,,600,TFO FMG0027_OMCE0000055002012727
2026-05-06T00:00:00.000000000Z,35,85,108476850,3.200000000,3.200000000,3.200000000,3.200000000,200,TFO FMM0026_OMCE0000046002052726
2026-05-06T00:00:00.000000000Z,35,58,108338602,,,,,200,TFO FMQ0026_OMPE0000035002072726
2026-05-06T00:00:00.000000000Z,35,85,31124735,3.500000000,3.500000000,3.500000000,3.500000000,25,TFO   6  31124735
2026-05-06T00:00:00.000000000Z,35,58,108602791,,,,,150,TFO FMN0027_OMPE0000020002062527
2026-05-06T00:00:00.000000000Z,35,85,31143365,8.100000000,8.100000000,8.100000000,8.100000000,75,TFO  55  31143365
2026-05-06T00:00:00.000000000Z,35,85,31142884,-0.050000000,-0.050000000,-0.050000000,-0.050000000,900,TFO  58  31142884
2026-05-06T00:00:00.000000000Z,35,85,31143678,0.950000000,0.950000000,0.950000000,0.950000000,200,TFO  47  31143678
2026-05-06T00:00:00.000000000Z,35,85,108255504,1.500000000,1.615000000,1.500000000,1.615000000,15,TFO FMM0026_OMPE0000039002052726
2026-05-06T00:00:00.000000000Z,35,85,108215817,0.200000000,0.200000000,0.200000000,0.200000000,100,TFO FMM0026_OMPE0000033002052726
2026-05-06T00:00:00.000000000Z,35,58,108481309,,,,,425,TFO FMG0027_OMPE0000035002012727
2026-05-06T00:00:00.000000000Z,35,85,31106205,1.500000000,1.500000000,1.050000000,1.050000000,170,TFO   6  31106205
2026-05-06T00:00:00.000000000Z,35,85,108476848,3.000000000,3.000000000,3.000000000,3.000000000,200,TFO FMM0026_OMCE0000045002052726
2026-05-06T00:00:00.000000000Z,35,85,31143421,1.100000000,1.100000000,1.100000000,1.100000000,100,TFO  74  31143421
2026-05-06T00:00:00.000000000Z,35,85,31138463,0.250000000,0.250000000,0.250000000,0.250000000,250,TFO  75  31138463
2026-05-06T00:00:00.000000000Z,35,58,108455395,,,,,525,TFO FMV0026_OMPE0000040002092526
2026-05-06T00:00:00.000000000Z,35,85,31143166,-0.450000000,-0.450000000,-0.450000000,-0.450000000,50,TFO  74  31143166
2026-05-06T00:00:00.000000000Z,35,85,31143693,6.260000000,6.260000000,6.260000000,6.260000000,50,TFO  55  31143693
2026-05-06T00:00:00.000000000Z,35,58,108476852,3.300000000,3.300000000,3.300000000,3.300000000,130,TFO FMM0026_OMCE0000047002052726
2026-05-06T00:00:00.000000000Z,35,58,108455385,,,,,425,TFO FMV0026_OMPE0000035002092526
2026-05-06T00:00:00.000000000Z,35,85,31143192,5.325000000,5.325000000,5.325000000,5.325000000,50,TFO  55  31143192
2026-05-06T00:00:00.000000000Z,35,58,110658692,,,,,250,TFO FMF0028_OMCE0000050002122427
2026-05-06T00:00:00.000000000Z,35,85,31143079,1.625000000,1.625000000,1.625000000,1.625000000,100,TFO  55  31143079
2026-05-06T00:00:00.000000000Z,35,58,108398550,,,,,900,TFO FMU0026_OMPE0000032002082626
2026-05-06T00:00:00.000000000Z,35,58,109576075,,,,,60,TFO FMN0026_OMCE0000070002062626
2026-05-06T00:00:00.000000000Z,35,58,109184383,1.590000000,2.700000000,1.160000000,1.225000000,1600,TFO FMM0026_OMCE0000055002052726
2026-05-06T00:00:00.000000000Z,35,58,108332542,,,,,25,TFO FMM0026_OMCE0000040002052726
2026-05-06T00:00:00.000000000Z,35,58,108280839,,,,,900,TFO FMN0026_OMPE0000032002062626
2026-05-06T00:00:00.000000000Z,35,85,31143325,1.090000000,1.090000000,1.090000000,1.090000000,600,TFO  50  31143325
2026-05-06T00:00:00.000000000Z,35,58,110658688,,,,,250,TFO FMX0027_OMCE0000050002102727
2026-05-06T00:00:00.000000000Z,35,58,108332543,1.850000000,2.550000000,1.500000000,1.500000000,2900,TFO FMM0026_OMPE0000040002052726
2026-05-06T00:00:00.000000000Z,35,58,108482135,,,,,525,TFO FMX0026_OMPE0000040002102726
2026-05-07T00:00:00.000000000Z,35,58,108323493,2.000000000,2.000000000,1.900000000,1.900000000,9500,TFO FMN0026_OMPE0000038002062626
2026-05-07T00:00:00.000000000Z,35,85,31143979,1.250000000,1.250000000,1.220000000,1.220000000,2000,TFO  77  31143979
2026-05-07T00:00:00.000000000Z,35,58,108398553,,,,,150,TFO FMU0026_OMCE0000034002082626
2026-05-07T00:00:00.000000000Z,35,58,109370283,3.975000000,3.975000000,3.975000000,3.975000000,300,TFO FQV0026.Z0026_OQCE0000065002092
2026-05-07T00:00:00.000000000Z,35,85,31144236,5.050000000,5.050000000,5.050000000,5.050000000,50,TFO  54  31144236
2026-05-07T00:00:00.000000000Z,35,58,108476841,6.100000000,6.100000000,6.100000000,6.100000000,3100,TFO FMN0026_OMPE0000045002062626
2026-05-07T00:00:00.000000000Z,35,58,108482184,,,,,50,TFO FMZ0026_OMCE0000045002112626
2026-05-07T00:00:00.000000000Z,35,58,109888347,,,,,50,TFO FMK0027_OMCE0000050002042627
2026-05-07T00:00:00.000000000Z,35,58,108215821,0.350000000,0.360000000,0.340000000,0.340000000,3170,TFO FMM0026_OMPE0000035002052726
2026-05-07T00:00:00.000000000Z,35,58,109185605,3.415000000,3.550000000,3.380000000,3.380000000,200,TFO FQN0026.U0026_OQCE0000055002062
2026-05-07T00:00:00.000000000Z,35,85,31144589,1.100000000,1.100000000,1.100000000,1.100000000,100,TFO  56  31144589
2026-05-07T00:00:00.000000000Z,35,85,31144225,0.325000000,0.325000000,0.325000000,0.325000000,350,TFO  73  31144225
2026-05-07T00:00:00.000000000Z,35,58,108428899,3.110000000,3.110000000,3.075000000,3.080000000,2350,TFO FMM0026_OMPE0000043002052726
2026-05-07T00:00:00.000000000Z,35,58,109576075,1.050000000,1.115000000,1.050000000,1.115000000,515,TFO FMN0026_OMCE0000070002062626
2026-05-07T00:00:00.000000000Z,35,58,109838787,,,,,325,TFO FMF0027_OMCE0000060002122426
2026-05-07T00:00:00.000000000Z,35,58,108332542,,,,,25,TFO FMM0026_OMCE0000040002052726
2026-05-07T00:00:00.000000000Z,35,58,109308589,,,,,50,TFO FMH0027_OMCE0000050002022427
2026-05-07T00:00:00.000000000Z,35,58,108455379,,,,,75,TFO FMV0026_OMPE0000032002092526
2026-05-07T00:00:00.000000000Z,35,58,108646538,,,,,50,TFO FMN0026_OMCE0000075002062626
2026-05-07T00:00:00.000000000Z,35,58,110662666,3.350000000,3.350000000,3.350000000,3.350000000,490,TFO FQV0027.Z0027_OQCE0000050002092
2026-05-07T00:00:00.000000000Z,35,85,31144585,0.910000000,0.910000000,0.910000000,0.910000000,50,TFO  50  31144585
2026-05-07T00:00:00.000000000Z,35,85,108215811,0.080000000,0.080000000,0.080000000,0.080000000,2150,TFO FMM0026_OMPE0000030002052726
2026-05-07T00:00:00.000000000Z,35,58,109184387,,,,,200,TFO FMQ0026_OMCE0000055002072726
2026-05-07T00:00:00.000000000Z,35,58,108476868,5.590000000,5.590000000,5.590000000,5.590000000,350,TFO FMQ0026_OMCE0000045002072726
2026-05-07T00:00:00.000000000Z,35,85,31144085,0.800000000,0.800000000,0.800000000,0.800000000,15,TFO  72  31144085
2026-05-07T00:00:00.000000000Z,35,85,108482169,8.380000000,8.380000000,8.380000000,8.380000000,50,TFO FMM0026_OMPE0000048002052726
2026-05-07T00:00:00.000000000Z,35,85,31144041,0.975000000,0.975000000,0.975000000,0.975000000,50,TFO  55  31144041
2026-05-07T00:00:00.000000000Z,35,58,108685175,0.675000000,0.675000000,0.675000000,0.675000000,50,TFO FSV0026.H0027_OSPE0000025002092
2026-05-07T00:00:00.000000000Z,35,85,31143934,0.360000000,0.360000000,0.360000000,0.360000000,25,TFO   4  31143934
2026-05-07T00:00:00.000000000Z,35,58,110300819,0.150000000,0.150000000,0.150000000,0.150000000,600,TFO FQF0027.H0027_OQPE0000015002122
2026-05-07T00:00:00.000000000Z,35,58,108455382,,,,,150,TFO FMV0026_OMCE0000034002092526
2026-05-07T00:00:00.000000000Z,35,85,31143948,2.575000000,2.575000000,2.575000000,2.575000000,50,TFO  56  31143948
2026-05-07T00:00:00.000000000Z,35,58,108847186,1.650000000,1.700000000,1.625000000,1.625000000,475,TFO FMM0026_OMCE0000050002052726
2026-05-07T00:00:00.000000000Z,35,85,31144061,0.800000000,0.800000000,0.800000000,0.800000000,280,TFO  72  31144061
2026-05-07T00:00:00.000000000Z,35,58,109592761,4.400000000,4.400000000,4.400000000,4.400000000,100,TFO FMV0026_OMCE0000055002092526
2026-05-07T00:00:00.000000000Z,35,58,108455905,3.850000000,4.030000000,3.850000000,4.030000000,300,TFO FQN0026.U0026_OQPE0000040002062
2026-05-07T00:00:00.000000000Z,35,85,31144089,1.050000000,1.050000000,1.050000000,1.050000000,3100,TFO  58  31144089
2026-05-07T00:00:00.000000000Z,35,58,108455384,,,,,150,TFO FMV0026_OMCE0000035002092526
2026-05-07T00:00:00.000000000Z,35,58,108660842,1.360000000,1.360000000,1.360000000,1.360000000,50,TFO FQN0026.U0026_OQCE0000075002062
2026-05-07T00:00:00.000000000Z,35,85,110698458,1.195000000,1.195000000,1.145000000,1.145000000,130,TFO FQN0026.U0026_OQCE0000085002062
2026-05-07T00:00:00.000000000Z,35,85,31144388,0.675000000,0.675000000,0.675000000,0.675000000,50,TFO  56  31144388
2026-05-07T00:00:00.000000000Z,35,58,110150852,,,,,600,TFO FMF0027_OMPE0000019002122426
2026-05-07T00:00:00.000000000Z,35,85,31144092,3.075000000,3.075000000,3.075000000,3.075000000,380,TFO  56  31144092
2026-05-07T00:00:00.000000000Z,35,58,108482572,5.100000000,5.100000000,5.100000000,5.100000000,60,TFO FQV0027.Z0027_OQCE0000040002092
2026-05-07T00:00:00.000000000Z,35,58,108484215,,,,,490,TFO FMZ0027_OMPE0000025002112627
2026-05-07T00:00:00.000000000Z,35,58,108685181,,,,,50,TFO FMX0026_OMPE0000025002102726
2026-05-07T00:00:00.000000000Z,35,58,108565853,0.030000000,0.030000000,0.030000000,0.030000000,750,TFO FQN0026.U0026_OQPE0000020002062
2026-05-07T00:00:00.000000000Z,35,58,108993167,,,,,50,TFO FMU0026_OMPE0000015002082626
2026-05-07T00:00:00.000000000Z,35,58,108481945,,,,,50,TFO FMH0027_OMPE0000042002022427
2026-05-07T00:00:00.000000000Z,35,58,108481196,,,,,150,TFO FMX0026_OMCE0000034002102726
2026-05-07T00:00:00.000000000Z,35,85,31144081,2.700000000,2.700000000,2.700000000,2.700000000,200,TFO  51  31144081
2026-05-07T00:00:00.000000000Z,35,85,31144517,1.560000000,1.560000000,1.560000000,1.560000000,50,TFO  56  31144517
2026-05-07T00:00:00.000000000Z,35,58,110150850,,,,,600,TFO FMG0027_OMPE0000019002012727
2026-05-07T00:00:00.000000000Z,35,85,31124735,3.500000000,3.500000000,3.500000000,3.500000000,25,TFO   6  31124735
2026-05-07T00:00:00.000000000Z,35,85,108218362,0.035000000,0.035000000,0.035000000,0.035000000,500,TFO FMM0026_OMPE0000025002052726
2026-05-07T00:00:00.000000000Z,35,85,108248812,0.825000000,0.850000000,0.825000000,0.850000000,800,TFO FMM0026_OMPE0000038002052726
2026-05-07T00:00:00.000000000Z,35,58,108646542,,,,,75,TFO FMU0026_OMCE0000075002082626
2026-05-07T00:00:00.000000000Z,35,58,108481147,2.525000000,2.525000000,2.525000000,2.525000000,75,TFO FSV0026.H0027_OSPE0000032002092
2026-05-07T00:00:00.000000000Z,35,58,108484139,,,,,100,TFO FMK0027_OMPE0000025002042627
2026-05-07T00:00:00.000000000Z,35,58,108476849,4.200000000,4.200000000,4.200000000,4.200000000,200,TFO FMM0026_OMPE0000045002052726
2026-05-07T00:00:00.000000000Z,35,58,109308585,,,,,50,TFO FMF0027_OMCE0000050002122426
2026-05-07T00:00:00.000000000Z,35,85,31144393,0.000000000,0.000000000,0.000000000,0.000000000,1000,TFO  77  31144393
2026-05-07T00:00:00.000000000Z,35,85,31144150,2.925000000,2.925000000,2.925000000,2.925000000,200,TFO  55  31144150
2026-05-07T00:00:00.000000000Z,35,58,108685169,0.075000000,0.075000000,0.075000000,0.075000000,750,TFO FQN0026.U0026_OQPE0000023002062
2026-05-07T00:00:00.000000000Z,35,85,31144652,1.625000000,1.625000000,1.625000000,1.625000000,100,TFO  55  31144652
2026-05-07T00:00:00.000000000Z,35,58,108284662,,,,,150,TFO FMN0026_OMCE0000034002062626
2026-05-07T00:00:00.000000000Z,35,58,109370203,,,,,300,TFO FMV0026_OMCE0000065002092526
2026-05-07T00:00:00.000000000Z,35,85,31143995,3.100000000,3.100000000,3.100000000,3.100000000,300,TFO  77  31143995
2026-05-07T00:00:00.000000000Z,35,58,108476936,5.590000000,5.590000000,5.590000000,5.590000000,100,TFO FQN0026.U0026_OQCE0000045002062
2026-05-07T00:00:00.000000000Z,35,85,31144322,0.335000000,0.335000000,0.335000000,0.335000000,115,TFO  50  31144322
2026-05-07T00:00:00.000000000Z,35,58,108481944,,,,,50,TFO FMH0027_OMCE0000042002022427
2026-05-07T00:00:00.000000000Z,35,58,108564124,,,,,100,TFO FMN0026_OMCE0000100002062626
2026-05-07T00:00:00.000000000Z,35,58,108398556,,,,,950,TFO FMU0026_OMPE0000035002082626
2026-05-07T00:00:00.000000000Z,35,58,108847187,8.000000000,8.000000000,8.000000000,8.000000000,300,TFO FMM0026_OMPE0000050002052726
2026-05-07T00:00:00.000000000Z,35,58,108457413,,,,,650,TFO FMV0026_OMPE0000030002092526
2026-05-07T00:00:00.000000000Z,35,85,109596767,1.300000000,1.300000000,1.300000000,1.300000000,25,TFO FMM0026_OMCE0000052002052726
2026-05-07T00:00:00.000000000Z,35,58,108280833,,,,,100,TFO FMN0026_OMPE0000029002062626
2026-05-07T00:00:00.000000000Z,35,58,108481341,4.325000000,4.400000000,4.325000000,4.400000000,150,TFO FSJ0027.U0027_OSPE0000030002032
2026-05-07T00:00:00.000000000Z,35,85,31144153,0.230000000,0.230000000,0.230000000,0.230000000,400,TFO  56  31144153
2026-05-07T00:00:00.000000000Z,35,85,31144475,4.525000000,4.525000000,4.525000000,4.525000000,50,TFO  51  31144475
2026-05-07T00:00:00.000000000Z,35,58,108484181,,,,,100,TFO FMQ0027_OMPE0000025002072727
2026-05-07T00:00:00.000000000Z,35,85,108428898,3.400000000,3.500000000,3.400000000,3.500000000,75,TFO FMM0026_OMCE0000043002052726
2026-05-07T00:00:00.000000000Z,35,58,108398555,,,,,150,TFO FMU0026_OMCE0000035002082626
2026-05-07T00:00:00.000000000Z,35,58,108481303,,,,,75,TFO FMG0027_OMPE0000032002012727
2026-05-07T00:00:00.000000000Z,35,58,108476839,5.325000000,5.325000000,5.325000000,5.325000000,100,TFO FMN0026_OMPE0000044002062626
2026-05-07T00:00:00.000000000Z,35,58,108482003,,,,,50,TFO FMG0027_OMPE0000042002012727
2026-05-07T00:00:00.000000000Z,35,58,108338602,,,,,950,TFO FMQ0026_OMPE0000035002072726
2026-05-07T00:00:00.000000000Z,35,58,108455363,0.950000000,0.950000000,0.950000000,0.950000000,350,TFO FQN0026.U0026_OQPE0000033002062
2026-05-07T00:00:00.000000000Z,35,85,108482168,2.100000000,2.100000000,2.100000000,2.100000000,25,TFO FMM0026_OMCE0000048002052726
2026-05-07T00:00:00.000000000Z,35,85,108215821,0.320000000,0.410000000,0.320000000,0.410000000,610,TFO FMM0026_OMPE0000035002052726
2026-05-07T00:00:00.000000000Z,35,58,108481221,,,,,75,TFO FMZ0026_OMPE0000035002112626
2026-05-07T00:00:00.000000000Z,35,85,31144009,0.020000000,0.020000000,0.020000000,0.020000000,750,TFO  18  31144009
2026-05-07T00:00:00.000000000Z,35,85,31144223,7.300000000,7.300000000,7.300000000,7.300000000,350,TFO  55  31144223
2026-05-07T00:00:00.000000000Z,35,58,108476846,3.250000000,3.250000000,3.250000000,3.250000000,50,TFO FMM0026_OMCE0000044002052726
2026-05-07T00:00:00.000000000Z,35,85,109408519,2.000000000,2.000000000,2.000000000,2.000000000,20,TFO FMN0026_OMCE0000060002062626
2026-05-07T00:00:00.000000000Z,35,58,108990630,,,,,50,TFO FMX0026_OMCE0000075002102726
2026-05-07T00:00:00.000000000Z,35,58,108338590,,,,,100,TFO FMQ0026_OMPE0000029002072726
2026-05-07T00:00:00.000000000Z,35,58,108482018,,,,,60,TFO FMX0027_OMCE0000040002102727
2026-05-07T00:00:00.000000000Z,35,58,109838783,,,,,325,TFO FMX0026_OMCE0000060002102726
2026-05-07T00:00:00.000000000Z,35,58,109370297,5.250000000,5.250000000,5.250000000,5.250000000,225,TFO FQF0027.H0027_OQCE0000065002122
2026-05-07T00:00:00.000000000Z,35,58,108455355,0.325000000,0.325000000,0.325000000,0.325000000,100,TFO FQN0026.U0026_OQPE0000029002062
2026-05-07T00:00:00.000000000Z,35,58,108564113,,,,,850,TFO FMQ0026_OMPE0000025002072726
2026-05-07T00:00:00.000000000Z,35,85,31144025,11.050000000,11.050000000,11.050000000,11.050000000,50,TFO  58  31144025
2026-05-07T00:00:00.000000000Z,35,58,108990632,,,,,50,TFO FMZ0026_OMCE0000075002112626
2026-05-07T00:00:00.000000000Z,35,85,31144039,2.000000000,2.000000000,2.000000000,2.000000000,50,TFO  54  31144039
2026-05-07T00:00:00.000000000Z,35,58,108482002,,,,,50,TFO FMG0027_OMCE0000042002012727
2026-05-07T00:00:00.000000000Z,35,58,108685173,,,,,750,TFO FMQ0026_OMPE0000023002072726
2026-05-07T00:00:00.000000000Z,35,58,108481211,,,,,650,TFO FMZ0026_OMPE0000030002112626
2026-05-07T00:00:00.000000000Z,35,58,108476852,2.350000000,2.350000000,2.350000000,2.350000000,400,TFO FMM0026_OMCE0000047002052726
2026-05-07T00:00:00.000000000Z,35,58,109408601,2.800000000,2.800000000,2.800000000,2.800000000,350,TFO FQN0026.U0026_OQCE0000060002062
2026-05-07T00:00:00.000000000Z,35,58,108847190,,,,,200,TFO FMQ0026_OMCE0000050002072726
2026-05-07T00:00:00.000000000Z,35,85,109773177,1.350000000,1.390000000,1.275000000,1.275000000,2000,TFO FQN0026.U0026_OQCE0000080002062
2026-05-07T00:00:00.000000000Z,35,85,109370195,0.375000000,0.400000000,0.375000000,0.400000000,50,TFO FMM0026_OMCE0000065002052726
2026-05-07T00:00:00.000000000Z,35,58,108484413,,,,,50,TFO FMF0027_OMPE0000025002122426
2026-05-07T00:00:00.000000000Z,35,85,31124719,2.750000000,2.750000000,2.750000000,2.750000000,80,TFO   6  31124719
2026-05-07T00:00:00.000000000Z,35,58,108484203,,,,,490,TFO FMV0027_OMPE0000025002092427
2026-05-07T00:00:00.000000000Z,35,85,31144476,0.750000000,0.750000000,0.750000000,0.750000000,250,TFO  46  31144476
2026-05-07T00:00:00.000000000Z,35,58,108685483,,,,,150,TFO FMJ0027_OMPE0000020002032527
2026-05-07T00:00:00.000000000Z,35,58,110658686,,,,,490,TFO FMV0027_OMCE0000050002092427
2026-05-07T00:00:00.000000000Z,35,58,108400937,2.950000000,3.075000000,2.950000000,3.075000000,780,TFO FMN0026_OMPE0000040002062626
2026-05-07T00:00:00.000000000Z,35,58,108643817,,,,,150,TFO FMU0027_OMPE0000020002082627
2026-05-07T00:00:00.000000000Z,35,58,108481497,,,,,150,TFO FMQ0027_OMPE0000030002072727
2026-05-07T00:00:00.000000000Z,35,58,108685185,0.800000000,0.875000000,0.800000000,0.875000000,150,TFO FSJ0027.U0027_OSPE0000020002032
2026-05-07T00:00:00.000000000Z,35,58,108481519,,,,,150,TFO FMU0027_OMPE0000030002082627
2026-05-07T00:00:00.000000000Z,35,58,108481387,,,,,150,TFO FMJ0027_OMPE0000030002032527
2026-05-07T00:00:00.000000000Z,35,58,108481176,11.100000000,11.100000000,11.100000000,11.100000000,150,TFO FQV0026.Z0026_OQCE0000035002092
2026-05-07T00:00:00.000000000Z,35,58,108565849,0.125000000,0.125000000,0.125000000,0.125000000,850,TFO FQN0026.U0026_OQPE0000025002062
2026-05-07T00:00:00.000000000Z,35,85,31144100,2.080000000,2.080000000,2.080000000,2.080000000,2500,TFO  50  31144100
2026-05-07T00:00:00.000000000Z,35,85,31144054,0.950000000,0.950000000,0.950000000,0.950000000,100,TFO  77  31144054
2026-05-07T00:00:00.000000000Z,35,58,108481198,,,,,150,TFO FMX0026_OMCE0000035002102726
2026-05-07T00:00:00.000000000Z,35,58,108398544,,,,,100,TFO FMU0026_OMPE0000029002082626
2026-05-07T00:00:00.000000000Z,35,58,108481999,,,,,925,TFO FMG0027_OMPE0000040002012727
2026-05-07T00:00:00.000000000Z,35,58,108484149,,,,,100,TFO FMM0027_OMPE0000025002052627
2026-05-07T00:00:00.000000000Z,35,85,108280841,0.615000000,0.615000000,0.615000000,0.615000000,50,TFO FMN0026_OMPE0000033002062626
2026-05-07T00:00:00.000000000Z,35,58,109184385,2.500000000,2.500000000,2.470000000,2.470000000,2900,TFO FMN0026_OMCE0000055002062626
2026-05-07T00:00:00.000000000Z,35,58,108564139,,,,,750,TFO FMN0026_OMPE0000020002062626
2026-05-07T00:00:00.000000000Z,35,85,31094838,1.130000000,1.130000000,1.130000000,1.130000000,25,TFO   6  31094838
2026-05-07T00:00:00.000000000Z,35,85,108280823,0.060000000,0.060000000,0.060000000,0.060000000,200,TFO FMN0026_OMPE0000024002062626
2026-05-07T00:00:00.000000000Z,35,85,31143478,2.025000000,2.025000000,2.025000000,2.025000000,100,TFO  75  31143478
2026-05-07T00:00:00.000000000Z,35,85,31143987,3.250000000,3.250000000,3.250000000,3.250000000,50,TFO  55  31143987
2026-05-07T00:00:00.000000000Z,35,58,109838781,,,,,325,TFO FMV0026_OMCE0000060002092526
2026-05-07T00:00:00.000000000Z,35,85,31144433,3.875000000,3.875000000,3.875000000,3.875000000,75,TFO  56  31144433
2026-05-07T00:00:00.000000000Z,35,58,108481409,,,,,150,TFO FMK0027_OMPE0000030002042627
2026-05-07T00:00:00.000000000Z,35,58,108484171,,,,,100,TFO FMN0027_OMPE0000025002062527
2026-05-07T00:00:00.000000000Z,35,85,109576073,0.290000000,0.355000000,0.290000000,0.355000000,590,TFO FMM0026_OMCE0000070002052726
2026-05-07T00:00:00.000000000Z,35,85,109184383,1.140000000,1.140000000,0.990000000,1.020000000,165,TFO FMM0026_OMCE0000055002052726
2026-05-07T00:00:00.000000000Z,35,58,109308587,,,,,50,TFO FMG0027_OMCE0000050002012727
2026-05-07T00:00:00.000000000Z,35,58,108484209,,,,,490,TFO FMX0027_OMPE0000025002102727
2026-05-07T00:00:00.000000000Z,35,85,31144540,5.100000000,5.100000000,5.100000000,5.100000000,60,TFO  55  31144540
2026-05-07T00:00:00.000000000Z,35,58,109773045,,,,,2000,TFO FMN0026_OMCE0000080002062626
2026-05-07T00:00:00.000000000Z,35,85,31144478,2.875000000,2.875000000,2.875000000,2.875000000,200,TFO  55  31144478
2026-05-07T00:00:00.000000000Z,35,85,31143947,0.510000000,0.510000000,0.510000000,0.510000000,50,TFO  44  31143947
2026-05-07T00:00:00.000000000Z,35,58,108564143,,,,,750,TFO FMU0026_OMPE0000020002082626
2026-05-07T00:00:00.000000000Z,35,85,108565850,0.825000000,0.825000000,0.825000000,0.825000000,100,TFO FQN0026.U0026_OQCE0000100002062
2026-05-07T00:00:00.000000000Z,35,85,31144231,0.125000000,0.125000000,0.125000000,0.125000000,50,TFO  45  31144231
2026-05-07T00:00:00.000000000Z,35,58,109370197,1.495000000,1.495000000,1.450000000,1.450000000,640,TFO FMN0026_OMCE0000065002062626
2026-05-07T00:00:00.000000000Z,35,85,109370197,1.475000000,1.475000000,1.475000000,1.475000000,100,TFO FMN0026_OMCE0000065002062626
2026-05-07T00:00:00.000000000Z,35,58,108455364,11.100000000,11.100000000,11.100000000,11.100000000,150,TFO FQN0026.U0026_OQCE0000034002062
2026-05-07T00:00:00.000000000Z,35,58,108602791,,,,,150,TFO FMN0027_OMPE0000020002062527
2026-05-07T00:00:00.000000000Z,35,58,108280835,0.230000000,0.245000000,0.230000000,0.245000000,1750,TFO FMN0026_OMPE0000030002062626
2026-05-07T00:00:00.000000000Z,35,58,109370205,,,,,300,TFO FMX0026_OMCE0000065002102726
2026-05-07T00:00:00.000000000Z,35,58,108481193,,,,,75,TFO FMX0026_OMPE0000032002102726
2026-05-07T00:00:00.000000000Z,35,58,109888355,,,,,50,TFO FMU0027_OMCE0000050002082627
2026-05-07T00:00:00.000000000Z,35,58,108481331,,,,,75,TFO FMH0027_OMPE0000035002022427
2026-05-07T00:00:00.000000000Z,35,58,108685457,,,,,750,TFO FMU0026_OMPE0000023002082626
2026-05-07T00:00:00.000000000Z,35,85,31143912,0.150000000,0.150000000,0.150000000,0.150000000,25,TFO   6  31143912
2026-05-07T00:00:00.000000000Z,35,58,108482531,8.085000000,8.085000000,7.900000000,7.975000000,925,TFO FQF0027.H0027_OQPE0000040002122
2026-05-07T00:00:00.000000000Z,35,85,31144195,22.200000000,22.200000000,22.200000000,22.200000000,150,TFO  58  31144195
2026-05-07T00:00:00.000000000Z,35,85,31144083,7.200000000,7.200000000,7.200000000,7.200000000,50,TFO  55  31144083
2026-05-07T00:00:00.000000000Z,35,58,108215819,0.260000000,0.260000000,0.260000000,0.260000000,500,TFO FMM0026_OMPE0000034002052726
2026-05-07T00:00:00.000000000Z,35,85,31143960,1.650000000,1.650000000,1.650000000,1.650000000,100,TFO  54  31143960
2026-05-07T00:00:00.000000000Z,35,85,31144684,0.700000000,0.700000000,0.700000000,0.700000000,100,TFO  77  31144684
2026-05-07T00:00:00.000000000Z,35,85,109408517,0.630000000,0.630000000,0.630000000,0.630000000,15,TFO FMM0026_OMCE0000060002052726
2026-05-07T00:00:00.000000000Z,35,85,31144011,0.150000000,0.150000000,0.150000000,0.150000000,600,TFO  51  31144011
2026-05-07T00:00:00.000000000Z,35,58,108482080,,,,,50,TFO FMF0027_OMCE0000042002122426
2026-05-07T00:00:00.000000000Z,35,58,108338601,,,,,150,TFO FMQ0026_OMCE0000035002072726
2026-05-07T00:00:00.000000000Z,35,58,109888345,,,,,50,TFO FMJ0027_OMCE0000050002032527
2026-05-07T00:00:00.000000000Z,35,85,31144465,0.950000000,0.950000000,0.950000000,0.950000000,350,TFO  56  31144465
2026-05-07T00:00:00.000000000Z,35,85,31144062,0.800000000,0.800000000,0.800000000,0.800000000,65,TFO  72  31144062
2026-05-07T00:00:00.000000000Z,35,58,109308651,7.450000000,7.450000000,7.450000000,7.450000000,50,TFO FQF0027.H0027_OQCE0000050002122
2026-05-07T00:00:00.000000000Z,35,58,108993163,,,,,50,TFO FMN0026_OMPE0000015002062626
2026-05-07T00:00:00.000000000Z,35,58,108481167,1.175000000,1.175000000,1.100000000,1.100000000,650,TFO FQV0026.Z0026_OQPE0000030002092
2026-05-07T00:00:00.000000000Z,35,85,31144471,4.525000000,4.525000000,4.525000000,4.525000000,500,TFO  51  31144471
2026-05-07T00:00:00.000000000Z,35,58,108482168,2.060000000,2.060000000,2.060000000,2.060000000,25,TFO FMM0026_OMCE0000048002052726
2026-05-07T00:00:00.000000000Z,35,58,109335145,3.000000000,3.000000000,3.000000000,3.000000000,80,TFO FMV0026_OMCE0000070002092526
2026-05-07T00:00:00.000000000Z,35,85,110698316,0.130000000,0.130000000,0.130000000,0.130000000,50,TFO FMM0026_OMCE0000085002052726
2026-05-07T00:00:00.000000000Z,35,58,109773047,,,,,2000,TFO FMQ0026_OMCE0000080002072726
2026-05-07T00:00:00.000000000Z,35,85,31142166,1.025000000,1.025000000,1.025000000,1.025000000,25,TFO   6  31142166
2026-05-07T00:00:00.000000000Z,35,58,108482077,,,,,925,TFO FMF0027_OMPE0000040002122426
2026-05-07T00:00:00.000000000Z,35,58,108482175,,,,,1250,TFO FMZ0026_OMPE0000040002112626
2026-05-07T00:00:00.000000000Z,35,58,108280825,,,,,850,TFO FMN0026_OMPE0000025002062626
2026-05-07T00:00:00.000000000Z,35,58,108280821,,,,,750,TFO FMN0026_OMPE0000023002062626
2026-05-07T00:00:00.000000000Z,35,58,108484111,2.150000000,2.150000000,2.150000000,2.150000000,100,TFO FSJ0027.U0027_OSPE0000025002032
2026-05-07T00:00:00.000000000Z,35,58,108484195,2.550000000,2.550000000,2.550000000,2.550000000,490,TFO FQV0027.Z0027_OQPE0000025002092
2026-05-07T00:00:00.000000000Z,35,58,108481960,,,,,60,TFO FMZ0027_OMCE0000040002112627
2026-05-07T00:00:00.000000000Z,35,85,31144293,0.200000000,0.200000000,0.200000000,0.200000000,100,TFO  51  31144293
2026-05-07T00:00:00.000000000Z,35,58,108215811,0.070000000,0.070000000,0.070000000,0.070000000,1000,TFO FMM0026_OMPE0000030002052726
2026-05-07T00:00:00.000000000Z,35,85,31143966,0.120000000,0.120000000,0.120000000,0.120000000,500,TFO  77  31143966
2026-05-07T00:00:00.000000000Z,35,85,31144170,2.650000000,2.650000000,2.650000000,2.650000000,200,TFO  73  31144170
2026-05-07T00:00:00.000000000Z,35,58,109370195,0.420000000,0.420000000,0.420000000,0.420000000,175,TFO FMM0026_OMCE0000065002052726
2026-05-07T00:00:00.000000000Z,35,85,31144316,0.150000000,0.150000000,0.150000000,0.150000000,100,TFO  73  31144316
2026-05-07T00:00:00.000000000Z,35,58,108484407,,,,,50,TFO FMG0027_OMPE0000025002012727
2026-05-07T00:00:00.000000000Z,35,85,108847186,1.850000000,1.850000000,1.720000000,1.720000000,40,TFO FMM0026_OMCE0000050002052726
2026-05-07T00:00:00.000000000Z,35,58,109888353,,,,,50,TFO FMQ0027_OMCE0000050002072727
2026-05-07T00:00:00.000000000Z,35,58,108482081,,,,,50,TFO FMF0027_OMPE0000042002122426
2026-05-07T00:00:00.000000000Z,35,58,109370267,2.300000000,2.300000000,2.300000000,2.300000000,350,TFO FQN0026.U0026_OQCE0000065002062
2026-05-07T00:00:00.000000000Z,35,58,110299395,,,,,600,TFO FMF0027_OMPE0000015002122426
2026-05-07T00:00:00.000000000Z,35,85,31144315,5.300000000,5.300000000,5.300000000,5.300000000,325,TFO  55  31144315
2026-05-07T00:00:00.000000000Z,35,58,108564115,,,,,850,TFO FMU0026_OMPE0000025002082626
2026-05-07T00:00:00.000000000Z,35,58,108481174,11.100000000,11.100000000,11.100000000,11.100000000,150,TFO FQV0026.Z0026_OQCE0000034002092
2026-05-07T00:00:00.000000000Z,35,58,108640515,,,,,150,TFO FMQ0027_OMPE0000020002072727
2026-05-07T00:00:00.000000000Z,35,85,31138590,0.300000000,0.300000000,0.300000000,0.300000000,60,TFO   6  31138590
2026-05-07T00:00:00.000000000Z,35,85,31144506,2.150000000,2.150000000,2.150000000,2.150000000,100,TFO  56  31144506
2026-05-07T00:00:00.000000000Z,35,58,110658690,,,,,490,TFO FMZ0027_OMCE0000050002112627
2026-05-07T00:00:00.000000000Z,35,58,109773049,,,,,2000,TFO FMU0026_OMCE0000080002082626
2026-05-07T00:00:00.000000000Z,35,58,109888351,,,,,50,TFO FMN0027_OMCE0000050002062527
2026-05-07T00:00:00.000000000Z,35,58,109888357,3.400000000,3.400000000,3.400000000,3.400000000,50,TFO FSJ0027.U0027_OSCE0000050002032
2026-05-07T00:00:00.000000000Z,35,58,108280841,,,,,350,TFO FMN0026_OMPE0000033002062626
2026-05-07T00:00:00.000000000Z,35,85,31143963,0.575000000,0.575000000,0.575000000,0.575000000,100,TFO  44  31143963
2026-05-07T00:00:00.000000000Z,35,58,108455357,0.475000000,0.475000000,0.475000000,0.475000000,350,TFO FQN0026.U0026_OQPE0000030002062
2026-05-07T00:00:00.000000000Z,35,58,109838785,,,,,325,TFO FMZ0026_OMCE0000060002112626
2026-05-07T00:00:00.000000000Z,35,58,108338598,,,,,350,TFO FMQ0026_OMPE0000033002072726
2026-05-07T00:00:00.000000000Z,35,85,31144042,0.975000000,0.975000000,0.975000000,0.975000000,50,TFO  55  31144042
2026-05-07T00:00:00.000000000Z,35,85,31144206,1.600000000,1.600000000,1.600000000,1.600000000,350,TFO  40  31144206
2026-05-07T00:00:00.000000000Z,35,85,31144048,2.235000000,2.300000000,2.235000000,2.300000000,600,TFO  39  31144048
2026-05-07T00:00:00.000000000Z,35,58,108484189,,,,,100,TFO FMU0027_OMPE0000025002082627
2026-05-07T00:00:00.000000000Z,35,58,108482520,7.200000000,7.200000000,7.200000000,7.200000000,50,TFO FQV0026.Z0026_OQCE0000045002092
2026-05-07T00:00:00.000000000Z,35,58,108293633,1.000000000,1.050000000,0.950000000,0.990000000,7720,TFO FMN0026_OMPE0000035002062626
2026-05-07T00:00:00.000000000Z,35,58,109184383,1.000000000,1.000000000,0.975000000,0.975000000,300,TFO FMM0026_OMCE0000055002052726
2026-05-07T00:00:00.000000000Z,35,58,108685479,,,,,150,TFO FMM0027_OMPE0000020002052627
2026-05-07T00:00:00.000000000Z,35,85,31144185,3.975000000,3.975000000,3.975000000,3.975000000,75,TFO  55  31144185
2026-05-07T00:00:00.000000000Z,35,58,110299399,,,,,600,TFO FMH0027_OMPE0000015002022427
2026-05-07T00:00:00.000000000Z,35,58,108245410,0.650000000,0.650000000,0.650000000,0.650000000,100,TFO FMM0026_OMPE0000037002052726
2026-05-07T00:00:00.000000000Z,35,58,109838791,,,,,325,TFO FMH0027_OMCE0000060002022427
2026-05-07T00:00:00.000000000Z,35,58,108481431,,,,,150,TFO FMM0027_OMPE0000030002052627
2026-05-07T00:00:00.000000000Z,35,58,109370199,,,,,350,TFO FMQ0026_OMCE0000065002072726
2026-05-07T00:00:00.000000000Z,35,85,31144577,0.915000000,0.915000000,0.915000000,0.915000000,100,TFO  50  31144577
2026-05-07T00:00:00.000000000Z,35,58,108482144,,,,,50,TFO FMX0026_OMCE0000045002102726
2026-05-07T00:00:00.000000000Z,35,58,108484129,,,,,100,TFO FMJ0027_OMPE0000025002032527
2026-05-07T00:00:00.000000000Z,35,58,110698338,,,,,130,TFO FMN0026_OMCE0000085002062626
2026-05-07T00:00:00.000000000Z,35,58,108476840,4.550000000,4.550000000,4.550000000,4.550000000,2600,TFO FMN0026_OMCE0000045002062626
2026-05-07T00:00:00.000000000Z,35,85,108476847,3.700000000,3.700000000,3.700000000,3.700000000,5,TFO FMM0026_OMPE0000044002052726
2026-05-07T00:00:00.000000000Z,35,58,109370201,3.055000000,3.070000000,3.055000000,3.070000000,550,TFO FMU0026_OMCE0000065002082626
2026-05-07T00:00:00.000000000Z,35,58,108332543,1.500000000,1.560000000,1.500000000,1.560000000,250,TFO FMM0026_OMPE0000040002052726
2026-05-07T00:00:00.000000000Z,35,85,31144651,1.700000000,1.700000000,1.700000000,1.700000000,50,TFO  65  31144651
2026-05-07T00:00:00.000000000Z,35,85,31144029,0.975000000,0.975000000,0.975000000,0.975000000,100,TFO  55  31144029
2026-05-07T00:00:00.000000000Z,35,85,108476850,2.600000000,2.600000000,2.600000000,2.600000000,25,TFO FMM0026_OMCE0000046002052726
2026-05-07T00:00:00.000000000Z,35,58,109370211,,,,,225,TFO FMF0027_OMCE0000065002122426
2026-05-07T00:00:00.000000000Z,35,85,31144204,3.150000000,3.150000000,3.150000000,3.150000000,50,TFO  55  31144204
2026-05-07T00:00:00.000000000Z,35,58,108564126,,,,,100,TFO FMQ0026_OMCE0000100002072726
2026-05-07T00:00:00.000000000Z,35,58,108455366,11.100000000,11.100000000,11.100000000,11.100000000,150,TFO FQN0026.U0026_OQCE0000035002062
2026-05-07T00:00:00.000000000Z,35,85,31144641,1.700000000,1.700000000,1.685000000,1.685000000,1200,TFO  65  31144641
2026-05-07T00:00:00.000000000Z,35,85,31144342,0.360000000,0.360000000,0.360000000,0.360000000,100,TFO  56  31144342
2026-05-07T00:00:00.000000000Z,35,58,110698378,,,,,130,TFO FMU0026_OMCE0000085002082626
2026-05-07T00:00:00.000000000Z,35,58,108400943,,,,,300,TFO FMU0026_OMPE0000040002082626
2026-05-07T00:00:00.000000000Z,35,58,108993165,,,,,50,TFO FMQ0026_OMPE0000015002072726
2026-05-07T00:00:00.000000000Z,35,58,108990628,2.625000000,2.625000000,2.625000000,2.625000000,80,TFO FMV0026_OMCE0000075002092526
2026-05-07T00:00:00.000000000Z,35,58,108482156,7.300000000,7.300000000,7.300000000,7.300000000,350,TFO FMV0026_OMCE0000044002092526
2026-05-07T00:00:00.000000000Z,35,85,31144024,2.525000000,2.525000000,2.525000000,2.525000000,50,TFO  56  31144024
2026-05-07T00:00:00.000000000Z,35,85,31143985,0.910000000,0.910000000,0.910000000,0.910000000,50,TFO  56  31143985
2026-05-07T00:00:00.000000000Z,35,85,31144063,0.800000000,0.800000000,0.800000000,0.800000000,130,TFO  72  31144063
2026-05-07T00:00:00.000000000Z,35,85,31144038,2.000000000,2.000000000,2.000000000,2.000000000,50,TFO  54  31144038
2026-05-07T00:00:00.000000000Z,35,58,110658688,,,,,490,TFO FMX0027_OMCE0000050002102727
2026-05-07T00:00:00.000000000Z,35,85,31144033,2.235000000,2.235000000,2.235000000,2.235000000,100,TFO  47  31144033
2026-05-07T00:00:00.000000000Z,35,85,31144138,2.625000000,2.625000000,2.625000000,2.625000000,30,TFO  55  31144138
2026-05-07T00:00:00.000000000Z,35,85,31144066,2.350000000,2.350000000,2.350000000,2.350000000,400,TFO  55  31144066
2026-05-07T00:00:00.000000000Z,35,58,108476858,6.340000000,6.340000000,6.340000000,6.340000000,350,TFO FMU0026_OMCE0000045002082626
2026-05-07T00:00:00.000000000Z,35,85,31144155,3.975000000,3.975000000,3.975000000,3.975000000,225,TFO  55  31144155
2026-05-07T00:00:00.000000000Z,35,85,31115178,0.750000000,0.750000000,0.750000000,0.750000000,200,TFO  75  31115178
2026-05-07T00:00:00.000000000Z,35,85,108646536,0.225000000,0.225000000,0.225000000,0.225000000,50,TFO FMM0026_OMCE0000075002052726
2026-05-07T00:00:00.000000000Z,35,85,108476846,3.100000000,3.100000000,3.100000000,3.100000000,25,TFO FMM0026_OMCE0000044002052726
2026-05-07T00:00:00.000000000Z,35,58,108401030,4.000000000,4.000000000,4.000000000,4.000000000,25,TFO FMM0026_OMCE0000042002052726
2026-05-07T00:00:00.000000000Z,35,85,31144027,2.525000000,2.525000000,2.525000000,2.525000000,25,TFO  56  31144027
2026-05-07T00:00:00.000000000Z,35,58,109408519,1.880000000,1.880000000,1.850000000,1.850000000,1800,TFO FMN0026_OMCE0000060002062626
2026-05-07T00:00:00.000000000Z,35,58,108481309,,,,,75,TFO FMG0027_OMPE0000035002012727
2026-05-07T00:00:00.000000000Z,35,58,108482158,,,,,50,TFO FMV0026_OMCE0000045002092526
2026-05-07T00:00:00.000000000Z,35,58,108455385,,,,,75,TFO FMV0026_OMPE0000035002092526
2026-05-07T00:00:00.000000000Z,35,85,31144159,1.075000000,1.075000000,1.075000000,1.075000000,150,TFO  38  31144159
2026-05-07T00:00:00.000000000Z,35,58,110698350,,,,,130,TFO FMQ0026_OMCE0000085002072726
2026-05-07T00:00:00.000000000Z,35,58,108481281,,,,,75,TFO FMF0027_OMPE0000032002122426
2026-05-07T00:00:00.000000000Z,35,85,31144207,0.650000000,0.650000000,0.650000000,0.650000000,2970,TFO  39  31144207
2026-05-07T00:00:00.000000000Z,35,58,108455395,,,,,1250,TFO FMV0026_OMPE0000040002092526
2026-05-07T00:00:00.000000000Z,35,85,31144070,1.575000000,1.575000000,1.575000000,1.575000000,175,TFO  50  31144070
2026-05-07T00:00:00.000000000Z,35,58,108476848,2.850000000,2.875000000,2.750000000,2.875000000,660,TFO FMM0026_OMCE0000045002052726
2026-05-07T00:00:00.000000000Z,35,58,108255504,1.300000000,1.300000000,1.300000000,1.300000000,2000,TFO FMM0026_OMPE0000039002052726
2026-05-07T00:00:00.000000000Z,35,58,108481325,,,,,75,TFO FMH0027_OMPE0000032002022427
2026-05-07T00:00:00.000000000Z,35,85,31144082,1.175000000,1.200000000,1.175000000,1.200000000,200,TFO   9  31144082
2026-05-07T00:00:00.000000000Z,35,58,108482056,,,,,60,TFO FMV0027_OMCE0000040002092427
2026-05-07T00:00:00.000000000Z,35,85,31143951,5.250000000,5.250000000,5.250000000,5.250000000,400,TFO  50  31143951
2026-05-07T00:00:00.000000000Z,35,58,108847188,3.300000000,3.300000000,3.300000000,3.300000000,2700,TFO FMN0026_OMCE0000050002062626
2026-05-07T00:00:00.000000000Z,35,58,108398546,,,,,350,TFO FMU0026_OMPE0000030002082626
2026-05-07T00:00:00.000000000Z,35,58,108564128,,,,,125,TFO FMU0026_OMCE0000100002082626
2026-05-07T00:00:00.000000000Z,35,85,108994959,0.035000000,0.035000000,0.035000000,0.035000000,50,TFO FQN0026.U0026_OQPE0000015002062
2026-05-07T00:00:00.000000000Z,35,58,108481215,,,,,75,TFO FMZ0026_OMPE0000032002112626
2026-05-07T00:00:00.000000000Z,35,58,109888349,,,,,50,TFO FMM0027_OMCE0000050002052627
2026-05-07T00:00:00.000000000Z,35,58,108381602,,,,,300,TFO FMQ0026_OMPE0000040002072726
2026-05-07T00:00:00.000000000Z,35,58,109370215,,,,,225,TFO FMH0027_OMCE0000065002022427
2026-05-07T00:00:00.000000000Z,35,58,108847192,,,,,200,TFO FMU0026_OMCE0000050002082626
2026-05-07T00:00:00.000000000Z,35,58,108646540,,,,,50,TFO FMQ0026_OMCE0000075002072726
2026-05-07T00:00:00.000000000Z,35,58,108476844,4.075000000,4.075000000,4.075000000,4.075000000,175,TFO FMN0026_OMCE0000047002062626
2026-05-07T00:00:00.000000000Z,35,58,108484401,,,,,50,TFO FMH0027_OMPE0000025002022427
2026-05-07T00:00:00.000000000Z,35,58,108564141,,,,,750,TFO FMQ0026_OMPE0000020002072726
2026-05-07T00:00:00.000000000Z,35,85,31144432,0.560000000,0.560000000,0.560000000,0.560000000,500,TFO  77  31144432
2026-05-07T00:00:00.000000000Z,35,58,108398552,,,,,350,TFO FMU0026_OMPE0000033002082626
2026-05-07T00:00:00.000000000Z,35,58,108482135,,,,,1250,TFO FMX0026_OMPE0000040002102726
2026-05-07T00:00:00.000000000Z,35,58,108476837,4.500000000,4.500000000,4.500000000,4.500000000,100,TFO FMN0026_OMPE0000043002062626
2026-05-07T00:00:00.000000000Z,35,58,110150848,,,,,600,TFO FMH0027_OMPE0000019002022427
2026-05-07T00:00:00.000000000Z,35,58,108847982,3.860000000,4.290000000,3.860000000,4.290000000,200,TFO FQN0026.U0026_OQCE0000050002062
2026-05-07T00:00:00.000000000Z,35,58,110151006,0.300000000,0.300000000,0.300000000,0.300000000,600,TFO FQF0027.H0027_OQPE0000019002122
2026-05-07T00:00:00.000000000Z,35,58,109408523,,,,,350,TFO FMU0026_OMCE0000060002082626
2026-05-07T00:00:00.000000000Z,35,58,108401031,2.450000000,2.600000000,2.450000000,2.600000000,1650,TFO FMM0026_OMPE0000042002052726
2026-05-07T00:00:00.000000000Z,35,58,109184389,,,,,200,TFO FMU0026_OMCE0000055002082626
2026-05-07T00:00:00.000000000Z,35,85,108293633,1.000000000,1.000000000,1.000000000,1.000000000,15,TFO FMN0026_OMPE0000035002062626
2026-05-07T00:00:00.000000000Z,35,85,108398562,3.520000000,3.520000000,3.520000000,3.520000000,20,TFO FMU0026_OMPE0000038002082626
2026-05-07T00:00:00.000000000Z,35,58,108685481,,,,,150,TFO FMK0027_OMPE0000020002042627
2026-05-07T00:00:00.000000000Z,35,85,31144551,3.525000000,3.525000000,3.525000000,3.525000000,100,TFO  51  31144551
2026-05-07T00:00:00.000000000Z,35,58,108248812,0.930000000,0.930000000,0.825000000,0.930000000,4300,TFO FMM0026_OMPE0000038002052726
2026-05-07T00:00:00.000000000Z,35,58,109370207,,,,,300,TFO FMZ0026_OMCE0000065002112626
2026-05-07T00:00:00.000000000Z,35,85,31144197,22.200000000,22.200000000,22.200000000,22.200000000,150,TFO  58  31144197
2026-05-07T00:00:00.000000000Z,35,58,108293632,,,,,150,TFO FMN0026_OMCE0000035002062626
2026-05-07T00:00:00.000000000Z,35,85,31144172,2.650000000,2.650000000,2.650000000,2.650000000,25,TFO  73  31144172
2026-05-07T00:00:00.000000000Z,35,58,108482535,9.250000000,9.250000000,9.250000000,9.250000000,50,TFO FQF0027.H0027_OQPE0000042002122
2026-05-07T00:00:00.000000000Z,35,58,109408521,2.925000000,2.925000000,2.925000000,2.925000000,550,TFO FMQ0026_OMCE0000060002072726
2026-05-07T00:00:00.000000000Z,35,58,108640503,,,,,50,TFO FMV0026_OMPE0000025002092526
2026-05-07T00:00:00.000000000Z,35,58,108481220,,,,,150,TFO FMZ0026_OMCE0000035002112626
2026-05-07T00:00:00.000000000Z,35,58,108482534,9.250000000,9.250000000,9.250000000,9.250000000,50,TFO FQF0027.H0027_OQCE0000042002122
2026-05-07T00:00:00.000000000Z,35,58,109838793,5.300000000,5.300000000,5.300000000,5.300000000,325,TFO FSV0026.H0027_OSCE0000060002092
2026-05-07T00:00:00.000000000Z,35,58,108685467,,,,,50,TFO FMZ0026_OMPE0000025002112626
2026-05-07T00:00:00.000000000Z,35,58,108482511,5.850000000,5.850000000,5.675000000,5.675000000,1250,TFO FQV0026.Z0026_OQPE0000040002092
2026-05-07T00:00:00.000000000Z,35,58,108481199,,,,,75,TFO FMX0026_OMPE0000035002102726
2026-05-07T00:00:00.000000000Z,35,58,108338599,,,,,150,TFO FMQ0026_OMCE0000034002072726
2026-05-07T00:00:00.000000000Z,35,58,108481475,,,,,150,TFO FMN0027_OMPE0000030002062527
2026-05-07T00:00:00.000000000Z,35,58,108476850,,,,,60,TFO FMM0026_OMCE0000046002052726
2026-05-07T00:00:00.000000000Z,35,58,108481189,,,,,650,TFO FMX0026_OMPE0000030002102726
2026-05-07T00:00:00.000000000Z,35,58,110705012,,,,,25,TFO FMM0026_OMCE0000061002052726
2026-05-07T00:00:00.000000000Z,35,58,109838789,,,,,325,TFO FMG0027_OMCE0000060002012727
2026-05-07T00:00:00.000000000Z,35,58,108481287,,,,,75,TFO FMF0027_OMPE0000035002122426
2026-05-07T00:00:00.000000000Z,35,58,110299397,,,,,600,TFO FMG0027_OMPE0000015002012727
2026-05-07T00:00:00.000000000Z,35,58,109370213,,,,,225,TFO FMG0027_OMCE0000065002012727
2026-05-07T00:00:00.000000000Z,35,58,108481153,3.875000000,3.875000000,3.875000000,3.875000000,75,TFO FSV0026.H0027_OSPE0000035002092
2026-05-07T00:00:00.000000000Z,35,58,108400936,6.300000000,6.450000000,6.300000000,6.450000000,1650,TFO FMN0026_OMCE0000040002062626
2026-05-07T00:00:00.000000000Z,35,58,108481218,,,,,150,TFO FMZ0026_OMCE0000034002112626
2026-05-07T00:00:00.000000000Z,35,58,108455367,1.990000000,1.990000000,1.500000000,1.500000000,950,TFO FQN0026.U0026_OQPE0000035002062
2026-05-07T00:00:00.000000000Z,35,85,31144209,0.875000000,0.875000000,0.875000000,0.875000000,250,TFO  72  31144209
2026-05-07T00:00:00.000000000Z,35,58,108992844,3.150000000,3.150000000,3.150000000,3.150000000,50,TFO FQV0026.Z0026_OQCE0000075002092
2026-05-07T00:00:00.000000000Z,35,58,108302833,1.650000000,1.650000000,1.650000000,1.650000000,200,TFO FMN0026_OMPE0000037002062626
2026-05-07T00:00:00.000000000Z,35,58,109308579,5.750000000,5.750000000,5.315000000,5.315000000,180,TFO FMV0026_OMCE0000050002092526
2026-05-07T00:00:00.000000000Z,35,58,108338592,,,,,350,TFO FMQ0026_OMPE0000030002072726
2026-05-07T00:00:00.000000000Z,35,58,108481941,,,,,925,TFO FMH0027_OMPE0000040002022427
2026-05-08T00:00:00.000000000Z,35,58,109408523,3.800000000,3.800000000,3.750000000,3.750000000,2600,TFO FMU0026_OMCE0000060002082626
2026-05-08T00:00:00.000000000Z,35,58,108481950,,,,,160,TFO FMH0027_OMCE0000045002022427
2026-05-08T00:00:00.000000000Z,35,58,108280841,0.500000000,0.500000000,0.500000000,0.500000000,200,TFO FMN0026_OMPE0000033002062626
2026-05-08T00:00:00.000000000Z,35,85,108280841,0.465000000,0.465000000,0.465000000,0.465000000,50,TFO FMN0026_OMPE0000033002062626
2026-05-08T00:00:00.000000000Z,35,85,31145129,1.820000000,1.820000000,1.820000000,1.820000000,500,TFO  51  31145129
2026-05-08T00:00:00.000000000Z,35,58,108398544,,,,,200,TFO FMU0026_OMPE0000029002082626
2026-05-08T00:00:00.000000000Z,35,85,31106205,1.075000000,1.075000000,1.075000000,1.075000000,1500,TFO   6  31106205
2026-05-08T00:00:00.000000000Z,35,58,108484149,,,,,500,TFO FMM0027_OMPE0000025002052627
2026-05-08T00:00:00.000000000Z,35,58,108481945,,,,,40,TFO FMH0027_OMPE0000042002022427
2026-05-08T00:00:00.000000000Z,35,85,31145385,0.400000000,0.400000000,0.400000000,0.400000000,100,TFO  56  31145385
2026-05-08T00:00:00.000000000Z,35,58,109839115,4.580000000,4.580000000,4.580000000,4.580000000,65,TFO FQV0026.Z0026_OQCE0000060002092
2026-05-08T00:00:00.000000000Z,35,58,110615024,,,,,75,TFO FMG0027_OMCE0000080002012727
2026-05-08T00:00:00.000000000Z,35,58,109408601,2.880000000,3.150000000,2.850000000,3.125000000,1000,TFO FQN0026.U0026_OQCE0000060002062
2026-05-08T00:00:00.000000000Z,35,58,110615018,,,,,75,TFO FMX0026_OMCE0000080002102726
2026-05-08T00:00:00.000000000Z,35,58,108781443,,,,,100,TFO FMV0026_OMPE0000022002092526
2026-05-08T00:00:00.000000000Z,35,85,31145442,7.950000000,7.950000000,7.950000000,7.950000000,10,TFO  55  31145442
2026-05-08T00:00:00.000000000Z,35,58,108280835,0.180000000,0.200000000,0.180000000,0.180000000,850,TFO FMN0026_OMPE0000030002062626
2026-05-08T00:00:00.000000000Z,35,58,108481211,,,,,225,TFO FMZ0026_OMPE0000030002112626
2026-05-08T00:00:00.000000000Z,35,58,108476849,3.850000000,3.850000000,3.850000000,3.850000000,250,TFO FMM0026_OMPE0000045002052726
2026-05-08T00:00:00.000000000Z,35,85,31144965,1.700000000,1.700000000,1.700000000,1.700000000,125,TFO  55  31144965
2026-05-08T00:00:00.000000000Z,35,58,109408519,2.075000000,2.075000000,2.075000000,2.075000000,1100,TFO FMN0026_OMCE0000060002062626
2026-05-08T00:00:00.000000000Z,35,58,108482081,,,,,40,TFO FMF0027_OMPE0000042002122426
2026-05-08T00:00:00.000000000Z,35,58,110615016,,,,,75,TFO FMV0026_OMCE0000080002092526
2026-05-08T00:00:00.000000000Z,35,85,31145422,1.850000000,1.850000000,1.850000000,1.850000000,75,TFO  50  31145422
2026-05-08T00:00:00.000000000Z,35,58,108484485,1.025000000,1.025000000,1.025000000,1.025000000,50,TFO FQF0027.H0027_OQPE0000025002122
2026-05-08T00:00:00.000000000Z,35,58,108455365,1.100000000,1.100000000,1.040000000,1.040000000,400,TFO FQN0026.U0026_OQPE0000034002062
2026-05-08T00:00:00.000000000Z,35,58,108789123,,,,,100,TFO FMX0026_OMPE0000022002102726
2026-05-08T00:00:00.000000000Z,35,58,108484401,,,,,50,TFO FMH0027_OMPE0000025002022427
2026-05-08T00:00:00.000000000Z,35,85,108646536,0.240000000,0.240000000,0.240000000,0.240000000,50,TFO FMM0026_OMCE0000075002052726
2026-05-08T00:00:00.000000000Z,35,85,31145101,4.510000000,4.510000000,4.510000000,4.510000000,75,TFO  56  31145101
2026-05-08T00:00:00.000000000Z,35,85,109768643,7.310000000,7.310000000,7.310000000,7.310000000,153,TFO FMG0027_OMCE0000055002012727
2026-05-08T00:00:00.000000000Z,35,85,31145195,2.630000000,2.630000000,2.630000000,2.630000000,350,TFO  56  31145195
2026-05-08T00:00:00.000000000Z,35,58,108455367,1.350000000,1.400000000,1.350000000,1.400000000,250,TFO FQN0026.U0026_OQPE0000035002062
2026-05-08T00:00:00.000000000Z,35,58,110698856,,,,,35,TFO FMF0027_OMCE0000090002122426
2026-05-08T00:00:00.000000000Z,35,58,108482184,,,,,75,TFO FMZ0026_OMCE0000045002112626
2026-05-08T00:00:00.000000000Z,35,58,108474927,,,,,25,TFO FMV0026_OMPE0000028002092526
2026-05-08T00:00:00.000000000Z,35,58,108476847,3.280000000,3.280000000,3.280000000,3.280000000,1750,TFO FMM0026_OMPE0000044002052726
2026-05-08T00:00:00.000000000Z,35,85,108215821,0.330000000,0.330000000,0.330000000,0.330000000,50,TFO FMM0026_OMPE0000035002052726
2026-05-08T00:00:00.000000000Z,35,85,31145125,3.700000000,3.700000000,3.675000000,3.675000000,150,TFO  56  31145125
2026-05-08T00:00:00.000000000Z,35,58,108481273,,,,,25,TFO FMF0027_OMPE0000028002122426
2026-05-08T00:00:00.000000000Z,35,85,31145078,1.350000000,1.350000000,1.350000000,1.350000000,100,TFO  73  31145078
2026-05-08T00:00:00.000000000Z,35,58,108481331,,,,,225,TFO FMH0027_OMPE0000035002022427
2026-05-08T00:00:00.000000000Z,35,58,108455379,,,,,25,TFO FMV0026_OMPE0000032002092526
2026-05-08T00:00:00.000000000Z,35,58,108643807,,,,,50,TFO FMF0027_OMPE0000023002122426
2026-05-08T00:00:00.000000000Z,35,58,108476850,,,,,15,TFO FMM0026_OMCE0000046002052726
2026-05-08T00:00:00.000000000Z,35,85,31145471,3.360000000,3.360000000,3.360000000,3.360000000,200,TFO  50  31145471
2026-05-08T00:00:00.000000000Z,35,58,108400937,,,,,450,TFO FMN0026_OMPE0000040002062626
2026-05-08T00:00:00.000000000Z,35,58,108564115,,,,,200,TFO FMU0026_OMPE0000025002082626
2026-05-08T00:00:00.000000000Z,35,85,31145335,0.190000000,0.190000000,0.190000000,0.190000000,200,TFO  51  31145335
2026-05-08T00:00:00.000000000Z,35,58,109254273,,,,,100,TFO FMX0026_OMCE0000100002102726
2026-05-08T00:00:00.000000000Z,35,85,31145001,1.330000000,1.330000000,1.330000000,1.330000000,300,TFO  50  31145001
2026-05-08T00:00:00.000000000Z,35,85,31120776,1.625000000,1.625000000,1.625000000,1.625000000,500,TFO   6  31120776
2026-05-08T00:00:00.000000000Z,35,58,108481287,,,,,225,TFO FMF0027_OMPE0000035002122426
2026-05-08T00:00:00.000000000Z,35,58,110698870,,,,,35,TFO FMF0027_OMCE0000130002122426
2026-05-08T00:00:00.000000000Z,35,58,108481271,6.205000000,6.205000000,6.205000000,6.205000000,250,TFO FQF0027.H0027_OQPE0000038002122
2026-05-08T00:00:00.000000000Z,35,58,108481265,4.510000000,4.510000000,4.510000000,4.510000000,75,TFO FQF0027.H0027_OQPE0000035002122
2026-05-08T00:00:00.000000000Z,35,85,31145497,2.115000000,2.115000000,2.115000000,2.115000000,100,TFO  50  31145497
2026-05-08T00:00:00.000000000Z,35,58,108481303,,,,,25,TFO FMG0027_OMPE0000032002012727
2026-05-08T00:00:00.000000000Z,35,85,109184383,1.150000000,1.175000000,1.125000000,1.125000000,650,TFO FMM0026_OMCE0000055002052726
2026-05-08T00:00:00.000000000Z,35,58,108481147,2.300000000,2.300000000,2.300000000,2.300000000,25,TFO FSV0026.H0027_OSPE0000032002092
2026-05-08T00:00:00.000000000Z,35,85,108476848,3.300000000,3.300000000,2.995000000,2.995000000,85,TFO FMM0026_OMCE0000045002052726
2026-05-08T00:00:00.000000000Z,35,85,31126965,1.900000000,1.900000000,1.900000000,1.900000000,137,TFO   6  31126965
2026-05-08T00:00:00.000000000Z,35,58,108790005,,,,,50,TFO FMF0027_OMPE0000020002122426
2026-05-08T00:00:00.000000000Z,35,58,108484139,,,,,500,TFO FMK0027_OMPE0000025002042627
2026-05-08T00:00:00.000000000Z,35,85,31145466,0.470000000,0.470000000,0.470000000,0.470000000,150,TFO  63  31145466
2026-05-08T00:00:00.000000000Z,35,85,109370213,6.015000000,6.015000000,6.015000000,6.015000000,153,TFO FMG0027_OMCE0000065002012727
2026-05-08T00:00:00.000000000Z,35,85,31145472,0.230000000,0.230000000,0.230000000,0.230000000,50,TFO  50  31145472
2026-05-08T00:00:00.000000000Z,35,58,108455377,0.950000000,0.950000000,0.950000000,0.950000000,800,TFO FMV0026_OMPE0000031002092526
2026-05-08T00:00:00.000000000Z,35,58,108338590,,,,,200,TFO FMQ0026_OMPE0000029002072726
2026-05-08T00:00:00.000000000Z,35,58,109254329,3.290000000,3.290000000,3.290000000,3.290000000,500,TFO FQF0027.H0027_OQCE0000100002122
2026-05-08T00:00:00.000000000Z,35,85,31144994,2.725000000,2.725000000,2.725000000,2.725000000,200,TFO  56  31144994
2026-05-08T00:00:00.000000000Z,35,58,108564113,,,,,200,TFO FMQ0026_OMPE0000025002072726
2026-05-08T00:00:00.000000000Z,35,85,31143912,0.180000000,0.180000000,0.180000000,0.180000000,20,TFO   6  31143912
2026-05-08T00:00:00.000000000Z,35,58,108481585,,,,,100,TFO FMX0027_OMPE0000030002102727
2026-05-08T00:00:00.000000000Z,35,85,31110979,1.590000000,1.590000000,1.590000000,1.590000000,1350,TFO   6  31110979
2026-05-08T00:00:00.000000000Z,35,58,108481143,1.650000000,1.650000000,1.650000000,1.650000000,25,TFO FSV0026.H0027_OSPE0000030002092
2026-05-08T00:00:00.000000000Z,35,85,108481143,1.650000000,1.650000000,1.650000000,1.650000000,200,TFO FSV0026.H0027_OSPE0000030002092
2026-05-08T00:00:00.000000000Z,35,58,108481153,3.700000000,3.700000000,3.675000000,3.675000000,150,TFO FSV0026.H0027_OSPE0000035002092
2026-05-08T00:00:00.000000000Z,35,58,110705012,,,,,20,TFO FMM0026_OMCE0000061002052726
2026-05-08T00:00:00.000000000Z,35,58,108481321,,,,,225,TFO FMH0027_OMPE0000030002022427
2026-05-08T00:00:00.000000000Z,35,58,109838789,,,,,75,TFO FMG0027_OMCE0000060002012727
2026-05-08T00:00:00.000000000Z,35,58,108338598,,,,,100,TFO FMQ0026_OMPE0000033002072726
2026-05-08T00:00:00.000000000Z,35,58,108494007,,,,,500,TFO FMK0027_OMPE0000022002042627
2026-05-08T00:00:00.000000000Z,35,58,108457413,,,,,225,TFO FMV0026_OMPE0000030002092526
2026-05-08T00:00:00.000000000Z,35,58,108455355,0.290000000,0.290000000,0.290000000,0.290000000,200,TFO FQN0026.U0026_OQPE0000029002062
2026-05-08T00:00:00.000000000Z,35,58,108646538,,,,,125,TFO FMN0026_OMCE0000075002062626
2026-05-08T00:00:00.000000000Z,35,58,110615028,3.500000000,3.500000000,3.500000000,3.500000000,75,TFO FSV0026.H0027_OSCE0000080002092
2026-05-08T00:00:00.000000000Z,35,58,109254271,,,,,100,TFO FMV0026_OMCE0000100002092526
2026-05-08T00:00:00.000000000Z,35,85,31145190,1.450000000,1.450000000,1.450000000,1.450000000,50,TFO  72  31145190
2026-05-08T00:00:00.000000000Z,35,58,108482520,7.390000000,7.390000000,7.390000000,7.390000000,65,TFO FQV0026.Z0026_OQCE0000045002092
2026-05-08T00:00:00.000000000Z,35,85,31144969,0.600000000,0.600000000,0.600000000,0.600000000,1700,TFO  77  31144969
2026-05-08T00:00:00.000000000Z,35,85,31145192,0.950000000,0.950000000,0.950000000,0.950000000,100,TFO  72  31145192
2026-05-08T00:00:00.000000000Z,35,58,108280825,,,,,200,TFO FMN0026_OMPE0000025002062626
2026-05-08T00:00:00.000000000Z,35,58,108481215,,,,,25,TFO FMZ0026_OMPE0000032002112626
2026-05-08T00:00:00.000000000Z,35,58,109838787,,,,,75,TFO FMF0027_OMCE0000060002122426
2026-05-08T00:00:00.000000000Z,35,58,108215817,0.150000000,0.150000000,0.150000000,0.150000000,1200,TFO FMM0026_OMPE0000033002052726
2026-05-08T00:00:00.000000000Z,35,58,108476839,,,,,100,TFO FMN0026_OMPE0000044002062626
2026-05-08T00:00:00.000000000Z,35,58,108646540,,,,,125,TFO FMQ0026_OMCE0000075002072726
2026-05-08T00:00:00.000000000Z,35,58,108481277,,,,,225,TFO FMF0027_OMPE0000030002122426
2026-05-08T00:00:00.000000000Z,35,58,109838781,,,,,140,TFO FMV0026_OMCE0000060002092526
2026-05-08T00:00:00.000000000Z,35,58,108455905,3.550000000,3.550000000,3.525000000,3.550000000,450,TFO FQN0026.U0026_OQPE0000040002062
2026-05-08T00:00:00.000000000Z,35,85,108338596,0.630000000,0.630000000,0.630000000,0.630000000,50,TFO FMQ0026_OMPE0000032002072726
2026-05-08T00:00:00.000000000Z,35,85,31145285,0.325000000,0.325000000,0.325000000,0.325000000,400,TFO  75  31145285
2026-05-08T00:00:00.000000000Z,35,85,31145488,5.620000000,5.620000000,5.620000000,5.620000000,25,TFO  55  31145488
2026-05-08T00:00:00.000000000Z,35,58,108455385,2.225000000,2.225000000,2.225000000,2.225000000,750,TFO FMV0026_OMPE0000035002092526
2026-05-08T00:00:00.000000000Z,35,58,110698338,0.700000000,0.700000000,0.700000000,0.700000000,287,TFO FMN0026_OMCE0000085002062626
2026-05-08T00:00:00.000000000Z,35,85,31145389,3.550000000,3.550000000,3.550000000,3.550000000,250,TFO  51  31145389
2026-05-08T00:00:00.000000000Z,35,85,31144972,0.300000000,0.320000000,0.300000000,0.320000000,1000,TFO  56  31144972
2026-05-08T00:00:00.000000000Z,35,58,108323493,,,,,700,TFO FMN0026_OMPE0000038002062626
2026-05-08T00:00:00.000000000Z,35,85,31144962,8.650000000,8.650000000,8.650000000,8.650000000,100,TFO  55  31144962
2026-05-08T00:00:00.000000000Z,35,58,109592761,4.885000000,4.885000000,4.885000000,4.885000000,200,TFO FMV0026_OMCE0000055002092526
2026-05-08T00:00:00.000000000Z,35,58,108302833,,,,,200,TFO FMN0026_OMPE0000037002062626
2026-05-08T00:00:00.000000000Z,35,58,108484165,,,,,500,TFO FMN0027_OMPE0000022002062527
2026-05-08T00:00:00.000000000Z,35,85,31145492,0.260000000,0.260000000,0.260000000,0.260000000,500,TFO  58  31145492
2026-05-08T00:00:00.000000000Z,35,58,108398562,,,,,700,TFO FMU0026_OMPE0000038002082626
2026-05-08T00:00:00.000000000Z,35,58,108481299,,,,,225,TFO FMG0027_OMPE0000030002012727
2026-05-08T00:00:00.000000000Z,35,58,108476840,,,,,50,TFO FMN0026_OMCE0000045002062626
2026-05-08T00:00:00.000000000Z,35,85,31143478,2.250000000,2.250000000,2.250000000,2.250000000,100,TFO  75  31143478
2026-05-08T00:00:00.000000000Z,35,58,110698898,,,,,35,TFO FMH0027_OMCE0000090002022427
2026-05-08T00:00:00.000000000Z,35,58,110615026,,,,,75,TFO FMH0027_OMCE0000080002022427
2026-05-08T00:00:00.000000000Z,35,58,108481193,,,,,25,TFO FMX0026_OMPE0000032002102726
2026-05-08T00:00:00.000000000Z,35,58,108481293,,,,,250,TFO FMF0027_OMPE0000038002122426
2026-05-08T00:00:00.000000000Z,35,58,108645525,0.675000000,0.675000000,0.675000000,0.675000000,50,TFO FQF0027.H0027_OQPE0000023002122
2026-05-08T00:00:00.000000000Z,35,58,108455373,2.575000000,2.575000000,2.495000000,2.495000000,700,TFO FQN0026.U0026_OQPE0000038002062
2026-05-08T00:00:00.000000000Z,35,58,108293633,0.840000000,0.840000000,0.840000000,0.840000000,1000,TFO FMN0026_OMPE0000035002062626
2026-05-08T00:00:00.000000000Z,35,58,109254281,,,,,600,TFO FMH0027_OMCE0000100002022427
2026-05-08T00:00:00.000000000Z,35,58,108481185,,,,,25,TFO FMX0026_OMPE0000028002102726
2026-05-08T00:00:00.000000000Z,35,58,108643803,,,,,50,TFO FMH0027_OMPE0000023002022427
2026-05-08T00:00:00.000000000Z,35,58,108481295,,,,,25,TFO FMG0027_OMPE0000028002012727
2026-05-08T00:00:00.000000000Z,35,58,108481207,,,,,25,TFO FMZ0026_OMPE0000028002112626
2026-05-08T00:00:00.000000000Z,35,85,31145384,0.500000000,0.500000000,0.500000000,0.500000000,750,TFO  55  31145384
2026-05-08T00:00:00.000000000Z,35,85,109408517,0.660000000,0.750000000,0.660000000,0.680000000,110,TFO FMM0026_OMCE0000060002052726
2026-05-08T00:00:00.000000000Z,35,85,31144941,0.000000000,0.000000000,-0.150000000,-0.100000000,135,TFO  58  31144941
2026-05-08T00:00:00.000000000Z,35,58,108789131,,,,,100,TFO FMZ0026_OMPE0000022002112626
2026-05-08T00:00:00.000000000Z,35,58,108476848,3.000000000,3.125000000,3.000000000,3.040000000,1515,TFO FMM0026_OMCE0000045002052726
2026-05-08T00:00:00.000000000Z,35,85,31145477,0.470000000,0.470000000,0.470000000,0.470000000,100,TFO  73  31145477
2026-05-08T00:00:00.000000000Z,35,85,31115178,0.825000000,0.825000000,0.825000000,0.825000000,50,TFO  75  31115178
2026-05-08T00:00:00.000000000Z,35,85,31144990,0.835000000,0.835000000,0.835000000,0.835000000,500,TFO  51  31144990
2026-05-08T00:00:00.000000000Z,35,58,109838793,5.350000000,5.350000000,5.350000000,5.350000000,75,TFO FSV0026.H0027_OSCE0000060002092
2026-05-08T00:00:00.000000000Z,35,85,31144988,0.315000000,0.315000000,0.315000000,0.315000000,1300,TFO  56  31144988
2026-05-08T00:00:00.000000000Z,35,58,110615022,,,,,75,TFO FMF0027_OMCE0000080002122426
2026-05-08T00:00:00.000000000Z,35,85,31145220,0.300000000,0.300000000,0.300000000,0.300000000,100,TFO  51  31145220
2026-05-08T00:00:00.000000000Z,35,85,108481309,4.330000000,4.330000000,4.325000000,4.325000000,57,TFO FMG0027_OMPE0000035002012727
2026-05-08T00:00:00.000000000Z,35,58,109370195,0.500000000,0.500000000,0.470000000,0.470000000,820,TFO FMM0026_OMCE0000065002052726
2026-05-08T00:00:00.000000000Z,35,85,31138590,0.335000000,0.335000000,0.335000000,0.335000000,15,TFO   6  31138590
2026-05-08T00:00:00.000000000Z,35,58,108790009,,,,,50,TFO FMH0027_OMPE0000020002022427
2026-05-08T00:00:00.000000000Z,35,58,108660842,1.700000000,1.700000000,1.700000000,1.700000000,125,TFO FQN0026.U0026_OQCE0000075002062
2026-05-08T00:00:00.000000000Z,35,85,31145245,1.350000000,1.350000000,1.350000000,1.350000000,35,TFO   6  31145245
2026-05-08T00:00:00.000000000Z,35,58,110615020,,,,,75,TFO FMZ0026_OMCE0000080002112626
2026-05-08T00:00:00.000000000Z,35,58,109254283,2.500000000,2.500000000,2.500000000,2.500000000,100,TFO FSV0026.H0027_OSCE0000100002092
2026-05-08T00:00:00.000000000Z,35,58,108484181,,,,,500,TFO FMQ0027_OMPE0000025002072727
2026-05-08T00:00:00.000000000Z,35,85,31144959,0.375000000,0.375000000,0.375000000,0.375000000,250,TFO  58  31144959
2026-05-08T00:00:00.000000000Z,35,58,108398556,1.820000000,1.820000000,1.820000000,1.820000000,350,TFO FMU0026_OMPE0000035002082626
2026-05-08T00:00:00.000000000Z,35,58,108685471,,,,,150,TFO FMG0027_OMPE0000022002012727
2026-05-08T00:00:00.000000000Z,35,58,108401031,2.125000000,2.200000000,2.050000000,2.200000000,2900,TFO FMM0026_OMPE0000042002052726
2026-05-08T00:00:00.000000000Z,35,85,31127687,3.025000000,3.050000000,3.025000000,3.050000000,200,TFO  16  31127687
2026-05-08T00:00:00.000000000Z,35,58,110698368,1.550000000,1.550000000,1.550000000,1.550000000,250,TFO FMU0026_OMCE0000090002082626
2026-05-08T00:00:00.000000000Z,35,58,108381946,1.665000000,1.665000000,1.610000000,1.650000000,3150,TFO FMM0026_OMPE0000041002052726
2026-05-08T00:00:00.000000000Z,35,85,31145033,3.200000000,3.250000000,3.200000000,3.250000000,1000,TFO  77  31145033
2026-05-08T00:00:00.000000000Z,35,58,108790007,,,,,50,TFO FMG0027_OMPE0000020002012727
2026-05-08T00:00:00.000000000Z,35,85,108476849,3.900000000,3.900000000,3.900000000,3.900000000,25,TFO FMM0026_OMPE0000045002052726
2026-05-08T00:00:00.000000000Z,35,85,31145304,1.950000000,1.950000000,1.950000000,1.950000000,50,TFO  58  31145304
2026-05-08T00:00:00.000000000Z,35,58,108816693,,,,,100,TFO FMG0028_OMPE0000030002012728
2026-05-08T00:00:00.000000000Z,35,58,109370203,3.590000000,3.590000000,3.590000000,3.590000000,200,TFO FMV0026_OMCE0000065002092526
2026-05-08T00:00:00.000000000Z,35,58,108482086,,,,,160,TFO FMF0027_OMCE0000045002122426
2026-05-08T00:00:00.000000000Z,35,58,108481221,,,,,350,TFO FMZ0026_OMPE0000035002112626
2026-05-08T00:00:00.000000000Z,35,58,109838791,,,,,75,TFO FMH0027_OMCE0000060002022427
2026-05-08T00:00:00.000000000Z,35,85,31145439,1.100000000,1.100000000,1.100000000,1.100000000,200,TFO  55  31145439
2026-05-08T00:00:00.000000000Z,35,85,110698558,0.500000000,0.500000000,0.500000000,0.500000000,25,TFO FMQ0026_OMCE0000125002072726
2026-05-08T00:00:00.000000000Z,35,58,110710064,2.150000000,2.150000000,2.150000000,2.150000000,35,TFO FQF0027.H0027_OQCE0000130002122
2026-05-08T00:00:00.000000000Z,35,85,108484407,0.850000000,0.850000000,0.850000000,0.850000000,57,TFO FMG0027_OMPE0000025002012727
2026-05-08T00:00:00.000000000Z,35,58,108332543,1.280000000,1.340000000,1.280000000,1.300000000,4520,TFO FMM0026_OMPE0000040002052726
2026-05-08T00:00:00.000000000Z,35,85,108332543,1.500000000,1.500000000,1.500000000,1.500000000,10,TFO FMM0026_OMPE0000040002052726
2026-05-08T00:00:00.000000000Z,35,85,31145495,2.115000000,2.115000000,2.115000000,2.115000000,100,TFO  50  31145495
2026-05-08T00:00:00.000000000Z,35,85,31145301,1.950000000,1.950000000,1.950000000,1.950000000,100,TFO  58  31145301
2026-05-08T00:00:00.000000000Z,35,58,108255504,0.950000000,0.950000000,0.950000000,0.950000000,250,TFO FMM0026_OMPE0000039002052726
2026-05-08T00:00:00.000000000Z,35,58,108685473,,,,,150,TFO FMF0027_OMPE0000022002122426
2026-05-08T00:00:00.000000000Z,35,58,108646536,0.225000000,0.230000000,0.225000000,0.230000000,400,TFO FMM0026_OMCE0000075002052726
2026-05-08T00:00:00.000000000Z,35,58,109184385,2.600000000,2.600000000,2.600000000,2.600000000,137,TFO FMN0026_OMCE0000055002062626
2026-05-08T00:00:00.000000000Z,35,58,108338602,,,,,250,TFO FMQ0026_OMPE0000035002072726
2026-05-08T00:00:00.000000000Z,35,58,110658688,,,,,100,TFO FMX0027_OMCE0000050002102727
2026-05-08T00:00:00.000000000Z,35,58,108398554,,,,,400,TFO FMU0026_OMPE0000034002082626
2026-05-08T00:00:00.000000000Z,35,58,108215821,0.300000000,0.320000000,0.270000000,0.300000000,3100,TFO FMM0026_OMPE0000035002052726
2026-05-08T00:00:00.000000000Z,35,58,108565849,0.100000000,0.100000000,0.100000000,0.100000000,200,TFO FQN0026.U0026_OQPE0000025002062
2026-05-08T00:00:00.000000000Z,35,58,108484413,,,,,50,TFO FMF0027_OMPE0000025002122426
2026-05-08T00:00:00.000000000Z,35,58,108484189,,,,,500,TFO FMU0027_OMPE0000025002082627
2026-05-08T00:00:00.000000000Z,35,85,31144993,0.725000000,0.725000000,0.725000000,0.725000000,250,TFO  73  31144993
2026-05-08T00:00:00.000000000Z,35,58,108215823,0.400000000,0.400000000,0.400000000,0.400000000,750,TFO FMM0026_OMPE0000036002052726
2026-05-08T00:00:00.000000000Z,35,58,108484129,,,,,500,TFO FMJ0027_OMPE0000025002032527
2026-05-08T00:00:00.000000000Z,35,58,108482535,9.000000000,9.000000000,9.000000000,9.000000000,40,TFO FQF0027.H0027_OQPE0000042002122
2026-05-08T00:00:00.000000000Z,35,58,111008421,,,,,800,TFO FMQ0026_OMPE0000035502072726
2026-05-08T00:00:00.000000000Z,35,58,108476858,,,,,50,TFO FMU0026_OMCE0000045002082626
2026-05-08T00:00:00.000000000Z,35,85,31138463,0.100000000,0.100000000,0.100000000,0.100000000,600,TFO  75  31138463
2026-05-08T00:00:00.000000000Z,35,85,31145307,0.800000000,0.800000000,0.800000000,0.800000000,100,TFO  56  31145307
2026-05-08T00:00:00.000000000Z,35,58,110658694,,,,,100,TFO FMG0028_OMCE0000050002012728
2026-05-08T00:00:00.000000000Z,35,58,108481607,,,,,100,TFO FMZ0027_OMPE0000030002112627
2026-05-08T00:00:00.000000000Z,35,58,108481317,,,,,25,TFO FMH0027_OMPE0000028002022427
2026-05-08T00:00:00.000000000Z,35,58,108482008,,,,,160,TFO FMG0027_OMCE0000045002012727
2026-05-08T00:00:00.000000000Z,35,85,31145054,-0.075000000,-0.075000000,-0.075000000,-0.075000000,100,TFO  49  31145054
2026-05-08T00:00:00.000000000Z,35,58,108482632,7.950000000,7.950000000,7.950000000,7.950000000,10,TFO FSV0026.H0027_OSCE0000045002092
2026-05-08T00:00:00.000000000Z,35,85,31144984,-0.515000000,-0.515000000,-0.515000000,-0.515000000,2050,TFO  44  31144984
2026-05-08T00:00:00.000000000Z,35,58,108398552,,,,,100,TFO FMU0026_OMPE0000033002082626
2026-05-08T00:00:00.000000000Z,35,58,110698880,,,,,35,TFO FMG0027_OMCE0000090002012727
2026-05-08T00:00:00.000000000Z,35,58,110658686,,,,,100,TFO FMV0027_OMCE0000050002092427
2026-05-08T00:00:00.000000000Z,35,58,108575983,,,,,500,TFO FMQ0027_OMPE0000022002072727
2026-05-08T00:00:00.000000000Z,35,85,31144971,1.280000000,1.280000000,1.280000000,1.280000000,50,TFO  56  31144971
2026-05-08T00:00:00.000000000Z,35,58,108643805,,,,,50,TFO FMG0027_OMPE0000023002012727
2026-05-08T00:00:00.000000000Z,35,58,109254275,,,,,100,TFO FMZ0026_OMCE0000100002112626
2026-05-08T00:00:00.000000000Z,35,58,108481563,,,,,100,TFO FMV0027_OMPE0000030002092427
2026-05-08T00:00:00.000000000Z,35,85,31145317,1.150000000,1.160000000,1.150000000,1.160000000,200,TFO  50  31145317
2026-05-08T00:00:00.000000000Z,35,85,31145486,2.075000000,2.075000000,2.075000000,2.075000000,100,TFO  55  31145486
2026-05-08T00:00:00.000000000Z,35,85,31145299,1.950000000,1.950000000,1.950000000,1.950000000,100,TFO  58  31145299
2026-05-08T00:00:00.000000000Z,35,58,110658696,,,,,100,TFO FMH0028_OMCE0000050002022528
2026-05-08T00:00:00.000000000Z,35,58,108847186,1.875000000,1.900000000,1.725000000,1.730000000,4650,TFO FMM0026_OMCE0000050002052726
2026-05-08T00:00:00.000000000Z,35,58,108847982,4.530000000,4.750000000,4.530000000,4.750000000,600,TFO FQN0026.U0026_OQCE0000050002062
2026-05-08T00:00:00.000000000Z,35,58,108481315,,,,,250,TFO FMG0027_OMPE0000038002012727
2026-05-08T00:00:00.000000000Z,35,58,108575985,,,,,500,TFO FMU0027_OMPE0000022002082627
2026-05-08T00:00:00.000000000Z,35,85,31144956,1.280000000,1.280000000,1.280000000,1.280000000,500,TFO  56  31144956
2026-05-08T00:00:00.000000000Z,35,85,108847192,5.550000000,5.550000000,5.550000000,5.550000000,125,TFO FMU0026_OMCE0000050002082626
2026-05-08T00:00:00.000000000Z,35,58,108685469,,,,,150,TFO FMH0027_OMPE0000022002022427
2026-05-08T00:00:00.000000000Z,35,85,31145057,0.770000000,0.770000000,0.770000000,0.770000000,300,TFO  50  31145057
2026-05-08T00:00:00.000000000Z,35,58,108481177,2.725000000,2.725000000,2.725000000,2.725000000,200,TFO FQV0026.Z0026_OQPE0000035002092
2026-05-08T00:00:00.000000000Z,35,85,31145489,5.620000000,5.620000000,5.620000000,5.620000000,25,TFO  55  31145489
2026-05-08T00:00:00.000000000Z,35,58,108816715,,,,,100,TFO FMH0028_OMPE0000030002022528
2026-05-08T00:00:00.000000000Z,35,58,108847187,7.450000000,7.450000000,7.450000000,7.450000000,1100,TFO FMM0026_OMPE0000050002052726
2026-05-08T00:00:00.000000000Z,35,58,108284663,,,,,400,TFO FMN0026_OMPE0000034002062626
2026-05-08T00:00:00.000000000Z,35,58,108646542,,,,,125,TFO FMU0026_OMCE0000075002082626
2026-05-08T00:00:00.000000000Z,35,85,108789519,0.310000000,0.310000000,0.310000000,0.310000000,100,TFO FSV0026.H0027_OSPE0000022002092
2026-05-08T00:00:00.000000000Z,35,85,108685621,0.490000000,0.490000000,0.490000000,0.490000000,50,TFO FQF0027.H0027_OQPE0000022002122
2026-05-08T00:00:00.000000000Z,35,58,110658698,3.650000000,3.650000000,3.650000000,3.650000000,100,TFO FSV0027.H0028_OSCE0000050002092
2026-05-08T00:00:00.000000000Z,35,58,108847188,,,,,600,TFO FMN0026_OMCE0000050002062626
2026-05-08T00:00:00.000000000Z,35,85,108297427,1.100000000,1.100000000,1.100000000,1.100000000,50,TFO FMN0026_OMPE0000036002062626
2026-05-08T00:00:00.000000000Z,35,85,108428899,2.730000000,2.730000000,2.730000000,2.730000000,50,TFO FMM0026_OMPE0000043002052726
2026-05-08T00:00:00.000000000Z,35,58,108482158,6.950000000,7.000000000,6.950000000,7.000000000,475,TFO FMV0026_OMCE0000045002092526
2026-05-08T00:00:00.000000000Z,35,58,108576377,1.265000000,1.265000000,1.265000000,1.265000000,500,TFO FSJ0027.U0027_OSPE0000022002032
2026-05-08T00:00:00.000000000Z,35,85,108338598,0.895000000,0.895000000,0.895000000,0.895000000,10,TFO FMQ0026_OMPE0000033002072726
2026-05-08T00:00:00.000000000Z,35,58,110710056,3.500000000,3.500000000,3.500000000,3.500000000,35,TFO FQF0027.H0027_OQCE0000090002122
2026-05-08T00:00:00.000000000Z,35,58,108381602,,,,,450,TFO FMQ0026_OMPE0000040002072726
2026-05-08T00:00:00.000000000Z,35,85,31145182,1.450000000,1.450000000,1.450000000,1.450000000,100,TFO  72  31145182
2026-05-08T00:00:00.000000000Z,35,58,108245410,0.515000000,0.515000000,0.515000000,0.515000000,100,TFO FMM0026_OMPE0000037002052726
2026-05-08T00:00:00.000000000Z,35,85,108381946,1.600000000,1.600000000,1.600000000,1.600000000,200,TFO FMM0026_OMPE0000041002052726
2026-05-08T00:00:00.000000000Z,35,58,108484111,2.100000000,2.100000000,2.100000000,2.100000000,500,TFO FSJ0027.U0027_OSPE0000025002032
2026-05-08T00:00:00.000000000Z,35,58,110698906,,,,,35,TFO FMH0027_OMCE0000130002022427
2026-05-08T00:00:00.000000000Z,35,85,31145026,3.200000000,3.200000000,3.200000000,3.200000000,100,TFO  77  31145026
2026-05-08T00:00:00.000000000Z,35,58,108482621,1.100000000,1.100000000,1.100000000,1.100000000,25,TFO FSV0026.H0027_OSPE0000028002092
2026-05-08T00:00:00.000000000Z,35,58,108338600,,,,,400,TFO FMQ0026_OMPE0000034002072726
2026-05-08T00:00:00.000000000Z,35,58,108494009,,,,,500,TFO FMM0027_OMPE0000022002052627
2026-05-08T00:00:00.000000000Z,35,85,31145231,2.500000000,2.500000000,2.500000000,2.500000000,100,TFO  55  31145231
2026-05-08T00:00:00.000000000Z,35,58,111008419,,,,,800,TFO FMN0026_OMPE0000035502062626
2026-05-08T00:00:00.000000000Z,35,85,31138949,0.130000000,0.130000000,0.130000000,0.130000000,50,TFO   7  31138949
2026-05-08T00:00:00.000000000Z,35,58,108350892,2.630000000,2.630000000,2.630000000,2.630000000,1050,TFO FMQ0026_OMPE0000038002072726
2026-05-08T00:00:00.000000000Z,35,58,108484407,,,,,50,TFO FMG0027_OMPE0000025002012727
2026-05-08T00:00:00.000000000Z,35,58,111008423,,,,,800,TFO FMU0026_OMPE0000035502082626
2026-05-08T00:00:00.000000000Z,35,58,109838783,,,,,140,TFO FMX0026_OMCE0000060002102726
2026-05-08T00:00:00.000000000Z,35,85,31145435,9.000000000,9.000000000,9.000000000,9.000000000,40,TFO  56  31145435
2026-05-08T00:00:00.000000000Z,35,58,109254277,,,,,600,TFO FMF0027_OMCE0000100002122426
2026-05-08T00:00:00.000000000Z,35,85,31144963,8.650000000,8.650000000,8.650000000,8.650000000,50,TFO  55  31144963
2026-05-08T00:00:00.000000000Z,35,85,31145037,1.650000000,1.650000000,1.650000000,1.650000000,100,TFO  50  31145037
2026-05-08T00:00:00.000000000Z,35,58,109838785,,,,,140,TFO FMZ0026_OMCE0000060002112626
2026-05-08T00:00:00.000000000Z,35,58,109576079,2.770000000,2.770000000,2.770000000,2.770000000,100,TFO FMU0026_OMCE0000070002082626
2026-05-08T00:00:00.000000000Z,35,58,109408521,,,,,1000,TFO FMQ0026_OMCE0000060002072726
2026-05-08T00:00:00.000000000Z,35,58,108280833,,,,,200,TFO FMN0026_OMPE0000029002062626
2026-05-08T00:00:00.000000000Z,35,58,108400943,,,,,450,TFO FMU0026_OMPE0000040002082626
2026-05-08T00:00:00.000000000Z,35,58,108476936,5.620000000,5.620000000,5.620000000,5.620000000,50,TFO FQN0026.U0026_OQCE0000045002062
2026-05-08T00:00:00.000000000Z,35,58,108791757,0.335000000,0.335000000,0.335000000,0.335000000,50,TFO FQF0027.H0027_OQPE0000020002122
2026-05-08T00:00:00.000000000Z,35,58,108482144,,,,,75,TFO FMX0026_OMCE0000045002102726
2026-05-08T00:00:00.000000000Z,35,85,31144960,3.000000000,3.000000000,3.000000000,3.000000000,450,TFO  55  31144960
2026-05-08T00:00:00.000000000Z,35,58,108481337,,,,,250,TFO FMH0027_OMPE0000038002022427
2026-05-08T00:00:00.000000000Z,35,58,108481199,,,,,350,TFO FMX0026_OMPE0000035002102726
2026-05-08T00:00:00.000000000Z,35,58,108481281,,,,,25,TFO FMF0027_OMPE0000032002122426
2026-05-08T00:00:00.000000000Z,35,85,31145140,0.890000000,0.890000000,0.890000000,0.890000000,250,TFO  50  31145140
2026-05-08T00:00:00.000000000Z,35,85,31145230,-0.450000000,-0.450000000,-0.450000000,-0.450000000,25,TFO  49  31145230
2026-05-08T00:00:00.000000000Z,35,58,108482168,2.235000000,2.235000000,2.235000000,2.235000000,385,TFO FMM0026_OMCE0000048002052726
2026-05-08T00:00:00.000000000Z,35,58,108816671,,,,,100,TFO FMF0028_OMPE0000030002122427
2026-05-08T00:00:00.000000000Z,35,58,108481325,,,,,25,TFO FMH0027_OMPE0000032002022427
2026-05-08T00:00:00.000000000Z,35,58,108816609,5.000000000,5.000000000,5.000000000,5.000000000,100,TFO FSV0027.H0028_OSPE0000030002092
2026-05-08T00:00:00.000000000Z,35,58,110698888,,,,,35,TFO FMG0027_OMCE0000130002012727
2026-05-08T00:00:00.000000000Z,35,85,31144954,0.500000000,0.500000000,0.500000000,0.500000000,400,TFO  75  31144954
2026-05-08T00:00:00.000000000Z,35,58,110658690,,,,,100,TFO FMZ0027_OMCE0000050002112627
2026-05-08T00:00:00.000000000Z,35,58,108482003,,,,,40,TFO FMG0027_OMPE0000042002012727
2026-05-08T00:00:00.000000000Z,35,58,108847190,,,,,600,TFO FMQ0026_OMCE0000050002072726
2026-05-08T00:00:00.000000000Z,35,58,108455363,0.800000000,0.800000000,0.800000000,0.800000000,100,TFO FQN0026.U0026_OQPE0000033002062
2026-05-08T00:00:00.000000000Z,35,85,31145167,0.660000000,0.660000000,0.660000000,0.660000000,750,TFO  51  31145167
2026-05-08T00:00:00.000000000Z,35,58,109254279,,,,,600,TFO FMG0027_OMCE0000100002012727
2026-05-08T00:00:00.000000000Z,35,85,31145079,0.015000000,0.015000000,0.015000000,0.015000000,50,TFO  18  31145079
2026-05-08T00:00:00.000000000Z,35,85,31139067,0.375000000,0.415000000,0.375000000,0.415000000,200,TFO  75  31139067
2026-05-08T00:00:00.000000000Z,35,58,111008425,1.525000000,1.525000000,1.525000000,1.525000000,800,TFO FQN0026.U0026_OQPE0000035502062
2026-05-08T00:00:00.000000000Z,35,85,31145032,2.810000000,2.810000000,2.810000000,2.810000000,65,TFO  50  31145032
2026-05-08T00:00:00.000000000Z,35,85,31144957,1.050000000,1.050000000,1.050000000,1.050000000,100,TFO  55  31144957
2026-05-08T00:00:00.000000000Z,35,58,108484171,,,,,500,TFO FMN0027_OMPE0000025002062527
2026-05-08T00:00:00.000000000Z,35,58,108494157,,,,,500,TFO FMJ0027_OMPE0000022002032527
2026-05-08T00:00:00.000000000Z,35,58,109408517,0.725000000,0.750000000,0.700000000,0.700000000,3800,TFO FMM0026_OMCE0000060002052726
2026-05-08T00:00:00.000000000Z,35,58,109184383,1.050000000,1.110000000,1.050000000,1.100000000,600,TFO FMM0026_OMCE0000055002052726
2026-05-08T00:00:00.000000000Z,35,58,108481189,,,,,225,TFO FMX0026_OMPE0000030002102726
2026-05-08T00:00:00.000000000Z,35,85,108847186,1.770000000,1.770000000,1.770000000,1.770000000,20,TFO FMM0026_OMCE0000050002052726
2026-05-08T00:00:00.000000000Z,35,58,108482540,8.650000000,8.650000000,8.650000000,8.650000000,150,TFO FQF0027.H0027_OQCE0000045002122
2026-05-08T00:00:00.000000000Z,35,58,110658692,,,,,100,TFO FMF0028_OMCE0000050002122427
2026-05-08T00:00:00.000000000Z,35,58,108476868,,,,,50,TFO FMQ0026_OMCE0000045002072726
2026-05-08T00:00:00.000000000Z,35,85,31144967,0.600000000,0.600000000,0.600000000,0.600000000,50,TFO  77  31144967
2026-05-08T00:00:00.000000000Z,35,58,108847192,5.340000000,5.340000000,5.340000000,5.340000000,1950,TFO FMU0026_OMCE0000050002082626
2026-05-08T00:00:00.000000000Z,35,85,31145019,2.250000000,2.250000000,2.250000000,2.250000000,250,TFO  50  31145019
2026-05-08T00:00:00.000000000Z,35,58,108481309,,,,,225,TFO FMG0027_OMPE0000035002012727
2026-05-08T00:00:00.000000000Z,35,85,109370195,0.455000000,0.455000000,0.445000000,0.445000000,35,TFO FMM0026_OMCE0000065002052726
2026-05-11T00:00:00.000000000Z,35,58,109185605,3.625000000,3.650000000,3.625000000,3.650000000,275,TFO FQN0026.U0026_OQCE0000055002062
2026-05-11T00:00:00.000000000Z,35,58,108816599,2.550000000,2.550000000,2.550000000,2.550000000,200,TFO FSV0027.H0028_OSPE0000025002092
2026-05-11T00:00:00.000000000Z,35,85,31146004,2.500000000,2.500000000,2.500000000,2.500000000,250,TFO  72  31146004
2026-05-11T00:00:00.000000000Z,35,58,108481528,,,,,25,TFO FMU0027_OMCE0000035002082627
2026-05-11T00:00:00.000000000Z,35,58,108816683,,,,,200,TFO FMG0028_OMPE0000025002012728
2026-05-11T00:00:00.000000000Z,35,85,31145789,-0.310000000,-0.310000000,-0.310000000,-0.310000000,50,TFO  58  31145789
2026-05-11T00:00:00.000000000Z,35,58,108481299,,,,,250,TFO FMG0027_OMPE0000030002012727
2026-05-11T00:00:00.000000000Z,35,58,108990636,,,,,30,TFO FMG0027_OMCE0000075002012727
2026-05-11T00:00:00.000000000Z,35,85,31145792,1.100000000,1.100000000,1.100000000,1.100000000,100,TFO  50  31145792
2026-05-11T00:00:00.000000000Z,35,58,108481920,,,,,40,TFO FMN0027_OMCE0000040002062527
2026-05-11T00:00:00.000000000Z,35,85,31145780,0.400000000,0.400000000,0.200000000,0.200000000,1300,TFO  58  31145780
2026-05-11T00:00:00.000000000Z,35,85,108280841,0.305000000,0.305000000,0.275000000,0.275000000,30,TFO FMN0026_OMPE0000033002062626
2026-05-11T00:00:00.000000000Z,35,58,108482605,3.700000000,3.700000000,3.700000000,3.700000000,50,TFO FYF0027.Z0027_OYPE0000030002122
2026-05-11T00:00:00.000000000Z,35,85,31146285,2.375000000,2.375000000,2.375000000,2.375000000,100,TFO  50  31146285
2026-05-11T00:00:00.000000000Z,35,58,109254283,2.450000000,2.450000000,2.450000000,2.450000000,200,TFO FSV0026.H0027_OSCE0000100002092
2026-05-11T00:00:00.000000000Z,35,58,108482158,,,,,200,TFO FMV0026_OMCE0000045002092526
2026-05-11T00:00:00.000000000Z,35,58,108484209,,,,,200,TFO FMX0027_OMPE0000025002102727
2026-05-11T00:00:00.000000000Z,35,85,31145738,0.230000000,0.230000000,0.230000000,0.230000000,100,TFO  56  31145738
2026-05-11T00:00:00.000000000Z,35,58,108481999,,,,,100,TFO FMG0027_OMPE0000040002012727
2026-05-11T00:00:00.000000000Z,35,85,31145816,0.850000000,0.850000000,0.850000000,0.850000000,175,TFO  58  31145816
2026-05-11T00:00:00.000000000Z,35,58,108481519,,,,,50,TFO FMU0027_OMPE0000030002082627
2026-05-11T00:00:00.000000000Z,35,85,31145737,1.900000000,1.900000000,1.810000000,1.810000000,500,TFO  55  31145737
2026-05-11T00:00:00.000000000Z,35,85,31145745,0.220000000,0.220000000,0.220000000,0.220000000,50,TFO  56  31145745
2026-05-11T00:00:00.000000000Z,35,58,109773049,,,,,100,TFO FMU0026_OMCE0000080002082626
2026-05-11T00:00:00.000000000Z,35,85,31145890,1.480000000,1.480000000,1.480000000,1.480000000,25,TFO  56  31145890
2026-05-11T00:00:00.000000000Z,35,58,108215821,0.230000000,0.500000000,0.095000000,0.095000000,2100,TFO FMM0026_OMPE0000035002052726
2026-05-11T00:00:00.000000000Z,35,58,108481225,,,,,50,TFO FMZ0026_OMPE0000037002112626
2026-05-11T00:00:00.000000000Z,35,58,108481607,,,,,250,TFO FMZ0027_OMPE0000030002112627
2026-05-11T00:00:00.000000000Z,35,85,31124739,0.650000000,0.650000000,0.600000000,0.600000000,1800,TFO   7  31124739
2026-05-11T00:00:00.000000000Z,35,58,108685483,,,,,40,TFO FMJ0027_OMPE0000020002032527
2026-05-11T00:00:00.000000000Z,35,58,108398553,,,,,300,TFO FMU0026_OMCE0000034002082626
2026-05-11T00:00:00.000000000Z,35,85,31145956,3.375000000,3.375000000,3.375000000,3.375000000,100,TFO  55  31145956
2026-05-11T00:00:00.000000000Z,35,58,108481335,,,,,50,TFO FMH0027_OMPE0000037002022427
2026-05-11T00:00:00.000000000Z,35,58,108481945,,,,,50,TFO FMH0027_OMPE0000042002022427
2026-05-11T00:00:00.000000000Z,35,58,108564115,0.140000000,0.140000000,0.140000000,0.140000000,150,TFO FMU0026_OMPE0000025002082626
2026-05-11T00:00:00.000000000Z,35,85,31145901,1.100000000,1.100000000,1.100000000,1.100000000,75,TFO  72  31145901
2026-05-11T00:00:00.000000000Z,35,85,31145888,0.525000000,0.525000000,0.525000000,0.525000000,300,TFO  51  31145888
2026-05-11T00:00:00.000000000Z,35,58,108481387,,,,,50,TFO FMJ0027_OMPE0000030002032527
2026-05-11T00:00:00.000000000Z,35,58,108990638,,,,,30,TFO FMH0027_OMCE0000075002022427
2026-05-11T00:00:00.000000000Z,35,58,109838785,5.700000000,5.700000000,5.700000000,5.700000000,100,TFO FMZ0026_OMCE0000060002112626
2026-05-11T00:00:00.000000000Z,35,58,108685479,,,,,40,TFO FMM0027_OMPE0000020002052627
2026-05-11T00:00:00.000000000Z,35,58,109408523,3.900000000,3.900000000,3.900000000,3.900000000,500,TFO FMU0026_OMCE0000060002082626
2026-05-11T00:00:00.000000000Z,35,85,31145841,0.130000000,0.130000000,0.130000000,0.130000000,100,TFO  56  31145841
2026-05-11T00:00:00.000000000Z,35,58,108476936,6.050000000,6.050000000,6.050000000,6.050000000,175,TFO FQN0026.U0026_OQCE0000045002062
2026-05-11T00:00:00.000000000Z,35,58,108482139,,,,,50,TFO FMX0026_OMPE0000042002102726
2026-05-11T00:00:00.000000000Z,35,85,31146290,2.375000000,2.375000000,2.375000000,2.375000000,50,TFO  50  31146290
2026-05-11T00:00:00.000000000Z,35,58,108398542,0.280000000,0.280000000,0.280000000,0.280000000,100,TFO FMU0026_OMPE0000028002082626
2026-05-11T00:00:00.000000000Z,35,58,108482112,,,,,40,TFO FMU0027_OMCE0000040002082627
2026-05-11T00:00:00.000000000Z,35,58,108381602,2.910000000,2.910000000,2.910000000,2.910000000,2100,TFO FMQ0026_OMPE0000040002072726
2026-05-11T00:00:00.000000000Z,35,85,111008419,0.550000000,0.550000000,0.550000000,0.550000000,5,TFO FMN0026_OMPE0000035502062626
2026-05-11T00:00:00.000000000Z,35,58,108476858,7.040000000,7.040000000,7.040000000,7.040000000,200,TFO FMU0026_OMCE0000045002082626
2026-05-11T00:00:00.000000000Z,35,58,108455382,,,,,300,TFO FMV0026_OMCE0000034002092526
2026-05-11T00:00:00.000000000Z,35,58,108481218,,,,,300,TFO FMZ0026_OMCE0000034002112626
2026-05-11T00:00:00.000000000Z,35,85,108381946,1.040000000,1.040000000,1.040000000,1.040000000,50,TFO FMM0026_OMPE0000041002052726
2026-05-11T00:00:00.000000000Z,35,58,109576087,2.025000000,2.025000000,2.025000000,2.025000000,175,TFO FQN0026.U0026_OQCE0000070002062
2026-05-11T00:00:00.000000000Z,35,58,109254279,,,,,200,TFO FMG0027_OMCE0000100002012727
2026-05-11T00:00:00.000000000Z,35,58,108484129,,,,,40,TFO FMJ0027_OMPE0000025002032527
2026-05-11T00:00:00.000000000Z,35,58,108482511,4.590000000,4.590000000,4.590000000,4.590000000,100,TFO FQV0026.Z0026_OQPE0000040002092
2026-05-11T00:00:00.000000000Z,35,85,108400937,1.770000000,1.770000000,1.770000000,1.770000000,5,TFO FMN0026_OMPE0000040002062626
2026-05-11T00:00:00.000000000Z,35,85,31145843,0.550000000,0.550000000,0.550000000,0.550000000,100,TFO  72  31145843
2026-05-11T00:00:00.000000000Z,35,58,108215817,0.060000000,0.060000000,0.060000000,0.060000000,250,TFO FMM0026_OMPE0000033002052726
2026-05-11T00:00:00.000000000Z,35,85,31145760,3.075000000,3.075000000,3.075000000,3.075000000,200,TFO  55  31145760
2026-05-11T00:00:00.000000000Z,35,85,31146132,0.900000000,0.900000000,0.900000000,0.900000000,100,TFO  56  31146132
2026-05-11T00:00:00.000000000Z,35,58,108481143,1.350000000,1.350000000,1.350000000,1.350000000,200,TFO FSV0026.H0027_OSPE0000030002092
2026-05-11T00:00:00.000000000Z,35,58,109308587,9.025000000,9.025000000,9.025000000,9.025000000,525,TFO FMG0027_OMCE0000050002012727
2026-05-11T00:00:00.000000000Z,35,85,31145846,1.450000000,1.450000000,1.450000000,1.450000000,100,TFO  50  31145846
2026-05-11T00:00:00.000000000Z,35,85,31146345,9.325000000,9.325000000,9.325000000,9.325000000,50,TFO  55  31146345
2026-05-11T00:00:00.000000000Z,35,58,108338602,1.010000000,1.010000000,1.010000000,1.010000000,2175,TFO FMQ0026_OMPE0000035002072726
2026-05-11T00:00:00.000000000Z,35,58,108476868,6.200000000,6.525000000,6.200000000,6.525000000,250,TFO FMQ0026_OMCE0000045002072726
2026-05-11T00:00:00.000000000Z,35,58,108476850,3.410000000,3.410000000,3.410000000,3.410000000,175,TFO FMM0026_OMCE0000046002052726
2026-05-11T00:00:00.000000000Z,35,58,109184383,0.990000000,1.250000000,0.990000000,1.250000000,275,TFO FMM0026_OMCE0000055002052726
2026-05-11T00:00:00.000000000Z,35,85,31144048,2.275000000,2.275000000,2.275000000,2.275000000,100,TFO  39  31144048
2026-05-11T00:00:00.000000000Z,35,58,109254273,,,,,800,TFO FMX0026_OMCE0000100002102726
2026-05-11T00:00:00.000000000Z,35,58,109408519,2.075000000,2.490000000,2.075000000,2.490000000,900,TFO FMN0026_OMCE0000060002062626
2026-05-11T00:00:00.000000000Z,35,85,110704968,3.610000000,3.610000000,3.610000000,3.610000000,5,TFO FMN0026_OMCE0000053002062626
2026-05-11T00:00:00.000000000Z,35,58,109838787,,,,,125,TFO FMF0027_OMCE0000060002122426
2026-05-11T00:00:00.000000000Z,35,85,31145900,1.100000000,1.100000000,1.100000000,1.100000000,100,TFO  72  31145900
2026-05-11T00:00:00.000000000Z,35,85,31141297,0.685000000,0.685000000,0.685000000,0.685000000,100,TFO   4  31141297
2026-05-11T00:00:00.000000000Z,35,58,108338599,,,,,300,TFO FMQ0026_OMCE0000034002072726
2026-05-11T00:00:00.000000000Z,35,85,31146271,7.800000000,7.800000000,7.800000000,7.800000000,500,TFO  55  31146271
2026-05-11T00:00:00.000000000Z,35,58,110658686,,,,,100,TFO FMV0027_OMCE0000050002092427
2026-05-11T00:00:00.000000000Z,35,85,31145978,25.400000000,25.400000000,25.400000000,25.400000000,75,TFO  58  31145978
2026-05-11T00:00:00.000000000Z,35,58,109308589,,,,,25,TFO FMH0027_OMCE0000050002022427
2026-05-11T00:00:00.000000000Z,35,58,108401031,1.480000000,1.480000000,1.480000000,1.480000000,325,TFO FMM0026_OMPE0000042002052726
2026-05-11T00:00:00.000000000Z,35,58,108481950,,,,,50,TFO FMH0027_OMCE0000045002022427
2026-05-11T00:00:00.000000000Z,35,85,31145840,0.250000000,0.250000000,0.250000000,0.250000000,100,TFO  56  31145840
2026-05-11T00:00:00.000000000Z,35,58,108482520,8.500000000,8.500000000,8.500000000,8.500000000,150,TFO FQV0026.Z0026_OQCE0000045002092
2026-05-11T00:00:00.000000000Z,35,58,108990630,,,,,630,TFO FMX0026_OMCE0000075002102726
2026-05-11T00:00:00.000000000Z,35,85,31145767,0.560000000,0.560000000,0.560000000,0.560000000,400,TFO  50  31145767
2026-05-11T00:00:00.000000000Z,35,58,108293633,0.640000000,0.775000000,0.640000000,0.775000000,2025,TFO FMN0026_OMPE0000035002062626
2026-05-11T00:00:00.000000000Z,35,58,108990628,,,,,630,TFO FMV0026_OMCE0000075002092526
2026-05-11T00:00:00.000000000Z,35,58,109576077,,,,,175,TFO FMQ0026_OMCE0000070002072726
2026-05-11T00:00:00.000000000Z,35,58,110658690,,,,,100,TFO FMZ0027_OMCE0000050002112627
2026-05-11T00:00:00.000000000Z,35,85,109773177,1.750000000,1.750000000,1.750000000,1.750000000,100,TFO FQN0026.U0026_OQCE0000080002062
2026-05-11T00:00:00.000000000Z,35,58,108481291,,,,,50,TFO FMF0027_OMPE0000037002122426
2026-05-11T00:00:00.000000000Z,35,58,108284662,,,,,300,TFO FMN0026_OMCE0000034002062626
2026-05-11T00:00:00.000000000Z,35,58,108455367,1.250000000,1.250000000,1.250000000,1.250000000,175,TFO FQN0026.U0026_OQPE0000035002062
2026-05-11T00:00:00.000000000Z,35,85,110704944,1.455000000,1.455000000,1.455000000,1.455000000,25,TFO FMM0026_OMCE0000051002052726
2026-05-11T00:00:00.000000000Z,35,85,31124735,4.650000000,4.650000000,4.650000000,4.650000000,150,TFO   6  31124735
2026-05-11T00:00:00.000000000Z,35,58,108481313,,,,,50,TFO FMG0027_OMPE0000037002012727
2026-05-11T00:00:00.000000000Z,35,85,31146243,0.430000000,0.430000000,0.430000000,0.430000000,50,TFO  17  31146243
2026-05-11T00:00:00.000000000Z,35,85,31146263,2.350000000,2.350000000,2.350000000,2.350000000,200,TFO  51  31146263
2026-05-11T00:00:00.000000000Z,35,58,108481196,,,,,300,TFO FMX0026_OMCE0000034002102726
2026-05-11T00:00:00.000000000Z,35,58,109335151,,,,,100,TFO FMF0027_OMCE0000070002122426
2026-05-11T00:00:00.000000000Z,35,58,108482168,,,,,150,TFO FMM0026_OMCE0000048002052726
2026-05-11T00:00:00.000000000Z,35,85,31146312,0.675000000,0.675000000,0.675000000,0.675000000,100,TFO  77  31146312
2026-05-11T00:00:00.000000000Z,35,58,110710064,2.750000000,2.750000000,2.750000000,2.750000000,35,TFO FQF0027.H0027_OQCE0000130002122
2026-05-11T00:00:00.000000000Z,35,58,108482003,,,,,50,TFO FMG0027_OMPE0000042002012727
2026-05-11T00:00:00.000000000Z,35,58,108643817,,,,,40,TFO FMU0027_OMPE0000020002082627
2026-05-11T00:00:00.000000000Z,35,58,108482046,,,,,65,TFO FMK0027_OMCE0000045002042627
2026-05-11T00:00:00.000000000Z,35,85,108215821,0.200000000,0.200000000,0.160000000,0.160000000,1250,TFO FMM0026_OMPE0000035002052726
2026-05-11T00:00:00.000000000Z,35,58,110658698,3.900000000,3.900000000,3.900000000,3.900000000,100,TFO FSV0027.H0028_OSCE0000050002092
2026-05-11T00:00:00.000000000Z,35,58,109592767,6.125000000,6.125000000,6.125000000,6.125000000,150,TFO FQV0026.Z0026_OQCE0000055002092
2026-05-11T00:00:00.000000000Z,35,58,109308651,8.540000000,8.540000000,8.540000000,8.540000000,25,TFO FQF0027.H0027_OQCE0000050002122
2026-05-11T00:00:00.000000000Z,35,58,108481321,,,,,250,TFO FMH0027_OMPE0000030002022427
2026-05-11T00:00:00.000000000Z,35,85,31146148,3.050000000,3.050000000,3.050000000,3.050000000,50,TFO  51  31146148
2026-05-11T00:00:00.000000000Z,35,85,108398552,0.915000000,0.915000000,0.915000000,0.915000000,10,TFO FMU0026_OMPE0000033002082626
2026-05-11T00:00:00.000000000Z,35,85,31145750,0.220000000,0.220000000,0.220000000,0.220000000,100,TFO  56  31145750
2026-05-11T00:00:00.000000000Z,35,58,110698888,,,,,35,TFO FMG0027_OMCE0000130002012727
2026-05-11T00:00:00.000000000Z,35,58,108481941,,,,,100,TFO FMH0027_OMPE0000040002022427
2026-05-11T00:00:00.000000000Z,35,85,31146104,0.300000000,0.300000000,0.300000000,0.300000000,250,TFO  73  31146104
2026-05-11T00:00:00.000000000Z,35,85,108476852,2.975000000,2.980000000,2.975000000,2.980000000,50,TFO FMM0026_OMCE0000047002052726
2026-05-11T00:00:00.000000000Z,35,85,31146265,0.710000000,0.710000000,0.710000000,0.710000000,100,TFO  55  31146265
2026-05-11T00:00:00.000000000Z,35,58,108990634,,,,,30,TFO FMF0027_OMCE0000075002122426
2026-05-11T00:00:00.000000000Z,35,85,31145931,1.100000000,1.100000000,1.100000000,1.100000000,25,TFO  72  31145931
2026-05-11T00:00:00.000000000Z,35,58,108816609,4.900000000,4.900000000,4.900000000,4.900000000,200,TFO FSV0027.H0028_OSPE0000030002092
2026-05-11T00:00:00.000000000Z,35,58,108481497,,,,,50,TFO FMQ0027_OMPE0000030002072727
2026-05-11T00:00:00.000000000Z,35,85,31145968,25.400000000,25.400000000,25.400000000,25.400000000,100,TFO  58  31145968
2026-05-11T00:00:00.000000000Z,35,58,108816705,,,,,200,TFO FMH0028_OMPE0000025002022528
2026-05-11T00:00:00.000000000Z,35,58,108481211,,,,,300,TFO FMZ0026_OMPE0000030002112626
2026-05-11T00:00:00.000000000Z,35,85,31134662,0.240000000,0.240000000,0.240000000,0.240000000,25,TFO   6  31134662
2026-05-11T00:00:00.000000000Z,35,58,108481167,0.900000000,0.900000000,0.900000000,0.900000000,100,TFO FQV0026.Z0026_OQPE0000030002092
2026-05-11T00:00:00.000000000Z,35,58,108990632,,,,,630,TFO FMZ0026_OMCE0000075002112626
2026-05-11T00:00:00.000000000Z,35,58,108455905,3.100000000,3.100000000,3.100000000,3.100000000,100,TFO FQN0026.U0026_OQPE0000040002062
2026-05-11T00:00:00.000000000Z,35,58,108381946,1.060000000,1.110000000,1.060000000,1.110000000,200,TFO FMM0026_OMPE0000041002052726
2026-05-11T00:00:00.000000000Z,35,85,108476845,5.720000000,5.720000000,5.720000000,5.720000000,5,TFO FMN0026_OMPE0000047002062626
2026-05-11T00:00:00.000000000Z,35,85,31146135,1.725000000,1.725000000,1.725000000,1.725000000,25,TFO  50  31146135
2026-05-11T00:00:00.000000000Z,35,85,108476837,3.185000000,3.185000000,3.185000000,3.185000000,5,TFO FMN0026_OMPE0000043002062626
2026-05-11T00:00:00.000000000Z,35,85,31146086,12.450000000,12.450000000,12.450000000,12.450000000,25,TFO  53  31146086
2026-05-11T00:00:00.000000000Z,35,58,108332542,6.850000000,6.850000000,6.850000000,6.850000000,150,TFO FMM0026_OMCE0000040002052726
2026-05-11T00:00:00.000000000Z,35,58,108481484,,,,,25,TFO FMN0027_OMCE0000035002062527
2026-05-11T00:00:00.000000000Z,35,58,108481912,,,,,65,TFO FMQ0027_OMCE0000045002072727
2026-05-11T00:00:00.000000000Z,35,58,109838791,6.900000000,6.900000000,6.900000000,6.900000000,225,TFO FMH0027_OMCE0000060002022427
2026-05-11T00:00:00.000000000Z,35,58,109184389,,,,,275,TFO FMU0026_OMCE0000055002082626
2026-05-11T00:00:00.000000000Z,35,58,110698856,,,,,35,TFO FMF0027_OMCE0000090002122426
2026-05-11T00:00:00.000000000Z,35,58,108484139,,,,,40,TFO FMK0027_OMPE0000025002042627
2026-05-11T00:00:00.000000000Z,35,85,31145859,-0.310000000,-0.310000000,-0.310000000,-0.310000000,25,TFO  58  31145859
2026-05-11T00:00:00.000000000Z,35,58,108482081,,,,,50,TFO FMF0027_OMPE0000042002122426
2026-05-11T00:00:00.000000000Z,35,58,108685481,,,,,40,TFO FMK0027_OMPE0000020002042627
2026-05-11T00:00:00.000000000Z,35,58,108481217,2.150000000,2.150000000,2.150000000,2.150000000,150,TFO FMZ0026_OMPE0000033002112626
2026-05-11T00:00:00.000000000Z,35,58,108484111,2.000000000,2.000000000,2.000000000,2.000000000,40,TFO FSJ0027.U0027_OSPE0000025002032
2026-05-11T00:00:00.000000000Z,35,58,108481396,,,,,25,TFO FMJ0027_OMCE0000035002032527
2026-05-11T00:00:00.000000000Z,35,58,109370201,3.280000000,3.280000000,3.280000000,3.280000000,100,TFO FMU0026_OMCE0000065002082626
2026-05-11T00:00:00.000000000Z,35,58,108255504,0.750000000,0.750000000,0.575000000,0.575000000,300,TFO FMM0026_OMPE0000039002052726
2026-05-11T00:00:00.000000000Z,35,85,108323493,1.300000000,1.300000000,1.300000000,1.300000000,50,TFO FMN0026_OMPE0000038002062626
2026-05-11T00:00:00.000000000Z,35,58,108484203,,,,,200,TFO FMV0027_OMPE0000025002092427
2026-05-11T00:00:00.000000000Z,35,58,109308583,7.800000000,7.800000000,7.800000000,7.800000000,500,TFO FMZ0026_OMCE0000050002112626
2026-05-11T00:00:00.000000000Z,35,58,109308585,,,,,25,TFO FMF0027_OMCE0000050002122426
2026-05-11T00:00:00.000000000Z,35,58,109184385,2.600000000,2.700000000,2.600000000,2.700000000,1675,TFO FMN0026_OMCE0000055002062626
2026-05-11T00:00:00.000000000Z,35,85,109408517,0.700000000,0.825000000,0.700000000,0.825000000,750,TFO FMM0026_OMCE0000060002052726
2026-05-11T00:00:00.000000000Z,35,58,108476847,2.125000000,2.125000000,2.125000000,2.125000000,100,TFO FMM0026_OMPE0000044002052726
2026-05-11T00:00:00.000000000Z,35,85,108476847,2.100000000,2.100000000,2.100000000,2.100000000,50,TFO FMM0026_OMPE0000044002052726
2026-05-11T00:00:00.000000000Z,35,85,31145245,1.500000000,1.500000000,1.500000000,1.500000000,35,TFO   6  31145245
2026-05-11T00:00:00.000000000Z,35,58,108481475,,,,,50,TFO FMN0027_OMPE0000030002062527
2026-05-11T00:00:00.000000000Z,35,85,31146010,1.425000000,1.425000000,1.425000000,1.425000000,600,TFO  50  31146010
2026-05-11T00:00:00.000000000Z,35,58,108481409,,,,,50,TFO FMK0027_OMPE0000030002042627
2026-05-11T00:00:00.000000000Z,35,58,110698906,,,,,35,TFO FMH0027_OMCE0000130002022427
2026-05-11T00:00:00.000000000Z,35,58,108481350,6.650000000,6.650000000,6.650000000,6.650000000,25,TFO FSJ0027.U0027_OSCE0000035002032
2026-05-11T00:00:00.000000000Z,35,58,108646542,,,,,25,TFO FMU0026_OMCE0000075002082626
2026-05-11T00:00:00.000000000Z,35,58,108455389,,,,,50,TFO FMV0026_OMPE0000037002092526
2026-05-11T00:00:00.000000000Z,35,58,110658688,,,,,100,TFO FMX0027_OMCE0000050002102727
2026-05-11T00:00:00.000000000Z,35,58,108646536,0.210000000,0.275000000,0.210000000,0.275000000,450,TFO FMM0026_OMCE0000075002052726
2026-05-11T00:00:00.000000000Z,35,85,110288737,0.180000000,0.180000000,0.180000000,0.180000000,20,TFO FMN0026_OMPE0000031502062626
2026-05-11T00:00:00.000000000Z,35,58,108481277,,,,,250,TFO FMF0027_OMPE0000030002122426
2026-05-11T00:00:00.000000000Z,35,58,108481174,12.700000000,12.700000000,12.700000000,12.700000000,300,TFO FQV0026.Z0026_OQCE0000034002092
2026-05-11T00:00:00.000000000Z,35,58,110698880,,,,,35,TFO FMG0027_OMCE0000090002012727
2026-05-11T00:00:00.000000000Z,35,58,108847188,4.305000000,4.305000000,4.305000000,4.305000000,400,TFO FMN0026_OMCE0000050002062626
2026-05-11T00:00:00.000000000Z,35,58,108481431,,,,,50,TFO FMM0027_OMPE0000030002052627
2026-05-11T00:00:00.000000000Z,35,85,31138590,0.350000000,0.350000000,0.350000000,0.350000000,25,TFO   6  31138590
2026-05-11T00:00:00.000000000Z,35,58,110704944,,,,,50,TFO FMM0026_OMCE0000051002052726
2026-05-11T00:00:00.000000000Z,35,58,108847186,1.900000000,2.200000000,1.745000000,2.180000000,1040,TFO FMM0026_OMCE0000050002052726
2026-05-11T00:00:00.000000000Z,35,58,110615016,2.700000000,2.700000000,2.700000000,2.700000000,100,TFO FMV0026_OMCE0000080002092526
2026-05-11T00:00:00.000000000Z,35,58,109592763,,,,,150,TFO FMX0026_OMCE0000055002102726
2026-05-11T00:00:00.000000000Z,35,85,31125467,0.870000000,0.870000000,0.870000000,0.870000000,100,TFO   6  31125467
2026-05-11T00:00:00.000000000Z,35,58,108602791,,,,,40,TFO FMN0027_OMPE0000020002062527
2026-05-11T00:00:00.000000000Z,35,85,109773043,0.150000000,0.150000000,0.150000000,0.150000000,25,TFO FMM0026_OMCE0000080002052726
2026-05-11T00:00:00.000000000Z,35,58,109254327,2.050000000,2.050000000,2.050000000,2.050000000,600,TFO FQV0026.Z0026_OQCE0000100002092
2026-05-11T00:00:00.000000000Z,35,85,108482168,2.250000000,2.250000000,2.250000000,2.250000000,100,TFO FMM0026_OMCE0000048002052726
2026-05-11T00:00:00.000000000Z,35,85,108332543,0.850000000,0.850000000,0.700000000,0.700000000,320,TFO FMM0026_OMPE0000040002052726
2026-05-11T00:00:00.000000000Z,35,85,31146211,1.370000000,1.370000000,1.370000000,1.370000000,50,TFO  47  31146211
2026-05-11T00:00:00.000000000Z,35,58,108476869,5.925000000,5.925000000,5.925000000,5.925000000,25,TFO FMQ0026_OMPE0000045002072726
2026-05-11T00:00:00.000000000Z,35,58,108816671,,,,,200,TFO FMF0028_OMPE0000030002122427
2026-05-11T00:00:00.000000000Z,35,58,108482122,,,,,65,TFO FMU0027_OMCE0000045002082627
2026-05-11T00:00:00.000000000Z,35,85,109617305,4.620000000,4.620000000,4.620000000,4.620000000,5,TFO FMN0026_OMCE0000049002062626
2026-05-11T00:00:00.000000000Z,35,58,110658696,,,,,100,TFO FMH0028_OMCE0000050002022528
2026-05-11T00:00:00.000000000Z,35,85,110707784,3.100000000,3.100000000,3.100000000,3.100000000,5,TFO FMN0026_OMCE0000056002062626
2026-05-11T00:00:00.000000000Z,35,58,108484149,,,,,40,TFO FMM0027_OMPE0000025002052627
2026-05-11T00:00:00.000000000Z,35,58,109335155,,,,,100,TFO FMH0027_OMCE0000070002022427
2026-05-11T00:00:00.000000000Z,35,85,108990640,3.975000000,3.975000000,3.975000000,3.975000000,30,TFO FSV0026.H0027_OSCE0000075002092
2026-05-11T00:00:00.000000000Z,35,58,110704966,3.375000000,3.375000000,3.375000000,3.375000000,100,TFO FMN0026_OMCE0000052002062626
2026-05-11T00:00:00.000000000Z,35,58,108646538,0.900000000,0.900000000,0.900000000,0.900000000,400,TFO FMN0026_OMCE0000075002062626
2026-05-11T00:00:00.000000000Z,35,58,109370197,1.460000000,1.460000000,1.460000000,1.460000000,400,TFO FMN0026_OMCE0000065002062626
2026-05-11T00:00:00.000000000Z,35,58,109184387,,,,,275,TFO FMQ0026_OMCE0000055002072726
2026-05-11T00:00:00.000000000Z,35,58,108400943,,,,,100,TFO FMU0026_OMPE0000040002082626
2026-05-11T00:00:00.000000000Z,35,85,31145938,2.450000000,2.450000000,2.450000000,2.450000000,25,TFO  50  31145938
2026-05-11T00:00:00.000000000Z,35,85,31145865,2.075000000,2.075000000,2.075000000,2.075000000,100,TFO  55  31145865
2026-05-11T00:00:00.000000000Z,35,85,31146190,-0.675000000,-0.675000000,-0.675000000,-0.675000000,400,TFO  74  31146190
2026-05-11T00:00:00.000000000Z,35,58,108484215,,,,,200,TFO FMZ0027_OMPE0000025002112627
2026-05-11T00:00:00.000000000Z,35,85,31146507,2.900000000,2.900000000,2.900000000,2.900000000,250,TFO  58  31146507
2026-05-11T00:00:00.000000000Z,35,58,108476840,4.825000000,5.050000000,4.825000000,5.000000000,1500,TFO FMN0026_OMCE0000045002062626
2026-05-11T00:00:00.000000000Z,35,58,108481157,4.300000000,4.300000000,4.300000000,4.300000000,50,TFO FSV0026.H0027_OSPE0000037002092
2026-05-11T00:00:00.000000000Z,35,58,108816661,,,,,200,TFO FMF0028_OMPE0000025002122427
2026-05-11T00:00:00.000000000Z,35,58,110710056,4.250000000,4.250000000,4.250000000,4.250000000,35,TFO FQF0027.H0027_OQCE0000090002122
2026-05-11T00:00:00.000000000Z,35,58,110658692,,,,,100,TFO FMF0028_OMCE0000050002122427
2026-05-11T00:00:00.000000000Z,35,85,31145812,3.700000000,3.700000000,3.700000000,3.700000000,50,TFO  56  31145812
2026-05-11T00:00:00.000000000Z,35,58,109838789,,,,,125,TFO FMG0027_OMCE0000060002012727
2026-05-11T00:00:00.000000000Z,35,58,108482104,,,,,65,TFO FMJ0027_OMCE0000045002032527
2026-05-11T00:00:00.000000000Z,35,58,108484189,,,,,40,TFO FMU0027_OMPE0000025002082627
2026-05-11T00:00:00.000000000Z,35,58,110705006,0.790000000,0.790000000,0.790000000,0.790000000,250,TFO FMM0026_OMCE0000057002052726
2026-05-11T00:00:00.000000000Z,35,58,108481418,,,,,25,TFO FMK0027_OMCE0000035002042627
2026-05-11T00:00:00.000000000Z,35,58,108482642,5.800000000,5.800000000,5.800000000,5.800000000,40,TFO FSJ0027.U0027_OSCE0000040002032
2026-05-11T00:00:00.000000000Z,35,58,108481902,,,,,40,TFO FMQ0027_OMCE0000040002072727
2026-05-11T00:00:00.000000000Z,35,58,108482175,,,,,100,TFO FMZ0026_OMPE0000040002112626
2026-05-11T00:00:00.000000000Z,35,58,108482632,9.325000000,9.325000000,9.325000000,9.325000000,50,TFO FSV0026.H0027_OSCE0000045002092
2026-05-11T00:00:00.000000000Z,35,85,31145783,0.750000000,0.750000000,0.750000000,0.750000000,50,TFO  56  31145783
2026-05-11T00:00:00.000000000Z,35,85,108476841,4.400000000,4.400000000,4.400000000,4.400000000,5,TFO FMN0026_OMPE0000045002062626
2026-05-11T00:00:00.000000000Z,35,85,31145785,2.150000000,2.150000000,2.150000000,2.150000000,150,TFO  56  31145785
2026-05-11T00:00:00.000000000Z,35,58,108476848,3.075000000,3.310000000,3.075000000,3.310000000,575,TFO FMM0026_OMCE0000045002052726
2026-05-11T00:00:00.000000000Z,35,85,31146177,1.200000000,1.200000000,1.200000000,1.200000000,100,TFO  46  31146177
2026-05-11T00:00:00.000000000Z,35,58,108482008,,,,,50,TFO FMG0027_OMCE0000045002012727
2026-05-11T00:00:00.000000000Z,35,85,31145889,0.190000000,0.190000000,0.190000000,0.190000000,200,TFO  50  31145889
2026-05-11T00:00:00.000000000Z,35,58,108481978,,,,,40,TFO FMM0027_OMCE0000040002052627
2026-05-11T00:00:00.000000000Z,35,58,109839119,6.270000000,6.815000000,6.270000000,6.815000000,125,TFO FQF0027.H0027_OQCE0000060002122
2026-05-11T00:00:00.000000000Z,35,58,108482077,,,,,100,TFO FMF0027_OMPE0000040002122426
2026-05-11T00:00:00.000000000Z,35,58,108481506,,,,,25,TFO FMQ0027_OMCE0000035002072727
2026-05-11T00:00:00.000000000Z,35,58,108482184,,,,,200,TFO FMZ0026_OMCE0000045002112626
2026-05-11T00:00:00.000000000Z,35,58,108398556,,,,,175,TFO FMU0026_OMPE0000035002082626
2026-05-11T00:00:00.000000000Z,35,58,109592761,5.690000000,5.690000000,5.690000000,5.690000000,250,TFO FMV0026_OMCE0000055002092526
2026-05-11T00:00:00.000000000Z,35,85,109308587,8.850000000,8.850000000,8.850000000,8.850000000,500,TFO FMG0027_OMCE0000050002012727
2026-05-11T00:00:00.000000000Z,35,58,108455395,,,,,100,TFO FMV0026_OMPE0000040002092526
2026-05-11T00:00:00.000000000Z,35,85,31146009,0.000000000,0.500000000,-0.250000000,0.500000000,150,TFO  58  31146009
2026-05-11T00:00:00.000000000Z,35,85,31146238,3.900000000,3.900000000,3.900000000,3.900000000,100,TFO  55  31146238
2026-05-11T00:00:00.000000000Z,35,58,108248812,,,,,50,TFO FMM0026_OMPE0000038002052726
2026-05-11T00:00:00.000000000Z,35,58,109335167,5.170000000,5.170000000,5.170000000,5.170000000,100,TFO FQF0027.H0027_OQCE0000070002122
2026-05-11T00:00:00.000000000Z,35,85,108476853,3.795000000,3.795000000,3.790000000,3.790000000,50,TFO FMM0026_OMPE0000047002052726
2026-05-11T00:00:00.000000000Z,35,58,109254275,,,,,800,TFO FMZ0026_OMCE0000100002112626
2026-05-11T00:00:00.000000000Z,35,58,108481585,,,,,250,TFO FMX0027_OMPE0000030002102727
2026-05-11T00:00:00.000000000Z,35,58,108482627,7.350000000,7.350000000,7.350000000,7.350000000,50,TFO FSV0026.H0027_OSPE0000042002092
2026-05-11T00:00:00.000000000Z,35,58,109254271,,,,,800,TFO FMV0026_OMCE0000100002092526
2026-05-11T00:00:00.000000000Z,35,58,108482144,,,,,200,TFO FMX0026_OMCE0000045002102726
2026-05-11T00:00:00.000000000Z,35,58,109408517,0.625000000,0.710000000,0.625000000,0.710000000,165,TFO FMM0026_OMCE0000060002052726
2026-05-11T00:00:00.000000000Z,35,58,108685185,0.900000000,0.900000000,0.900000000,0.900000000,40,TFO FSJ0027.U0027_OSPE0000020002032
2026-05-11T00:00:00.000000000Z,35,58,110698378,1.830000000,1.830000000,1.830000000,1.830000000,100,TFO FMU0026_OMCE0000085002082626
2026-05-11T00:00:00.000000000Z,35,58,108481930,,,,,65,TFO FMN0027_OMCE0000045002062527
2026-05-11T00:00:00.000000000Z,35,85,31145818,3.025000000,3.025000000,3.025000000,3.025000000,100,TFO  58  31145818
2026-05-11T00:00:00.000000000Z,35,85,31145979,25.400000000,25.400000000,25.400000000,25.400000000,25,TFO  58  31145979
2026-05-11T00:00:00.000000000Z,35,58,108482036,,,,,40,TFO FMK0027_OMCE0000040002042627
2026-05-11T00:00:00.000000000Z,35,58,108280835,0.100000000,0.135000000,0.100000000,0.135000000,800,TFO FMN0026_OMPE0000030002062626
2026-05-11T00:00:00.000000000Z,35,85,108338596,0.510000000,0.510000000,0.510000000,0.510000000,50,TFO FMQ0026_OMPE0000032002072726
2026-05-11T00:00:00.000000000Z,35,58,108640515,,,,,40,TFO FMQ0027_OMPE0000020002072727
2026-05-11T00:00:00.000000000Z,35,85,31145998,1.350000000,1.350000000,1.350000000,1.350000000,100,TFO  55  31145998
2026-05-11T00:00:00.000000000Z,35,58,108482652,4.200000000,4.650000000,4.200000000,4.650000000,65,TFO FSJ0027.U0027_OSCE0000045002032
2026-05-11T00:00:00.000000000Z,35,85,31145864,2.300000000,2.300000000,2.300000000,2.300000000,500,TFO  50  31145864
2026-05-11T00:00:00.000000000Z,35,58,109576079,,,,,175,TFO FMU0026_OMCE0000070002082626
2026-05-11T00:00:00.000000000Z,35,58,110615024,5.050000000,5.050000000,5.050000000,5.050000000,750,TFO FMG0027_OMCE0000080002012727
2026-05-11T00:00:00.000000000Z,35,58,108564128,,,,,25,TFO FMU0026_OMCE0000100002082626
2026-05-11T00:00:00.000000000Z,35,85,108302833,0.840000000,0.840000000,0.840000000,0.840000000,5,TFO FMN0026_OMPE0000037002062626
2026-05-11T00:00:00.000000000Z,35,58,108332543,0.800000000,1.100000000,0.720000000,0.725000000,2300,TFO FMM0026_OMPE0000040002052726
2026-05-11T00:00:00.000000000Z,35,58,108481189,,,,,300,TFO FMX0026_OMPE0000030002102726
2026-05-11T00:00:00.000000000Z,35,58,108992844,3.475000000,3.475000000,3.475000000,3.475000000,600,TFO FQV0026.Z0026_OQCE0000075002092
2026-05-11T00:00:00.000000000Z,35,58,109335153,,,,,100,TFO FMG0027_OMCE0000070002012727
2026-05-11T00:00:00.000000000Z,35,85,31146225,2.120000000,2.120000000,2.120000000,2.120000000,40,TFO  55  31146225
2026-05-11T00:00:00.000000000Z,35,58,108482531,6.865000000,6.865000000,6.865000000,6.865000000,100,TFO FQF0027.H0027_OQPE0000040002122
2026-05-11T00:00:00.000000000Z,35,58,108455364,12.700000000,12.700000000,12.700000000,12.700000000,300,TFO FQN0026.U0026_OQCE0000034002062
2026-05-11T00:00:00.000000000Z,35,85,31145776,1.660000000,1.660000000,1.660000000,1.660000000,250,TFO  51  31145776
2026-05-11T00:00:00.000000000Z,35,58,108481563,,,,,250,TFO FMV0027_OMPE0000030002092427
2026-05-11T00:00:00.000000000Z,35,85,108476835,2.670000000,2.670000000,2.670000000,2.670000000,5,TFO FMN0026_OMPE0000042002062626
2026-05-11T00:00:00.000000000Z,35,85,31146038,1.900000000,1.900000000,1.900000000,1.900000000,2000,TFO   7  31146038
2026-05-11T00:00:00.000000000Z,35,58,109773045,,,,,100,TFO FMN0026_OMCE0000080002062626
2026-05-11T00:00:00.000000000Z,35,58,108338592,0.250000000,0.250000000,0.250000000,0.250000000,100,TFO FMQ0026_OMPE0000030002072726
2026-05-11T00:00:00.000000000Z,35,58,108484171,,,,,40,TFO FMN0027_OMPE0000025002062527
2026-05-11T00:00:00.000000000Z,35,58,108481988,,,,,65,TFO FMM0027_OMCE0000045002052627
2026-05-11T00:00:00.000000000Z,35,58,110698368,1.600000000,1.600000000,1.600000000,1.600000000,500,TFO FMU0026_OMCE0000090002082626
2026-05-11T00:00:00.000000000Z,35,58,109254277,,,,,200,TFO FMF0027_OMCE0000100002122426
2026-05-11T00:00:00.000000000Z,35,58,110698898,,,,,35,TFO FMH0027_OMCE0000090002022427
2026-05-11T00:00:00.000000000Z,35,85,31146214,0.140000000,0.140000000,0.140000000,0.140000000,50,TFO  58  31146214
2026-05-11T00:00:00.000000000Z,35,85,31146209,2.990000000,2.990000000,2.990000000,2.990000000,100,TFO  50  31146209
2026-05-11T00:00:00.000000000Z,35,85,31146112,25.400000000,25.400000000,25.400000000,25.400000000,25,TFO  58  31146112
2026-05-11T00:00:00.000000000Z,35,58,109370195,0.435000000,0.500000000,0.400000000,0.500000000,465,TFO FMM0026_OMCE0000065002052726
2026-05-11T00:00:00.000000000Z,35,85,109370195,0.535000000,0.580000000,0.535000000,0.580000000,140,TFO FMM0026_OMCE0000065002052726
2026-05-11T00:00:00.000000000Z,35,58,109592765,,,,,150,TFO FMZ0026_OMCE0000055002112626
2026-05-11T00:00:00.000000000Z,35,58,110658694,,,,,100,TFO FMG0028_OMCE0000050002012728
2026-05-11T00:00:00.000000000Z,35,58,108457413,,,,,300,TFO FMV0026_OMPE0000030002092526
2026-05-11T00:00:00.000000000Z,35,58,108484181,,,,,40,TFO FMQ0027_OMPE0000025002072727
2026-05-11T00:00:00.000000000Z,35,58,108481440,,,,,25,TFO FMM0027_OMCE0000035002052627
2026-05-11T00:00:00.000000000Z,35,58,110698870,,,,,35,TFO FMF0027_OMCE0000130002122426
2026-05-11T00:00:00.000000000Z,35,85,108381600,1.400000000,1.400000000,1.400000000,1.400000000,5,TFO FMN0026_OMPE0000039002062626
2026-05-11T00:00:00.000000000Z,35,58,108400937,2.300000000,2.300000000,2.300000000,2.300000000,350,TFO FMN0026_OMPE0000040002062626
2026-05-11T00:00:00.000000000Z,35,85,31145822,0.850000000,0.850000000,0.850000000,0.850000000,250,TFO  16  31145822
2026-05-11T00:00:00.000000000Z,35,85,31146319,2.300000000,2.300000000,2.300000000,2.300000000,150,TFO  72  31146319
2026-05-11T00:00:00.000000000Z,35,85,31146204,-0.100000000,-0.100000000,-0.100000000,-0.100000000,25,TFO  58  31146204
2026-05-11T00:00:00.000000000Z,35,58,108482086,,,,,50,TFO FMF0027_OMCE0000045002122426
2026-05-11T00:00:00.000000000Z,35,58,109576075,1.175000000,1.350000000,1.175000000,1.325000000,1575,TFO FMN0026_OMCE0000070002062626
2026-05-11T00:00:00.000000000Z,35,58,109254281,,,,,200,TFO FMH0027_OMCE0000100002022427
2026-05-11T00:00:00.000000000Z,35,85,110704964,4.090000000,4.090000000,4.090000000,4.090000000,5,TFO FMN0026_OMCE0000051002062626
2026-05-11T00:00:00.000000000Z,35,85,31145784,0.190000000,0.190000000,0.190000000,0.190000000,40,TFO  50  31145784
2026-05-11T00:00:00.000000000Z,35,58,108482153,,,,,50,TFO FMV0026_OMPE0000042002092526
2026-05-11T00:00:00.000000000Z,35,85,31094838,1.130000000,1.130000000,1.130000000,1.130000000,25,TFO   6  31094838
2026-05-11T00:00:00.000000000Z,35,58,108816693,,,,,200,TFO FMG0028_OMPE0000030002012728
2026-05-11T00:00:00.000000000Z,35,85,31146221,2.250000000,2.250000000,2.250000000,2.250000000,40,TFO  40  31146221
2026-05-11T00:00:00.000000000Z,35,58,108816715,,,,,200,TFO FMH0028_OMPE0000030002022528
2026-05-11T00:00:00.000000000Z,35,58,108482094,,,,,40,TFO FMJ0027_OMCE0000040002032527
2026-05-11T00:00:00.000000000Z,35,85,31146105,25.400000000,25.400000000,25.400000000,25.400000000,75,TFO  58  31146105
2026-05-11T00:00:00.000000000Z,35,58,108428645,2.430000000,2.430000000,2.430000000,2.430000000,50,TFO FMN0026_OMPE0000041002062626
2026-05-11T00:00:00.000000000Z,35,58,108481203,,,,,50,TFO FMX0026_OMPE0000037002102726
2026-05-11T00:00:00.000000000Z,35,85,31133483,0.250000000,0.250000000,0.250000000,0.250000000,50,TFO   7  31133483
2026-05-11T00:00:00.000000000Z,35,58,109773047,,,,,100,TFO FMQ0026_OMCE0000080002072726
2026-05-11T00:00:00.000000000Z,35,58,108482135,,,,,100,TFO FMX0026_OMPE0000040002102726
2026-05-11T00:00:00.000000000Z,35,58,108482179,,,,,50,TFO FMZ0026_OMPE0000042002112626
2026-05-12T00:00:00.000000000Z,35,85,108847187,5.200000000,5.200000000,5.200000000,5.200000000,110,TFO FMM0026_OMPE0000050002052726
2026-05-12T00:00:00.000000000Z,35,85,31147194,6.600000000,6.600000000,6.600000000,6.600000000,100,TFO  53  31147194
2026-05-12T00:00:00.000000000Z,35,58,109370213,,,,,50,TFO FMG0027_OMCE0000065002012727
2026-05-12T00:00:00.000000000Z,35,58,108481321,,,,,195,TFO FMH0027_OMPE0000030002022427
2026-05-12T00:00:00.000000000Z,35,58,108847190,6.050000000,6.050000000,5.700000000,5.740000000,1605,TFO FMQ0026_OMCE0000050002072726
2026-05-12T00:00:00.000000000Z,35,58,108484411,,,,,50,TFO FMG0027_OMPE0000027002012727
2026-05-12T00:00:00.000000000Z,35,58,109335151,,,,,200,TFO FMF0027_OMCE0000070002122426
2026-05-12T00:00:00.000000000Z,35,85,108482168,2.750000000,2.760000000,2.750000000,2.760000000,50,TFO FMM0026_OMCE0000048002052726
2026-05-12T00:00:00.000000000Z,35,85,31146996,1.300000000,1.300000000,1.300000000,1.300000000,150,TFO  55  31146996
2026-05-12T00:00:00.000000000Z,35,85,109408517,0.995000000,0.995000000,0.940000000,0.940000000,55,TFO FMM0026_OMCE0000060002052726
2026-05-12T00:00:00.000000000Z,35,58,108816609,4.800000000,4.800000000,4.800000000,4.800000000,150,TFO FSV0027.H0028_OSPE0000030002092
2026-05-12T00:00:00.000000000Z,35,58,108398552,0.800000000,0.800000000,0.800000000,0.800000000,700,TFO FMU0026_OMPE0000033002082626
2026-05-12T00:00:00.000000000Z,35,58,108819183,,,,,150,TFO FMF0028_OMPE0000020002122427
2026-05-12T00:00:00.000000000Z,35,85,31146937,3.800000000,3.800000000,3.800000000,3.800000000,150,TFO  55  31146937
2026-05-12T00:00:00.000000000Z,35,58,108455381,1.100000000,1.100000000,1.100000000,1.100000000,200,TFO FMV0026_OMPE0000033002092526
2026-05-12T00:00:00.000000000Z,35,58,108476841,4.275000000,4.275000000,4.275000000,4.275000000,500,TFO FMN0026_OMPE0000045002062626
2026-05-12T00:00:00.000000000Z,35,58,108482113,,,,,60,TFO FMU0027_OMPE0000040002082627
2026-05-12T00:00:00.000000000Z,35,58,109838791,,,,,460,TFO FMH0027_OMCE0000060002022427
2026-05-12T00:00:00.000000000Z,35,58,110615018,,,,,200,TFO FMX0026_OMCE0000080002102726
2026-05-12T00:00:00.000000000Z,35,58,108338602,0.950000000,0.950000000,0.950000000,0.950000000,1200,TFO FMQ0026_OMPE0000035002072726
2026-05-12T00:00:00.000000000Z,35,58,110615024,,,,,150,TFO FMG0027_OMCE0000080002012727
2026-05-12T00:00:00.000000000Z,35,58,108455357,0.260000000,0.260000000,0.240000000,0.240000000,300,TFO FQN0026.U0026_OQPE0000030002062
2026-05-12T00:00:00.000000000Z,35,58,108847192,,,,,450,TFO FMU0026_OMCE0000050002082626
2026-05-12T00:00:00.000000000Z,35,85,31128220,1.350000000,1.350000000,1.350000000,1.350000000,400,TFO   6  31128220
2026-05-12T00:00:00.000000000Z,35,85,31146678,3.000000000,3.000000000,3.000000000,3.000000000,300,TFO  72  31146678
2026-05-12T00:00:00.000000000Z,35,85,108297427,0.610000000,0.610000000,0.610000000,0.610000000,50,TFO FMN0026_OMPE0000036002062626
2026-05-12T00:00:00.000000000Z,35,58,108455369,1.100000000,1.100000000,1.100000000,1.100000000,50,TFO FQN0026.U0026_OQPE0000036002062
2026-05-12T00:00:00.000000000Z,35,58,108481331,,,,,180,TFO FMH0027_OMPE0000035002022427
2026-05-12T00:00:00.000000000Z,35,85,109370195,0.550000000,0.550000000,0.550000000,0.550000000,825,TFO FMM0026_OMCE0000065002052726
2026-05-12T00:00:00.000000000Z,35,58,108685181,,,,,150,TFO FMX0026_OMPE0000025002102726
2026-05-12T00:00:00.000000000Z,35,58,109576079,3.525000000,3.525000000,3.525000000,3.525000000,400,TFO FMU0026_OMCE0000070002082626
2026-05-12T00:00:00.000000000Z,35,85,31146796,0.110000000,0.110000000,0.110000000,0.110000000,50,TFO  56  31146796
2026-05-12T00:00:00.000000000Z,35,58,108482172,,,,,100,TFO FMQ0026_OMCE0000048002072726
2026-05-12T00:00:00.000000000Z,35,58,108481475,,,,,120,TFO FMN0027_OMPE0000030002062527
2026-05-12T00:00:00.000000000Z,35,58,109888345,,,,,150,TFO FMJ0027_OMCE0000050002032527
2026-05-12T00:00:00.000000000Z,35,58,108398556,,,,,1000,TFO FMU0026_OMPE0000035002082626
2026-05-12T00:00:00.000000000Z,35,85,31106205,1.450000000,1.450000000,1.450000000,1.450000000,295,TFO   6  31106205
2026-05-12T00:00:00.000000000Z,35,58,110615016,,,,,200,TFO FMV0026_OMCE0000080002092526
2026-05-12T00:00:00.000000000Z,35,58,108255504,0.410000000,0.410000000,0.410000000,0.410000000,100,TFO FMM0026_OMPE0000039002052726
2026-05-12T00:00:00.000000000Z,35,58,109838787,,,,,460,TFO FMF0027_OMCE0000060002122426
2026-05-12T00:00:00.000000000Z,35,58,110299395,,,,,250,TFO FMF0027_OMPE0000015002122426
2026-05-12T00:00:00.000000000Z,35,58,108816589,1.075000000,1.075000000,1.075000000,1.075000000,150,TFO FSV0027.H0028_OSPE0000020002092
2026-05-12T00:00:00.000000000Z,35,58,108476837,,,,,100,TFO FMN0026_OMPE0000043002062626
2026-05-12T00:00:00.000000000Z,35,58,108455905,2.500000000,2.725000000,2.450000000,2.725000000,1600,TFO FQN0026.U0026_OQPE0000040002062
2026-05-12T00:00:00.000000000Z,35,85,31146883,0.815000000,0.815000000,0.815000000,0.815000000,100,TFO  77  31146883
2026-05-12T00:00:00.000000000Z,35,58,110883034,,,,,50,TFO FMX0027_OMCE0000100002102727
2026-05-12T00:00:00.000000000Z,35,58,108280835,,,,,300,TFO FMN0026_OMPE0000030002062626
2026-05-12T00:00:00.000000000Z,35,58,108481183,3.700000000,3.700000000,3.700000000,3.700000000,100,TFO FQV0026.Z0026_OQPE0000038002092
2026-05-12T00:00:00.000000000Z,35,58,108990634,,,,,50,TFO FMF0027_OMCE0000075002122426
2026-05-12T00:00:00.000000000Z,35,85,31146710,1.150000000,1.150000000,1.150000000,1.150000000,50,TFO  56  31146710
2026-05-12T00:00:00.000000000Z,35,58,109408601,3.905000000,3.905000000,3.400000000,3.400000000,650,TFO FQN0026.U0026_OQCE0000060002062
2026-05-12T00:00:00.000000000Z,35,58,108481179,2.775000000,2.775000000,2.775000000,2.775000000,100,TFO FQV0026.Z0026_OQPE0000036002092
2026-05-12T00:00:00.000000000Z,35,85,31146935,0.810000000,0.810000000,0.810000000,0.810000000,200,TFO  51  31146935
2026-05-12T00:00:00.000000000Z,35,58,108215821,0.160000000,0.215000000,0.150000000,0.215000000,900,TFO FMM0026_OMPE0000035002052726
2026-05-12T00:00:00.000000000Z,35,85,31146907,0.815000000,0.815000000,0.815000000,0.815000000,400,TFO  77  31146907
2026-05-12T00:00:00.000000000Z,35,85,31146918,0.195000000,0.195000000,0.195000000,0.195000000,500,TFO  51  31146918
2026-05-12T00:00:00.000000000Z,35,58,108481277,,,,,195,TFO FMF0027_OMPE0000030002122426
2026-05-12T00:00:00.000000000Z,35,85,31146647,0.625000000,0.625000000,0.625000000,0.625000000,300,TFO  56  31146647
2026-05-12T00:00:00.000000000Z,35,58,110883042,,,,,50,TFO FMH0028_OMCE0000100002022528
2026-05-12T00:00:00.000000000Z,35,58,108816671,,,,,250,TFO FMF0028_OMPE0000030002122427
2026-05-12T00:00:00.000000000Z,35,58,108481211,,,,,145,TFO FMZ0026_OMPE0000030002112626
2026-05-12T00:00:00.000000000Z,35,58,108646542,,,,,900,TFO FMU0026_OMCE0000075002082626
2026-05-12T00:00:00.000000000Z,35,58,108565850,1.100000000,1.100000000,1.100000000,1.100000000,700,TFO FQN0026.U0026_OQCE0000100002062
2026-05-12T00:00:00.000000000Z,35,85,31147257,2.250000000,2.250000000,2.250000000,2.250000000,700,TFO  55  31147257
2026-05-12T00:00:00.000000000Z,35,58,108400937,1.730000000,1.730000000,1.730000000,1.730000000,2650,TFO FMN0026_OMPE0000040002062626
2026-05-12T00:00:00.000000000Z,35,85,31146689,4.280000000,4.280000000,4.240000000,4.240000000,500,TFO  50  31146689
2026-05-12T00:00:00.000000000Z,35,85,31146835,3.725000000,3.725000000,3.725000000,3.725000000,150,TFO  51  31146835
2026-05-12T00:00:00.000000000Z,35,85,108401031,1.200000000,1.200000000,1.200000000,1.200000000,50,TFO FMM0026_OMPE0000042002052726
2026-05-12T00:00:00.000000000Z,35,58,108484485,0.750000000,0.750000000,0.660000000,0.750000000,200,TFO FQF0027.H0027_OQPE0000025002122
2026-05-12T00:00:00.000000000Z,35,58,108481255,1.575000000,1.575000000,1.575000000,1.575000000,50,TFO FQF0027.H0027_OQPE0000030002122
2026-05-12T00:00:00.000000000Z,35,58,110615020,,,,,200,TFO FMZ0026_OMCE0000080002112626
2026-05-12T00:00:00.000000000Z,35,58,108685467,,,,,150,TFO FMZ0026_OMPE0000025002112626
2026-05-12T00:00:00.000000000Z,35,58,108455367,1.000000000,1.000000000,0.850000000,1.000000000,1000,TFO FQN0026.U0026_OQPE0000035002062
2026-05-12T00:00:00.000000000Z,35,58,108481199,,,,,180,TFO FMX0026_OMPE0000035002102726
2026-05-12T00:00:00.000000000Z,35,58,109838789,,,,,460,TFO FMG0027_OMCE0000060002012727
2026-05-12T00:00:00.000000000Z,35,85,31146673,0.750000000,0.750000000,0.750000000,0.750000000,150,TFO  56  31146673
2026-05-12T00:00:00.000000000Z,35,85,108245410,0.250000000,0.250000000,0.250000000,0.250000000,50,TFO FMM0026_OMPE0000037002052726
2026-05-12T00:00:00.000000000Z,35,58,108481921,,,,,60,TFO FMN0027_OMPE0000040002062527
2026-05-12T00:00:00.000000000Z,35,58,109184387,,,,,100,TFO FMQ0026_OMCE0000055002072726
2026-05-12T00:00:00.000000000Z,35,58,108338598,,,,,500,TFO FMQ0026_OMPE0000033002072726
2026-05-12T00:00:00.000000000Z,35,85,31146976,2.240000000,2.240000000,2.240000000,2.240000000,200,TFO  56  31146976
2026-05-12T00:00:00.000000000Z,35,58,108481287,,,,,180,TFO FMF0027_OMPE0000035002122426
2026-05-12T00:00:00.000000000Z,35,85,31135290,0.075000000,0.075000000,0.075000000,0.075000000,300,TFO  75  31135290
2026-05-12T00:00:00.000000000Z,35,58,108481431,,,,,120,TFO FMM0027_OMPE0000030002052627
2026-05-12T00:00:00.000000000Z,35,85,31147092,1.120000000,1.120000000,1.120000000,1.120000000,100,TFO  50  31147092
2026-05-12T00:00:00.000000000Z,35,58,109408519,,,,,650,TFO FMN0026_OMCE0000060002062626
2026-05-12T00:00:00.000000000Z,35,58,108819181,,,,,150,TFO FMG0028_OMPE0000020002012728
2026-05-12T00:00:00.000000000Z,35,85,31146640,2.500000000,2.500000000,2.500000000,2.500000000,900,TFO   6  31146640
2026-05-12T00:00:00.000000000Z,35,58,110705008,1.050000000,1.050000000,1.050000000,1.050000000,200,TFO FMM0026_OMCE0000058002052726
2026-05-12T00:00:00.000000000Z,35,58,108790013,,,,,150,TFO FMX0027_OMPE0000020002102727
2026-05-12T00:00:00.000000000Z,35,85,31146973,1.550000000,1.550000000,1.550000000,1.550000000,50,TFO  55  31146973
2026-05-12T00:00:00.000000000Z,35,85,108565849,0.100000000,0.100000000,0.100000000,0.100000000,80,TFO FQN0026.U0026_OQPE0000025002062
2026-05-12T00:00:00.000000000Z,35,85,108847190,5.760000000,5.760000000,5.760000000,5.760000000,35,TFO FMQ0026_OMCE0000050002072726
2026-05-12T00:00:00.000000000Z,35,58,109254277,,,,,400,TFO FMF0027_OMCE0000100002122426
2026-05-12T00:00:00.000000000Z,35,85,108482169,4.035000000,4.035000000,4.035000000,4.035000000,50,TFO FMM0026_OMPE0000048002052726
2026-05-12T00:00:00.000000000Z,35,58,108482168,3.000000000,3.000000000,3.000000000,3.000000000,250,TFO FMM0026_OMCE0000048002052726
2026-05-12T00:00:00.000000000Z,35,58,109185605,4.900000000,4.900000000,4.900000000,4.900000000,100,TFO FQN0026.U0026_OQCE0000055002062
2026-05-12T00:00:00.000000000Z,35,85,109308589,9.650000000,9.650000000,9.650000000,9.650000000,1000,TFO FMH0027_OMCE0000050002022427
2026-05-12T00:00:00.000000000Z,35,58,109838783,,,,,210,TFO FMX0026_OMCE0000060002102726
2026-05-12T00:00:00.000000000Z,35,58,108790015,,,,,150,TFO FMZ0027_OMPE0000020002112627
2026-05-12T00:00:00.000000000Z,35,85,108816609,4.800000000,4.800000000,4.800000000,4.800000000,100,TFO FSV0027.H0028_OSPE0000030002092
2026-05-12T00:00:00.000000000Z,35,58,109838781,,,,,210,TFO FMV0026_OMCE0000060002092526
2026-05-12T00:00:00.000000000Z,35,58,108280841,,,,,500,TFO FMN0026_OMPE0000033002062626
2026-05-12T00:00:00.000000000Z,35,58,108455363,0.600000000,0.600000000,0.600000000,0.600000000,500,TFO FQN0026.U0026_OQPE0000033002062
2026-05-12T00:00:00.000000000Z,35,58,108280837,0.180000000,0.180000000,0.180000000,0.180000000,500,TFO FMN0026_OMPE0000031002062626
2026-05-12T00:00:00.000000000Z,35,58,108481309,,,,,180,TFO FMG0027_OMPE0000035002012727
2026-05-12T00:00:00.000000000Z,35,85,31140326,6.650000000,6.650000000,6.650000000,6.650000000,100,TFO  22  31140326
2026-05-12T00:00:00.000000000Z,35,58,108481341,4.000000000,4.000000000,4.000000000,4.000000000,120,TFO FSJ0027.U0027_OSPE0000030002032
2026-05-12T00:00:00.000000000Z,35,58,108302833,0.735000000,0.735000000,0.735000000,0.735000000,1100,TFO FMN0026_OMPE0000037002062626
2026-05-12T00:00:00.000000000Z,35,58,108481903,,,,,60,TFO FMQ0027_OMPE0000040002072727
2026-05-12T00:00:00.000000000Z,35,85,31147268,1.960000000,1.960000000,1.960000000,1.960000000,15,TFO  58  31147268
2026-05-12T00:00:00.000000000Z,35,58,108284663,0.375000000,0.375000000,0.375000000,0.375000000,500,TFO FMN0026_OMPE0000034002062626
2026-05-12T00:00:00.000000000Z,35,85,31112087,2.415000000,2.415000000,2.415000000,2.415000000,60,TFO  75  31112087
2026-05-12T00:00:00.000000000Z,35,58,108482643,10.415000000,10.415000000,10.415000000,10.415000000,60,TFO FSJ0027.U0027_OSPE0000040002032
2026-05-12T00:00:00.000000000Z,35,58,109370197,2.150000000,2.150000000,2.070000000,2.070000000,1325,TFO FMN0026_OMCE0000065002062626
2026-05-12T00:00:00.000000000Z,35,58,108476851,2.870000000,2.870000000,2.870000000,2.870000000,200,TFO FMM0026_OMPE0000046002052726
2026-05-12T00:00:00.000000000Z,35,85,31146813,3.200000000,3.200000000,3.200000000,3.200000000,50,TFO  55  31146813
2026-05-12T00:00:00.000000000Z,35,58,108481153,3.050000000,3.230000000,3.050000000,3.230000000,180,TFO FSV0026.H0027_OSPE0000035002092
2026-05-12T00:00:00.000000000Z,35,85,31124739,0.450000000,0.450000000,0.450000000,0.450000000,500,TFO   7  31124739
2026-05-12T00:00:00.000000000Z,35,85,31147168,6.600000000,6.600000000,6.600000000,6.600000000,50,TFO  53  31147168
2026-05-12T00:00:00.000000000Z,35,58,108646540,,,,,900,TFO FMQ0026_OMCE0000075002072726
2026-05-12T00:00:00.000000000Z,35,85,110945441,0.350000000,0.350000000,0.350000000,0.350000000,25,TFO FMM0026_OMPE0000038502052726
2026-05-12T00:00:00.000000000Z,35,58,110795264,4.000000000,4.000000000,4.000000000,4.000000000,100,TFO FQN0026.U0026_OQCE0000058002062
2026-05-12T00:00:00.000000000Z,35,58,108484405,,,,,50,TFO FMH0027_OMPE0000027002022427
2026-05-12T00:00:00.000000000Z,35,58,108816715,,,,,250,TFO FMH0028_OMPE0000030002022528
2026-05-12T00:00:00.000000000Z,35,85,31146802,0.610000000,0.610000000,0.610000000,0.610000000,50,TFO  51  31146802
2026-05-12T00:00:00.000000000Z,35,58,108564128,,,,,700,TFO FMU0026_OMCE0000100002082626
2026-05-12T00:00:00.000000000Z,35,85,31146783,4.975000000,4.975000000,4.975000000,4.975000000,200,TFO  55  31146783
2026-05-12T00:00:00.000000000Z,35,85,31146691,6.040000000,6.040000000,6.040000000,6.040000000,50,TFO  72  31146691
2026-05-12T00:00:00.000000000Z,35,58,108990628,,,,,50,TFO FMV0026_OMCE0000075002092526
2026-05-12T00:00:00.000000000Z,35,58,108847186,2.500000000,2.615000000,2.300000000,2.425000000,1370,TFO FMM0026_OMCE0000050002052726
2026-05-12T00:00:00.000000000Z,35,58,108646538,1.315000000,1.315000000,1.315000000,1.315000000,1200,TFO FMN0026_OMCE0000075002062626
2026-05-12T00:00:00.000000000Z,35,85,31131209,1.875000000,1.875000000,1.875000000,1.875000000,300,TFO   6  31131209
2026-05-12T00:00:00.000000000Z,35,58,109888355,,,,,150,TFO FMU0027_OMCE0000050002082627
2026-05-12T00:00:00.000000000Z,35,58,109308591,8.360000000,8.360000000,8.360000000,8.360000000,10,TFO FSV0026.H0027_OSCE0000050002092
2026-05-12T00:00:00.000000000Z,35,58,108484401,,,,,350,TFO FMH0027_OMPE0000025002022427
2026-05-12T00:00:00.000000000Z,35,58,110795270,,,,,100,TFO FMU0026_OMCE0000058002082626
2026-05-12T00:00:00.000000000Z,35,85,31146792,1.350000000,1.350000000,1.350000000,1.350000000,700,TFO  73  31146792
2026-05-12T00:00:00.000000000Z,35,58,109254279,,,,,400,TFO FMG0027_OMCE0000100002012727
2026-05-12T00:00:00.000000000Z,35,85,31146636,1.050000000,1.050000000,1.050000000,1.050000000,50,TFO  50  31146636
2026-05-12T00:00:00.000000000Z,35,58,108481387,,,,,120,TFO FMJ0027_OMPE0000030002032527
2026-05-12T00:00:00.000000000Z,35,58,108482504,6.350000000,6.350000000,6.350000000,6.350000000,100,TFO FQN0026.U0026_OQCE0000048002062
2026-05-12T00:00:00.000000000Z,35,85,31146243,0.510000000,0.510000000,0.510000000,0.510000000,50,TFO  17  31146243
2026-05-12T00:00:00.000000000Z,35,58,108847188,4.750000000,4.810000000,4.500000000,4.610000000,2425,TFO FMN0026_OMCE0000050002062626
2026-05-12T00:00:00.000000000Z,35,58,108455387,,,,,100,TFO FMV0026_OMPE0000036002092526
2026-05-12T00:00:00.000000000Z,35,58,108847982,6.020000000,6.020000000,5.275000000,5.275000000,450,TFO FQN0026.U0026_OQCE0000050002062
2026-05-12T00:00:00.000000000Z,35,85,31146639,0.260000000,0.260000000,0.260000000,0.260000000,200,TFO  56  31146639
2026-05-12T00:00:00.000000000Z,35,58,108476853,3.200000000,3.425000000,3.200000000,3.415000000,1500,TFO FMM0026_OMPE0000047002052726
2026-05-12T00:00:00.000000000Z,35,58,108476852,3.275000000,3.275000000,3.160000000,3.160000000,400,TFO FMM0026_OMCE0000047002052726
2026-05-12T00:00:00.000000000Z,35,58,108484407,,,,,350,TFO FMG0027_OMPE0000025002012727
2026-05-12T00:00:00.000000000Z,35,58,109888351,,,,,150,TFO FMN0027_OMCE0000050002062527
2026-05-12T00:00:00.000000000Z,35,58,108685175,0.510000000,0.510000000,0.510000000,0.510000000,150,TFO FSV0026.H0027_OSPE0000025002092
2026-05-12T00:00:00.000000000Z,35,58,108280825,,,,,80,TFO FMN0026_OMPE0000025002062626
2026-05-12T00:00:00.000000000Z,35,58,109370215,,,,,50,TFO FMH0027_OMCE0000065002022427
2026-05-12T00:00:00.000000000Z,35,58,108484489,1.150000000,1.150000000,1.150000000,1.150000000,50,TFO FQF0027.H0027_OQPE0000027002122
2026-05-12T00:00:00.000000000Z,35,58,108481201,,,,,100,TFO FMX0026_OMPE0000036002102726
2026-05-12T00:00:00.000000000Z,35,58,108481585,,,,,250,TFO FMX0027_OMPE0000030002102727
2026-05-12T00:00:00.000000000Z,35,58,109888349,,,,,150,TFO FMM0027_OMCE0000050002052627
2026-05-12T00:00:00.000000000Z,35,58,110615028,4.350000000,4.350000000,4.350000000,4.350000000,100,TFO FSV0026.H0027_OSCE0000080002092
2026-05-12T00:00:00.000000000Z,35,58,108990640,4.860000000,4.860000000,4.860000000,4.860000000,50,TFO FSV0026.H0027_OSCE0000075002092
2026-05-12T00:00:00.000000000Z,35,58,108401031,1.000000000,1.000000000,1.000000000,1.000000000,2100,TFO FMM0026_OMPE0000042002052726
2026-05-12T00:00:00.000000000Z,35,85,31147251,1.765000000,1.765000000,1.765000000,1.765000000,50,TFO  50  31147251
2026-05-12T00:00:00.000000000Z,35,58,110617284,3.330000000,3.330000000,3.330000000,3.330000000,100,TFO FQV0026.Z0026_OQCE0000080002092
2026-05-12T00:00:00.000000000Z,35,85,31147258,3.150000000,3.150000000,3.150000000,3.150000000,350,TFO  55  31147258
2026-05-12T00:00:00.000000000Z,35,58,108481519,,,,,120,TFO FMU0027_OMPE0000030002082627
2026-05-12T00:00:00.000000000Z,35,58,108381602,2.600000000,2.600000000,2.600000000,2.600000000,1800,TFO FMQ0026_OMPE0000040002072726
2026-05-12T00:00:00.000000000Z,35,85,31146779,0.110000000,0.110000000,0.110000000,0.110000000,200,TFO  56  31146779
2026-05-12T00:00:00.000000000Z,35,58,108455385,,,,,180,TFO FMV0026_OMPE0000035002092526
2026-05-12T00:00:00.000000000Z,35,58,110299397,,,,,250,TFO FMG0027_OMPE0000015002012727
2026-05-12T00:00:00.000000000Z,35,85,31146638,0.225000000,0.225000000,0.225000000,0.225000000,50,TFO  44  31146638
2026-05-12T00:00:00.000000000Z,35,58,108476865,,,,,100,TFO FMQ0026_OMPE0000043002072726
2026-05-12T00:00:00.000000000Z,35,58,108338592,,,,,300,TFO FMQ0026_OMPE0000030002072726
2026-05-12T00:00:00.000000000Z,35,58,110883032,,,,,50,TFO FMV0027_OMCE0000100002092427
2026-05-12T00:00:00.000000000Z,35,58,108482166,5.225000000,5.225000000,5.225000000,5.225000000,400,TFO FMN0026_OMCE0000048002062626
2026-05-12T00:00:00.000000000Z,35,58,109335167,6.240000000,6.240000000,6.240000000,6.240000000,200,TFO FQF0027.H0027_OQCE0000070002122
2026-05-12T00:00:00.000000000Z,35,58,108816693,,,,,250,TFO FMG0028_OMPE0000030002012728
2026-05-12T00:00:00.000000000Z,35,58,108564124,,,,,700,TFO FMN0026_OMCE0000100002062626
2026-05-12T00:00:00.000000000Z,35,85,31146770,2.125000000,2.125000000,2.100000000,2.100000000,500,TFO  56  31146770
2026-05-12T00:00:00.000000000Z,35,85,31146757,2.050000000,2.050000000,2.000000000,2.000000000,805,TFO   6  31146757
2026-05-12T00:00:00.000000000Z,35,58,108990638,,,,,50,TFO FMH0027_OMCE0000075002022427
2026-05-12T00:00:00.000000000Z,35,58,108398558,,,,,50,TFO FMU0026_OMPE0000036002082626
2026-05-12T00:00:00.000000000Z,35,58,108990636,,,,,50,TFO FMG0027_OMCE0000075002012727
2026-05-12T00:00:00.000000000Z,35,85,31146646,-0.125000000,-0.125000000,-0.150000000,-0.150000000,150,TFO  75  31146646
2026-05-12T00:00:00.000000000Z,35,85,31146656,0.500000000,0.700000000,0.500000000,0.700000000,50,TFO  58  31146656
2026-05-12T00:00:00.000000000Z,35,58,109370211,,,,,50,TFO FMF0027_OMCE0000065002122426
2026-05-12T00:00:00.000000000Z,35,58,108481497,,,,,120,TFO FMQ0027_OMPE0000030002072727
2026-05-12T00:00:00.000000000Z,35,58,108564115,,,,,80,TFO FMU0026_OMPE0000025002082626
2026-05-12T00:00:00.000000000Z,35,58,109308589,,,,,60,TFO FMH0027_OMCE0000050002022427
2026-05-12T00:00:00.000000000Z,35,58,109184383,1.450000000,1.500000000,1.300000000,1.300000000,2075,TFO FMM0026_OMCE0000055002052726
2026-05-12T00:00:00.000000000Z,35,58,109308587,,,,,60,TFO FMG0027_OMCE0000050002012727
2026-05-12T00:00:00.000000000Z,35,58,108790011,,,,,150,TFO FMV0027_OMPE0000020002092427
2026-05-12T00:00:00.000000000Z,35,85,31147215,6.575000000,6.575000000,6.575000000,6.575000000,50,TFO  53  31147215
2026-05-12T00:00:00.000000000Z,35,85,108476847,1.750000000,1.860000000,1.750000000,1.860000000,85,TFO FMM0026_OMPE0000044002052726
2026-05-12T00:00:00.000000000Z,35,85,31146759,1.650000000,1.650000000,1.650000000,1.650000000,200,TFO  51  31146759
2026-05-12T00:00:00.000000000Z,35,58,109408517,0.900000000,0.900000000,0.850000000,0.850000000,645,TFO FMM0026_OMCE0000060002052726
2026-05-12T00:00:00.000000000Z,35,58,108564113,,,,,80,TFO FMQ0026_OMPE0000025002072726
2026-05-12T00:00:00.000000000Z,35,58,108476933,4.100000000,4.100000000,4.100000000,4.100000000,100,TFO FQN0026.U0026_OQPE0000043002062
2026-05-12T00:00:00.000000000Z,35,58,109308583,,,,,110,TFO FMZ0026_OMCE0000050002112626
2026-05-12T00:00:00.000000000Z,35,58,110615026,,,,,150,TFO FMH0027_OMCE0000080002022427
2026-05-12T00:00:00.000000000Z,35,58,108482170,,,,,100,TFO FMU0026_OMCE0000048002082626
2026-05-12T00:00:00.000000000Z,35,58,108297427,,,,,50,TFO FMN0026_OMPE0000036002062626
2026-05-12T00:00:00.000000000Z,35,58,108481299,,,,,195,TFO FMG0027_OMPE0000030002012727
2026-05-12T00:00:00.000000000Z,35,58,108398546,,,,,300,TFO FMU0026_OMPE0000030002082626
2026-05-12T00:00:00.000000000Z,35,58,109888353,,,,,150,TFO FMQ0027_OMCE0000050002072727
2026-05-12T00:00:00.000000000Z,35,85,31146677,1.600000000,1.600000000,1.600000000,1.600000000,350,TFO  50  31146677
2026-05-12T00:00:00.000000000Z,35,85,31146906,1.630000000,1.630000000,1.630000000,1.630000000,200,TFO  77  31146906
2026-05-12T00:00:00.000000000Z,35,85,31147025,0.175000000,0.175000000,0.175000000,0.175000000,100,TFO  58  31147025
2026-05-12T00:00:00.000000000Z,35,58,109370195,0.625000000,0.625000000,0.560000000,0.560000000,800,TFO FMM0026_OMCE0000065002052726
2026-05-12T00:00:00.000000000Z,35,58,108338604,,,,,50,TFO FMQ0026_OMPE0000036002072726
2026-05-12T00:00:00.000000000Z,35,58,109839115,5.225000000,5.225000000,5.225000000,5.225000000,50,TFO FQV0026.Z0026_OQCE0000060002092
2026-05-12T00:00:00.000000000Z,35,85,108476850,3.800000000,3.800000000,3.800000000,3.800000000,25,TFO FMM0026_OMCE0000046002052726
2026-05-12T00:00:00.000000000Z,35,58,109308651,9.150000000,9.150000000,9.150000000,9.150000000,50,TFO FQF0027.H0027_OQCE0000050002122
2026-05-12T00:00:00.000000000Z,35,58,109254273,,,,,400,TFO FMX0026_OMCE0000100002102726
2026-05-12T00:00:00.000000000Z,35,58,109839119,7.350000000,7.500000000,7.350000000,7.350000000,300,TFO FQF0027.H0027_OQCE0000060002122
2026-05-12T00:00:00.000000000Z,35,58,108481607,,,,,250,TFO FMZ0027_OMPE0000030002112627
2026-05-12T00:00:00.000000000Z,35,58,109335155,,,,,200,TFO FMH0027_OMCE0000070002022427
2026-05-12T00:00:00.000000000Z,35,85,31146925,1.925000000,1.925000000,1.925000000,1.925000000,100,TFO  51  31146925
2026-05-12T00:00:00.000000000Z,35,85,31146841,0.160000000,0.160000000,0.160000000,0.160000000,100,TFO  56  31146841
2026-05-12T00:00:00.000000000Z,35,85,31147266,-0.025000000,-0.025000000,-0.025000000,-0.025000000,25,TFO  58  31147266
2026-05-12T00:00:00.000000000Z,35,85,31146707,2.200000000,2.200000000,2.200000000,2.200000000,100,TFO  50  31146707
2026-05-12T00:00:00.000000000Z,35,85,110795292,0.610000000,0.610000000,0.610000000,0.610000000,10,TFO FMM0026_OMCE0000062002052726
2026-05-12T00:00:00.000000000Z,35,85,31146861,1.100000000,1.100000000,1.100000000,1.100000000,200,TFO  56  31146861
2026-05-12T00:00:00.000000000Z,35,58,108481227,,,,,100,TFO FMZ0026_OMPE0000038002112626
2026-05-12T00:00:00.000000000Z,35,85,31146818,1.260000000,1.260000000,1.260000000,1.260000000,200,TFO  50  31146818
2026-05-12T00:00:00.000000000Z,35,58,110698348,1.500000000,1.500000000,1.500000000,1.500000000,1000,TFO FMQ0026_OMCE0000090002072726
2026-05-12T00:00:00.000000000Z,35,58,108484417,,,,,50,TFO FMF0027_OMPE0000027002122426
2026-05-12T00:00:00.000000000Z,35,85,31146654,-0.850000000,-0.850000000,-0.850000000,-0.850000000,100,TFO  58  31146654
2026-05-12T00:00:00.000000000Z,35,58,109370297,6.700000000,6.700000000,6.700000000,6.700000000,50,TFO FQF0027.H0027_OQCE0000065002122
2026-05-12T00:00:00.000000000Z,35,58,109184385,,,,,100,TFO FMN0026_OMCE0000055002062626
2026-05-12T00:00:00.000000000Z,35,58,108400936,9.010000000,9.050000000,9.010000000,9.050000000,500,TFO FMN0026_OMCE0000040002062626
2026-05-12T00:00:00.000000000Z,35,85,108323493,1.085000000,1.085000000,1.085000000,1.085000000,95,TFO FMN0026_OMPE0000038002062626
2026-05-12T00:00:00.000000000Z,35,85,31146661,1.900000000,1.900000000,1.900000000,1.900000000,500,TFO  51  31146661
2026-05-12T00:00:00.000000000Z,35,58,108455391,,,,,100,TFO FMV0026_OMPE0000038002092526
2026-05-12T00:00:00.000000000Z,35,58,109254281,,,,,400,TFO FMH0027_OMCE0000100002022427
2026-05-12T00:00:00.000000000Z,35,85,108332543,0.685000000,0.685000000,0.680000000,0.680000000,400,TFO FMM0026_OMPE0000040002052726
2026-05-12T00:00:00.000000000Z,35,85,31146981,0.600000000,0.600000000,0.600000000,0.600000000,50,TFO  74  31146981
2026-05-12T00:00:00.000000000Z,35,58,108482095,,,,,60,TFO FMJ0027_OMPE0000040002032527
2026-05-12T00:00:00.000000000Z,35,58,108484413,,,,,350,TFO FMF0027_OMPE0000025002122426
2026-05-12T00:00:00.000000000Z,35,85,31146660,2.175000000,2.175000000,2.175000000,2.175000000,750,TFO  65  31146660
2026-05-12T00:00:00.000000000Z,35,58,109773045,1.055000000,1.055000000,1.055000000,1.055000000,75,TFO FMN0026_OMCE0000080002062626
2026-05-12T00:00:00.000000000Z,35,58,108476848,4.500000000,4.500000000,3.950000000,3.950000000,1200,TFO FMM0026_OMCE0000045002052726
2026-05-12T00:00:00.000000000Z,35,85,31146690,-0.470000000,-0.470000000,-0.470000000,-0.470000000,100,TFO  65  31146690
2026-05-12T00:00:00.000000000Z,35,58,109254271,,,,,400,TFO FMV0026_OMCE0000100002092526
2026-05-12T00:00:00.000000000Z,35,58,108400943,,,,,1600,TFO FMU0026_OMPE0000040002082626
2026-05-12T00:00:00.000000000Z,35,58,108481979,,,,,60,TFO FMM0027_OMPE0000040002052627
2026-05-12T00:00:00.000000000Z,35,58,108660842,2.200000000,2.250000000,2.125000000,2.250000000,900,TFO FQN0026.U0026_OQCE0000075002062
2026-05-12T00:00:00.000000000Z,35,58,108481221,,,,,180,TFO FMZ0026_OMPE0000035002112626
2026-05-12T00:00:00.000000000Z,35,58,108475347,0.190000000,0.190000000,0.190000000,0.190000000,200,TFO FMU0026_OMPE0000027002082626
2026-05-12T00:00:00.000000000Z,35,58,108476855,,,,,100,TFO FMU0026_OMPE0000043002082626
2026-05-12T00:00:00.000000000Z,35,85,31146754,0.735000000,0.735000000,0.735000000,0.735000000,1100,TFO  56  31146754
2026-05-12T00:00:00.000000000Z,35,85,31146635,1.050000000,1.050000000,1.050000000,1.050000000,300,TFO  50  31146635
2026-05-12T00:00:00.000000000Z,35,58,110883038,,,,,50,TFO FMF0028_OMCE0000100002122427
2026-05-12T00:00:00.000000000Z,35,85,31147220,0.410000000,0.410000000,0.410000000,0.410000000,100,TFO  56  31147220
2026-05-12T00:00:00.000000000Z,35,58,108481409,,,,,120,TFO FMK0027_OMPE0000030002042627
2026-05-12T00:00:00.000000000Z,35,58,109254283,3.200000000,3.200000000,3.150000000,3.150000000,400,TFO FSV0026.H0027_OSCE0000100002092
2026-05-12T00:00:00.000000000Z,35,85,31146746,0.610000000,0.610000000,0.610000000,0.610000000,200,TFO  51  31146746
2026-05-12T00:00:00.000000000Z,35,85,31147104,0.560000000,0.560000000,0.560000000,0.560000000,75,TFO  72  31147104
2026-05-12T00:00:00.000000000Z,35,58,110883040,,,,,50,TFO FMG0028_OMCE0000100002012728
2026-05-12T00:00:00.000000000Z,35,85,31147107,0.600000000,0.600000000,0.600000000,0.600000000,200,TFO  65  31147107
2026-05-12T00:00:00.000000000Z,35,58,110883036,,,,,50,TFO FMZ0027_OMCE0000100002112627
2026-05-12T00:00:00.000000000Z,35,85,31146644,1.200000000,1.200000000,1.200000000,1.200000000,1000,TFO  77  31146644
2026-05-12T00:00:00.000000000Z,35,85,31147179,6.600000000,6.600000000,6.600000000,6.600000000,100,TFO  53  31147179
2026-05-12T00:00:00.000000000Z,35,85,110459494,1.965000000,1.965000000,1.965000000,1.965000000,10,TFO FMN0026_OMCE0000068002062626
2026-05-12T00:00:00.000000000Z,35,85,108476835,2.450000000,2.450000000,2.450000000,2.450000000,25,TFO FMN0026_OMPE0000042002062626
2026-05-12T00:00:00.000000000Z,35,58,109308585,,,,,60,TFO FMF0027_OMCE0000050002122426
2026-05-12T00:00:00.000000000Z,35,58,109408523,4.875000000,4.975000000,4.875000000,4.975000000,1250,TFO FMU0026_OMCE0000060002082626
2026-05-12T00:00:00.000000000Z,35,58,109838793,6.400000000,6.625000000,6.400000000,6.625000000,160,TFO FSV0026.H0027_OSCE0000060002092
2026-05-12T00:00:00.000000000Z,35,58,108481223,,,,,100,TFO FMZ0026_OMPE0000036002112626
2026-05-12T00:00:00.000000000Z,35,85,109184383,1.275000000,1.275000000,1.275000000,1.275000000,25,TFO FMM0026_OMCE0000055002052726
2026-05-12T00:00:00.000000000Z,35,58,108819179,,,,,150,TFO FMH0028_OMPE0000020002022528
2026-05-12T00:00:00.000000000Z,35,85,108398552,0.845000000,0.865000000,0.845000000,0.865000000,20,TFO FMU0026_OMPE0000033002082626
2026-05-12T00:00:00.000000000Z,35,85,31129194,2.600000000,2.600000000,2.480000000,2.540000000,1325,TFO   6  31129194
2026-05-12T00:00:00.000000000Z,35,85,31147249,3.950000000,3.950000000,3.950000000,3.950000000,150,TFO  55  31147249
2026-05-12T00:00:00.000000000Z,35,58,108481205,,,,,100,TFO FMX0026_OMPE0000038002102726
2026-05-12T00:00:00.000000000Z,35,85,31147245,3.600000000,3.610000000,3.600000000,3.610000000,350,TFO  40  31147245
2026-05-12T00:00:00.000000000Z,35,58,108293633,0.575000000,0.575000000,0.495000000,0.495000000,1375,TFO FMN0026_OMPE0000035002062626
2026-05-12T00:00:00.000000000Z,35,85,108293633,0.450000000,0.475000000,0.450000000,0.475000000,150,TFO FMN0026_OMPE0000035002062626
2026-05-12T00:00:00.000000000Z,35,58,108481563,,,,,250,TFO FMV0027_OMPE0000030002092427
2026-05-12T00:00:00.000000000Z,35,85,31146810,1.380000000,1.380000000,1.380000000,1.380000000,50,TFO  51  31146810
2026-05-12T00:00:00.000000000Z,35,85,31147203,1.440000000,1.440000000,1.440000000,1.440000000,100,TFO  56  31147203
2026-05-12T00:00:00.000000000Z,35,58,109184389,,,,,100,TFO FMU0026_OMCE0000055002082626
2026-05-12T00:00:00.000000000Z,35,58,109308581,,,,,110,TFO FMX0026_OMCE0000050002102726
2026-05-12T00:00:00.000000000Z,35,58,109335153,,,,,200,TFO FMG0027_OMCE0000070002012727
2026-05-12T00:00:00.000000000Z,35,85,31120960,1.960000000,1.960000000,1.960000000,1.960000000,10,TFO   6  31120960
2026-05-12T00:00:00.000000000Z,35,85,31146642,0.255000000,0.255000000,0.255000000,0.255000000,50,TFO  56  31146642
2026-05-12T00:00:00.000000000Z,35,58,108990632,,,,,50,TFO FMZ0026_OMCE0000075002112626
2026-05-12T00:00:00.000000000Z,35,85,31146681,1.260000000,1.260000000,1.260000000,1.260000000,150,TFO  38  31146681
2026-05-12T00:00:00.000000000Z,35,58,108481189,,,,,145,TFO FMX0026_OMPE0000030002102726
2026-05-12T00:00:00.000000000Z,35,58,109888347,,,,,150,TFO FMK0027_OMCE0000050002042627
2026-05-12T00:00:00.000000000Z,35,58,108428899,1.350000000,1.370000000,1.350000000,1.370000000,400,TFO FMM0026_OMPE0000043002052726
2026-05-12T00:00:00.000000000Z,35,58,108482037,,,,,60,TFO FMK0027_OMPE0000040002042627
2026-05-12T00:00:00.000000000Z,35,58,108990630,,,,,50,TFO FMX0026_OMCE0000075002102726
2026-05-12T00:00:00.000000000Z,35,58,110795268,,,,,100,TFO FMQ0026_OMCE0000058002072726
2026-05-12T00:00:00.000000000Z,35,58,110615022,,,,,150,TFO FMF0027_OMCE0000080002122426
2026-05-12T00:00:00.000000000Z,35,85,31146637,0.360000000,0.360000000,0.360000000,0.360000000,300,TFO  58  31146637
2026-05-12T00:00:00.000000000Z,35,58,109888357,3.800000000,3.800000000,3.800000000,3.800000000,150,TFO FSJ0027.U0027_OSCE0000050002032
2026-05-12T00:00:00.000000000Z,35,85,31142499,1.965000000,1.965000000,1.965000000,1.965000000,100,TFO  50  31142499
2026-05-12T00:00:00.000000000Z,35,58,110704946,1.725000000,1.725000000,1.725000000,1.725000000,400,TFO FMM0026_OMCE0000053002052726
2026-05-12T00:00:00.000000000Z,35,85,31147265,-0.025000000,-0.025000000,-0.025000000,-0.025000000,25,TFO  58  31147265
2026-05-12T00:00:00.000000000Z,35,58,110795266,2.975000000,2.975000000,2.975000000,2.975000000,400,TFO FMN0026_OMCE0000058002062626
2026-05-12T00:00:00.000000000Z,35,85,31146963,1.800000000,1.800000000,1.800000000,1.800000000,50,TFO  50  31146963
2026-05-12T00:00:00.000000000Z,35,58,109838785,,,,,210,TFO FMZ0026_OMCE0000060002112626
2026-05-12T00:00:00.000000000Z,35,58,108476849,2.125000000,2.240000000,2.100000000,2.240000000,700,TFO FMM0026_OMPE0000045002052726
2026-05-12T00:00:00.000000000Z,35,58,108215811,0.070000000,0.070000000,0.070000000,0.070000000,600,TFO FMM0026_OMPE0000030002052726
2026-05-12T00:00:00.000000000Z,35,85,31146736,2.540000000,2.540000000,2.540000000,2.540000000,50,TFO  51  31146736
2026-05-12T00:00:00.000000000Z,35,58,108332543,0.625000000,0.625000000,0.560000000,0.600000000,1700,TFO FMM0026_OMPE0000040002052726
2026-05-12T00:00:00.000000000Z,35,85,108215821,0.170000000,0.170000000,0.170000000,0.170000000,50,TFO FMM0026_OMPE0000035002052726
2026-05-12T00:00:00.000000000Z,35,58,110617288,5.550000000,5.550000000,5.550000000,5.550000000,50,TFO FQF0027.H0027_OQCE0000080002122
2026-05-12T00:00:00.000000000Z,35,58,109254275,,,,,400,TFO FMZ0026_OMCE0000100002112626
2026-05-12T00:00:00.000000000Z,35,85,31125467,1.115000000,1.115000000,1.115000000,1.115000000,25,TFO   6  31125467
2026-05-12T00:00:00.000000000Z,35,58,108481143,1.440000000,1.500000000,1.440000000,1.500000000,145,TFO FSV0026.H0027_OSPE0000030002092
2026-05-12T00:00:00.000000000Z,35,58,110300819,0.110000000,0.110000000,0.110000000,0.110000000,250,TFO FQF0027.H0027_OQPE0000015002122
2026-05-12T00:00:00.000000000Z,35,58,108564126,,,,,700,TFO FMQ0026_OMCE0000100002072726
2026-05-12T00:00:00.000000000Z,35,85,31146927,1.700000000,1.700000000,1.700000000,1.700000000,50,TFO  56  31146927
2026-05-12T00:00:00.000000000Z,35,58,109308579,,,,,110,TFO FMV0026_OMCE0000050002092526
2026-05-12T00:00:00.000000000Z,35,58,110299399,,,,,250,TFO FMH0027_OMPE0000015002022427
2026-05-12T00:00:00.000000000Z,35,58,110883044,1.550000000,1.550000000,1.550000000,1.550000000,50,TFO FSV0027.H0028_OSCE0000100002092
2026-05-12T00:00:00.000000000Z,35,58,108457413,,,,,145,TFO FMV0026_OMPE0000030002092526
2026-05-12T00:00:00.000000000Z,35,58,109308649,7.260000000,7.260000000,7.050000000,7.050000000,100,TFO FQV0026.Z0026_OQCE0000050002092
2026-05-12T00:00:00.000000000Z,35,85,31146733,2.540000000,2.540000000,2.540000000,2.540000000,100,TFO  51  31146733
2026-05-12T00:00:00.000000000Z,35,58,109408521,4.000000000,4.010000000,3.700000000,3.775000000,2655,TFO FMQ0026_OMCE0000060002072726
2026-05-12T00:00:00.000000000Z,35,58,108640503,,,,,150,TFO FMV0026_OMPE0000025002092526
2026-05-13T00:00:00.000000000Z,35,58,108685481,,,,,500,TFO FMK0027_OMPE0000020002042627
2026-05-13T00:00:00.000000000Z,35,58,109254275,,,,,50,TFO FMZ0026_OMCE0000100002112626
2026-05-13T00:00:00.000000000Z,35,58,109888347,,,,,50,TFO FMK0027_OMCE0000050002042627
2026-05-13T00:00:00.000000000Z,35,85,108400937,1.690000000,1.735000000,1.690000000,1.735000000,600,TFO FMN0026_OMPE0000040002062626
2026-05-13T00:00:00.000000000Z,35,58,108482003,,,,,300,TFO FMG0027_OMPE0000042002012727
2026-05-13T00:00:00.000000000Z,35,58,108481157,4.250000000,4.250000000,4.250000000,4.250000000,300,TFO FSV0026.H0027_OSPE0000037002092
2026-05-13T00:00:00.000000000Z,35,58,109838791,,,,,140,TFO FMH0027_OMCE0000060002022427
2026-05-13T00:00:00.000000000Z,35,85,31147936,8.620000000,8.620000000,8.620000000,8.620000000,50,TFO  58  31147936
2026-05-13T00:00:00.000000000Z,35,58,110812235,,,,,150,TFO FMH0028_OMPE0000041002022528
2026-05-13T00:00:00.000000000Z,35,58,108481291,,,,,300,TFO FMF0027_OMPE0000037002122426
2026-05-13T00:00:00.000000000Z,35,58,108338594,,,,,400,TFO FMQ0026_OMPE0000031002072726
2026-05-13T00:00:00.000000000Z,35,85,31148119,2.580000000,2.580000000,2.580000000,2.580000000,100,TFO  56  31148119
2026-05-13T00:00:00.000000000Z,35,58,108455357,0.300000000,0.300000000,0.300000000,0.300000000,650,TFO FQN0026.U0026_OQPE0000030002062
2026-05-13T00:00:00.000000000Z,35,58,108482059,,,,,150,TFO FMV0027_OMPE0000041002092427
2026-05-13T00:00:00.000000000Z,35,85,109408517,0.650000000,0.650000000,0.650000000,0.650000000,65,TFO FMM0026_OMCE0000060002052726
2026-05-13T00:00:00.000000000Z,35,85,31147941,1.430000000,1.430000000,1.430000000,1.430000000,400,TFO   7  31147941
2026-05-13T00:00:00.000000000Z,35,58,108481331,,,,,150,TFO FMH0027_OMPE0000035002022427
2026-05-13T00:00:00.000000000Z,35,58,108484413,,,,,50,TFO FMF0027_OMPE0000025002122426
2026-05-13T00:00:00.000000000Z,35,58,108338602,0.960000000,0.960000000,0.960000000,0.960000000,3150,TFO FMQ0026_OMPE0000035002072726
2026-05-13T00:00:00.000000000Z,35,58,108685483,,,,,500,TFO FMJ0027_OMPE0000020002032527
2026-05-13T00:00:00.000000000Z,35,58,108398548,,,,,400,TFO FMU0026_OMPE0000031002082626
2026-05-13T00:00:00.000000000Z,35,85,31147482,1.135000000,1.250000000,1.135000000,1.250000000,50,TFO  74  31147482
2026-05-13T00:00:00.000000000Z,35,58,109370201,,,,,1250,TFO FMU0026_OMCE0000065002082626
2026-05-13T00:00:00.000000000Z,35,58,109254271,,,,,50,TFO FMV0026_OMCE0000100002092526
2026-05-13T00:00:00.000000000Z,35,58,109888353,,,,,50,TFO FMQ0027_OMCE0000050002072727
2026-05-13T00:00:00.000000000Z,35,58,109370267,2.925000000,3.010000000,2.925000000,3.010000000,1250,TFO FQN0026.U0026_OQCE0000065002062
2026-05-13T00:00:00.000000000Z,35,58,109838785,,,,,140,TFO FMZ0026_OMCE0000060002112626
2026-05-13T00:00:00.000000000Z,35,58,108481585,,,,,100,TFO FMX0027_OMPE0000030002102727
2026-05-13T00:00:00.000000000Z,35,58,108280837,,,,,400,TFO FMN0026_OMPE0000031002062626
2026-05-13T00:00:00.000000000Z,35,58,108819181,,,,,100,TFO FMG0028_OMPE0000020002012728
2026-05-13T00:00:00.000000000Z,35,58,108643807,,,,,400,TFO FMF0027_OMPE0000023002122426
2026-05-13T00:00:00.000000000Z,35,58,108564115,,,,,800,TFO FMU0026_OMPE0000025002082626
2026-05-13T00:00:00.000000000Z,35,58,108484407,,,,,50,TFO FMG0027_OMPE0000025002012727
2026-05-13T00:00:00.000000000Z,35,58,109184387,,,,,50,TFO FMQ0026_OMCE0000055002072726
2026-05-13T00:00:00.000000000Z,35,58,108481999,,,,,100,TFO FMG0027_OMPE0000040002012727
2026-05-13T00:00:00.000000000Z,35,85,31147598,-0.445000000,-0.445000000,-0.445000000,-0.445000000,200,TFO  49  31147598
2026-05-13T00:00:00.000000000Z,35,58,108482181,,,,,200,TFO FMZ0026_OMPE0000043002112626
2026-05-13T00:00:00.000000000Z,35,85,108381946,0.765000000,0.765000000,0.765000000,0.765000000,20,TFO FMM0026_OMPE0000041002052726
2026-05-13T00:00:00.000000000Z,35,58,108819179,,,,,100,TFO FMH0028_OMPE0000020002022528
2026-05-13T00:00:00.000000000Z,35,85,109773177,1.750000000,1.750000000,1.750000000,1.750000000,50,TFO FQN0026.U0026_OQCE0000080002062
2026-05-13T00:00:00.000000000Z,35,58,108455373,1.730000000,1.730000000,1.730000000,1.730000000,400,TFO FQN0026.U0026_OQPE0000038002062
2026-05-13T00:00:00.000000000Z,35,58,108643817,,,,,500,TFO FMU0027_OMPE0000020002082627
2026-05-13T00:00:00.000000000Z,35,58,108293633,0.515000000,0.515000000,0.510000000,0.510000000,3850,TFO FMN0026_OMPE0000035002062626
2026-05-13T00:00:00.000000000Z,35,85,31147621,3.475000000,3.475000000,3.475000000,3.475000000,550,TFO  55  31147621
2026-05-13T00:00:00.000000000Z,35,58,110299397,,,,,200,TFO FMG0027_OMPE0000015002012727
2026-05-13T00:00:00.000000000Z,35,58,108640515,,,,,500,TFO FMQ0027_OMPE0000020002072727
2026-05-13T00:00:00.000000000Z,35,85,31147917,0.950000000,0.980000000,0.950000000,0.980000000,575,TFO  56  31147917
2026-05-13T00:00:00.000000000Z,35,58,108455905,2.675000000,2.675000000,2.600000000,2.630000000,1800,TFO FQN0026.U0026_OQPE0000040002062
2026-05-13T00:00:00.000000000Z,35,85,31147829,2.925000000,2.925000000,2.925000000,2.925000000,600,TFO  55  31147829
2026-05-13T00:00:00.000000000Z,35,85,31141392,0.390000000,0.390000000,0.390000000,0.390000000,500,TFO   7  31141392
2026-05-13T00:00:00.000000000Z,35,58,108215821,0.130000000,0.145000000,0.100000000,0.125000000,3640,TFO FMM0026_OMPE0000035002052726
2026-05-13T00:00:00.000000000Z,35,58,108816589,1.075000000,1.075000000,1.075000000,1.075000000,100,TFO FSV0027.H0028_OSPE0000020002092
2026-05-13T00:00:00.000000000Z,35,58,108481313,,,,,300,TFO FMG0027_OMPE0000037002012727
2026-05-13T00:00:00.000000000Z,35,58,108565849,0.080000000,0.080000000,0.080000000,0.080000000,800,TFO FQN0026.U0026_OQPE0000025002062
2026-05-13T00:00:00.000000000Z,35,58,108481287,,,,,150,TFO FMF0027_OMPE0000035002122426
2026-05-13T00:00:00.000000000Z,35,85,31147634,2.040000000,2.040000000,2.035000000,2.035000000,450,TFO  51  31147634
2026-05-13T00:00:00.000000000Z,35,58,108398546,,,,,1150,TFO FMU0026_OMPE0000030002082626
2026-05-13T00:00:00.000000000Z,35,85,31147721,1.710000000,1.710000000,1.710000000,1.710000000,100,TFO  56  31147721
2026-05-13T00:00:00.000000000Z,35,58,110704946,1.380000000,1.380000000,1.380000000,1.380000000,100,TFO FMM0026_OMCE0000053002052726
2026-05-13T00:00:00.000000000Z,35,58,108482541,10.655000000,10.655000000,10.655000000,10.655000000,100,TFO FQF0027.H0027_OQPE0000045002122
2026-05-13T00:00:00.000000000Z,35,58,109773049,,,,,300,TFO FMU0026_OMCE0000080002082626
2026-05-13T00:00:00.000000000Z,35,58,108564126,,,,,500,TFO FMQ0026_OMCE0000100002072726
2026-05-13T00:00:00.000000000Z,35,85,31147666,1.085000000,1.085000000,1.085000000,1.085000000,100,TFO  50  31147666
2026-05-13T00:00:00.000000000Z,35,58,108481265,4.230000000,4.230000000,4.230000000,4.230000000,150,TFO FQF0027.H0027_OQPE0000035002122
2026-05-13T00:00:00.000000000Z,35,58,108481951,,,,,100,TFO FMH0027_OMPE0000045002022427
2026-05-13T00:00:00.000000000Z,35,58,110812233,,,,,150,TFO FMG0028_OMPE0000041002012728
2026-05-13T00:00:00.000000000Z,35,58,108476835,2.640000000,2.640000000,2.580000000,2.580000000,2625,TFO FMN0026_OMPE0000042002062626
2026-05-13T00:00:00.000000000Z,35,85,31147851,2.925000000,2.925000000,2.925000000,2.925000000,100,TFO  55  31147851
2026-05-13T00:00:00.000000000Z,35,85,31147821,0.530000000,0.530000000,0.530000000,0.530000000,500,TFO   7  31147821
2026-05-13T00:00:00.000000000Z,35,85,31147864,6.100000000,6.150000000,6.100000000,6.150000000,75,TFO  55  31147864
2026-05-13T00:00:00.000000000Z,35,58,109370213,,,,,200,TFO FMG0027_OMCE0000065002012727
2026-05-13T00:00:00.000000000Z,35,85,31147867,2.625000000,2.625000000,2.625000000,2.625000000,200,TFO  56  31147867
2026-05-13T00:00:00.000000000Z,35,85,31107853,0.350000000,0.350000000,0.350000000,0.350000000,200,TFO   5  31107853
2026-05-13T00:00:00.000000000Z,35,85,31147573,0.060000000,0.060000000,0.060000000,0.060000000,775,TFO  58  31147573
2026-05-13T00:00:00.000000000Z,35,58,108847189,,,,,775,TFO FMN0026_OMPE0000050002062626
2026-05-13T00:00:00.000000000Z,35,58,109185605,4.355000000,4.355000000,4.355000000,4.355000000,50,TFO FQN0026.U0026_OQCE0000055002062
2026-05-13T00:00:00.000000000Z,35,58,108482517,6.350000000,6.395000000,6.350000000,6.395000000,200,TFO FQV0026.Z0026_OQPE0000043002092
2026-05-13T00:00:00.000000000Z,35,85,31120960,1.770000000,1.770000000,1.770000000,1.770000000,15,TFO   6  31120960
2026-05-13T00:00:00.000000000Z,35,58,108398556,1.360000000,1.360000000,1.360000000,1.360000000,3500,TFO FMU0026_OMPE0000035002082626
2026-05-13T00:00:00.000000000Z,35,58,108790013,,,,,400,TFO FMX0027_OMPE0000020002102727
2026-05-13T00:00:00.000000000Z,35,58,108819183,,,,,100,TFO FMF0028_OMPE0000020002122427
2026-05-13T00:00:00.000000000Z,35,58,109184385,3.060000000,3.060000000,3.060000000,3.060000000,150,TFO FMN0026_OMCE0000055002062626
2026-05-13T00:00:00.000000000Z,35,85,31147579,1.250000000,1.260000000,1.250000000,1.250000000,800,TFO  50  31147579
2026-05-13T00:00:00.000000000Z,35,58,109408517,0.610000000,0.660000000,0.610000000,0.650000000,1550,TFO FMM0026_OMCE0000060002052726
2026-05-13T00:00:00.000000000Z,35,85,31147618,3.475000000,3.475000000,3.475000000,3.475000000,50,TFO  55  31147618
2026-05-13T00:00:00.000000000Z,35,58,109254281,,,,,50,TFO FMH0027_OMCE0000100002022427
2026-05-13T00:00:00.000000000Z,35,58,108215815,0.055000000,0.055000000,0.055000000,0.055000000,200,TFO FMM0026_OMPE0000032002052726
2026-05-13T00:00:00.000000000Z,35,85,31147739,1.250000000,1.250000000,1.250000000,1.250000000,500,TFO  77  31147739
2026-05-13T00:00:00.000000000Z,35,58,108476861,7.050000000,7.050000000,7.050000000,7.050000000,100,TFO FMU0026_OMPE0000046002082626
2026-05-13T00:00:00.000000000Z,35,85,31148044,0.740000000,0.740000000,0.740000000,0.740000000,200,TFO  56  31148044
2026-05-13T00:00:00.000000000Z,35,58,108482135,,,,,100,TFO FMX0026_OMPE0000040002102726
2026-05-13T00:00:00.000000000Z,35,85,31147749,1.070000000,1.070000000,1.070000000,1.070000000,100,TFO  55  31147749
2026-05-13T00:00:00.000000000Z,35,58,110150850,,,,,200,TFO FMG0027_OMPE0000019002012727
2026-05-13T00:00:00.000000000Z,35,85,108476847,1.710000000,1.710000000,1.710000000,1.710000000,25,TFO FMM0026_OMPE0000044002052726
2026-05-13T00:00:00.000000000Z,35,58,109408523,,,,,1150,TFO FMU0026_OMCE0000060002082626
2026-05-13T00:00:00.000000000Z,35,58,108484485,0.775000000,0.775000000,0.775000000,0.775000000,50,TFO FQF0027.H0027_OQPE0000025002122
2026-05-13T00:00:00.000000000Z,35,85,31147924,7.050000000,7.050000000,7.050000000,7.050000000,100,TFO  56  31147924
2026-05-13T00:00:00.000000000Z,35,85,31147535,0.105000000,0.105000000,0.105000000,0.105000000,200,TFO  56  31147535
2026-05-13T00:00:00.000000000Z,35,58,109308585,,,,,15,TFO FMF0027_OMCE0000050002122426
2026-05-13T00:00:00.000000000Z,35,58,108476848,3.650000000,3.650000000,3.650000000,3.650000000,450,TFO FMM0026_OMCE0000045002052726
2026-05-13T00:00:00.000000000Z,35,58,109768641,,,,,200,TFO FMF0027_OMCE0000055002122426
2026-05-13T00:00:00.000000000Z,35,58,108816715,,,,,100,TFO FMH0028_OMPE0000030002022528
2026-05-13T00:00:00.000000000Z,35,58,108245410,0.260000000,0.260000000,0.260000000,0.260000000,500,TFO FMM0026_OMPE0000037002052726
2026-05-13T00:00:00.000000000Z,35,58,108482627,7.200000000,7.200000000,7.200000000,7.200000000,300,TFO FSV0026.H0027_OSPE0000042002092
2026-05-13T00:00:00.000000000Z,35,85,31147528,4.640000000,4.640000000,4.640000000,4.640000000,100,TFO  51  31147528
2026-05-13T00:00:00.000000000Z,35,85,31147983,5.925000000,5.925000000,5.925000000,5.925000000,25,TFO  56  31147983
2026-05-13T00:00:00.000000000Z,35,85,31134662,0.250000000,0.250000000,0.250000000,0.250000000,500,TFO   6  31134662
2026-05-13T00:00:00.000000000Z,35,58,108381602,,,,,1800,TFO FMQ0026_OMPE0000040002072726
2026-05-13T00:00:00.000000000Z,35,58,109308589,,,,,15,TFO FMH0027_OMCE0000050002022427
2026-05-13T00:00:00.000000000Z,35,58,108428645,2.145000000,2.145000000,2.145000000,2.145000000,200,TFO FMN0026_OMPE0000041002062626
2026-05-13T00:00:00.000000000Z,35,58,108338592,,,,,1150,TFO FMQ0026_OMPE0000030002072726
2026-05-13T00:00:00.000000000Z,35,58,108476851,2.875000000,2.875000000,2.700000000,2.820000000,610,TFO FMM0026_OMPE0000046002052726
2026-05-13T00:00:00.000000000Z,35,85,31099128,0.250000000,0.250000000,0.250000000,0.250000000,250,TFO  75  31099128
2026-05-13T00:00:00.000000000Z,35,58,108816609,4.875000000,4.875000000,4.875000000,4.875000000,100,TFO FSV0027.H0028_OSPE0000030002092
2026-05-13T00:00:00.000000000Z,35,58,108482169,3.950000000,3.950000000,3.850000000,3.850000000,195,TFO FMM0026_OMPE0000048002052726
2026-05-13T00:00:00.000000000Z,35,58,108847192,,,,,650,TFO FMU0026_OMCE0000050002082626
2026-05-13T00:00:00.000000000Z,35,58,108428899,1.300000000,1.300000000,1.300000000,1.300000000,250,TFO FMM0026_OMPE0000043002052726
2026-05-13T00:00:00.000000000Z,35,85,31147782,0.575000000,0.575000000,0.575000000,0.575000000,150,TFO  56  31147782
2026-05-13T00:00:00.000000000Z,35,58,108427169,,,,,2325,TFO FMU0026_OMPE0000042002082626
2026-05-13T00:00:00.000000000Z,35,85,31147902,2.950000000,2.950000000,2.950000000,2.950000000,300,TFO  51  31147902
2026-05-13T00:00:00.000000000Z,35,58,108482623,5.925000000,5.925000000,5.900000000,5.900000000,100,TFO FSV0026.H0027_OSPE0000040002092
2026-05-13T00:00:00.000000000Z,35,58,108646538,1.240000000,1.240000000,1.180000000,1.180000000,800,TFO FMN0026_OMCE0000075002062626
2026-05-13T00:00:00.000000000Z,35,58,108847191,,,,,775,TFO FMQ0026_OMPE0000050002072726
2026-05-13T00:00:00.000000000Z,35,58,109768643,,,,,200,TFO FMG0027_OMCE0000055002012727
2026-05-13T00:00:00.000000000Z,35,58,109184383,1.075000000,1.100000000,1.070000000,1.100000000,560,TFO FMM0026_OMCE0000055002052726
2026-05-13T00:00:00.000000000Z,35,58,108484405,,,,,200,TFO FMH0027_OMPE0000027002022427
2026-05-13T00:00:00.000000000Z,35,85,108215821,0.160000000,0.160000000,0.130000000,0.130000000,750,TFO FMM0026_OMPE0000035002052726
2026-05-13T00:00:00.000000000Z,35,85,31141853,0.635000000,0.635000000,0.635000000,0.635000000,500,TFO  75  31141853
2026-05-13T00:00:00.000000000Z,35,58,108790007,,,,,600,TFO FMG0027_OMPE0000020002012727
2026-05-13T00:00:00.000000000Z,35,85,31143567,1.120000000,1.120000000,1.120000000,1.120000000,50,TFO   6  31143567
2026-05-13T00:00:00.000000000Z,35,58,109773045,,,,,300,TFO FMN0026_OMCE0000080002062626
2026-05-13T00:00:00.000000000Z,35,58,109888345,,,,,50,TFO FMJ0027_OMCE0000050002032527
2026-05-13T00:00:00.000000000Z,35,85,31148064,0.250000000,0.250000000,0.250000000,0.250000000,100,TFO  55  31148064
2026-05-13T00:00:00.000000000Z,35,58,108847186,1.850000000,2.050000000,1.850000000,2.050000000,900,TFO FMM0026_OMCE0000050002052726
2026-05-13T00:00:00.000000000Z,35,58,108565850,0.900000000,0.900000000,0.900000000,0.900000000,500,TFO FQN0026.U0026_OQCE0000100002062
2026-05-13T00:00:00.000000000Z,35,58,108481335,,,,,300,TFO FMH0027_OMPE0000037002022427
2026-05-13T00:00:00.000000000Z,35,85,108482168,2.595000000,2.595000000,2.590000000,2.590000000,25,TFO FMM0026_OMCE0000048002052726
2026-05-13T00:00:00.000000000Z,35,85,31120776,1.970000000,1.970000000,1.970000000,1.970000000,100,TFO   6  31120776
2026-05-13T00:00:00.000000000Z,35,58,108847983,8.720000000,8.720000000,8.720000000,8.720000000,775,TFO FQN0026.U0026_OQPE0000050002062
2026-05-13T00:00:00.000000000Z,35,85,108791757,0.220000000,0.230000000,0.220000000,0.230000000,300,TFO FQF0027.H0027_OQPE0000020002122
2026-05-13T00:00:00.000000000Z,35,58,108482141,,,,,200,TFO FMX0026_OMPE0000043002102726
2026-05-13T00:00:00.000000000Z,35,58,108482155,,,,,200,TFO FMV0026_OMPE0000043002092526
2026-05-13T00:00:00.000000000Z,35,85,31148002,3.475000000,3.475000000,3.475000000,3.475000000,50,TFO  55  31148002
2026-05-13T00:00:00.000000000Z,35,58,109838781,,,,,140,TFO FMV0026_OMCE0000060002092526
2026-05-13T00:00:00.000000000Z,35,85,31147780,12.350000000,12.350000000,12.350000000,12.350000000,150,TFO  56  31147780
2026-05-13T00:00:00.000000000Z,35,58,109254279,,,,,50,TFO FMG0027_OMCE0000100002012727
2026-05-13T00:00:00.000000000Z,35,58,108280825,,,,,800,TFO FMN0026_OMPE0000025002062626
2026-05-13T00:00:00.000000000Z,35,58,108476937,5.250000000,5.350000000,5.250000000,5.350000000,680,TFO FQN0026.U0026_OQPE0000045002062
2026-05-13T00:00:00.000000000Z,35,85,31147584,4.675000000,4.675000000,4.675000000,4.675000000,180,TFO  69  31147584
2026-05-13T00:00:00.000000000Z,35,58,108645525,0.525000000,0.525000000,0.525000000,0.525000000,400,TFO FQF0027.H0027_OQPE0000023002122
2026-05-13T00:00:00.000000000Z,35,58,108455395,,,,,100,TFO FMV0026_OMPE0000040002092526
2026-05-13T00:00:00.000000000Z,35,85,31147717,0.275000000,0.275000000,0.275000000,0.275000000,200,TFO  51  31147717
2026-05-13T00:00:00.000000000Z,35,85,31147847,2.925000000,2.925000000,2.925000000,2.925000000,50,TFO  55  31147847
2026-05-13T00:00:00.000000000Z,35,58,108476931,3.600000000,3.600000000,3.600000000,3.600000000,2325,TFO FQN0026.U0026_OQPE0000042002062
2026-05-13T00:00:00.000000000Z,35,58,109408519,2.490000000,2.500000000,2.350000000,2.430000000,2150,TFO FMN0026_OMCE0000060002062626
2026-05-13T00:00:00.000000000Z,35,58,108685479,,,,,500,TFO FMM0027_OMPE0000020002052627
2026-05-13T00:00:00.000000000Z,35,58,108400937,1.750000000,1.750000000,1.750000000,1.750000000,2050,TFO FMN0026_OMPE0000040002062626
2026-05-13T00:00:00.000000000Z,35,85,31124739,0.425000000,0.425000000,0.425000000,0.425000000,500,TFO   7  31124739
2026-05-13T00:00:00.000000000Z,35,58,108482179,,,,,300,TFO FMZ0026_OMPE0000042002112626
2026-05-13T00:00:00.000000000Z,35,85,31147809,1.100000000,1.100000000,1.100000000,1.100000000,100,TFO  75  31147809
2026-05-13T00:00:00.000000000Z,35,58,108302833,0.830000000,0.830000000,0.830000000,0.830000000,100,TFO FMN0026_OMPE0000037002062626
2026-05-13T00:00:00.000000000Z,35,85,31147748,1.450000000,1.450000000,1.450000000,1.450000000,170,TFO  72  31147748
2026-05-13T00:00:00.000000000Z,35,58,108602791,,,,,500,TFO FMN0027_OMPE0000020002062527
2026-05-13T00:00:00.000000000Z,35,58,108482175,,,,,100,TFO FMZ0026_OMPE0000040002112626
2026-05-13T00:00:00.000000000Z,35,58,109838783,,,,,140,TFO FMX0026_OMCE0000060002102726
2026-05-13T00:00:00.000000000Z,35,58,108481225,,,,,300,TFO FMZ0026_OMPE0000037002112626
2026-05-13T00:00:00.000000000Z,35,58,110812231,,,,,150,TFO FMF0028_OMPE0000041002122427
2026-05-13T00:00:00.000000000Z,35,58,110698946,1.400000000,1.400000000,1.130000000,1.130000000,430,TFO FMM0026_OMCE0000054002052726
2026-05-13T00:00:00.000000000Z,35,58,108847188,4.145000000,4.145000000,4.145000000,4.145000000,750,TFO FMN0026_OMCE0000050002062626
2026-05-13T00:00:00.000000000Z,35,85,31147770,4.230000000,4.230000000,4.230000000,4.230000000,200,TFO  56  31147770
2026-05-13T00:00:00.000000000Z,35,58,108481607,,,,,100,TFO FMZ0027_OMPE0000030002112627
2026-05-13T00:00:00.000000000Z,35,58,108484489,1.175000000,1.175000000,1.175000000,1.175000000,200,TFO FQF0027.H0027_OQPE0000027002122
2026-05-13T00:00:00.000000000Z,35,58,108643805,,,,,400,TFO FMG0027_OMPE0000023002012727
2026-05-13T00:00:00.000000000Z,35,85,31147824,0.280000000,0.280000000,0.280000000,0.280000000,120,TFO  77  31147824
2026-05-13T00:00:00.000000000Z,35,58,108482139,,,,,300,TFO FMX0026_OMPE0000042002102726
2026-05-13T00:00:00.000000000Z,35,58,108481963,,,,,150,TFO FMZ0027_OMPE0000041002112627
2026-05-13T00:00:00.000000000Z,35,58,108847982,5.475000000,5.600000000,5.460000000,5.600000000,650,TFO FQN0026.U0026_OQCE0000050002062
2026-05-13T00:00:00.000000000Z,35,58,108482021,,,,,150,TFO FMX0027_OMPE0000041002102727
2026-05-13T00:00:00.000000000Z,35,58,108482077,,,,,100,TFO FMF0027_OMPE0000040002122426
2026-05-13T00:00:00.000000000Z,35,58,108455389,,,,,300,TFO FMV0026_OMPE0000037002092526
2026-05-13T00:00:00.000000000Z,35,58,109888349,,,,,50,TFO FMM0027_OMCE0000050002052627
2026-05-13T00:00:00.000000000Z,35,85,31147954,0.435000000,0.435000000,0.435000000,0.435000000,200,TFO  51  31147954
2026-05-13T00:00:00.000000000Z,35,85,110698558,0.620000000,0.620000000,0.620000000,0.620000000,25,TFO FMQ0026_OMCE0000125002072726
2026-05-13T00:00:00.000000000Z,35,85,31147593,2.400000000,2.400000000,2.400000000,2.400000000,100,TFO  72  31147593
2026-05-13T00:00:00.000000000Z,35,85,108476851,2.755000000,2.755000000,2.755000000,2.755000000,15,TFO FMM0026_OMPE0000046002052726
2026-05-13T00:00:00.000000000Z,35,58,108428647,,,,,2325,TFO FMQ0026_OMPE0000042002072726
2026-05-13T00:00:00.000000000Z,35,58,108816693,,,,,100,TFO FMG0028_OMPE0000030002012728
2026-05-13T00:00:00.000000000Z,35,58,108816671,,,,,100,TFO FMF0028_OMPE0000030002122427
2026-05-13T00:00:00.000000000Z,35,85,31147762,0.775000000,0.775000000,0.775000000,0.775000000,50,TFO  56  31147762
2026-05-13T00:00:00.000000000Z,35,58,108481221,,,,,400,TFO FMZ0026_OMPE0000035002112626
2026-05-13T00:00:00.000000000Z,35,58,108215811,,,,,500,TFO FMM0026_OMPE0000030002052726
2026-05-13T00:00:00.000000000Z,35,85,108482169,3.735000000,3.735000000,3.735000000,3.735000000,25,TFO FMM0026_OMPE0000048002052726
2026-05-13T00:00:00.000000000Z,35,58,109308583,,,,,15,TFO FMZ0026_OMCE0000050002112626
2026-05-13T00:00:00.000000000Z,35,85,109184383,1.100000000,1.130000000,1.100000000,1.110000000,500,TFO FMM0026_OMCE0000055002052726
2026-05-13T00:00:00.000000000Z,35,58,109888351,,,,,50,TFO FMN0027_OMCE0000050002062527
2026-05-13T00:00:00.000000000Z,35,58,108481941,,,,,100,TFO FMH0027_OMPE0000040002022427
2026-05-13T00:00:00.000000000Z,35,85,31147688,0.075000000,0.075000000,0.075000000,0.075000000,200,TFO   7  31147688
2026-05-13T00:00:00.000000000Z,35,58,109838789,,,,,140,TFO FMG0027_OMCE0000060002012727
2026-05-13T00:00:00.000000000Z,35,58,108248812,0.350000000,0.350000000,0.350000000,0.350000000,400,TFO FMM0026_OMPE0000038002052726
2026-05-13T00:00:00.000000000Z,35,58,108481945,,,,,300,TFO FMH0027_OMPE0000042002022427
2026-05-13T00:00:00.000000000Z,35,58,109184389,,,,,50,TFO FMU0026_OMCE0000055002082626
2026-05-13T00:00:00.000000000Z,35,85,31147532,3.800000000,3.800000000,3.800000000,3.800000000,100,TFO  51  31147532
2026-05-13T00:00:00.000000000Z,35,85,31147583,1.700000000,1.700000000,1.700000000,1.700000000,200,TFO  51  31147583
2026-05-13T00:00:00.000000000Z,35,58,110300819,0.105000000,0.105000000,0.105000000,0.105000000,200,TFO FQF0027.H0027_OQPE0000015002122
2026-05-13T00:00:00.000000000Z,35,85,31147920,0.830000000,0.830000000,0.830000000,0.830000000,100,TFO  56  31147920
2026-05-13T00:00:00.000000000Z,35,58,108481203,,,,,300,TFO FMX0026_OMPE0000037002102726
2026-05-13T00:00:00.000000000Z,35,58,109576073,0.275000000,0.275000000,0.250000000,0.250000000,1600,TFO FMM0026_OMCE0000070002052726
2026-05-13T00:00:00.000000000Z,35,85,109576073,0.300000000,0.300000000,0.280000000,0.280000000,235,TFO FMM0026_OMCE0000070002052726
2026-05-13T00:00:00.000000000Z,35,85,31147845,0.110000000,0.110000000,0.110000000,0.110000000,100,TFO  75  31147845
2026-05-13T00:00:00.000000000Z,35,58,108482168,2.760000000,2.760000000,2.760000000,2.760000000,230,TFO FMM0026_OMCE0000048002052726
2026-05-13T00:00:00.000000000Z,35,58,109408601,3.375000000,3.500000000,3.375000000,3.490000000,1150,TFO FQN0026.U0026_OQCE0000060002062
2026-05-13T00:00:00.000000000Z,35,58,108476853,3.270000000,3.270000000,3.190000000,3.190000000,700,TFO FMM0026_OMPE0000047002052726
2026-05-13T00:00:00.000000000Z,35,58,108790005,,,,,600,TFO FMF0027_OMPE0000020002122426
2026-05-13T00:00:00.000000000Z,35,85,108564122,0.125000000,0.125000000,0.080000000,0.080000000,250,TFO FMM0026_OMCE0000100002052726
2026-05-13T00:00:00.000000000Z,35,58,110150852,,,,,200,TFO FMF0027_OMPE0000019002122426
2026-05-13T00:00:00.000000000Z,35,58,108482153,,,,,300,TFO FMV0026_OMPE0000042002092526
2026-05-13T00:00:00.000000000Z,35,58,108284663,0.340000000,0.340000000,0.340000000,0.340000000,200,TFO FMN0026_OMPE0000034002062626
2026-05-13T00:00:00.000000000Z,35,85,31147504,0.425000000,0.425000000,0.425000000,0.425000000,200,TFO  77  31147504
2026-05-13T00:00:00.000000000Z,35,85,31147596,4.100000000,4.100000000,4.100000000,4.100000000,250,TFO  68  31147596
2026-05-13T00:00:00.000000000Z,35,58,109773047,,,,,300,TFO FMQ0026_OMCE0000080002072726
2026-05-13T00:00:00.000000000Z,35,58,108398562,,,,,400,TFO FMU0026_OMPE0000038002082626
2026-05-13T00:00:00.000000000Z,35,85,31148102,5.900000000,5.900000000,5.900000000,5.900000000,50,TFO  56  31148102
2026-05-13T00:00:00.000000000Z,35,85,31147813,1.890000000,1.935000000,1.890000000,1.935000000,200,TFO  75  31147813
2026-05-13T00:00:00.000000000Z,35,58,109254277,,,,,50,TFO FMF0027_OMCE0000100002122426
2026-05-13T00:00:00.000000000Z,35,85,31147876,0.600000000,0.600000000,0.600000000,0.600000000,50,TFO  49  31147876
2026-05-13T00:00:00.000000000Z,35,85,31147539,1.400000000,1.400000000,1.400000000,1.400000000,200,TFO  50  31147539
2026-05-13T00:00:00.000000000Z,35,85,31147523,0.140000000,0.140000000,0.140000000,0.140000000,400,TFO  77  31147523
2026-05-13T00:00:00.000000000Z,35,58,108401031,1.125000000,1.125000000,0.950000000,1.000000000,2760,TFO FMM0026_OMPE0000042002052726
2026-05-13T00:00:00.000000000Z,35,58,109838787,,,,,140,TFO FMF0027_OMCE0000060002122426
2026-05-13T00:00:00.000000000Z,35,85,31147612,0.720000000,0.720000000,0.720000000,0.720000000,150,TFO  77  31147612
2026-05-13T00:00:00.000000000Z,35,58,108280835,0.120000000,0.120000000,0.120000000,0.120000000,1650,TFO FMN0026_OMPE0000030002062626
2026-05-13T00:00:00.000000000Z,35,85,109184385,3.250000000,3.250000000,3.250000000,3.250000000,10,TFO FMN0026_OMCE0000055002062626
2026-05-13T00:00:00.000000000Z,35,58,108564128,,,,,500,TFO FMU0026_OMCE0000100002082626
2026-05-13T00:00:00.000000000Z,35,58,109370195,0.400000000,0.400000000,0.400000000,0.400000000,500,TFO FMM0026_OMCE0000065002052726
2026-05-13T00:00:00.000000000Z,35,58,108484411,,,,,200,TFO FMG0027_OMPE0000027002012727
2026-05-13T00:00:00.000000000Z,35,58,108685185,0.740000000,0.740000000,0.740000000,0.740000000,200,TFO FSJ0027.U0027_OSPE0000020002032
2026-05-13T00:00:00.000000000Z,35,58,108297427,0.615000000,0.645000000,0.615000000,0.645000000,400,TFO FMN0026_OMPE0000036002062626
2026-05-13T00:00:00.000000000Z,35,85,31147877,3.450000000,3.450000000,3.450000000,3.450000000,50,TFO  55  31147877
2026-05-13T00:00:00.000000000Z,35,58,108481563,,,,,100,TFO FMV0027_OMPE0000030002092427
2026-05-13T00:00:00.000000000Z,35,58,109370215,,,,,200,TFO FMH0027_OMCE0000065002022427
2026-05-13T00:00:00.000000000Z,35,58,110299399,,,,,200,TFO FMH0027_OMPE0000015002022427
2026-05-13T00:00:00.000000000Z,35,58,108481177,2.230000000,2.230000000,2.230000000,2.230000000,400,TFO FQV0026.Z0026_OQPE0000035002092
2026-05-13T00:00:00.000000000Z,35,85,31147646,1.750000000,1.750000000,1.750000000,1.750000000,200,TFO  77  31147646
2026-05-13T00:00:00.000000000Z,35,58,109370199,,,,,1250,TFO FMQ0026_OMCE0000065002072726
2026-05-13T00:00:00.000000000Z,35,85,31147720,2.350000000,2.350000000,2.350000000,2.350000000,200,TFO  55  31147720
2026-05-13T00:00:00.000000000Z,35,85,31147959,-6.150000000,-6.150000000,-6.150000000,-6.150000000,5,TFO  58  31147959
2026-05-13T00:00:00.000000000Z,35,58,108381600,1.400000000,1.400000000,1.400000000,1.400000000,100,TFO FMN0026_OMPE0000039002062626
2026-05-13T00:00:00.000000000Z,35,58,109308587,,,,,15,TFO FMG0027_OMCE0000050002012727
2026-05-13T00:00:00.000000000Z,35,58,109254283,2.955000000,2.955000000,2.955000000,2.955000000,50,TFO FSV0026.H0027_OSCE0000100002092
2026-05-13T00:00:00.000000000Z,35,58,110299395,,,,,200,TFO FMF0027_OMPE0000015002122426
2026-05-13T00:00:00.000000000Z,35,58,108455367,1.070000000,1.070000000,0.920000000,0.980000000,2550,TFO FQN0026.U0026_OQPE0000035002062
2026-05-13T00:00:00.000000000Z,35,85,108790017,0.650000000,0.650000000,0.650000000,0.650000000,300,TFO FYF0027.Z0027_OYPE0000020002122
2026-05-13T00:00:00.000000000Z,35,58,108790015,,,,,400,TFO FMZ0027_OMPE0000020002112627
2026-05-13T00:00:00.000000000Z,35,58,108323493,,,,,400,TFO FMN0026_OMPE0000038002062626
2026-05-13T00:00:00.000000000Z,35,58,110151006,0.225000000,0.225000000,0.225000000,0.225000000,200,TFO FQF0027.H0027_OQPE0000019002122
2026-05-13T00:00:00.000000000Z,35,58,108484401,,,,,50,TFO FMH0027_OMPE0000025002022427
2026-05-13T00:00:00.000000000Z,35,85,31147922,0.950000000,0.950000000,0.950000000,0.950000000,25,TFO  56  31147922
2026-05-13T00:00:00.000000000Z,35,85,31147643,2.025000000,2.025000000,2.025000000,2.025000000,60,TFO  16  31147643
2026-05-13T00:00:00.000000000Z,35,58,109838793,6.100000000,6.180000000,6.100000000,6.180000000,140,TFO FSV0026.H0027_OSCE0000060002092
2026-05-13T00:00:00.000000000Z,35,58,108482009,,,,,100,TFO FMG0027_OMPE0000045002012727
2026-05-13T00:00:00.000000000Z,35,58,108476841,4.340000000,4.340000000,4.230000000,4.230000000,1080,TFO FMN0026_OMPE0000045002062626
2026-05-13T00:00:00.000000000Z,35,58,110012425,0.775000000,0.775000000,0.775000000,0.775000000,500,TFO FSM0026.U0026_OSPE0000035002052
2026-05-13T00:00:00.000000000Z,35,58,108455359,0.300000000,0.300000000,0.300000000,0.300000000,400,TFO FQN0026.U0026_OQPE0000031002062
2026-05-13T00:00:00.000000000Z,35,58,110012415,0.245000000,0.245000000,0.245000000,0.245000000,500,TFO FSM0026.U0026_OSPE0000030002052
2026-05-13T00:00:00.000000000Z,35,58,109308581,,,,,15,TFO FMX0026_OMCE0000050002102726
2026-05-13T00:00:00.000000000Z,35,85,31148170,2.590000000,2.590000000,2.590000000,2.590000000,400,TFO  50  31148170
2026-05-13T00:00:00.000000000Z,35,58,108381946,0.760000000,0.860000000,0.760000000,0.860000000,600,TFO FMM0026_OMPE0000041002052726
2026-05-13T00:00:00.000000000Z,35,58,108484417,,,,,200,TFO FMF0027_OMPE0000027002122426
2026-05-13T00:00:00.000000000Z,35,58,108332543,0.635000000,0.635000000,0.480000000,0.500000000,1900,TFO FMM0026_OMPE0000040002052726
2026-05-13T00:00:00.000000000Z,35,85,108332543,0.570000000,0.590000000,0.505000000,0.590000000,750,TFO FMM0026_OMPE0000040002052726
2026-05-13T00:00:00.000000000Z,35,85,108398552,0.855000000,0.855000000,0.855000000,0.855000000,10,TFO FMU0026_OMPE0000033002082626
2026-05-13T00:00:00.000000000Z,35,58,108790009,,,,,600,TFO FMH0027_OMPE0000020002022427
2026-05-13T00:00:00.000000000Z,35,58,108643803,,,,,400,TFO FMH0027_OMPE0000023002022427
2026-05-13T00:00:00.000000000Z,35,58,109773177,1.700000000,1.700000000,1.700000000,1.700000000,250,TFO FQN0026.U0026_OQCE0000080002062
2026-05-13T00:00:00.000000000Z,35,85,31147761,0.220000000,0.235000000,0.220000000,0.235000000,500,TFO  48  31147761
2026-05-13T00:00:00.000000000Z,35,58,109768645,,,,,200,TFO FMH0027_OMCE0000055002022427
2026-05-13T00:00:00.000000000Z,35,58,108481199,,,,,400,TFO FMX0026_OMPE0000035002102726
2026-05-13T00:00:00.000000000Z,35,58,109308591,7.870000000,7.870000000,7.870000000,7.870000000,15,TFO FSV0026.H0027_OSCE0000050002092
2026-05-13T00:00:00.000000000Z,35,85,31147994,0.500000000,0.500000000,0.500000000,0.500000000,200,TFO  65  31147994
2026-05-13T00:00:00.000000000Z,35,58,109370211,,,,,200,TFO FMF0027_OMCE0000065002122426
2026-05-13T00:00:00.000000000Z,35,58,108847190,,,,,650,TFO FMQ0026_OMCE0000050002072726
2026-05-13T00:00:00.000000000Z,35,58,108482081,,,,,300,TFO FMF0027_OMPE0000042002122426
2026-05-13T00:00:00.000000000Z,35,85,31147964,5.250000000,5.250000000,5.250000000,5.250000000,30,TFO  56  31147964
2026-05-13T00:00:00.000000000Z,35,58,110150848,,,,,200,TFO FMH0027_OMPE0000019002022427
2026-05-13T00:00:00.000000000Z,35,85,31147871,0.600000000,0.600000000,0.600000000,0.600000000,450,TFO  49  31147871
2026-05-13T00:00:00.000000000Z,35,58,109370297,6.350000000,6.350000000,6.350000000,6.350000000,200,TFO FQF0027.H0027_OQCE0000065002122
2026-05-13T00:00:00.000000000Z,35,85,31147750,0.920000000,0.920000000,0.920000000,0.920000000,100,TFO  56  31147750
2026-05-13T00:00:00.000000000Z,35,85,31147590,1.770000000,1.770000000,1.770000000,1.770000000,500,TFO  73  31147590
2026-05-13T00:00:00.000000000Z,35,85,109888357,3.610000000,3.610000000,3.610000000,3.610000000,50,TFO FSJ0027.U0027_OSCE0000050002032
2026-05-13T00:00:00.000000000Z,35,85,108280841,0.270000000,0.270000000,0.270000000,0.270000000,100,TFO FMN0026_OMPE0000033002062626
2026-05-13T00:00:00.000000000Z,35,58,108847193,,,,,775,TFO FMU0026_OMPE0000050002082626
2026-05-13T00:00:00.000000000Z,35,58,109888355,,,,,50,TFO FMU0027_OMCE0000050002082627
2026-05-13T00:00:00.000000000Z,35,85,31148112,1.380000000,1.380000000,1.380000000,1.380000000,100,TFO  55  31148112
2026-05-13T00:00:00.000000000Z,35,58,108564124,,,,,500,TFO FMN0026_OMCE0000100002062626
2026-05-13T00:00:00.000000000Z,35,58,108476859,,,,,680,TFO FMU0026_OMPE0000045002082626
2026-05-13T00:00:00.000000000Z,35,85,31147866,1.290000000,1.290000000,1.290000000,1.290000000,250,TFO  50  31147866
2026-05-13T00:00:00.000000000Z,35,58,108790011,,,,,400,TFO FMV0027_OMPE0000020002092427
2026-05-13T00:00:00.000000000Z,35,58,108482087,,,,,100,TFO FMF0027_OMPE0000045002122426
2026-05-13T00:00:00.000000000Z,35,58,108481309,4.150000000,4.150000000,4.150000000,4.150000000,320,TFO FMG0027_OMPE0000035002012727
2026-05-13T00:00:00.000000000Z,35,58,109769257,7.750000000,7.750000000,7.750000000,7.750000000,200,TFO FQF0027.H0027_OQCE0000055002122
2026-05-13T00:00:00.000000000Z,35,58,109773043,0.140000000,0.140000000,0.135000000,0.135000000,500,TFO FMM0026_OMCE0000080002052726
2026-05-13T00:00:00.000000000Z,35,58,110812237,12.350000000,12.350000000,12.350000000,12.350000000,150,TFO FSV0027.H0028_OSPE0000041002092
2026-05-13T00:00:00.000000000Z,35,58,109254273,,,,,50,TFO FMX0026_OMCE0000100002102726
2026-05-13T00:00:00.000000000Z,35,85,31148048,2.615000000,2.615000000,2.615000000,2.615000000,100,TFO  50  31148048
2026-05-13T00:00:00.000000000Z,35,85,108847186,2.000000000,2.100000000,2.000000000,2.050000000,500,TFO FMM0026_OMCE0000050002052726
2026-05-13T00:00:00.000000000Z,35,85,31147987,5.925000000,5.925000000,5.925000000,5.925000000,25,TFO  56  31147987
2026-05-13T00:00:00.000000000Z,35,58,109370197,,,,,1250,TFO FMN0026_OMCE0000065002062626
2026-05-13T00:00:00.000000000Z,35,58,108400943,3.400000000,3.400000000,3.400000000,3.400000000,2250,TFO FMU0026_OMPE0000040002082626
2026-05-13T00:00:00.000000000Z,35,85,31147703,0.290000000,0.290000000,0.290000000,0.290000000,500,TFO  77  31147703
2026-05-13T00:00:00.000000000Z,35,85,31148013,3.225000000,3.225000000,3.225000000,3.225000000,50,TFO  50  31148013
2026-05-13T00:00:00.000000000Z,35,85,31147757,0.275000000,0.275000000,0.275000000,0.275000000,1000,TFO  55  31147757
2026-05-13T00:00:00.000000000Z,35,85,31147747,0.170000000,0.170000000,0.170000000,0.170000000,250,TFO  73  31147747
2026-05-13T00:00:00.000000000Z,35,58,109408521,,,,,1150,TFO FMQ0026_OMCE0000060002072726
2026-05-13T00:00:00.000000000Z,35,58,108476869,5.600000000,5.600000000,5.600000000,5.600000000,780,TFO FMQ0026_OMPE0000045002072726
2026-05-13T00:00:00.000000000Z,35,58,109308579,,,,,15,TFO FMV0026_OMCE0000050002092526
2026-05-13T00:00:00.000000000Z,35,58,108990636,5.600000000,5.600000000,5.600000000,5.600000000,170,TFO FMG0027_OMCE0000075002012727
2026-05-13T00:00:00.000000000Z,35,58,108455385,,,,,400,TFO FMV0026_OMPE0000035002092526
2026-05-13T00:00:00.000000000Z,35,58,108564113,,,,,800,TFO FMQ0026_OMPE0000025002072726
2026-05-13T00:00:00.000000000Z,35,85,31131209,1.800000000,1.800000000,1.800000000,1.800000000,450,TFO   6  31131209
2026-05-13T00:00:00.000000000Z,35,85,31148023,2.720000000,2.720000000,2.720000000,2.720000000,650,TFO  51  31148023
2026-05-13T00:00:00.000000000Z,35,58,108350892,,,,,400,TFO FMQ0026_OMPE0000038002072726
2026-05-14T00:00:00.000000000Z,35,58,110698318,0.065000000,0.065000000,0.065000000,0.065000000,100,TFO FMM0026_OMCE0000095002052726
2026-05-14T00:00:00.000000000Z,35,85,31148491,0.860000000,0.860000000,0.860000000,0.860000000,800,TFO  65  31148491
2026-05-14T00:00:00.000000000Z,35,58,109370283,4.875000000,4.875000000,4.875000000,4.875000000,150,TFO FQV0026.Z0026_OQCE0000065002092
2026-05-14T00:00:00.000000000Z,35,58,109576087,2.475000000,2.475000000,2.475000000,2.475000000,850,TFO FQN0026.U0026_OQCE0000070002062
2026-05-14T00:00:00.000000000Z,35,58,108784171,,,,,50,TFO FMH0027_OMPE0000021002022427
2026-05-14T00:00:00.000000000Z,35,58,108784177,,,,,50,TFO FMX0027_OMPE0000021002102727
2026-05-14T00:00:00.000000000Z,35,85,31120759,0.980000000,0.980000000,0.980000000,0.980000000,75,TFO   6  31120759
2026-05-14T00:00:00.000000000Z,35,58,108819181,,,,,150,TFO FMG0028_OMPE0000020002012728
2026-05-14T00:00:00.000000000Z,35,58,109768641,7.450000000,7.450000000,7.450000000,7.450000000,350,TFO FMF0027_OMCE0000055002122426
2026-05-14T00:00:00.000000000Z,35,85,31148442,0.225000000,0.225000000,0.225000000,0.225000000,30,TFO  55  31148442
2026-05-14T00:00:00.000000000Z,35,58,108482081,,,,,30,TFO FMF0027_OMPE0000042002122426
2026-05-14T00:00:00.000000000Z,35,85,31148391,0.315000000,0.315000000,0.315000000,0.315000000,100,TFO  58  31148391
2026-05-14T00:00:00.000000000Z,35,85,31148848,1.950000000,1.950000000,1.950000000,1.950000000,40,TFO  77  31148848
2026-05-14T00:00:00.000000000Z,35,58,108784173,,,,,50,TFO FMZ0027_OMPE0000021002112627
2026-05-14T00:00:00.000000000Z,35,85,31148515,0.050000000,0.050000000,0.050000000,0.050000000,100,TFO   6  31148515
2026-05-14T00:00:00.000000000Z,35,85,31148459,1.500000000,1.500000000,1.500000000,1.500000000,100,TFO  50  31148459
2026-05-14T00:00:00.000000000Z,35,58,108646540,,,,,400,TFO FMQ0026_OMCE0000075002072726
2026-05-14T00:00:00.000000000Z,35,58,108790005,,,,,500,TFO FMF0027_OMPE0000020002122426
2026-05-14T00:00:00.000000000Z,35,85,31121267,5.700000000,5.700000000,5.700000000,5.700000000,200,TFO  22  31121267
2026-05-14T00:00:00.000000000Z,35,85,31148781,6.750000000,6.750000000,6.750000000,6.750000000,75,TFO  55  31148781
2026-05-14T00:00:00.000000000Z,35,85,31148795,0.400000000,0.400000000,0.385000000,0.385000000,200,TFO  50  31148795
2026-05-14T00:00:00.000000000Z,35,58,108476858,,,,,400,TFO FMU0026_OMCE0000045002082626
2026-05-14T00:00:00.000000000Z,35,58,108381946,0.675000000,0.675000000,0.485000000,0.485000000,300,TFO FMM0026_OMPE0000041002052726
2026-05-14T00:00:00.000000000Z,35,58,108482184,9.200000000,9.200000000,9.200000000,9.200000000,500,TFO FMZ0026_OMCE0000045002112626
2026-05-14T00:00:00.000000000Z,35,58,109254279,,,,,75,TFO FMG0027_OMCE0000100002012727
2026-05-14T00:00:00.000000000Z,35,58,108302833,0.660000000,0.660000000,0.660000000,0.660000000,900,TFO FMN0026_OMPE0000037002062626
2026-05-14T00:00:00.000000000Z,35,58,108280835,,,,,230,TFO FMN0026_OMPE0000030002062626
2026-05-14T00:00:00.000000000Z,35,58,108847193,,,,,150,TFO FMU0026_OMPE0000050002082626
2026-05-14T00:00:00.000000000Z,35,85,108401031,0.880000000,0.880000000,0.880000000,0.880000000,40,TFO FMM0026_OMPE0000042002052726
2026-05-14T00:00:00.000000000Z,35,58,108816599,2.550000000,2.550000000,2.500000000,2.500000000,100,TFO FSV0027.H0028_OSPE0000025002092
2026-05-14T00:00:00.000000000Z,35,58,109408523,4.700000000,4.700000000,4.700000000,4.700000000,2300,TFO FMU0026_OMCE0000060002082626
2026-05-14T00:00:00.000000000Z,35,58,109184389,,,,,400,TFO FMU0026_OMCE0000055002082626
2026-05-14T00:00:00.000000000Z,35,58,109254273,,,,,75,TFO FMX0026_OMCE0000100002102726
2026-05-14T00:00:00.000000000Z,35,58,108481572,,,,,75,TFO FMV0027_OMCE0000035002092427
2026-05-14T00:00:00.000000000Z,35,58,108476862,,,,,300,TFO FMU0026_OMCE0000047002082626
2026-05-14T00:00:00.000000000Z,35,58,108476852,2.925000000,3.080000000,2.765000000,3.000000000,2975,TFO FMM0026_OMCE0000047002052726
2026-05-14T00:00:00.000000000Z,35,58,108481211,1.100000000,1.100000000,1.100000000,1.100000000,450,TFO FMZ0026_OMPE0000030002112626
2026-05-14T00:00:00.000000000Z,35,58,108245410,0.130000000,0.130000000,0.130000000,0.130000000,1000,TFO FMM0026_OMPE0000037002052726
2026-05-14T00:00:00.000000000Z,35,58,108482003,,,,,30,TFO FMG0027_OMPE0000042002012727
2026-05-14T00:00:00.000000000Z,35,58,109189313,,,,,75,TFO FMH0028_OMCE0000035002022528
2026-05-14T00:00:00.000000000Z,35,85,31148562,1.560000000,1.600000000,1.560000000,1.600000000,2000,TFO  65  31148562
2026-05-14T00:00:00.000000000Z,35,85,31148809,3.875000000,3.875000000,3.875000000,3.875000000,150,TFO  66  31148809
2026-05-14T00:00:00.000000000Z,35,58,109189017,,,,,75,TFO FMG0028_OMCE0000035002012728
2026-05-14T00:00:00.000000000Z,35,85,31148440,0.370000000,0.370000000,0.370000000,0.370000000,100,TFO  51  31148440
2026-05-14T00:00:00.000000000Z,35,58,108646538,1.090000000,1.090000000,1.040000000,1.040000000,850,TFO FMN0026_OMCE0000075002062626
2026-05-14T00:00:00.000000000Z,35,58,108476851,2.250000000,2.250000000,2.250000000,2.250000000,295,TFO FMM0026_OMPE0000046002052726
2026-05-14T00:00:00.000000000Z,35,85,108476851,2.045000000,2.045000000,2.045000000,2.045000000,100,TFO FMM0026_OMPE0000046002052726
2026-05-14T00:00:00.000000000Z,35,58,108381602,2.545000000,2.545000000,2.545000000,2.545000000,550,TFO FMQ0026_OMPE0000040002072726
2026-05-14T00:00:00.000000000Z,35,85,108847186,1.870000000,1.980000000,1.870000000,1.980000000,25,TFO FMM0026_OMCE0000050002052726
2026-05-14T00:00:00.000000000Z,35,58,109185605,4.350000000,4.350000000,4.350000000,4.350000000,400,TFO FQN0026.U0026_OQCE0000055002062
2026-05-14T00:00:00.000000000Z,35,58,108482077,,,,,150,TFO FMF0027_OMPE0000040002122426
2026-05-14T00:00:00.000000000Z,35,58,108398556,1.380000000,1.380000000,1.380000000,1.380000000,1075,TFO FMU0026_OMPE0000035002082626
2026-05-14T00:00:00.000000000Z,35,58,109838789,,,,,75,TFO FMG0027_OMCE0000060002012727
2026-05-14T00:00:00.000000000Z,35,85,31144048,2.450000000,2.450000000,2.450000000,2.450000000,150,TFO  39  31144048
2026-05-14T00:00:00.000000000Z,35,58,108481225,,,,,30,TFO FMZ0026_OMPE0000037002112626
2026-05-14T00:00:00.000000000Z,35,58,109838791,,,,,75,TFO FMH0027_OMCE0000060002022427
2026-05-14T00:00:00.000000000Z,35,85,31148663,0.750000000,0.750000000,0.750000000,0.750000000,25,TFO   7  31148663
2026-05-14T00:00:00.000000000Z,35,58,108484129,,,,,200,TFO FMJ0027_OMPE0000025002032527
2026-05-14T00:00:00.000000000Z,35,58,108400937,1.490000000,1.500000000,1.490000000,1.500000000,2400,TFO FMN0026_OMPE0000040002062626
2026-05-14T00:00:00.000000000Z,35,58,108603585,,,,,50,TFO FMU0027_OMPE0000021002082627
2026-05-14T00:00:00.000000000Z,35,58,109308581,,,,,75,TFO FMX0026_OMCE0000050002102726
2026-05-14T00:00:00.000000000Z,35,85,31148403,0.510000000,0.510000000,0.510000000,0.510000000,150,TFO   7  31148403
2026-05-14T00:00:00.000000000Z,35,85,31148593,17.925000000,17.925000000,17.925000000,17.925000000,40,TFO  54  31148593
2026-05-14T00:00:00.000000000Z,35,85,31148833,1.950000000,1.950000000,1.950000000,1.950000000,30,TFO  77  31148833
2026-05-14T00:00:00.000000000Z,35,58,108646542,,,,,400,TFO FMU0026_OMCE0000075002082626
2026-05-14T00:00:00.000000000Z,35,58,108323493,,,,,10,TFO FMN0026_OMPE0000038002062626
2026-05-14T00:00:00.000000000Z,35,58,108457413,,,,,50,TFO FMV0026_OMPE0000030002092526
2026-05-14T00:00:00.000000000Z,35,85,31148439,0.915000000,0.915000000,0.915000000,0.915000000,100,TFO  56  31148439
2026-05-14T00:00:00.000000000Z,35,85,109617307,2.120000000,2.120000000,2.120000000,2.120000000,50,TFO FMM0026_OMCE0000049002052726
2026-05-14T00:00:00.000000000Z,35,58,108482157,6.400000000,6.400000000,6.225000000,6.225000000,50,TFO FMV0026_OMPE0000044002092526
2026-05-14T00:00:00.000000000Z,35,58,108428899,0.775000000,0.850000000,0.775000000,0.850000000,350,TFO FMM0026_OMPE0000043002052726
2026-05-14T00:00:00.000000000Z,35,85,31148558,5.700000000,5.700000000,5.625000000,5.625000000,400,TFO  53  31148558
2026-05-14T00:00:00.000000000Z,35,58,108481321,2.550000000,2.550000000,2.550000000,2.550000000,400,TFO FMH0027_OMPE0000030002022427
2026-05-14T00:00:00.000000000Z,35,58,108476872,,,,,300,TFO FMQ0026_OMCE0000047002072726
2026-05-14T00:00:00.000000000Z,35,58,108481189,,,,,50,TFO FMX0026_OMPE0000030002102726
2026-05-14T00:00:00.000000000Z,35,85,108332543,0.510000000,0.510000000,0.340000000,0.350000000,355,TFO FMM0026_OMPE0000040002052726
2026-05-14T00:00:00.000000000Z,35,85,31148454,2.460000000,2.460000000,2.460000000,2.460000000,450,TFO  50  31148454
2026-05-14T00:00:00.000000000Z,35,58,109768643,,,,,300,TFO FMG0027_OMCE0000055002012727
2026-05-14T00:00:00.000000000Z,35,58,109370195,0.350000000,0.350000000,0.350000000,0.350000000,125,TFO FMM0026_OMCE0000065002052726
2026-05-14T00:00:00.000000000Z,35,85,109838938,1.125000000,1.125000000,1.125000000,1.125000000,10,TFO FMU0026_OMPE0000034502082626
2026-05-14T00:00:00.000000000Z,35,58,108481316,16.800000000,16.800000000,16.800000000,16.800000000,75,TFO FMH0027_OMCE0000028002022427
2026-05-14T00:00:00.000000000Z,35,58,108484171,,,,,200,TFO FMN0027_OMPE0000025002062527
2026-05-14T00:00:00.000000000Z,35,58,108484209,,,,,100,TFO FMX0027_OMPE0000025002102727
2026-05-14T00:00:00.000000000Z,35,58,108476844,,,,,300,TFO FMN0026_OMCE0000047002062626
2026-05-14T00:00:00.000000000Z,35,58,109592763,,,,,300,TFO FMX0026_OMCE0000055002102726
2026-05-14T00:00:00.000000000Z,35,85,31148511,0.740000000,0.740000000,0.740000000,0.740000000,1000,TFO   4  31148511
2026-05-14T00:00:00.000000000Z,35,58,108847188,4.275000000,4.300000000,4.275000000,4.300000000,3700,TFO FMN0026_OMCE0000050002062626
2026-05-14T00:00:00.000000000Z,35,58,108338602,0.915000000,0.915000000,0.915000000,0.915000000,575,TFO FMQ0026_OMPE0000035002072726
2026-05-14T00:00:00.000000000Z,35,85,31148662,0.510000000,0.525000000,0.510000000,0.510000000,115,TFO   7  31148662
2026-05-14T00:00:00.000000000Z,35,58,108481503,,,,,100,TFO FMQ0027_OMPE0000033002072727
2026-05-14T00:00:00.000000000Z,35,58,108602793,,,,,50,TFO FMQ0027_OMPE0000021002072727
2026-05-14T00:00:00.000000000Z,35,58,108338592,,,,,230,TFO FMQ0026_OMPE0000030002072726
2026-05-14T00:00:00.000000000Z,35,85,31148724,1.200000000,1.200000000,1.200000000,1.200000000,75,TFO   4  31148724
2026-05-14T00:00:00.000000000Z,35,58,110704970,3.400000000,3.400000000,3.400000000,3.400000000,2000,TFO FMN0026_OMCE0000054002062626
2026-05-14T00:00:00.000000000Z,35,85,31148857,0.600000000,0.600000000,0.600000000,0.600000000,25,TFO  55  31148857
2026-05-14T00:00:00.000000000Z,35,58,108784179,,,,,50,TFO FMF0027_OMPE0000021002122426
2026-05-14T00:00:00.000000000Z,35,58,110698316,0.115000000,0.115000000,0.115000000,0.115000000,100,TFO FMM0026_OMCE0000085002052726
2026-05-14T00:00:00.000000000Z,35,58,109838783,,,,,75,TFO FMX0026_OMCE0000060002102726
2026-05-14T00:00:00.000000000Z,35,85,31148557,0.970000000,0.970000000,0.970000000,0.970000000,300,TFO  55  31148557
2026-05-14T00:00:00.000000000Z,35,58,109254275,,,,,75,TFO FMZ0026_OMCE0000100002112626
2026-05-14T00:00:00.000000000Z,35,58,109370207,,,,,350,TFO FMZ0026_OMCE0000065002112626
2026-05-14T00:00:00.000000000Z,35,58,109768645,,,,,300,TFO FMH0027_OMCE0000055002022427
2026-05-14T00:00:00.000000000Z,35,58,109308649,7.500000000,7.500000000,7.500000000,7.500000000,75,TFO FQV0026.Z0026_OQCE0000050002092
2026-05-14T00:00:00.000000000Z,35,58,108481347,5.650000000,5.650000000,5.650000000,5.650000000,100,TFO FSJ0027.U0027_OSPE0000033002032
2026-05-14T00:00:00.000000000Z,35,85,31148836,0.875000000,0.875000000,0.875000000,0.875000000,50,TFO  56  31148836
2026-05-14T00:00:00.000000000Z,35,58,109254281,,,,,75,TFO FMH0027_OMCE0000100002022427
2026-05-14T00:00:00.000000000Z,35,58,108484111,1.850000000,1.850000000,1.850000000,1.850000000,200,TFO FSJ0027.U0027_OSPE0000025002032
2026-05-14T00:00:00.000000000Z,35,58,108790011,,,,,650,TFO FMV0027_OMPE0000020002092427
2026-05-14T00:00:00.000000000Z,35,58,108401031,0.925000000,0.925000000,0.925000000,0.925000000,50,TFO FMM0026_OMPE0000042002052726
2026-05-14T00:00:00.000000000Z,35,85,31148870,1.450000000,1.450000000,1.450000000,1.450000000,200,TFO  47  31148870
2026-05-14T00:00:00.000000000Z,35,58,108847190,,,,,1150,TFO FMQ0026_OMCE0000050002072726
2026-05-14T00:00:00.000000000Z,35,85,31148601,1.825000000,1.825000000,1.825000000,1.825000000,25,TFO  72  31148601
2026-05-14T00:00:00.000000000Z,35,58,108482535,8.275000000,8.275000000,8.275000000,8.275000000,30,TFO FQF0027.H0027_OQPE0000042002122
2026-05-14T00:00:00.000000000Z,35,58,108482168,2.555000000,2.650000000,2.555000000,2.650000000,300,TFO FMM0026_OMCE0000048002052726
2026-05-14T00:00:00.000000000Z,35,58,109254271,,,,,75,TFO FMV0026_OMCE0000100002092526
2026-05-14T00:00:00.000000000Z,35,85,31148468,0.685000000,0.685000000,0.685000000,0.685000000,50,TFO  77  31148468
2026-05-14T00:00:00.000000000Z,35,85,108215821,0.145000000,0.145000000,0.145000000,0.145000000,500,TFO FMM0026_OMPE0000035002052726
2026-05-14T00:00:00.000000000Z,35,58,108847191,,,,,150,TFO FMQ0026_OMPE0000050002072726
2026-05-14T00:00:00.000000000Z,35,85,31148510,17.800000000,17.800000000,17.800000000,17.800000000,35,TFO  16  31148510
2026-05-14T00:00:00.000000000Z,35,58,108455395,,,,,150,TFO FMV0026_OMPE0000040002092526
2026-05-14T00:00:00.000000000Z,35,58,108484181,,,,,200,TFO FMQ0027_OMPE0000025002072727
2026-05-14T00:00:00.000000000Z,35,58,110704966,3.825000000,3.825000000,3.825000000,3.825000000,100,TFO FMN0026_OMCE0000052002062626
2026-05-14T00:00:00.000000000Z,35,58,108484189,,,,,200,TFO FMU0027_OMPE0000025002082627
2026-05-14T00:00:00.000000000Z,35,85,31148404,2.925000000,2.925000000,2.925000000,2.925000000,25,TFO  55  31148404
2026-05-14T00:00:00.000000000Z,35,58,110615018,,,,,75,TFO FMX0026_OMCE0000080002102726
2026-05-14T00:00:00.000000000Z,35,85,108455357,0.280000000,0.280000000,0.280000000,0.280000000,5,TFO FQN0026.U0026_OQPE0000030002062
2026-05-14T00:00:00.000000000Z,35,58,108643821,,,,,50,TFO FMK0027_OMPE0000021002042627
2026-05-14T00:00:00.000000000Z,35,85,31148493,0.860000000,0.860000000,0.860000000,0.860000000,50,TFO  65  31148493
2026-05-14T00:00:00.000000000Z,35,58,109184385,,,,,400,TFO FMN0026_OMCE0000055002062626
2026-05-14T00:00:00.000000000Z,35,85,109184385,3.350000000,3.350000000,3.350000000,3.350000000,100,TFO FMN0026_OMCE0000055002062626
2026-05-14T00:00:00.000000000Z,35,58,108790009,,,,,500,TFO FMH0027_OMPE0000020002022427
2026-05-14T00:00:00.000000000Z,35,58,108643817,,,,,500,TFO FMU0027_OMPE0000020002082627
2026-05-14T00:00:00.000000000Z,35,58,109370203,,,,,350,TFO FMV0026_OMCE0000065002092526
2026-05-14T00:00:00.000000000Z,35,85,31148526,1.260000000,1.260000000,1.260000000,1.260000000,450,TFO  50  31148526
2026-05-14T00:00:00.000000000Z,35,58,108847186,1.950000000,2.050000000,1.900000000,2.050000000,550,TFO FMM0026_OMCE0000050002052726
2026-05-14T00:00:00.000000000Z,35,58,108297427,0.620000000,0.620000000,0.620000000,0.620000000,900,TFO FMN0026_OMPE0000036002062626
2026-05-14T00:00:00.000000000Z,35,58,108816715,,,,,75,TFO FMH0028_OMPE0000030002022528
2026-05-14T00:00:00.000000000Z,35,58,109370271,5.500000000,5.500000000,5.500000000,5.500000000,200,TFO FSV0026.H0027_OSCE0000065002092
2026-05-14T00:00:00.000000000Z,35,85,31148405,0.300000000,0.300000000,0.260000000,0.300000000,150,TFO  58  31148405
2026-05-14T00:00:00.000000000Z,35,85,31148896,1.525000000,1.525000000,1.525000000,1.525000000,1100,TFO  56  31148896
2026-05-14T00:00:00.000000000Z,35,58,108476848,,,,,25,TFO FMM0026_OMCE0000045002052726
2026-05-14T00:00:00.000000000Z,35,58,109370205,,,,,350,TFO FMX0026_OMCE0000065002102726
2026-05-14T00:00:00.000000000Z,35,85,31148416,4.375000000,4.375000000,4.375000000,4.375000000,250,TFO  58  31148416
2026-05-14T00:00:00.000000000Z,35,58,109308579,,,,,75,TFO FMV0026_OMCE0000050002092526
2026-05-14T00:00:00.000000000Z,35,58,108476936,7.050000000,7.050000000,7.050000000,7.050000000,400,TFO FQN0026.U0026_OQCE0000045002062
2026-05-14T00:00:00.000000000Z,35,58,109838787,,,,,75,TFO FMF0027_OMCE0000060002122426
2026-05-14T00:00:00.000000000Z,35,85,31148452,2.350000000,2.350000000,2.350000000,2.350000000,100,TFO  68  31148452
2026-05-14T00:00:00.000000000Z,35,85,31148713,0.770000000,0.770000000,0.770000000,0.770000000,70,TFO  51  31148713
2026-05-14T00:00:00.000000000Z,35,58,108455905,2.225000000,2.225000000,2.225000000,2.225000000,300,TFO FQN0026.U0026_OQPE0000040002062
2026-05-14T00:00:00.000000000Z,35,85,31148838,1.950000000,1.950000000,1.950000000,1.950000000,30,TFO  77  31148838
2026-05-14T00:00:00.000000000Z,35,58,108476869,5.290000000,5.350000000,5.290000000,5.350000000,450,TFO FMQ0026_OMPE0000045002072726
2026-05-14T00:00:00.000000000Z,35,58,109576079,,,,,850,TFO FMU0026_OMCE0000070002082626
2026-05-14T00:00:00.000000000Z,35,85,31142830,0.490000000,0.490000000,0.490000000,0.490000000,100,TFO  75  31142830
2026-05-14T00:00:00.000000000Z,35,58,108790007,,,,,500,TFO FMG0027_OMPE0000020002012727
2026-05-14T00:00:00.000000000Z,35,58,108484149,,,,,200,TFO FMM0027_OMPE0000025002052627
2026-05-14T00:00:00.000000000Z,35,58,108847189,,,,,150,TFO FMN0026_OMPE0000050002062626
2026-05-14T00:00:00.000000000Z,35,85,31148430,5.275000000,5.275000000,5.275000000,5.275000000,30,TFO  64  31148430
2026-05-14T00:00:00.000000000Z,35,58,109184387,,,,,400,TFO FMQ0026_OMCE0000055002072726
2026-05-14T00:00:00.000000000Z,35,58,109576077,,,,,850,TFO FMQ0026_OMCE0000070002072726
2026-05-14T00:00:00.000000000Z,35,58,108455389,,,,,30,TFO FMV0026_OMPE0000037002092526
2026-05-14T00:00:00.000000000Z,35,85,31148679,0.660000000,0.660000000,0.660000000,0.660000000,900,TFO  56  31148679
2026-05-14T00:00:00.000000000Z,35,58,108293633,,,,,475,TFO FMN0026_OMPE0000035002062626
2026-05-14T00:00:00.000000000Z,35,58,108847192,6.710000000,6.710000000,6.710000000,6.710000000,1750,TFO FMU0026_OMCE0000050002082626
2026-05-14T00:00:00.000000000Z,35,85,31148897,0.000000000,0.000000000,0.000000000,0.000000000,200,TFO  74  31148897
2026-05-14T00:00:00.000000000Z,35,58,108660842,2.000000000,2.000000000,2.000000000,2.000000000,400,TFO FQN0026.U0026_OQCE0000075002062
2026-05-14T00:00:00.000000000Z,35,58,108332543,0.520000000,0.520000000,0.330000000,0.350000000,1970,TFO FMM0026_OMPE0000040002052726
2026-05-14T00:00:00.000000000Z,35,58,108481945,,,,,30,TFO FMH0027_OMPE0000042002022427
2026-05-14T00:00:00.000000000Z,35,58,108481950,9.800000000,9.800000000,9.800000000,9.800000000,500,TFO FMH0027_OMCE0000045002022427
2026-05-14T00:00:00.000000000Z,35,58,108819183,,,,,150,TFO FMF0028_OMPE0000020002122427
2026-05-14T00:00:00.000000000Z,35,85,31148797,0.325000000,0.325000000,0.325000000,0.325000000,250,TFO  58  31148797
2026-05-14T00:00:00.000000000Z,35,58,109596767,1.600000000,1.620000000,1.500000000,1.500000000,5750,TFO FMM0026_OMCE0000052002052726
2026-05-14T00:00:00.000000000Z,35,58,109335151,5.450000000,5.450000000,5.450000000,5.450000000,50,TFO FMF0027_OMCE0000070002122426
2026-05-14T00:00:00.000000000Z,35,58,109576075,1.430000000,1.430000000,1.430000000,1.430000000,1025,TFO FMN0026_OMCE0000070002062626
2026-05-14T00:00:00.000000000Z,35,58,109370213,,,,,200,TFO FMG0027_OMCE0000065002012727
2026-05-14T00:00:00.000000000Z,35,58,108476846,4.550000000,4.550000000,4.550000000,4.550000000,2000,TFO FMM0026_OMCE0000044002052726
2026-05-14T00:00:00.000000000Z,35,58,109592761,,,,,300,TFO FMV0026_OMCE0000055002092526
2026-05-14T00:00:00.000000000Z,35,58,109370197,1.820000000,1.870000000,1.820000000,1.870000000,650,TFO FMN0026_OMCE0000065002062626
2026-05-14T00:00:00.000000000Z,35,58,108481181,3.000000000,3.000000000,3.000000000,3.000000000,30,TFO FQV0026.Z0026_OQPE0000037002092
2026-05-14T00:00:00.000000000Z,35,58,108481616,,,,,75,TFO FMZ0027_OMCE0000035002112627
2026-05-14T00:00:00.000000000Z,35,58,109408519,2.350000000,2.490000000,2.300000000,2.300000000,2325,TFO FMN0026_OMCE0000060002062626
2026-05-14T00:00:00.000000000Z,35,85,108455373,1.600000000,1.600000000,1.600000000,1.600000000,10,TFO FQN0026.U0026_OQPE0000038002062
2026-05-14T00:00:00.000000000Z,35,85,110698946,1.210000000,1.210000000,1.210000000,1.210000000,25,TFO FMM0026_OMCE0000054002052726
2026-05-14T00:00:00.000000000Z,35,58,108476840,,,,,400,TFO FMN0026_OMCE0000045002062626
2026-05-14T00:00:00.000000000Z,35,58,108482175,,,,,150,TFO FMZ0026_OMPE0000040002112626
2026-05-14T00:00:00.000000000Z,35,58,108481437,,,,,100,TFO FMM0027_OMPE0000033002052627
2026-05-14T00:00:00.000000000Z,35,58,108455367,0.960000000,1.000000000,0.915000000,0.915000000,475,TFO FQN0026.U0026_OQPE0000035002062
2026-05-14T00:00:00.000000000Z,35,58,109254283,2.975000000,2.975000000,2.975000000,2.975000000,75,TFO FSV0026.H0027_OSCE0000100002092
2026-05-14T00:00:00.000000000Z,35,85,31148852,0.350000000,0.350000000,0.350000000,0.350000000,100,TFO  56  31148852
2026-05-14T00:00:00.000000000Z,35,58,108643819,,,,,50,TFO FMM0027_OMPE0000021002052627
2026-05-14T00:00:00.000000000Z,35,58,109254277,,,,,75,TFO FMF0027_OMCE0000100002122426
2026-05-14T00:00:00.000000000Z,35,85,31148555,2.800000000,2.800000000,2.800000000,2.800000000,75,TFO  77  31148555
2026-05-14T00:00:00.000000000Z,35,58,108215821,0.110000000,0.150000000,0.110000000,0.150000000,425,TFO FMM0026_OMPE0000035002052726
2026-05-14T00:00:00.000000000Z,35,58,108643823,,,,,50,TFO FMJ0027_OMPE0000021002032527
2026-05-14T00:00:00.000000000Z,35,58,108476839,3.325000000,3.325000000,3.325000000,3.325000000,2000,TFO FMN0026_OMPE0000044002062626
2026-05-14T00:00:00.000000000Z,35,85,31148906,0.485000000,0.485000000,0.485000000,0.485000000,100,TFO  56  31148906
2026-05-14T00:00:00.000000000Z,35,58,108816693,,,,,75,TFO FMG0028_OMPE0000030002012728
2026-05-14T00:00:00.000000000Z,35,58,108819179,,,,,150,TFO FMH0028_OMPE0000020002022528
2026-05-14T00:00:00.000000000Z,35,85,31148604,0.440000000,0.440000000,0.440000000,0.440000000,650,TFO  50  31148604
2026-05-14T00:00:00.000000000Z,35,58,108484203,,,,,100,TFO FMV0027_OMPE0000025002092427
2026-05-14T00:00:00.000000000Z,35,85,31148753,0.625000000,0.625000000,0.625000000,0.625000000,25,TFO  55  31148753
2026-05-14T00:00:00.000000000Z,35,58,108476853,2.910000000,2.910000000,2.860000000,2.860000000,765,TFO FMM0026_OMPE0000047002052726
2026-05-14T00:00:00.000000000Z,35,85,108476853,2.400000000,2.400000000,2.400000000,2.400000000,15,TFO FMM0026_OMPE0000047002052726
2026-05-14T00:00:00.000000000Z,35,58,108816589,1.025000000,1.025000000,1.025000000,1.025000000,150,TFO FSV0027.H0028_OSPE0000020002092
2026-05-14T00:00:00.000000000Z,35,58,108350892,,,,,10,TFO FMQ0026_OMPE0000038002072726
2026-05-14T00:00:00.000000000Z,35,85,31147845,0.080000000,0.080000000,0.080000000,0.080000000,450,TFO  75  31147845
2026-05-14T00:00:00.000000000Z,35,58,108816683,,,,,100,TFO FMG0028_OMPE0000025002012728
2026-05-14T00:00:00.000000000Z,35,58,108816705,,,,,100,TFO FMH0028_OMPE0000025002022528
2026-05-14T00:00:00.000000000Z,35,85,31148386,0.410000000,0.410000000,0.410000000,0.410000000,75,TFO  51  31148386
2026-05-14T00:00:00.000000000Z,35,58,108400943,3.360000000,3.360000000,3.360000000,3.360000000,600,TFO FMU0026_OMPE0000040002082626
2026-05-14T00:00:00.000000000Z,35,58,108476849,1.950000000,1.950000000,1.525000000,1.525000000,1550,TFO FMM0026_OMPE0000045002052726
2026-05-14T00:00:00.000000000Z,35,85,108476849,1.980000000,1.980000000,1.500000000,1.500000000,60,TFO FMM0026_OMPE0000045002052726
2026-05-14T00:00:00.000000000Z,35,58,108685483,,,,,500,TFO FMJ0027_OMPE0000020002032527
2026-05-14T00:00:00.000000000Z,35,58,108481525,,,,,100,TFO FMU0027_OMPE0000033002082627
2026-05-14T00:00:00.000000000Z,35,58,108602791,,,,,500,TFO FMN0027_OMPE0000020002062527
2026-05-14T00:00:00.000000000Z,35,58,110705006,0.900000000,0.900000000,0.900000000,0.900000000,1000,TFO FMM0026_OMCE0000057002052726
2026-05-14T00:00:00.000000000Z,35,58,108481481,,,,,100,TFO FMN0027_OMPE0000033002062527
2026-05-14T00:00:00.000000000Z,35,85,31148589,2.000000000,2.000000000,2.000000000,2.000000000,50,TFO   6  31148589
2026-05-14T00:00:00.000000000Z,35,58,108476847,1.365000000,1.365000000,1.100000000,1.100000000,290,TFO FMM0026_OMPE0000044002052726
2026-05-14T00:00:00.000000000Z,35,58,108482511,4.430000000,4.430000000,4.430000000,4.430000000,150,TFO FQV0026.Z0026_OQPE0000040002092
2026-05-14T00:00:00.000000000Z,35,58,108481941,,,,,150,TFO FMH0027_OMPE0000040002022427
2026-05-14T00:00:00.000000000Z,35,58,110615020,,,,,75,TFO FMZ0026_OMCE0000080002112626
2026-05-14T00:00:00.000000000Z,35,58,108248812,0.305000000,0.305000000,0.305000000,0.305000000,100,TFO FMM0026_OMPE0000038002052726
2026-05-14T00:00:00.000000000Z,35,85,108248812,0.200000000,0.200000000,0.200000000,0.200000000,100,TFO FMM0026_OMPE0000038002052726
2026-05-14T00:00:00.000000000Z,35,85,31148537,2.550000000,2.550000000,2.500000000,2.500000000,100,TFO  56  31148537
2026-05-14T00:00:00.000000000Z,35,85,31148488,0.070000000,0.070000000,0.070000000,0.070000000,200,TFO  72  31148488
2026-05-14T00:00:00.000000000Z,35,58,108481999,,,,,150,TFO FMG0027_OMPE0000040002012727
2026-05-14T00:00:00.000000000Z,35,58,108790015,,,,,650,TFO FMZ0027_OMPE0000020002112627
2026-05-14T00:00:00.000000000Z,35,58,108476940,6.335000000,6.335000000,6.335000000,6.335000000,300,TFO FQN0026.U0026_OQCE0000047002062
2026-05-14T00:00:00.000000000Z,35,58,108646536,0.215000000,0.215000000,0.215000000,0.215000000,100,TFO FMM0026_OMCE0000075002052726
2026-05-14T00:00:00.000000000Z,35,58,108816661,,,,,100,TFO FMF0028_OMPE0000025002122427
2026-05-14T00:00:00.000000000Z,35,58,108398562,,,,,10,TFO FMU0026_OMPE0000038002082626
2026-05-14T00:00:00.000000000Z,35,58,110617284,3.450000000,3.450000000,3.450000000,3.450000000,75,TFO FQV0026.Z0026_OQCE0000080002092
2026-05-14T00:00:00.000000000Z,35,58,108575981,,,,,50,TFO FMN0027_OMPE0000021002062527
2026-05-14T00:00:00.000000000Z,35,58,109184383,1.050000000,1.050000000,0.970000000,1.000000000,1150,TFO FMM0026_OMCE0000055002052726
2026-05-14T00:00:00.000000000Z,35,58,108784175,,,,,50,TFO FMG0027_OMPE0000021002012727
2026-05-14T00:00:00.000000000Z,35,58,108816609,4.850000000,4.850000000,4.850000000,4.850000000,75,TFO FSV0027.H0028_OSPE0000030002092
2026-05-14T00:00:00.000000000Z,35,58,109370215,,,,,200,TFO FMH0027_OMCE0000065002022427
2026-05-14T00:00:00.000000000Z,35,58,108484401,1.000000000,1.125000000,1.000000000,1.125000000,75,TFO FMH0027_OMPE0000025002022427
2026-05-14T00:00:00.000000000Z,35,85,31128445,2.200000000,2.200000000,2.200000000,2.200000000,250,TFO  16  31128445
2026-05-14T00:00:00.000000000Z,35,58,108398546,,,,,230,TFO FMU0026_OMPE0000030002082626
2026-05-14T00:00:00.000000000Z,35,58,108481607,,,,,75,TFO FMZ0027_OMPE0000030002112627
2026-05-14T00:00:00.000000000Z,35,58,109592765,,,,,300,TFO FMZ0026_OMCE0000055002112626
2026-05-14T00:00:00.000000000Z,35,58,108481167,0.875000000,0.875000000,0.875000000,0.875000000,50,TFO FQV0026.Z0026_OQPE0000030002092
2026-05-14T00:00:00.000000000Z,35,58,108685481,,,,,500,TFO FMK0027_OMPE0000020002042627
2026-05-14T00:00:00.000000000Z,35,58,108816671,,,,,75,TFO FMF0028_OMPE0000030002122427
2026-05-14T00:00:00.000000000Z,35,58,31127534,0.140000000,0.150000000,0.140000000,0.150000000,100,TFO   7  31127534
2026-05-14T00:00:00.000000000Z,35,85,31148406,0.300000000,0.300000000,0.260000000,0.300000000,150,TFO  58  31148406
2026-05-14T00:00:00.000000000Z,35,85,110795292,0.435000000,0.435000000,0.435000000,0.435000000,100,TFO FMM0026_OMCE0000062002052726
2026-05-14T00:00:00.000000000Z,35,58,109189343,6.750000000,6.750000000,6.750000000,6.750000000,75,TFO FSV0027.H0028_OSCE0000035002092
2026-05-14T00:00:00.000000000Z,35,58,108685479,,,,,500,TFO FMM0027_OMPE0000020002052627
2026-05-14T00:00:00.000000000Z,35,58,108476868,,,,,400,TFO FMQ0026_OMCE0000045002072726
2026-05-14T00:00:00.000000000Z,35,58,108484215,,,,,100,TFO FMZ0027_OMPE0000025002112627
2026-05-14T00:00:00.000000000Z,35,85,31148480,0.835000000,0.835000000,0.835000000,0.835000000,300,TFO  50  31148480
2026-05-14T00:00:00.000000000Z,35,58,109408517,0.560000000,0.660000000,0.560000000,0.600000000,900,TFO FMM0026_OMCE0000060002052726
2026-05-14T00:00:00.000000000Z,35,58,108481585,,,,,75,TFO FMX0027_OMPE0000030002102727
2026-05-14T00:00:00.000000000Z,35,58,110615016,,,,,75,TFO FMV0026_OMCE0000080002092526
2026-05-14T00:00:00.000000000Z,35,85,31148492,0.600000000,0.600000000,0.600000000,0.600000000,300,TFO  75  31148492
2026-05-14T00:00:00.000000000Z,35,58,108481393,,,,,100,TFO FMJ0027_OMPE0000033002032527
2026-05-14T00:00:00.000000000Z,35,85,31148636,2.725000000,2.725000000,2.725000000,2.725000000,2000,TFO  68  31148636
2026-05-14T00:00:00.000000000Z,35,85,31148770,7.225000000,7.225000000,7.225000000,7.225000000,100,TFO  55  31148770
2026-05-14T00:00:00.000000000Z,35,85,31148503,1.700000000,1.700000000,1.700000000,1.700000000,25,TFO  70  31148503
2026-05-14T00:00:00.000000000Z,35,85,108790017,0.560000000,0.600000000,0.560000000,0.600000000,500,TFO FYF0027.Z0027_OYPE0000020002122
2026-05-14T00:00:00.000000000Z,35,85,108482168,2.640000000,2.640000000,2.640000000,2.640000000,50,TFO FMM0026_OMCE0000048002052726
2026-05-14T00:00:00.000000000Z,35,85,31148436,2.555000000,2.555000000,2.555000000,2.555000000,100,TFO  55  31148436
2026-05-14T00:00:00.000000000Z,35,58,108482135,,,,,150,TFO FMX0026_OMPE0000040002102726
2026-05-14T00:00:00.000000000Z,35,85,31148609,0.230000000,0.230000000,0.230000000,0.230000000,35,TFO  75  31148609
2026-05-14T00:00:00.000000000Z,35,85,31148758,0.615000000,0.615000000,0.615000000,0.615000000,75,TFO  51  31148758
2026-05-14T00:00:00.000000000Z,35,58,109768647,7.000000000,7.225000000,7.000000000,7.225000000,300,TFO FSV0026.H0027_OSCE0000055002092
2026-05-14T00:00:00.000000000Z,35,85,108476852,3.150000000,3.150000000,3.150000000,3.150000000,5,TFO FMM0026_OMCE0000047002052726
2026-05-14T00:00:00.000000000Z,35,58,108482531,6.880000000,6.880000000,6.880000000,6.880000000,150,TFO FQF0027.H0027_OQPE0000040002122
2026-05-14T00:00:00.000000000Z,35,58,109838781,,,,,75,TFO FMV0026_OMCE0000060002092526
2026-05-14T00:00:00.000000000Z,35,85,31129666,2.400000000,2.400000000,2.400000000,2.400000000,25,TFO   4  31129666
2026-05-14T00:00:00.000000000Z,35,58,108790013,,,,,650,TFO FMX0027_OMPE0000020002102727
2026-05-14T00:00:00.000000000Z,35,58,108455357,0.300000000,0.300000000,0.250000000,0.250000000,225,TFO FQN0026.U0026_OQPE0000030002062
2026-05-14T00:00:00.000000000Z,35,85,31148486,0.600000000,0.600000000,0.600000000,0.600000000,500,TFO  46  31148486
2026-05-14T00:00:00.000000000Z,35,58,108847983,8.075000000,8.075000000,8.075000000,8.075000000,150,TFO FQN0026.U0026_OQPE0000050002062
2026-05-14T00:00:00.000000000Z,35,58,108482160,8.100000000,8.100000000,8.050000000,8.050000000,50,TFO FMV0026_OMCE0000046002092526
2026-05-14T00:00:00.000000000Z,35,58,109308583,,,,,75,TFO FMZ0026_OMCE0000050002112626
2026-05-14T00:00:00.000000000Z,35,85,31148458,1.500000000,1.500000000,1.500000000,1.500000000,100,TFO  50  31148458
2026-05-14T00:00:00.000000000Z,35,58,109576073,0.225000000,0.260000000,0.225000000,0.260000000,730,TFO FMM0026_OMCE0000070002052726
2026-05-14T00:00:00.000000000Z,35,85,109576073,0.245000000,0.245000000,0.230000000,0.230000000,100,TFO FMM0026_OMCE0000070002052726
2026-05-14T00:00:00.000000000Z,35,58,108640515,,,,,500,TFO FMQ0027_OMPE0000020002072727
2026-05-14T00:00:00.000000000Z,35,58,108481563,,,,,75,TFO FMV0027_OMPE0000030002092427
2026-05-14T00:00:00.000000000Z,35,85,31148863,1.450000000,1.450000000,1.450000000,1.450000000,200,TFO  47  31148863
2026-05-14T00:00:00.000000000Z,35,58,108481203,,,,,30,TFO FMX0026_OMPE0000037002102726
2026-05-14T00:00:00.000000000Z,35,58,108381600,1.320000000,1.320000000,1.320000000,1.320000000,450,TFO FMN0026_OMPE0000039002062626
2026-05-14T00:00:00.000000000Z,35,58,109838793,6.250000000,6.250000000,6.250000000,6.250000000,75,TFO FSV0026.H0027_OSCE0000060002092
2026-05-14T00:00:00.000000000Z,35,85,31148533,3.275000000,3.275000000,3.275000000,3.275000000,75,TFO  50  31148533
2026-05-14T00:00:00.000000000Z,35,58,109838785,,,,,75,TFO FMZ0026_OMCE0000060002112626
2026-05-14T00:00:00.000000000Z,35,58,108482169,3.050000000,3.050000000,3.050000000,3.050000000,200,TFO FMM0026_OMPE0000048002052726
2026-05-14T00:00:00.000000000Z,35,85,108482169,3.065000000,3.065000000,3.065000000,3.065000000,50,TFO FMM0026_OMPE0000048002052726
2026-05-14T00:00:00.000000000Z,35,85,31148820,0.180000000,0.180000000,0.180000000,0.180000000,100,TFO  77  31148820
2026-05-14T00:00:00.000000000Z,35,85,31148653,0.180000000,0.180000000,0.180000000,0.180000000,100,TFO   4  31148653
2026-05-14T00:00:00.000000000Z,35,85,31148385,0.260000000,0.260000000,0.260000000,0.260000000,100,TFO  58  31148385
2026-05-14T00:00:00.000000000Z,35,58,108916356,,,,,75,TFO FMF0028_OMCE0000035002122427
2026-05-14T00:00:00.000000000Z,35,58,109408601,3.520000000,3.520000000,3.520000000,3.520000000,1700,TFO FQN0026.U0026_OQCE0000060002062
2026-05-14T00:00:00.000000000Z,35,58,108481415,,,,,100,TFO FMK0027_OMPE0000033002042627
2026-05-14T00:00:00.000000000Z,35,85,31148527,5.350000000,5.350000000,5.350000000,5.350000000,200,TFO  56  31148527
2026-05-14T00:00:00.000000000Z,35,58,108847982,5.500000000,5.500000000,5.425000000,5.425000000,1150,TFO FQN0026.U0026_OQCE0000050002062
2026-05-14T00:00:00.000000000Z,35,85,31148484,0.970000000,0.970000000,0.970000000,0.970000000,1100,TFO  44  31148484
2026-05-14T00:00:00.000000000Z,35,85,108783843,0.775000000,0.775000000,0.775000000,0.775000000,50,TFO FYF0027.Z0027_OYPE0000021002122
2026-05-14T00:00:00.000000000Z,35,85,31148881,0.130000000,0.130000000,0.130000000,0.130000000,1000,TFO  56  31148881
2026-05-14T00:00:00.000000000Z,35,85,110704944,1.850000000,1.850000000,1.850000000,1.850000000,25,TFO FMM0026_OMCE0000051002052726
2026-05-14T00:00:00.000000000Z,35,58,109617307,2.250000000,2.250000000,2.250000000,2.250000000,4000,TFO FMM0026_OMCE0000049002052726
2026-05-14T00:00:00.000000000Z,35,58,109370211,,,,,200,TFO FMF0027_OMCE0000065002122426
2026-05-14T00:00:00.000000000Z,35,85,31148389,2.010000000,2.010000000,2.005000000,2.005000000,600,TFO  50  31148389
2026-05-14T00:00:00.000000000Z,35,85,31148411,2.745000000,2.745000000,2.745000000,2.745000000,250,TFO  51  31148411
2026-05-14T00:00:00.000000000Z,35,85,31148483,1.000000000,1.000000000,1.000000000,1.000000000,50,TFO  55  31148483
2026-05-14T00:00:00.000000000Z,35,58,109408521,,,,,1700,TFO FMQ0026_OMCE0000060002072726
2026-05-14T00:00:00.000000000Z,35,58,108680805,,,,,50,TFO FMV0027_OMPE0000021002092427
2026-05-14T00:00:00.000000000Z,35,85,31148579,0.115000000,0.115000000,0.115000000,0.115000000,30,TFO  66  31148579
2026-05-14T00:00:00.000000000Z,35,58,108481594,,,,,75,TFO FMX0027_OMCE0000035002102727
2026-05-14T00:00:00.000000000Z,35,85,31148585,1.140000000,1.140000000,1.140000000,1.140000000,100,TFO  47  31148585
2026-05-14T00:00:00.000000000Z,35,58,108484139,,,,,200,TFO FMK0027_OMPE0000025002042627
2026-05-14T00:00:00.000000000Z,35,85,109184383,1.000000000,1.120000000,1.000000000,1.120000000,175,TFO FMM0026_OMCE0000055002052726
2026-05-15T00:00:00.000000000Z,35,58,108481321,,,,,560,TFO FMH0027_OMPE0000030002022427
2026-05-15T00:00:00.000000000Z,35,85,31149488,3.890000000,3.890000000,3.890000000,3.890000000,700,TFO  51  31149488
2026-05-15T00:00:00.000000000Z,35,58,108476852,3.860000000,3.860000000,3.860000000,3.860000000,50,TFO FMM0026_OMCE0000047002052726
2026-05-15T00:00:00.000000000Z,35,58,108847983,7.525000000,7.525000000,7.525000000,7.525000000,400,TFO FQN0026.U0026_OQPE0000050002062
2026-05-15T00:00:00.000000000Z,35,85,31149245,2.400000000,2.400000000,2.400000000,2.400000000,50,TFO  76  31149245
2026-05-15T00:00:00.000000000Z,35,85,31149458,1.060000000,1.060000000,1.020000000,1.020000000,115,TFO   7  31149458
2026-05-15T00:00:00.000000000Z,35,85,31149350,0.650000000,0.650000000,0.650000000,0.650000000,700,TFO  50  31149350
2026-05-15T00:00:00.000000000Z,35,85,31114644,0.520000000,0.520000000,0.520000000,0.520000000,15,TFO   6  31114644
2026-05-15T00:00:00.000000000Z,35,58,108476869,,,,,200,TFO FMQ0026_OMPE0000045002072726
2026-05-15T00:00:00.000000000Z,35,58,109576073,0.250000000,0.260000000,0.250000000,0.260000000,775,TFO FMM0026_OMCE0000070002052726
2026-05-15T00:00:00.000000000Z,35,58,109596767,2.220000000,2.220000000,2.220000000,2.220000000,1000,TFO FMM0026_OMCE0000052002052726
2026-05-15T00:00:00.000000000Z,35,58,110698898,,,,,30,TFO FMH0027_OMCE0000090002022427
2026-05-15T00:00:00.000000000Z,35,85,31149661,0.375000000,0.375000000,0.375000000,0.375000000,200,TFO  77  31149661
2026-05-15T00:00:00.000000000Z,35,85,31149232,9.000000000,9.000000000,9.000000000,9.000000000,50,TFO  55  31149232
2026-05-15T00:00:00.000000000Z,35,58,108482623,5.600000000,5.650000000,5.600000000,5.650000000,500,TFO FSV0026.H0027_OSPE0000040002092
2026-05-15T00:00:00.000000000Z,35,85,31149085,18.200000000,18.200000000,18.200000000,18.200000000,40,TFO  54  31149085
2026-05-15T00:00:00.000000000Z,35,58,109308587,,,,,225,TFO FMG0027_OMCE0000050002012727
2026-05-15T00:00:00.000000000Z,35,85,109308587,9.900000000,9.900000000,9.900000000,9.900000000,1000,TFO FMG0027_OMCE0000050002012727
2026-05-15T00:00:00.000000000Z,35,58,108481189,,,,,285,TFO FMX0026_OMPE0000030002102726
2026-05-15T00:00:00.000000000Z,35,58,108332543,0.275000000,0.280000000,0.125000000,0.250000000,3240,TFO FMM0026_OMPE0000040002052726
2026-05-15T00:00:00.000000000Z,35,85,31149516,1.000000000,1.000000000,1.000000000,1.000000000,200,TFO  50  31149516
2026-05-15T00:00:00.000000000Z,35,58,108481221,,,,,200,TFO FMZ0026_OMPE0000035002112626
2026-05-15T00:00:00.000000000Z,35,85,31149156,1.500000000,1.500000000,1.500000000,1.500000000,200,TFO  54  31149156
2026-05-15T00:00:00.000000000Z,35,58,108646542,,,,,75,TFO FMU0026_OMCE0000075002082626
2026-05-15T00:00:00.000000000Z,35,85,31149489,8.575000000,8.575000000,8.575000000,8.575000000,200,TFO  55  31149489
2026-05-15T00:00:00.000000000Z,35,85,109370283,4.980000000,4.980000000,4.980000000,4.980000000,50,TFO FQV0026.Z0026_OQCE0000065002092
2026-05-15T00:00:00.000000000Z,35,58,108482178,,,,,200,TFO FMZ0026_OMCE0000042002112626
2026-05-15T00:00:00.000000000Z,35,58,108847982,5.900000000,6.325000000,5.900000000,6.325000000,825,TFO FQN0026.U0026_OQCE0000050002062
2026-05-15T00:00:00.000000000Z,35,58,108476849,1.200000000,1.200000000,0.725000000,0.725000000,3225,TFO FMM0026_OMPE0000045002052726
2026-05-15T00:00:00.000000000Z,35,85,31149239,4.600000000,4.600000000,4.580000000,4.580000000,300,TFO  50  31149239
2026-05-15T00:00:00.000000000Z,35,58,109184385,3.870000000,3.870000000,3.750000000,3.770000000,625,TFO FMN0026_OMCE0000055002062626
2026-05-15T00:00:00.000000000Z,35,58,108400943,,,,,400,TFO FMU0026_OMPE0000040002082626
2026-05-15T00:00:00.000000000Z,35,85,31136049,3.150000000,3.150000000,3.150000000,3.150000000,800,TFO  40  31136049
2026-05-15T00:00:00.000000000Z,35,58,108428645,1.475000000,1.475000000,1.475000000,1.475000000,300,TFO FMN0026_OMPE0000041002062626
2026-05-15T00:00:00.000000000Z,35,58,108481294,,,,,200,TFO FMG0027_OMCE0000028002012727
2026-05-15T00:00:00.000000000Z,35,85,31149314,3.150000000,3.150000000,3.150000000,3.150000000,75,TFO  56  31149314
2026-05-15T00:00:00.000000000Z,35,58,108481999,,,,,500,TFO FMG0027_OMPE0000040002012727
2026-05-15T00:00:00.000000000Z,35,58,108482167,4.650000000,4.650000000,4.650000000,4.650000000,700,TFO FMN0026_OMPE0000048002062626
2026-05-15T00:00:00.000000000Z,35,85,109888357,3.650000000,3.650000000,3.650000000,3.650000000,50,TFO FSJ0027.U0027_OSCE0000050002032
2026-05-15T00:00:00.000000000Z,35,85,31149599,2.500000000,2.500000000,2.500000000,2.500000000,100,TFO  46  31149599
2026-05-15T00:00:00.000000000Z,35,58,110704944,,,,,50,TFO FMM0026_OMCE0000051002052726
2026-05-15T00:00:00.000000000Z,35,58,109769257,7.800000000,8.575000000,7.800000000,8.575000000,900,TFO FQF0027.H0027_OQCE0000055002122
2026-05-15T00:00:00.000000000Z,35,58,108481143,1.475000000,1.475000000,1.475000000,1.475000000,160,TFO FSV0026.H0027_OSPE0000030002092
2026-05-15T00:00:00.000000000Z,35,58,110698870,,,,,30,TFO FMF0027_OMCE0000130002122426
2026-05-15T00:00:00.000000000Z,35,58,108455385,,,,,200,TFO FMV0026_OMPE0000035002092526
2026-05-15T00:00:00.000000000Z,35,58,108482169,2.360000000,2.360000000,2.360000000,2.360000000,260,TFO FMM0026_OMPE0000048002052726
2026-05-15T00:00:00.000000000Z,35,85,31133078,0.160000000,0.160000000,0.160000000,0.160000000,25,TFO   6  31133078
2026-05-15T00:00:00.000000000Z,35,58,109888353,,,,,50,TFO FMQ0027_OMCE0000050002072727
2026-05-15T00:00:00.000000000Z,35,58,109888351,,,,,50,TFO FMN0027_OMCE0000050002062527
2026-05-15T00:00:00.000000000Z,35,58,110707787,,,,,200,TFO FMU0026_OMPE0000053002082626
2026-05-15T00:00:00.000000000Z,35,58,109308589,,,,,225,TFO FMH0027_OMCE0000050002022427
2026-05-15T00:00:00.000000000Z,35,58,108381602,,,,,400,TFO FMQ0026_OMPE0000040002072726
2026-05-15T00:00:00.000000000Z,35,85,31149595,8.800000000,8.800000000,8.800000000,8.800000000,50,TFO  58  31149595
2026-05-15T00:00:00.000000000Z,35,58,109617303,8.775000000,8.775000000,8.775000000,8.775000000,25,TFO FMV0026_OMCE0000049002092526
2026-05-15T00:00:00.000000000Z,35,58,109184383,1.170000000,3.750000000,1.170000000,1.600000000,2525,TFO FMM0026_OMCE0000055002052726
2026-05-15T00:00:00.000000000Z,35,85,31149490,0.760000000,0.760000000,0.760000000,0.760000000,100,TFO  56  31149490
2026-05-15T00:00:00.000000000Z,35,58,110698888,,,,,30,TFO FMG0027_OMCE0000130002012727
2026-05-15T00:00:00.000000000Z,35,58,108476845,,,,,115,TFO FMN0026_OMPE0000047002062626
2026-05-15T00:00:00.000000000Z,35,85,31149725,0.000000000,0.000000000,0.000000000,0.000000000,100,TFO  72  31149725
2026-05-15T00:00:00.000000000Z,35,85,31149158,1.500000000,1.500000000,1.500000000,1.500000000,50,TFO  54  31149158
2026-05-15T00:00:00.000000000Z,35,58,109254273,,,,,175,TFO FMX0026_OMCE0000100002102726
2026-05-15T00:00:00.000000000Z,35,85,31149691,0.140000000,0.140000000,0.140000000,0.140000000,50,TFO  58  31149691
2026-05-15T00:00:00.000000000Z,35,58,108481277,,,,,560,TFO FMF0027_OMPE0000030002122426
2026-05-15T00:00:00.000000000Z,35,85,31149396,0.050000000,0.050000000,0.050000000,0.050000000,100,TFO  74  31149396
2026-05-15T00:00:00.000000000Z,35,85,31149333,2.725000000,2.725000000,2.725000000,2.725000000,100,TFO  55  31149333
2026-05-15T00:00:00.000000000Z,35,58,109617310,,,,,200,TFO FMU0026_OMPE0000049002082626
2026-05-15T00:00:00.000000000Z,35,85,31149673,7.525000000,7.525000000,7.525000000,7.525000000,400,TFO  56  31149673
2026-05-15T00:00:00.000000000Z,35,58,108455367,0.720000000,0.750000000,0.720000000,0.750000000,1100,TFO FQN0026.U0026_OQPE0000035002062
2026-05-15T00:00:00.000000000Z,35,85,31116412,2.550000000,2.550000000,2.550000000,2.550000000,165,TFO   7  31116412
2026-05-15T00:00:00.000000000Z,35,85,31149279,0.800000000,0.800000000,0.800000000,0.800000000,1000,TFO  56  31149279
2026-05-15T00:00:00.000000000Z,35,58,109254277,,,,,75,TFO FMF0027_OMCE0000100002122426
2026-05-15T00:00:00.000000000Z,35,85,31149084,1.800000000,1.800000000,1.800000000,1.800000000,25,TFO  72  31149084
2026-05-15T00:00:00.000000000Z,35,58,108455905,2.125000000,2.125000000,2.125000000,2.125000000,400,TFO FQN0026.U0026_OQPE0000040002062
2026-05-15T00:00:00.000000000Z,35,58,109308585,,,,,225,TFO FMF0027_OMCE0000050002122426
2026-05-15T00:00:00.000000000Z,35,85,31149201,3.300000000,3.300000000,3.300000000,3.300000000,50,TFO  66  31149201
2026-05-15T00:00:00.000000000Z,35,85,110819162,2.610000000,2.610000000,2.610000000,2.610000000,15,TFO FMN0026_OMCE0000063002062626
2026-05-15T00:00:00.000000000Z,35,58,109308583,,,,,375,TFO FMZ0026_OMCE0000050002112626
2026-05-15T00:00:00.000000000Z,35,58,109617306,,,,,200,TFO FMN0026_OMPE0000049002062626
2026-05-15T00:00:00.000000000Z,35,85,31149118,-0.700000000,-0.700000000,-0.700000000,-0.700000000,50,TFO  48  31149118
2026-05-15T00:00:00.000000000Z,35,85,31149592,8.800000000,8.800000000,8.800000000,8.800000000,100,TFO  58  31149592
2026-05-15T00:00:00.000000000Z,35,58,108481152,15.850000000,15.850000000,15.850000000,15.850000000,400,TFO FSV0026.H0027_OSCE0000035002092
2026-05-15T00:00:00.000000000Z,35,85,31149428,0.520000000,0.520000000,0.520000000,0.520000000,40,TFO  51  31149428
2026-05-15T00:00:00.000000000Z,35,85,31149286,2.325000000,2.350000000,2.325000000,2.350000000,1500,TFO  50  31149286
2026-05-15T00:00:00.000000000Z,35,58,109254281,,,,,75,TFO FMH0027_OMCE0000100002022427
2026-05-15T00:00:00.000000000Z,35,58,109370199,3.425000000,3.425000000,3.425000000,3.425000000,225,TFO FMQ0026_OMCE0000065002072726
2026-05-15T00:00:00.000000000Z,35,85,110704945,3.430000000,3.465000000,3.430000000,3.465000000,50,TFO FMM0026_OMPE0000051002052726
2026-05-15T00:00:00.000000000Z,35,58,108790009,,,,,300,TFO FMH0027_OMPE0000020002022427
2026-05-15T00:00:00.000000000Z,35,85,31149574,1.600000000,1.600000000,1.600000000,1.600000000,300,TFO  55  31149574
2026-05-15T00:00:00.000000000Z,35,58,108847193,8.700000000,8.700000000,8.700000000,8.700000000,550,TFO FMU0026_OMPE0000050002082626
2026-05-15T00:00:00.000000000Z,35,85,31149167,5.600000000,5.650000000,5.600000000,5.650000000,475,TFO  56  31149167
2026-05-15T00:00:00.000000000Z,35,58,108476937,4.310000000,4.310000000,4.310000000,4.310000000,200,TFO FQN0026.U0026_OQPE0000045002062
2026-05-15T00:00:00.000000000Z,35,85,31149369,1.000000000,1.000000000,1.000000000,1.000000000,1550,TFO  56  31149369
2026-05-15T00:00:00.000000000Z,35,85,109888345,4.850000000,4.850000000,4.850000000,4.850000000,200,TFO FMJ0027_OMCE0000050002032527
2026-05-15T00:00:00.000000000Z,35,58,110698880,,,,,30,TFO FMG0027_OMCE0000090002012727
2026-05-15T00:00:00.000000000Z,35,58,109184389,,,,,375,TFO FMU0026_OMCE0000055002082626
2026-05-15T00:00:00.000000000Z,35,85,31149177,0.225000000,0.225000000,0.225000000,0.225000000,500,TFO  56  31149177
2026-05-15T00:00:00.000000000Z,35,58,108484401,0.850000000,0.900000000,0.850000000,0.900000000,75,TFO FMH0027_OMPE0000025002022427
2026-05-15T00:00:00.000000000Z,35,58,110704969,,,,,200,TFO FMN0026_OMPE0000053002062626
2026-05-15T00:00:00.000000000Z,35,85,31149160,1.400000000,1.400000000,1.400000000,1.400000000,50,TFO  77  31149160
2026-05-15T00:00:00.000000000Z,35,58,109370205,,,,,50,TFO FMX0026_OMCE0000065002102726
2026-05-15T00:00:00.000000000Z,35,85,31149608,0.280000000,0.280000000,0.280000000,0.280000000,50,TFO  58  31149608
2026-05-15T00:00:00.000000000Z,35,58,108990636,,,,,325,TFO FMG0027_OMCE0000075002012727
2026-05-15T00:00:00.000000000Z,35,58,110698342,,,,,50,TFO FMN0026_OMCE0000090002062626
2026-05-15T00:00:00.000000000Z,35,58,109617312,,,,,200,TFO FMQ0026_OMPE0000049002072726
2026-05-15T00:00:00.000000000Z,35,85,31149377,0.260000000,0.260000000,0.260000000,0.260000000,75,TFO  56  31149377
2026-05-15T00:00:00.000000000Z,35,85,31129194,3.175000000,3.175000000,3.175000000,3.175000000,360,TFO   6  31129194
2026-05-15T00:00:00.000000000Z,35,85,31149272,4.575000000,4.575000000,4.575000000,4.575000000,200,TFO  50  31149272
2026-05-15T00:00:00.000000000Z,35,58,109370197,2.470000000,2.500000000,2.060000000,2.500000000,935,TFO FMN0026_OMCE0000065002062626
2026-05-15T00:00:00.000000000Z,35,58,108790005,,,,,300,TFO FMF0027_OMPE0000020002122426
2026-05-15T00:00:00.000000000Z,35,85,31149524,-0.300000000,-0.300000000,-0.300000000,-0.300000000,25,TFO  74  31149524
2026-05-15T00:00:00.000000000Z,35,58,108790007,,,,,300,TFO FMG0027_OMPE0000020002012727
2026-05-15T00:00:00.000000000Z,35,85,31149192,3.300000000,3.300000000,3.300000000,3.300000000,50,TFO  66  31149192
2026-05-15T00:00:00.000000000Z,35,58,108400937,1.200000000,1.200000000,1.200000000,1.200000000,1050,TFO FMN0026_OMPE0000040002062626
2026-05-15T00:00:00.000000000Z,35,85,108400937,1.145000000,1.145000000,1.100000000,1.100000000,330,TFO FMN0026_OMPE0000040002062626
2026-05-15T00:00:00.000000000Z,35,58,108455387,,,,,400,TFO FMV0026_OMPE0000036002092526
2026-05-15T00:00:00.000000000Z,35,58,108248812,0.155000000,0.155000000,0.155000000,0.155000000,190,TFO FMM0026_OMPE0000038002052726
2026-05-15T00:00:00.000000000Z,35,85,31149265,1.710000000,1.710000000,1.710000000,1.710000000,200,TFO  50  31149265
2026-05-15T00:00:00.000000000Z,35,58,108332542,10.075000000,10.075000000,10.075000000,10.075000000,1000,TFO FMM0026_OMCE0000040002052726
2026-05-15T00:00:00.000000000Z,35,58,109254327,2.725000000,2.725000000,2.725000000,2.725000000,100,TFO FQV0026.Z0026_OQCE0000100002092
2026-05-15T00:00:00.000000000Z,35,58,108481286,,,,,400,TFO FMF0027_OMCE0000035002122426
2026-05-15T00:00:00.000000000Z,35,58,108482135,,,,,500,TFO FMX0026_OMPE0000040002102726
2026-05-15T00:00:00.000000000Z,35,58,108482168,,,,,50,TFO FMM0026_OMCE0000048002052726
2026-05-15T00:00:00.000000000Z,35,58,108401031,0.425000000,0.425000000,0.400000000,0.400000000,2200,TFO FMM0026_OMPE0000042002052726
2026-05-15T00:00:00.000000000Z,35,85,108332543,0.225000000,0.270000000,0.225000000,0.270000000,870,TFO FMM0026_OMPE0000040002052726
2026-05-15T00:00:00.000000000Z,35,58,109254283,2.920000000,2.920000000,2.920000000,2.920000000,75,TFO FSV0026.H0027_OSCE0000100002092
2026-05-15T00:00:00.000000000Z,35,58,108481223,,,,,400,TFO FMZ0026_OMPE0000036002112626
2026-05-15T00:00:00.000000000Z,35,85,31149415,5.425000000,5.425000000,5.425000000,5.425000000,100,TFO  55  31149415
2026-05-15T00:00:00.000000000Z,35,85,31149620,2.950000000,2.950000000,2.950000000,2.950000000,50,TFO  56  31149620
2026-05-15T00:00:00.000000000Z,35,85,31149103,2.350000000,2.350000000,2.350000000,2.350000000,25,TFO  55  31149103
2026-05-15T00:00:00.000000000Z,35,58,108847186,2.340000000,5.060000000,2.340000000,2.950000000,1525,TFO FMM0026_OMCE0000050002052726
2026-05-15T00:00:00.000000000Z,35,85,108847186,2.435000000,2.435000000,2.305000000,2.305000000,20,TFO FMM0026_OMCE0000050002052726
2026-05-15T00:00:00.000000000Z,35,58,108790021,,,,,300,TFO FMX0026_OMPE0000020002102726
2026-05-15T00:00:00.000000000Z,35,58,108398556,1.160000000,1.180000000,1.160000000,1.180000000,1400,TFO FMU0026_OMPE0000035002082626
2026-05-15T00:00:00.000000000Z,35,85,108398556,1.175000000,1.200000000,1.175000000,1.200000000,565,TFO FMU0026_OMPE0000035002082626
2026-05-15T00:00:00.000000000Z,35,85,31149150,5.950000000,5.950000000,5.950000000,5.950000000,250,TFO  53  31149150
2026-05-15T00:00:00.000000000Z,35,58,109838787,,,,,310,TFO FMF0027_OMCE0000060002122426
2026-05-15T00:00:00.000000000Z,35,58,109184386,,,,,100,TFO FMN0026_OMPE0000055002062626
2026-05-15T00:00:00.000000000Z,35,58,109838783,,,,,310,TFO FMX0026_OMCE0000060002102726
2026-05-15T00:00:00.000000000Z,35,85,31149179,1.475000000,1.475000000,1.475000000,1.475000000,120,TFO  56  31149179
2026-05-15T00:00:00.000000000Z,35,58,108481199,,,,,200,TFO FMX0026_OMPE0000035002102726
2026-05-15T00:00:00.000000000Z,35,85,31149240,4.600000000,4.600000000,4.600000000,4.600000000,50,TFO  50  31149240
2026-05-15T00:00:00.000000000Z,35,58,108646540,,,,,75,TFO FMQ0026_OMCE0000075002072726
2026-05-15T00:00:00.000000000Z,35,85,108646540,2.845000000,3.040000000,2.845000000,3.040000000,150,TFO FMQ0026_OMCE0000075002072726
2026-05-15T00:00:00.000000000Z,35,58,109838789,,,,,310,TFO FMG0027_OMCE0000060002012727
2026-05-15T00:00:00.000000000Z,35,85,108476847,0.625000000,0.625000000,0.625000000,0.625000000,20,TFO FMM0026_OMPE0000044002052726
2026-05-15T00:00:00.000000000Z,35,58,109838781,5.840000000,5.840000000,5.840000000,5.840000000,510,TFO FMV0026_OMCE0000060002092526
2026-05-15T00:00:00.000000000Z,35,58,108481153,3.150000000,3.150000000,3.150000000,3.150000000,75,TFO FSV0026.H0027_OSPE0000035002092
2026-05-15T00:00:00.000000000Z,35,85,110459494,1.970000000,1.970000000,1.970000000,1.970000000,15,TFO FMN0026_OMCE0000068002062626
2026-05-15T00:00:00.000000000Z,35,85,31149237,1.900000000,1.900000000,1.900000000,1.900000000,700,TFO  63  31149237
2026-05-15T00:00:00.000000000Z,35,58,108280835,,,,,1000,TFO FMN0026_OMPE0000030002062626
2026-05-15T00:00:00.000000000Z,35,58,108847190,,,,,825,TFO FMQ0026_OMCE0000050002072726
2026-05-15T00:00:00.000000000Z,35,58,110698348,,,,,50,TFO FMQ0026_OMCE0000090002072726
2026-05-15T00:00:00.000000000Z,35,85,109408519,3.130000000,3.600000000,3.130000000,3.600000000,35,TFO FMN0026_OMCE0000060002062626
2026-05-15T00:00:00.000000000Z,35,85,108791763,0.165000000,0.165000000,0.165000000,0.165000000,300,TFO FSV0026.H0027_OSPE0000020002092
2026-05-15T00:00:00.000000000Z,35,85,31149223,-0.125000000,-0.125000000,-0.125000000,-0.125000000,50,TFO  64  31149223
2026-05-15T00:00:00.000000000Z,35,58,109254271,,,,,175,TFO FMV0026_OMCE0000100002092526
2026-05-15T00:00:00.000000000Z,35,85,31149454,6.275000000,6.275000000,6.275000000,6.275000000,250,TFO  55  31149454
2026-05-15T00:00:00.000000000Z,35,58,108481255,2.000000000,2.000000000,2.000000000,2.000000000,400,TFO FQF0027.H0027_OQPE0000030002122
2026-05-15T00:00:00.000000000Z,35,58,108476841,2.775000000,2.775000000,2.500000000,2.500000000,680,TFO FMN0026_OMPE0000045002062626
2026-05-15T00:00:00.000000000Z,35,58,108847192,8.300000000,8.520000000,8.300000000,8.520000000,1075,TFO FMU0026_OMCE0000050002082626
2026-05-15T00:00:00.000000000Z,35,58,108481944,,,,,200,TFO FMH0027_OMCE0000042002022427
2026-05-15T00:00:00.000000000Z,35,58,108481287,,,,,75,TFO FMF0027_OMPE0000035002122426
2026-05-15T00:00:00.000000000Z,35,58,108481198,,,,,400,TFO FMX0026_OMCE0000035002102726
2026-05-15T00:00:00.000000000Z,35,58,108476840,6.675000000,6.675000000,6.675000000,6.675000000,250,TFO FMN0026_OMCE0000045002062626
2026-05-15T00:00:00.000000000Z,35,85,108476840,7.255000000,7.440000000,7.255000000,7.395000000,200,TFO FMN0026_OMCE0000045002062626
2026-05-15T00:00:00.000000000Z,35,58,108481220,,,,,400,TFO FMZ0026_OMCE0000035002112626
2026-05-15T00:00:00.000000000Z,35,58,110710056,5.000000000,5.000000000,5.000000000,5.000000000,30,TFO FQF0027.H0027_OQCE0000090002122
2026-05-15T00:00:00.000000000Z,35,85,31149146,0.000000000,0.000000000,-0.100000000,-0.100000000,75,TFO  34  31149146
2026-05-15T00:00:00.000000000Z,35,85,31149509,1.000000000,1.000000000,1.000000000,1.000000000,50,TFO  58  31149509
2026-05-15T00:00:00.000000000Z,35,85,109576079,4.500000000,4.500000000,4.500000000,4.500000000,80,TFO FMU0026_OMCE0000070002082626
2026-05-15T00:00:00.000000000Z,35,85,31149195,-0.125000000,-0.125000000,-0.125000000,-0.125000000,300,TFO  64  31149195
2026-05-15T00:00:00.000000000Z,35,58,110705008,,,,,65,TFO FMM0026_OMCE0000058002052726
2026-05-15T00:00:00.000000000Z,35,85,31149361,0.590000000,0.590000000,0.590000000,0.590000000,100,TFO   6  31149361
2026-05-15T00:00:00.000000000Z,35,58,108476870,,,,,75,TFO FMQ0026_OMCE0000046002072726
2026-05-15T00:00:00.000000000Z,35,85,109408517,0.775000000,0.930000000,0.775000000,0.930000000,200,TFO FMM0026_OMCE0000060002052726
2026-05-15T00:00:00.000000000Z,35,85,31149206,2.000000000,2.000000000,2.000000000,2.000000000,50,TFO  56  31149206
2026-05-15T00:00:00.000000000Z,35,85,31149197,0.375000000,0.400000000,0.375000000,0.400000000,1750,TFO  66  31149197
2026-05-15T00:00:00.000000000Z,35,85,31149199,1.300000000,1.310000000,1.300000000,1.310000000,150,TFO  56  31149199
2026-05-15T00:00:00.000000000Z,35,85,31149099,6.675000000,6.675000000,6.675000000,6.675000000,250,TFO  55  31149099
2026-05-15T00:00:00.000000000Z,35,85,31149403,0.300000000,0.300000000,0.300000000,0.300000000,100,TFO  51  31149403
2026-05-15T00:00:00.000000000Z,35,58,108482620,20.875000000,20.875000000,20.875000000,20.875000000,200,TFO FSV0026.H0027_OSCE0000028002092
2026-05-15T00:00:00.000000000Z,35,85,31149625,2.950000000,2.950000000,2.950000000,2.950000000,120,TFO  56  31149625
2026-05-15T00:00:00.000000000Z,35,58,109768645,,,,,900,TFO FMH0027_OMCE0000055002022427
2026-05-15T00:00:00.000000000Z,35,85,31149209,0.250000000,0.250000000,0.250000000,0.250000000,100,TFO  51  31149209
2026-05-15T00:00:00.000000000Z,35,58,109370203,,,,,50,TFO FMV0026_OMCE0000065002092526
2026-05-15T00:00:00.000000000Z,35,85,109408523,4.980000000,4.980000000,4.980000000,4.980000000,150,TFO FMU0026_OMCE0000060002082626
2026-05-15T00:00:00.000000000Z,35,58,110704968,4.655000000,4.655000000,4.655000000,4.655000000,100,TFO FMN0026_OMCE0000053002062626
2026-05-15T00:00:00.000000000Z,35,58,108847191,,,,,400,TFO FMQ0026_OMPE0000050002072726
2026-05-15T00:00:00.000000000Z,35,58,109254275,,,,,175,TFO FMZ0026_OMCE0000100002112626
2026-05-15T00:00:00.000000000Z,35,58,108323493,0.760000000,0.760000000,0.675000000,0.675000000,900,TFO FMN0026_OMPE0000038002062626
2026-05-15T00:00:00.000000000Z,35,85,109370197,2.320000000,2.320000000,2.320000000,2.320000000,120,TFO FMN0026_OMCE0000065002062626
2026-05-15T00:00:00.000000000Z,35,58,109768641,,,,,900,TFO FMF0027_OMCE0000055002122426
2026-05-15T00:00:00.000000000Z,35,85,31149173,1.050000000,1.050000000,1.050000000,1.050000000,200,TFO  56  31149173
2026-05-15T00:00:00.000000000Z,35,58,108481941,,,,,500,TFO FMH0027_OMPE0000040002022427
2026-05-15T00:00:00.000000000Z,35,58,108847188,5.180000000,6.150000000,4.400000000,6.020000000,3910,TFO FMN0026_OMCE0000050002062626
2026-05-15T00:00:00.000000000Z,35,85,31149578,1.600000000,1.600000000,1.600000000,1.600000000,50,TFO  55  31149578
2026-05-15T00:00:00.000000000Z,35,85,31145245,1.800000000,1.800000000,1.800000000,1.800000000,30,TFO   6  31145245
2026-05-15T00:00:00.000000000Z,35,58,108482626,12.450000000,12.450000000,12.450000000,12.450000000,200,TFO FSV0026.H0027_OSCE0000042002092
2026-05-15T00:00:00.000000000Z,35,85,31149276,6.325000000,6.325000000,6.325000000,6.325000000,25,TFO  55  31149276
2026-05-15T00:00:00.000000000Z,35,58,108481167,0.860000000,0.860000000,0.860000000,0.860000000,125,TFO FQV0026.Z0026_OQPE0000030002092
2026-05-15T00:00:00.000000000Z,35,58,108481206,,,,,200,TFO FMZ0026_OMCE0000028002112626
2026-05-15T00:00:00.000000000Z,35,85,109596767,2.000000000,2.400000000,2.000000000,2.350000000,310,TFO FMM0026_OMCE0000052002052726
2026-05-15T00:00:00.000000000Z,35,58,108482172,,,,,75,TFO FMQ0026_OMCE0000048002072726
2026-05-15T00:00:00.000000000Z,35,58,110698454,1.380000000,1.380000000,1.380000000,1.380000000,50,TFO FQN0026.U0026_OQCE0000090002062
2026-05-15T00:00:00.000000000Z,35,85,31149273,6.325000000,6.325000000,6.325000000,6.325000000,100,TFO  55  31149273
2026-05-15T00:00:00.000000000Z,35,58,108481183,3.200000000,3.200000000,3.200000000,3.200000000,400,TFO FQV0026.Z0026_OQPE0000038002092
2026-05-15T00:00:00.000000000Z,35,85,110705006,1.150000000,1.150000000,1.150000000,1.150000000,60,TFO FMM0026_OMCE0000057002052726
2026-05-15T00:00:00.000000000Z,35,85,31149166,10.800000000,10.800000000,10.800000000,10.800000000,15,TFO  58  31149166
2026-05-15T00:00:00.000000000Z,35,58,110704963,9.650000000,9.650000000,9.650000000,9.650000000,200,TFO FQN0026.U0026_OQPE0000053002062
2026-05-15T00:00:00.000000000Z,35,85,108482168,3.300000000,3.300000000,3.300000000,3.300000000,15,TFO FMM0026_OMCE0000048002052726
2026-05-15T00:00:00.000000000Z,35,85,31149217,0.400000000,0.400000000,0.400000000,0.400000000,50,TFO  66  31149217
2026-05-15T00:00:00.000000000Z,35,58,108481179,2.150000000,2.150000000,2.150000000,2.150000000,400,TFO FQV0026.Z0026_OQPE0000036002092
2026-05-15T00:00:00.000000000Z,35,85,31149542,0.700000000,0.700000000,0.700000000,0.700000000,250,TFO  72  31149542
2026-05-15T00:00:00.000000000Z,35,58,108476848,5.425000000,5.870000000,5.425000000,5.870000000,1925,TFO FMM0026_OMCE0000045002052726
2026-05-15T00:00:00.000000000Z,35,85,31149171,5.600000000,5.600000000,5.600000000,5.600000000,25,TFO  56  31149171
2026-05-15T00:00:00.000000000Z,35,85,31149330,5.725000000,5.775000000,5.725000000,5.775000000,125,TFO  55  31149330
2026-05-15T00:00:00.000000000Z,35,58,109184387,5.200000000,5.200000000,5.200000000,5.200000000,525,TFO FMQ0026_OMCE0000055002072726
2026-05-15T00:00:00.000000000Z,35,85,108401031,0.400000000,0.400000000,0.400000000,0.400000000,120,TFO FMM0026_OMPE0000042002052726
2026-05-15T00:00:00.000000000Z,35,85,31149570,6.150000000,6.150000000,6.150000000,6.150000000,300,TFO  55  31149570
2026-05-15T00:00:00.000000000Z,35,85,31149313,0.250000000,0.250000000,0.250000000,0.250000000,100,TFO  58  31149313
2026-05-15T00:00:00.000000000Z,35,58,108790023,,,,,300,TFO FMZ0026_OMPE0000020002112626
2026-05-15T00:00:00.000000000Z,35,85,31149290,0.550000000,0.550000000,0.550000000,0.550000000,1000,TFO   7  31149290
2026-05-15T00:00:00.000000000Z,35,58,108481211,,,,,285,TFO FMZ0026_OMPE0000030002112626
2026-05-15T00:00:00.000000000Z,35,58,108482077,,,,,500,TFO FMF0027_OMPE0000040002122426
2026-05-15T00:00:00.000000000Z,35,58,110704977,,,,,200,TFO FMQ0026_OMPE0000053002072726
2026-05-15T00:00:00.000000000Z,35,58,108481227,,,,,400,TFO FMZ0026_OMPE0000038002112626
2026-05-15T00:00:00.000000000Z,35,85,31149652,2.050000000,2.050000000,2.050000000,2.050000000,200,TFO  47  31149652
2026-05-15T00:00:00.000000000Z,35,85,31149123,0.450000000,0.450000000,0.450000000,0.450000000,50,TFO  51  31149123
2026-05-15T00:00:00.000000000Z,35,58,109838791,,,,,310,TFO FMH0027_OMCE0000060002022427
2026-05-15T00:00:00.000000000Z,35,85,109370195,0.400000000,0.400000000,0.400000000,0.400000000,20,TFO FMM0026_OMCE0000065002052726
2026-05-15T00:00:00.000000000Z,35,58,109308591,8.100000000,9.560000000,8.100000000,9.500000000,175,TFO FSV0026.H0027_OSCE0000050002092
2026-05-15T00:00:00.000000000Z,35,58,108646538,,,,,75,TFO FMN0026_OMCE0000075002062626
2026-05-15T00:00:00.000000000Z,35,85,31149221,-0.125000000,-0.125000000,-0.125000000,-0.125000000,50,TFO  64  31149221
2026-05-15T00:00:00.000000000Z,35,85,31134661,0.085000000,0.085000000,0.085000000,0.085000000,650,TFO   6  31134661
2026-05-15T00:00:00.000000000Z,35,58,108367803,11.500000000,11.500000000,11.475000000,11.475000000,550,TFO FMQ0026_OMCE0000039002072726
2026-05-15T00:00:00.000000000Z,35,85,31146190,-0.725000000,-0.725000000,-0.800000000,-0.800000000,600,TFO  74  31146190
2026-05-15T00:00:00.000000000Z,35,85,110704944,2.575000000,2.575000000,2.570000000,2.570000000,50,TFO FMM0026_OMCE0000051002052726
2026-05-15T00:00:00.000000000Z,35,85,31149484,1.075000000,1.075000000,1.075000000,1.075000000,25,TFO  72  31149484
2026-05-15T00:00:00.000000000Z,35,85,109768643,8.650000000,8.650000000,8.650000000,8.650000000,1000,TFO FMG0027_OMCE0000055002012727
2026-05-15T00:00:00.000000000Z,35,85,31149344,0.810000000,0.810000000,0.810000000,0.810000000,30,TFO   7  31149344
2026-05-15T00:00:00.000000000Z,35,58,109308649,7.775000000,7.775000000,7.775000000,7.775000000,200,TFO FQV0026.Z0026_OQCE0000050002092
2026-05-15T00:00:00.000000000Z,35,58,108245410,0.105000000,0.105000000,0.105000000,0.105000000,250,TFO FMM0026_OMPE0000037002052726
2026-05-15T00:00:00.000000000Z,35,58,109408519,2.350000000,3.475000000,2.350000000,3.300000000,3050,TFO FMN0026_OMCE0000060002062626
2026-05-15T00:00:00.000000000Z,35,85,31149219,0.380000000,0.390000000,0.380000000,0.390000000,75,TFO   4  31149219
2026-05-15T00:00:00.000000000Z,35,85,31149161,1.940000000,1.940000000,1.940000000,1.940000000,25,TFO  50  31149161
2026-05-15T00:00:00.000000000Z,35,85,31149510,0.475000000,0.475000000,0.475000000,0.475000000,250,TFO  47  31149510
2026-05-15T00:00:00.000000000Z,35,85,31149287,1.230000000,1.230000000,1.230000000,1.230000000,200,TFO  55  31149287
2026-05-15T00:00:00.000000000Z,35,85,31149594,0.100000000,0.100000000,0.100000000,0.100000000,100,TFO  58  31149594
2026-05-15T00:00:00.000000000Z,35,85,31149247,1.325000000,1.325000000,1.325000000,1.325000000,125,TFO   7  31149247
2026-05-15T00:00:00.000000000Z,35,58,108455384,,,,,400,TFO FMV0026_OMCE0000035002092526
2026-05-15T00:00:00.000000000Z,35,85,31099128,0.100000000,0.100000000,0.075000000,0.075000000,600,TFO  75  31099128
2026-05-15T00:00:00.000000000Z,35,58,108476835,,,,,180,TFO FMN0026_OMPE0000042002062626
2026-05-15T00:00:00.000000000Z,35,58,110698906,,,,,30,TFO FMH0027_OMCE0000130002022427
2026-05-15T00:00:00.000000000Z,35,85,31149117,-0.450000000,-0.450000000,-0.450000000,-0.450000000,65,TFO  75  31149117
2026-05-15T00:00:00.000000000Z,35,85,31149153,1.280000000,1.280000000,1.280000000,1.280000000,200,TFO  51  31149153
2026-05-15T00:00:00.000000000Z,35,58,109617311,6.900000000,6.900000000,6.900000000,6.900000000,550,TFO FMQ0026_OMCE0000049002072726
2026-05-15T00:00:00.000000000Z,35,58,108847187,3.750000000,3.750000000,2.830000000,2.830000000,3435,TFO FMM0026_OMPE0000050002052726
2026-05-15T00:00:00.000000000Z,35,58,108455395,,,,,500,TFO FMV0026_OMPE0000040002092526
2026-05-15T00:00:00.000000000Z,35,85,31120759,1.200000000,1.380000000,1.200000000,1.380000000,125,TFO   6  31120759
2026-05-15T00:00:00.000000000Z,35,85,31149175,-0.030000000,-0.030000000,-0.030000000,-0.030000000,50,TFO  76  31149175
2026-05-15T00:00:00.000000000Z,35,58,110698856,,,,,30,TFO FMF0027_OMCE0000090002122426
2026-05-15T00:00:00.000000000Z,35,85,31149092,0.650000000,0.650000000,0.650000000,0.650000000,100,TFO  65  31149092
2026-05-15T00:00:00.000000000Z,35,58,109617458,6.770000000,6.770000000,6.770000000,6.770000000,200,TFO FQN0026.U0026_OQPE0000049002062
2026-05-15T00:00:00.000000000Z,35,85,31149628,0.250000000,0.250000000,0.250000000,0.250000000,600,TFO  56  31149628
2026-05-15T00:00:00.000000000Z,35,58,108482175,,,,,500,TFO FMZ0026_OMPE0000040002112626
2026-05-15T00:00:00.000000000Z,35,58,109576079,,,,,25,TFO FMU0026_OMCE0000070002082626
2026-05-15T00:00:00.000000000Z,35,58,108990638,,,,,325,TFO FMH0027_OMCE0000075002022427
2026-05-15T00:00:00.000000000Z,35,85,108428899,0.600000000,0.605000000,0.600000000,0.605000000,235,TFO FMM0026_OMPE0000043002052726
2026-05-15T00:00:00.000000000Z,35,58,108481184,,,,,200,TFO FMX0026_OMCE0000028002102726
2026-05-15T00:00:00.000000000Z,35,85,31149125,2.525000000,2.525000000,2.525000000,2.525000000,300,TFO  51  31149125
2026-05-15T00:00:00.000000000Z,35,85,31149499,2.850000000,2.850000000,2.850000000,2.850000000,500,TFO  56  31149499
2026-05-15T00:00:00.000000000Z,35,58,108215821,0.050000000,0.050000000,0.025000000,0.040000000,2000,TFO FMM0026_OMPE0000035002052726
2026-05-15T00:00:00.000000000Z,35,85,31149374,0.115000000,0.115000000,0.115000000,0.115000000,125,TFO  77  31149374
2026-05-15T00:00:00.000000000Z,35,85,31149547,5.625000000,5.625000000,5.625000000,5.625000000,200,TFO  55  31149547
2026-05-15T00:00:00.000000000Z,35,58,109888349,,,,,50,TFO FMM0027_OMCE0000050002052627
2026-05-15T00:00:00.000000000Z,35,85,31148662,0.420000000,0.420000000,0.420000000,0.420000000,30,TFO   7  31148662
2026-05-15T00:00:00.000000000Z,35,85,31149544,2.100000000,2.100000000,2.100000000,2.100000000,25,TFO  50  31149544
2026-05-15T00:00:00.000000000Z,35,58,110698368,,,,,50,TFO FMU0026_OMCE0000090002082626
2026-05-15T00:00:00.000000000Z,35,58,108847189,,,,,400,TFO FMN0026_OMPE0000050002062626
2026-05-15T00:00:00.000000000Z,35,58,109184388,,,,,100,TFO FMQ0026_OMPE0000055002072726
2026-05-15T00:00:00.000000000Z,35,58,108481330,,,,,400,TFO FMH0027_OMCE0000035002022427
2026-05-15T00:00:00.000000000Z,35,58,108481177,2.185000000,2.185000000,2.185000000,2.185000000,125,TFO FQV0026.Z0026_OQPE0000035002092
2026-05-15T00:00:00.000000000Z,35,85,31149340,2.980000000,2.980000000,2.980000000,2.980000000,100,TFO  50  31149340
2026-05-15T00:00:00.000000000Z,35,58,108457413,,,,,285,TFO FMV0026_OMPE0000030002092526
2026-05-15T00:00:00.000000000Z,35,58,109370267,3.325000000,3.325000000,3.325000000,3.325000000,75,TFO FQN0026.U0026_OQCE0000065002062
2026-05-15T00:00:00.000000000Z,35,85,31149601,9.500000000,9.500000000,9.500000000,9.500000000,125,TFO  55  31149601
2026-05-15T00:00:00.000000000Z,35,58,108482080,,,,,200,TFO FMF0027_OMCE0000042002122426
2026-05-15T00:00:00.000000000Z,35,58,108293633,0.325000000,0.325000000,0.325000000,0.325000000,1600,TFO FMN0026_OMPE0000035002062626
2026-05-15T00:00:00.000000000Z,35,58,108476853,1.900000000,1.900000000,1.775000000,1.775000000,3710,TFO FMM0026_OMPE0000047002052726
2026-05-15T00:00:00.000000000Z,35,58,109308579,,,,,375,TFO FMV0026_OMCE0000050002092526
2026-05-15T00:00:00.000000000Z,35,58,109888355,,,,,50,TFO FMU0027_OMCE0000050002082627
2026-05-15T00:00:00.000000000Z,35,85,109576073,0.325000000,0.325000000,0.325000000,0.325000000,200,TFO FMM0026_OMCE0000070002052726
2026-05-15T00:00:00.000000000Z,35,85,31149553,17.000000000,17.000000000,17.000000000,17.000000000,150,TFO  53  31149553
2026-05-15T00:00:00.000000000Z,35,58,109576077,,,,,25,TFO FMQ0026_OMCE0000070002072726
2026-05-15T00:00:00.000000000Z,35,58,109185606,11.200000000,11.200000000,11.200000000,11.200000000,100,TFO FQN0026.U0026_OQPE0000055002062
2026-05-15T00:00:00.000000000Z,35,58,108481316,17.350000000,18.050000000,17.350000000,18.050000000,275,TFO FMH0027_OMCE0000028002022427
2026-05-15T00:00:00.000000000Z,35,85,31149184,1.475000000,1.475000000,1.475000000,1.475000000,40,TFO  56  31149184
2026-05-15T00:00:00.000000000Z,35,85,31149491,0.550000000,0.550000000,0.550000000,0.550000000,100,TFO  56  31149491
2026-05-15T00:00:00.000000000Z,35,58,108992846,5.550000000,5.775000000,5.550000000,5.635000000,325,TFO FQF0027.H0027_OQCE0000075002122
2026-05-15T00:00:00.000000000Z,35,58,109838793,6.160000000,7.460000000,6.160000000,7.460000000,110,TFO FSV0026.H0027_OSCE0000060002092
2026-05-15T00:00:00.000000000Z,35,85,31149231,1.775000000,1.775000000,1.775000000,1.775000000,150,TFO  50  31149231
2026-05-15T00:00:00.000000000Z,35,58,108646536,0.165000000,0.165000000,0.165000000,0.165000000,650,TFO FMM0026_OMCE0000075002052726
2026-05-15T00:00:00.000000000Z,35,58,108398542,0.260000000,0.260000000,0.260000000,0.260000000,75,TFO FMU0026_OMPE0000028002082626
2026-05-15T00:00:00.000000000Z,35,85,108398542,0.180000000,0.280000000,0.180000000,0.260000000,150,TFO FMU0026_OMPE0000028002082626
2026-05-15T00:00:00.000000000Z,35,85,31149482,2.450000000,2.450000000,2.450000000,2.450000000,100,TFO   6  31149482
2026-05-15T00:00:00.000000000Z,35,85,31122618,0.875000000,0.875000000,0.875000000,0.875000000,500,TFO   7  31122618
2026-05-15T00:00:00.000000000Z,35,85,31149485,18.950000000,18.950000000,18.950000000,18.950000000,35,TFO  54  31149485
2026-05-15T00:00:00.000000000Z,35,58,108481331,,,,,75,TFO FMH0027_OMPE0000035002022427
2026-05-15T00:00:00.000000000Z,35,58,108481201,,,,,400,TFO FMX0026_OMPE0000036002102726
2026-05-15T00:00:00.000000000Z,35,58,108990634,,,,,325,TFO FMF0027_OMCE0000075002122426
2026-05-15T00:00:00.000000000Z,35,58,108482163,7.700000000,7.700000000,7.700000000,7.700000000,25,TFO FMV0026_OMPE0000047002092526
2026-05-15T00:00:00.000000000Z,35,85,108476849,0.890000000,0.890000000,0.890000000,0.890000000,25,TFO FMM0026_OMPE0000045002052726
2026-05-15T00:00:00.000000000Z,35,85,31149378,0.260000000,0.260000000,0.260000000,0.260000000,100,TFO  55  31149378
2026-05-15T00:00:00.000000000Z,35,85,31149649,1.750000000,1.750000000,1.750000000,1.750000000,200,TFO  51  31149649
2026-05-15T00:00:00.000000000Z,35,58,108476851,1.450000000,1.450000000,1.080000000,1.175000000,810,TFO FMM0026_OMPE0000046002052726
2026-05-15T00:00:00.000000000Z,35,85,31149352,0.410000000,0.410000000,0.410000000,0.410000000,30,TFO   7  31149352
2026-05-15T00:00:00.000000000Z,35,58,108381946,0.300000000,0.300000000,0.300000000,0.300000000,100,TFO FMM0026_OMPE0000041002052726
2026-05-15T00:00:00.000000000Z,35,85,108381946,0.320000000,0.320000000,0.320000000,0.320000000,30,TFO FMM0026_OMPE0000041002052726
2026-05-15T00:00:00.000000000Z,35,58,109370195,,,,,50,TFO FMM0026_OMCE0000065002052726
2026-05-15T00:00:00.000000000Z,35,58,108482162,8.300000000,8.300000000,8.300000000,8.300000000,25,TFO FMV0026_OMCE0000047002092526
2026-05-15T00:00:00.000000000Z,35,58,109576087,2.460000000,2.460000000,2.460000000,2.460000000,25,TFO FQN0026.U0026_OQCE0000070002062
2026-05-15T00:00:00.000000000Z,35,85,31149606,1.625000000,1.625000000,1.625000000,1.625000000,200,TFO   4  31149606
2026-05-15T00:00:00.000000000Z,35,58,109308581,,,,,375,TFO FMX0026_OMCE0000050002102726
2026-05-15T00:00:00.000000000Z,35,58,109768643,,,,,900,TFO FMG0027_OMCE0000055002012727
2026-05-15T00:00:00.000000000Z,35,58,108476847,0.850000000,0.850000000,0.675000000,0.740000000,1230,TFO FMM0026_OMPE0000044002052726
2026-05-15T00:00:00.000000000Z,35,58,108338592,,,,,1000,TFO FMQ0026_OMPE0000030002072726
2026-05-15T00:00:00.000000000Z,35,58,108476859,,,,,200,TFO FMU0026_OMPE0000045002082626
2026-05-15T00:00:00.000000000Z,35,58,109888347,,,,,50,TFO FMK0027_OMCE0000050002042627
2026-05-15T00:00:00.000000000Z,35,58,108482138,,,,,200,TFO FMX0026_OMCE0000042002102726
2026-05-15T00:00:00.000000000Z,35,58,108482152,,,,,200,TFO FMV0026_OMCE0000042002092526
2026-05-15T00:00:00.000000000Z,35,58,108302833,0.550000000,0.580000000,0.550000000,0.580000000,350,TFO FMN0026_OMPE0000037002062626
2026-05-15T00:00:00.000000000Z,35,85,31149312,0.250000000,0.250000000,0.250000000,0.250000000,100,TFO  58  31149312
2026-05-15T00:00:00.000000000Z,35,58,109254279,,,,,75,TFO FMG0027_OMCE0000100002012727
2026-05-15T00:00:00.000000000Z,35,58,109370207,,,,,50,TFO FMZ0026_OMCE0000065002112626
2026-05-15T00:00:00.000000000Z,35,85,31139945,2.300000000,2.300000000,2.300000000,2.300000000,60,TFO  16  31139945
2026-05-15T00:00:00.000000000Z,35,85,31149127,0.575000000,0.575000000,0.575000000,0.575000000,40,TFO  51  31149127
2026-05-15T00:00:00.000000000Z,35,58,108482159,6.500000000,6.500000000,6.500000000,6.500000000,25,TFO FMV0026_OMPE0000045002092526
2026-05-15T00:00:00.000000000Z,35,58,109576075,1.150000000,1.920000000,1.150000000,1.920000000,400,TFO FMN0026_OMCE0000070002062626
2026-05-15T00:00:00.000000000Z,35,58,109185605,4.825000000,6.150000000,4.825000000,6.150000000,375,TFO FQN0026.U0026_OQCE0000055002062
2026-05-15T00:00:00.000000000Z,35,58,110704964,5.245000000,5.245000000,5.245000000,5.245000000,100,TFO FMN0026_OMCE0000051002062626
2026-05-15T00:00:00.000000000Z,35,58,108481205,,,,,400,TFO FMX0026_OMPE0000038002102726
2026-05-15T00:00:00.000000000Z,35,85,31131568,0.390000000,0.390000000,0.390000000,0.390000000,50,TFO   4  31131568
2026-05-15T00:00:00.000000000Z,35,58,109370201,,,,,75,TFO FMU0026_OMCE0000065002082626
2026-05-15T00:00:00.000000000Z,35,85,110299399,0.170000000,0.180000000,0.170000000,0.180000000,150,TFO FMH0027_OMPE0000015002022427
2026-05-15T00:00:00.000000000Z,35,85,31129666,3.250000000,3.250000000,3.250000000,3.250000000,25,TFO   4  31129666
2026-05-15T00:00:00.000000000Z,35,58,108481272,,,,,200,TFO FMF0027_OMCE0000028002122426
2026-05-15T00:00:00.000000000Z,35,58,109592761,6.840000000,6.840000000,6.840000000,6.840000000,200,TFO FMV0026_OMCE0000055002092526
2026-05-15T00:00:00.000000000Z,35,85,31148653,0.230000000,0.230000000,0.230000000,0.230000000,150,TFO   4  31148653
2026-05-15T00:00:00.000000000Z,35,58,108455357,0.200000000,0.200000000,0.200000000,0.200000000,1000,TFO FQN0026.U0026_OQPE0000030002062
2026-05-15T00:00:00.000000000Z,35,85,108297427,0.465000000,0.465000000,0.465000000,0.465000000,50,TFO FMN0026_OMPE0000036002062626
2026-05-15T00:00:00.000000000Z,35,58,109839119,7.260000000,7.345000000,7.260000000,7.345000000,200,TFO FQF0027.H0027_OQCE0000060002122
2026-05-15T00:00:00.000000000Z,35,58,108338602,0.740000000,0.740000000,0.740000000,0.740000000,1625,TFO FMQ0026_OMPE0000035002072726
2026-05-15T00:00:00.000000000Z,35,58,108428899,0.550000000,0.675000000,0.550000000,0.675000000,225,TFO FMM0026_OMPE0000043002052726
2026-05-15T00:00:00.000000000Z,35,58,110710064,3.200000000,3.200000000,3.200000000,3.200000000,30,TFO FQF0027.H0027_OQCE0000130002122
2026-05-15T00:00:00.000000000Z,35,58,109408517,0.650000000,2.830000000,0.650000000,0.790000000,1950,TFO FMM0026_OMCE0000060002052726
2026-05-15T00:00:00.000000000Z,35,85,31127534,0.100000000,0.100000000,0.100000000,0.100000000,150,TFO   7  31127534
2026-05-15T00:00:00.000000000Z,35,58,109308651,9.000000000,9.000000000,9.000000000,9.000000000,50,TFO FQF0027.H0027_OQCE0000050002122
2026-05-15T00:00:00.000000000Z,35,85,31149359,2.880000000,2.880000000,2.880000000,2.880000000,200,TFO  51  31149359
2026-05-15T00:00:00.000000000Z,35,85,31149119,-0.700000000,-0.700000000,-0.700000000,-0.700000000,25,TFO  48  31149119
2026-05-15T00:00:00.000000000Z,35,58,108481299,,,,,560,TFO FMG0027_OMPE0000030002012727
2026-05-15T00:00:00.000000000Z,35,58,108481309,,,,,75,TFO FMG0027_OMPE0000035002012727
2026-05-15T00:00:00.000000000Z,35,58,108481308,,,,,400,TFO FMG0027_OMCE0000035002012727
2026-05-15T00:00:00.000000000Z,35,58,110795270,6.275000000,6.275000000,6.275000000,6.275000000,250,TFO FMU0026_OMCE0000058002082626
2026-05-15T00:00:00.000000000Z,35,58,108455391,,,,,400,TFO FMV0026_OMPE0000038002092526
2026-05-15T00:00:00.000000000Z,35,85,31149274,0.180000000,0.180000000,0.180000000,0.180000000,50,TFO  34  31149274
2026-05-15T00:00:00.000000000Z,35,85,109617308,3.000000000,3.000000000,3.000000000,3.000000000,50,TFO FMM0026_OMPE0000049002052726
2026-05-15T00:00:00.000000000Z,35,58,109888345,,,,,50,TFO FMJ0027_OMCE0000050002032527
2026-05-15T00:00:00.000000000Z,35,58,109839115,5.425000000,5.425000000,5.425000000,5.425000000,200,TFO FQV0026.Z0026_OQCE0000060002092
2026-05-15T00:00:00.000000000Z,35,85,31149531,1.430000000,1.430000000,1.430000000,1.430000000,1000,TFO  50  31149531
2026-05-15T00:00:00.000000000Z,35,58,108660842,2.200000000,2.200000000,2.200000000,2.200000000,75,TFO FQN0026.U0026_OQCE0000075002062
2026-05-15T00:00:00.000000000Z,35,85,31149568,0.675000000,0.675000000,0.675000000,0.675000000,100,TFO  56  31149568
2026-05-15T00:00:00.000000000Z,35,85,109335149,4.950000000,4.950000000,4.950000000,4.950000000,100,TFO FMZ0026_OMCE0000070002112626
2026-05-15T00:00:00.000000000Z,35,58,108482002,,,,,200,TFO FMG0027_OMCE0000042002012727
2026-05-15T00:00:00.000000000Z,35,58,109184390,,,,,100,TFO FMU0026_OMPE0000055002082626
2026-05-15T00:00:00.000000000Z,35,58,108398546,,,,,1000,TFO FMU0026_OMPE0000030002082626
2026-05-15T00:00:00.000000000Z,35,85,31149083,1.000000000,1.000000000,1.000000000,1.000000000,50,TFO  58  31149083
2026-05-15T00:00:00.000000000Z,35,85,31068628,4.325000000,4.325000000,4.325000000,4.325000000,1000,TFO   6  31068628
2026-05-15T00:00:00.000000000Z,35,58,108474926,,,,,200,TFO FMV0026_OMCE0000028002092526
2026-05-15T00:00:00.000000000Z,35,85,31149452,1.475000000,1.475000000,1.475000000,1.475000000,300,TFO  56  31149452
2026-05-15T00:00:00.000000000Z,35,58,108790019,,,,,300,TFO FMV0026_OMPE0000020002092526
2026-05-15T00:00:00.000000000Z,35,58,109838785,,,,,310,TFO FMZ0026_OMCE0000060002112626
2026-05-18T00:00:00.000000000Z,35,58,109768645,,,,,100,TFO FMH0027_OMCE0000055002022427
2026-05-18T00:00:00.000000000Z,35,85,110704944,2.385000000,2.385000000,2.370000000,2.370000000,50,TFO FMM0026_OMCE0000051002052726
2026-05-18T00:00:00.000000000Z,35,85,110707792,6.000000000,6.000000000,6.000000000,6.000000000,5,TFO FMQ0026_OMCE0000054002072726
2026-05-18T00:00:00.000000000Z,35,85,31150329,2.920000000,2.920000000,2.920000000,2.920000000,50,TFO  55  31150329
2026-05-18T00:00:00.000000000Z,35,85,31150128,1.500000000,1.500000000,1.500000000,1.500000000,1150,TFO  58  31150128
2026-05-18T00:00:00.000000000Z,35,85,110615024,6.800000000,6.800000000,6.800000000,6.800000000,750,TFO FMG0027_OMCE0000080002012727
2026-05-18T00:00:00.000000000Z,35,85,108215821,0.060000000,0.060000000,0.045000000,0.045000000,130,TFO FMM0026_OMPE0000035002052726
2026-05-18T00:00:00.000000000Z,35,58,108482104,,,,,115,TFO FMJ0027_OMCE0000045002032527
2026-05-18T00:00:00.000000000Z,35,58,108476859,,,,,600,TFO FMU0026_OMPE0000045002082626
2026-05-18T00:00:00.000000000Z,35,85,31150151,0.825000000,0.825000000,0.825000000,0.825000000,50,TFO  66  31150151
2026-05-18T00:00:00.000000000Z,35,58,108482167,3.900000000,3.900000000,3.900000000,3.900000000,1325,TFO FMN0026_OMPE0000048002062626
2026-05-18T00:00:00.000000000Z,35,58,109578189,,,,,50,TFO FMX0029_OMCE0000024002102629
2026-05-18T00:00:00.000000000Z,35,85,31149982,1.630000000,1.630000000,1.630000000,1.630000000,100,TFO  50  31149982
2026-05-18T00:00:00.000000000Z,35,58,109577903,,,,,50,TFO FMG0029_OMCE0000024002012629
2026-05-18T00:00:00.000000000Z,35,85,31150148,2.225000000,2.225000000,2.225000000,2.225000000,50,TFO  72  31150148
2026-05-18T00:00:00.000000000Z,35,85,31150058,6.900000000,6.900000000,6.900000000,6.900000000,50,TFO  55  31150058
2026-05-18T00:00:00.000000000Z,35,58,108280835,0.090000000,0.090000000,0.090000000,0.090000000,100,TFO FMN0026_OMPE0000030002062626
2026-05-18T00:00:00.000000000Z,35,85,31150591,1.710000000,1.710000000,1.710000000,1.710000000,75,TFO  50  31150591
2026-05-18T00:00:00.000000000Z,35,58,108350892,,,,,1550,TFO FMQ0026_OMPE0000038002072726
2026-05-18T00:00:00.000000000Z,35,58,109335149,,,,,40,TFO FMZ0026_OMCE0000070002112626
2026-05-18T00:00:00.000000000Z,35,58,108323493,0.650000000,0.650000000,0.650000000,0.650000000,1635,TFO FMN0026_OMPE0000038002062626
2026-05-18T00:00:00.000000000Z,35,85,31149965,5.360000000,5.360000000,5.360000000,5.360000000,100,TFO  56  31149965
2026-05-18T00:00:00.000000000Z,35,58,110704946,1.625000000,1.800000000,1.625000000,1.750000000,3150,TFO FMM0026_OMCE0000053002052726
2026-05-18T00:00:00.000000000Z,35,58,110705006,0.855000000,0.925000000,0.855000000,0.925000000,3000,TFO FMM0026_OMCE0000057002052726
2026-05-18T00:00:00.000000000Z,35,58,110704964,5.560000000,5.560000000,5.560000000,5.560000000,101,TFO FMN0026_OMCE0000051002062626
2026-05-18T00:00:00.000000000Z,35,58,108481351,6.800000000,6.800000000,6.800000000,6.800000000,50,TFO FSJ0027.U0027_OSPE0000035002032
2026-05-18T00:00:00.000000000Z,35,85,31150549,7.880000000,7.880000000,7.880000000,7.880000000,75,TFO  55  31150549
2026-05-18T00:00:00.000000000Z,35,58,108482046,,,,,115,TFO FMK0027_OMCE0000045002042627
2026-05-18T00:00:00.000000000Z,35,85,31149993,15.000000000,15.000000000,15.000000000,15.000000000,375,TFO  22  31149993
2026-05-18T00:00:00.000000000Z,35,85,108293633,0.400000000,0.425000000,0.400000000,0.425000000,200,TFO FMN0026_OMPE0000035002062626
2026-05-18T00:00:00.000000000Z,35,58,108482179,,,,,200,TFO FMZ0026_OMPE0000042002112626
2026-05-18T00:00:00.000000000Z,35,85,31150242,1.215000000,1.215000000,1.215000000,1.215000000,50,TFO  51  31150242
2026-05-18T00:00:00.000000000Z,35,58,108245410,0.155000000,0.155000000,0.155000000,0.155000000,900,TFO FMM0026_OMPE0000037002052726
2026-05-18T00:00:00.000000000Z,35,85,31150313,2.925000000,2.925000000,2.925000000,2.925000000,50,TFO  55  31150313
2026-05-18T00:00:00.000000000Z,35,58,108482003,,,,,50,TFO FMG0027_OMPE0000042002012727
2026-05-18T00:00:00.000000000Z,35,58,108481437,,,,,50,TFO FMM0027_OMPE0000033002052627
2026-05-18T00:00:00.000000000Z,35,58,108847191,6.820000000,6.820000000,6.800000000,6.800000000,575,TFO FMQ0026_OMPE0000050002072726
2026-05-18T00:00:00.000000000Z,35,58,109773043,0.150000000,0.150000000,0.150000000,0.150000000,300,TFO FMM0026_OMCE0000080002052726
2026-05-18T00:00:00.000000000Z,35,85,31150055,3.850000000,3.850000000,3.850000000,3.850000000,100,TFO  50  31150055
2026-05-18T00:00:00.000000000Z,35,85,31150383,0.650000000,0.650000000,0.650000000,0.650000000,25,TFO   4  31150383
2026-05-18T00:00:00.000000000Z,35,58,108847193,7.955000000,8.045000000,7.955000000,8.015000000,600,TFO FMU0026_OMPE0000050002082626
2026-05-18T00:00:00.000000000Z,35,58,109335157,6.450000000,6.450000000,6.450000000,6.450000000,40,TFO FSV0026.H0027_OSCE0000070002092
2026-05-18T00:00:00.000000000Z,35,58,109576079,,,,,100,TFO FMU0026_OMCE0000070002082626
2026-05-18T00:00:00.000000000Z,35,58,108484485,0.755000000,0.755000000,0.755000000,0.755000000,50,TFO FQF0027.H0027_OQPE0000025002122
2026-05-18T00:00:00.000000000Z,35,58,108990638,,,,,225,TFO FMH0027_OMCE0000075002022427
2026-05-18T00:00:00.000000000Z,35,58,108481277,,,,,100,TFO FMF0027_OMPE0000030002122426
2026-05-18T00:00:00.000000000Z,35,85,31150393,2.975000000,2.975000000,2.975000000,2.975000000,400,TFO  46  31150393
2026-05-18T00:00:00.000000000Z,35,85,31150274,-0.050000000,-0.050000000,-0.050000000,-0.050000000,200,TFO  18  31150274
2026-05-18T00:00:00.000000000Z,35,85,109773047,2.950000000,2.950000000,2.950000000,2.950000000,30,TFO FMQ0026_OMCE0000080002072726
2026-05-18T00:00:00.000000000Z,35,85,31150041,1.500000000,1.500000000,1.500000000,1.500000000,10,TFO  50  31150041
2026-05-18T00:00:00.000000000Z,35,85,110705008,0.800000000,0.800000000,0.800000000,0.800000000,75,TFO FMM0026_OMCE0000058002052726
2026-05-18T00:00:00.000000000Z,35,58,109370267,3.700000000,3.700000000,3.700000000,3.700000000,50,TFO FQN0026.U0026_OQCE0000065002062
2026-05-18T00:00:00.000000000Z,35,85,31150157,1.590000000,1.590000000,1.590000000,1.590000000,1200,TFO  77  31150157
2026-05-18T00:00:00.000000000Z,35,58,109617307,,,,,45,TFO FMM0026_OMCE0000049002052726
2026-05-18T00:00:00.000000000Z,35,85,31150567,2.585000000,2.585000000,2.585000000,2.585000000,115,TFO  50  31150567
2026-05-18T00:00:00.000000000Z,35,58,108481309,,,,,50,TFO FMG0027_OMPE0000035002012727
2026-05-18T00:00:00.000000000Z,35,58,108481269,4.400000000,4.400000000,4.400000000,4.400000000,100,TFO FQF0027.H0027_OQPE0000037002122
2026-05-18T00:00:00.000000000Z,35,58,108481506,,,,,115,TFO FMQ0027_OMCE0000035002072727
2026-05-18T00:00:00.000000000Z,35,58,108476853,1.000000000,1.000000000,0.895000000,0.950000000,3400,TFO FMM0026_OMPE0000047002052726
2026-05-18T00:00:00.000000000Z,35,58,109773049,,,,,75,TFO FMU0026_OMCE0000080002082626
2026-05-18T00:00:00.000000000Z,35,58,109773177,2.900000000,2.900000000,2.200000000,2.200000000,75,TFO FQN0026.U0026_OQCE0000080002062
2026-05-18T00:00:00.000000000Z,35,58,108476837,,,,,650,TFO FMN0026_OMPE0000043002062626
2026-05-18T00:00:00.000000000Z,35,58,109370201,,,,,50,TFO FMU0026_OMCE0000065002082626
2026-05-18T00:00:00.000000000Z,35,58,109576073,0.190000000,0.190000000,0.190000000,0.190000000,175,TFO FMM0026_OMCE0000070002052726
2026-05-18T00:00:00.000000000Z,35,85,31150040,1.500000000,1.500000000,1.500000000,1.500000000,25,TFO  50  31150040
2026-05-18T00:00:00.000000000Z,35,58,108847983,7.650000000,7.650000000,7.650000000,7.650000000,200,TFO FQN0026.U0026_OQPE0000050002062
2026-05-18T00:00:00.000000000Z,35,58,109617304,8.775000000,8.775000000,8.775000000,8.775000000,250,TFO FMV0026_OMPE0000049002092526
2026-05-18T00:00:00.000000000Z,35,58,109838781,6.135000000,6.135000000,6.135000000,6.135000000,440,TFO FMV0026_OMCE0000060002092526
2026-05-18T00:00:00.000000000Z,35,85,31149969,1.160000000,1.175000000,1.150000000,1.150000000,1100,TFO  72  31149969
2026-05-18T00:00:00.000000000Z,35,58,108685481,,,,,800,TFO FMK0027_OMPE0000020002042627
2026-05-18T00:00:00.000000000Z,35,85,31150156,0.680000000,0.680000000,0.680000000,0.680000000,101,TFO   6  31150156
2026-05-18T00:00:00.000000000Z,35,58,108481441,,,,,50,TFO FMM0027_OMPE0000035002052627
2026-05-18T00:00:00.000000000Z,35,85,31150081,-1.600000000,-1.600000000,-1.600000000,-1.600000000,50,TFO  77  31150081
2026-05-18T00:00:00.000000000Z,35,58,108847189,5.360000000,5.540000000,5.360000000,5.540000000,400,TFO FMN0026_OMPE0000050002062626
2026-05-18T00:00:00.000000000Z,35,58,108847188,6.760000000,6.760000000,5.125000000,5.520000000,4051,TFO FMN0026_OMCE0000050002062626
2026-05-18T00:00:00.000000000Z,35,85,108847188,5.550000000,5.550000000,5.550000000,5.550000000,25,TFO FMN0026_OMCE0000050002062626
2026-05-18T00:00:00.000000000Z,35,85,31149989,3.975000000,3.975000000,3.975000000,3.975000000,650,TFO  56  31149989
2026-05-18T00:00:00.000000000Z,35,85,31150107,1.535000000,1.535000000,1.535000000,1.535000000,50,TFO  50  31150107
2026-05-18T00:00:00.000000000Z,35,85,31131209,2.875000000,2.875000000,2.850000000,2.850000000,250,TFO   6  31131209
2026-05-18T00:00:00.000000000Z,35,58,108481988,,,,,115,TFO FMM0027_OMCE0000045002052627
2026-05-18T00:00:00.000000000Z,35,58,108482153,,,,,200,TFO FMV0026_OMPE0000042002092526
2026-05-18T00:00:00.000000000Z,35,85,31149361,0.590000000,0.590000000,0.590000000,0.590000000,101,TFO   6  31149361
2026-05-18T00:00:00.000000000Z,35,58,108685483,,,,,800,TFO FMJ0027_OMPE0000020002032527
2026-05-18T00:00:00.000000000Z,35,85,31150425,1.270000000,1.270000000,1.270000000,1.270000000,100,TFO  56  31150425
2026-05-18T00:00:00.000000000Z,35,58,109838783,,,,,240,TFO FMX0026_OMCE0000060002102726
2026-05-18T00:00:00.000000000Z,35,85,108482169,1.820000000,1.820000000,1.820000000,1.820000000,50,TFO FMM0026_OMPE0000048002052726
2026-05-18T00:00:00.000000000Z,35,85,31150052,3.240000000,3.240000000,3.240000000,3.240000000,100,TFO  66  31150052
2026-05-18T00:00:00.000000000Z,35,58,109838793,7.950000000,7.950000000,7.880000000,7.880000000,240,TFO FSV0026.H0027_OSCE0000060002092
2026-05-18T00:00:00.000000000Z,35,85,31150026,1.930000000,1.930000000,1.930000000,1.930000000,250,TFO  47  31150026
2026-05-18T00:00:00.000000000Z,35,58,108284663,0.250000000,0.250000000,0.250000000,0.250000000,150,TFO FMN0026_OMPE0000034002062626
2026-05-18T00:00:00.000000000Z,35,85,31150487,0.770000000,0.770000000,0.770000000,0.770000000,1500,TFO  50  31150487
2026-05-18T00:00:00.000000000Z,35,58,109408601,5.365000000,5.400000000,5.365000000,5.400000000,150,TFO FQN0026.U0026_OQCE0000060002062
2026-05-18T00:00:00.000000000Z,35,85,31150519,0.550000000,0.550000000,0.550000000,0.550000000,150,TFO  56  31150519
2026-05-18T00:00:00.000000000Z,35,58,109370199,,,,,50,TFO FMQ0026_OMCE0000065002072726
2026-05-18T00:00:00.000000000Z,35,58,108790005,,,,,800,TFO FMF0027_OMPE0000020002122426
2026-05-18T00:00:00.000000000Z,35,58,110704945,2.675000000,2.675000000,2.600000000,2.675000000,1060,TFO FMM0026_OMPE0000051002052726
2026-05-18T00:00:00.000000000Z,35,58,108476869,,,,,600,TFO FMQ0026_OMPE0000045002072726
2026-05-18T00:00:00.000000000Z,35,58,108482168,,,,,20,TFO FMM0026_OMCE0000048002052726
2026-05-18T00:00:00.000000000Z,35,58,110698946,,,,,25,TFO FMM0026_OMCE0000054002052726
2026-05-18T00:00:00.000000000Z,35,85,110698946,1.360000000,1.455000000,1.360000000,1.455000000,75,TFO FMM0026_OMCE0000054002052726
2026-05-18T00:00:00.000000000Z,35,85,31150045,0.100000000,0.100000000,0.100000000,0.100000000,50,TFO  58  31150045
2026-05-18T00:00:00.000000000Z,35,58,109370195,0.550000000,0.550000000,0.280000000,0.280000000,415,TFO FMM0026_OMCE0000065002052726
2026-05-18T00:00:00.000000000Z,35,58,109577925,,,,,50,TFO FMH0029_OMCE0000024002022329
2026-05-18T00:00:00.000000000Z,35,85,31149983,6.750000000,6.750000000,6.750000000,6.750000000,50,TFO  55  31149983
2026-05-18T00:00:00.000000000Z,35,85,31150167,-1.200000000,-1.200000000,-1.200000000,-1.200000000,50,TFO  48  31150167
2026-05-18T00:00:00.000000000Z,35,58,110704944,3.200000000,3.200000000,2.765000000,2.765000000,1060,TFO FMM0026_OMCE0000051002052726
2026-05-18T00:00:00.000000000Z,35,85,31150042,9.700000000,9.700000000,9.700000000,9.700000000,100,TFO  55  31150042
2026-05-18T00:00:00.000000000Z,35,85,109838936,0.715000000,0.715000000,0.715000000,0.715000000,250,TFO FMQ0026_OMPE0000034502072726
2026-05-18T00:00:00.000000000Z,35,58,108481397,,,,,50,TFO FMJ0027_OMPE0000035002032527
2026-05-18T00:00:00.000000000Z,35,58,108482652,4.570000000,4.570000000,4.570000000,4.570000000,115,TFO FSJ0027.U0027_OSCE0000045002032
2026-05-18T00:00:00.000000000Z,35,58,110658688,,,,,50,TFO FMX0027_OMCE0000050002102727
2026-05-18T00:00:00.000000000Z,35,85,31150184,5.950000000,5.950000000,5.950000000,5.950000000,200,TFO  55  31150184
2026-05-18T00:00:00.000000000Z,35,58,108481930,,,,,115,TFO FMN0027_OMCE0000045002062527
2026-05-18T00:00:00.000000000Z,35,58,108847187,1.950000000,2.675000000,1.950000000,2.675000000,2150,TFO FMM0026_OMPE0000050002052726
2026-05-18T00:00:00.000000000Z,35,85,31150035,1.930000000,1.930000000,1.930000000,1.930000000,200,TFO  47  31150035
2026-05-18T00:00:00.000000000Z,35,58,109576077,,,,,100,TFO FMQ0026_OMCE0000070002072726
2026-05-18T00:00:00.000000000Z,35,85,31150510,6.500000000,6.500000000,6.500000000,6.500000000,30,TFO  58  31150510
2026-05-18T00:00:00.000000000Z,35,58,108685479,,,,,800,TFO FMM0027_OMPE0000020002052627
2026-05-18T00:00:00.000000000Z,35,58,108847192,9.295000000,9.295000000,9.180000000,9.180000000,425,TFO FMU0026_OMCE0000050002082626
2026-05-18T00:00:00.000000000Z,35,58,109335145,,,,,40,TFO FMV0026_OMCE0000070002092526
2026-05-18T00:00:00.000000000Z,35,85,31134388,0.120000000,0.120000000,0.120000000,0.120000000,450,TFO  75  31134388
2026-05-18T00:00:00.000000000Z,35,58,108790009,,,,,800,TFO FMH0027_OMPE0000020002022427
2026-05-18T00:00:00.000000000Z,35,58,108455365,0.510000000,0.510000000,0.510000000,0.510000000,50,TFO FQN0026.U0026_OQPE0000034002062
2026-05-18T00:00:00.000000000Z,35,85,31150063,0.480000000,0.480000000,0.480000000,0.480000000,100,TFO  56  31150063
2026-05-18T00:00:00.000000000Z,35,58,108481415,,,,,50,TFO FMK0027_OMPE0000033002042627
2026-05-18T00:00:00.000000000Z,35,58,109617308,1.540000000,2.490000000,1.540000000,2.490000000,425,TFO FMM0026_OMPE0000049002052726
2026-05-18T00:00:00.000000000Z,35,58,109768643,,,,,100,TFO FMG0027_OMCE0000055002012727
2026-05-18T00:00:00.000000000Z,35,85,110704946,1.800000000,1.800000000,1.800000000,1.800000000,150,TFO FMM0026_OMCE0000053002052726
2026-05-18T00:00:00.000000000Z,35,58,109408520,,,,,100,TFO FMN0026_OMPE0000060002062626
2026-05-18T00:00:00.000000000Z,35,85,31150440,1.650000000,1.650000000,1.650000000,1.650000000,300,TFO  51  31150440
2026-05-18T00:00:00.000000000Z,35,85,31150078,2.025000000,2.050000000,2.025000000,2.050000000,200,TFO  50  31150078
2026-05-18T00:00:00.000000000Z,35,58,108643817,,,,,800,TFO FMU0027_OMPE0000020002082627
2026-05-18T00:00:00.000000000Z,35,58,108481912,,,,,115,TFO FMQ0027_OMCE0000045002072727
2026-05-18T00:00:00.000000000Z,35,85,31150295,1.840000000,1.840000000,1.840000000,1.840000000,25,TFO  75  31150295
2026-05-18T00:00:00.000000000Z,35,85,31150554,0.550000000,0.550000000,0.550000000,0.550000000,25,TFO  56  31150554
2026-05-18T00:00:00.000000000Z,35,58,108293633,0.300000000,0.350000000,0.300000000,0.350000000,800,TFO FMN0026_OMPE0000035002062626
2026-05-18T00:00:00.000000000Z,35,85,31150616,4.975000000,4.975000000,4.975000000,4.975000000,50,TFO  56  31150616
2026-05-18T00:00:00.000000000Z,35,85,31120759,1.500000000,1.500000000,1.500000000,1.500000000,150,TFO   6  31120759
2026-05-18T00:00:00.000000000Z,35,58,109578211,,,,,50,TFO FMZ0029_OMCE0000024002112629
2026-05-18T00:00:00.000000000Z,35,85,31150419,0.825000000,0.825000000,0.825000000,0.825000000,50,TFO  66  31150419
2026-05-18T00:00:00.000000000Z,35,58,108481313,,,,,100,TFO FMG0027_OMPE0000037002012727
2026-05-18T00:00:00.000000000Z,35,58,108455373,1.200000000,1.200000000,1.170000000,1.180000000,1550,TFO FQN0026.U0026_OQPE0000038002062
2026-05-18T00:00:00.000000000Z,35,85,31150112,0.450000000,0.450000000,0.450000000,0.450000000,600,TFO  77  31150112
2026-05-18T00:00:00.000000000Z,35,85,108476849,0.570000000,0.650000000,0.570000000,0.650000000,75,TFO FMM0026_OMPE0000045002052726
2026-05-18T00:00:00.000000000Z,35,85,109773045,1.625000000,1.625000000,1.625000000,1.625000000,30,TFO FMN0026_OMCE0000080002062626
2026-05-18T00:00:00.000000000Z,35,58,109184389,7.860000000,7.860000000,7.860000000,7.860000000,150,TFO FMU0026_OMCE0000055002082626
2026-05-18T00:00:00.000000000Z,35,85,31150145,0.220000000,0.220000000,0.220000000,0.220000000,400,TFO  56  31150145
2026-05-18T00:00:00.000000000Z,35,58,108400943,,,,,250,TFO FMU0026_OMPE0000040002082626
2026-05-18T00:00:00.000000000Z,35,58,108481418,,,,,115,TFO FMK0027_OMCE0000035002042627
2026-05-18T00:00:00.000000000Z,35,58,108302833,0.480000000,0.480000000,0.480000000,0.480000000,100,TFO FMN0026_OMPE0000037002062626
2026-05-18T00:00:00.000000000Z,35,58,109184386,8.600000000,8.600000000,8.600000000,8.600000000,2000,TFO FMN0026_OMPE0000055002062626
2026-05-18T00:00:00.000000000Z,35,58,108482122,,,,,115,TFO FMU0027_OMCE0000045002082627
2026-05-18T00:00:00.000000000Z,35,58,108481299,,,,,100,TFO FMG0027_OMPE0000030002012727
2026-05-18T00:00:00.000000000Z,35,85,31150611,4.975000000,4.975000000,4.975000000,4.975000000,100,TFO  56  31150611
2026-05-18T00:00:00.000000000Z,35,85,31150618,4.975000000,4.975000000,4.975000000,4.975000000,50,TFO  56  31150618
2026-05-18T00:00:00.000000000Z,35,58,109408602,15.300000000,15.300000000,15.300000000,15.300000000,100,TFO FQN0026.U0026_OQPE0000060002062
2026-05-18T00:00:00.000000000Z,35,58,108476839,2.135000000,2.135000000,2.135000000,2.135000000,2000,TFO FMN0026_OMPE0000044002062626
2026-05-18T00:00:00.000000000Z,35,58,109578079,,,,,50,TFO FMN0029_OMCE0000024002062629
2026-05-18T00:00:00.000000000Z,35,85,31149173,1.050000000,1.050000000,1.050000000,1.050000000,300,TFO  56  31149173
2026-05-18T00:00:00.000000000Z,35,58,108482081,,,,,50,TFO FMF0027_OMPE0000042002122426
2026-05-18T00:00:00.000000000Z,35,58,110705008,0.800000000,0.800000000,0.800000000,0.800000000,75,TFO FMM0026_OMCE0000058002052726
2026-05-18T00:00:00.000000000Z,35,85,31150104,1.650000000,1.650000000,1.650000000,1.650000000,50,TFO  72  31150104
2026-05-18T00:00:00.000000000Z,35,85,31142166,1.815000000,1.950000000,1.815000000,1.950000000,1010,TFO   6  31142166
2026-05-18T00:00:00.000000000Z,35,58,108602791,,,,,800,TFO FMN0027_OMPE0000020002062527
2026-05-18T00:00:00.000000000Z,35,58,108428899,0.580000000,0.580000000,0.570000000,0.570000000,300,TFO FMM0026_OMPE0000043002052726
2026-05-18T00:00:00.000000000Z,35,58,110704966,5.605000000,5.605000000,5.605000000,5.605000000,101,TFO FMN0026_OMCE0000052002062626
2026-05-18T00:00:00.000000000Z,35,85,109184385,5.765000000,5.765000000,4.000000000,4.150000000,45,TFO FMN0026_OMCE0000055002062626
2026-05-18T00:00:00.000000000Z,35,85,31150542,1.925000000,1.925000000,1.925000000,1.925000000,250,TFO  56  31150542
2026-05-18T00:00:00.000000000Z,35,58,108381946,,,,,100,TFO FMM0026_OMPE0000041002052726
2026-05-18T00:00:00.000000000Z,35,85,108476853,1.405000000,1.405000000,1.330000000,1.345000000,100,TFO FMM0026_OMPE0000047002052726
2026-05-18T00:00:00.000000000Z,35,85,109773049,4.060000000,4.100000000,4.060000000,4.100000000,100,TFO FMU0026_OMCE0000080002082626
2026-05-18T00:00:00.000000000Z,35,85,31150172,0.410000000,0.410000000,0.410000000,0.410000000,200,TFO  51  31150172
2026-05-18T00:00:00.000000000Z,35,58,108481396,,,,,115,TFO FMJ0027_OMCE0000035002032527
2026-05-18T00:00:00.000000000Z,35,85,109576073,0.170000000,0.190000000,0.170000000,0.190000000,50,TFO FMM0026_OMCE0000070002052726
2026-05-18T00:00:00.000000000Z,35,85,108790017,0.550000000,0.550000000,0.550000000,0.550000000,600,TFO FYF0027.Z0027_OYPE0000020002122
2026-05-18T00:00:00.000000000Z,35,58,109184390,,,,,200,TFO FMU0026_OMPE0000055002082626
2026-05-18T00:00:00.000000000Z,35,58,109577991,,,,,50,TFO FMJ0029_OMCE0000024002032729
2026-05-18T00:00:00.000000000Z,35,85,31150499,0.825000000,0.825000000,0.825000000,0.825000000,1500,TFO   6  31150499
2026-05-18T00:00:00.000000000Z,35,85,31150609,4.100000000,4.100000000,4.100000000,4.100000000,50,TFO  55  31150609
2026-05-18T00:00:00.000000000Z,35,58,108398556,1.070000000,1.070000000,1.020000000,1.020000000,900,TFO FMU0026_OMPE0000035002082626
2026-05-18T00:00:00.000000000Z,35,85,31150043,0.700000000,0.700000000,-0.700000000,-0.200000000,60,TFO  70  31150043
2026-05-18T00:00:00.000000000Z,35,58,108476851,1.270000000,1.270000000,1.270000000,1.270000000,150,TFO FMM0026_OMPE0000046002052726
2026-05-18T00:00:00.000000000Z,35,85,31150401,1.200000000,1.200000000,1.200000000,1.200000000,300,TFO  65  31150401
2026-05-18T00:00:00.000000000Z,35,85,31150293,2.250000000,2.250000000,2.250000000,2.250000000,50,TFO  55  31150293
2026-05-18T00:00:00.000000000Z,35,85,31150038,0.140000000,0.140000000,0.140000000,0.140000000,125,TFO   5  31150038
2026-05-18T00:00:00.000000000Z,35,58,108481481,,,,,50,TFO FMN0027_OMPE0000033002062527
2026-05-18T00:00:00.000000000Z,35,85,31150065,6.520000000,6.520000000,6.450000000,6.450000000,125,TFO  56  31150065
2026-05-18T00:00:00.000000000Z,35,58,109838785,,,,,240,TFO FMZ0026_OMCE0000060002112626
2026-05-18T00:00:00.000000000Z,35,58,108481335,,,,,100,TFO FMH0027_OMPE0000037002022427
2026-05-18T00:00:00.000000000Z,35,85,31117607,0.600000000,0.600000000,0.360000000,0.360000000,175,TFO   6  31117607
2026-05-18T00:00:00.000000000Z,35,58,109578035,,,,,50,TFO FMM0029_OMCE0000024002052529
2026-05-18T00:00:00.000000000Z,35,58,109408524,,,,,100,TFO FMU0026_OMPE0000060002082626
2026-05-18T00:00:00.000000000Z,35,85,31150160,6.450000000,6.450000000,6.450000000,6.450000000,200,TFO  56  31150160
2026-05-18T00:00:00.000000000Z,35,85,31104683,0.925000000,0.925000000,0.925000000,0.925000000,100,TFO   5  31104683
2026-05-18T00:00:00.000000000Z,35,58,108481945,,,,,50,TFO FMH0027_OMPE0000042002022427
2026-05-18T00:00:00.000000000Z,35,58,109408521,,,,,150,TFO FMQ0026_OMCE0000060002072726
2026-05-18T00:00:00.000000000Z,35,58,108455905,1.600000000,1.900000000,1.600000000,1.900000000,250,TFO FQN0026.U0026_OQPE0000040002062
2026-05-18T00:00:00.000000000Z,35,58,109578101,,,,,50,TFO FMQ0029_OMCE0000024002072729
2026-05-18T00:00:00.000000000Z,35,58,109592761,7.160000000,7.160000000,7.160000000,7.160000000,200,TFO FMV0026_OMCE0000055002092526
2026-05-18T00:00:00.000000000Z,35,85,31150066,6.520000000,6.520000000,6.450000000,6.500000000,150,TFO  56  31150066
2026-05-18T00:00:00.000000000Z,35,85,31150476,1.460000000,1.460000000,1.460000000,1.460000000,300,TFO  50  31150476
2026-05-18T00:00:00.000000000Z,35,58,108428645,1.205000000,1.205000000,1.205000000,1.205000000,4050,TFO FMN0026_OMPE0000041002062626
2026-05-18T00:00:00.000000000Z,35,58,109408522,,,,,100,TFO FMQ0026_OMPE0000060002072726
2026-05-18T00:00:00.000000000Z,35,85,31150013,0.550000000,0.565000000,0.550000000,0.565000000,600,TFO  56  31150013
2026-05-18T00:00:00.000000000Z,35,85,31136439,0.800000000,0.870000000,0.490000000,0.490000000,400,TFO   6  31136439
2026-05-18T00:00:00.000000000Z,35,85,31150039,0.560000000,0.560000000,0.560000000,0.560000000,200,TFO   7  31150039
2026-05-18T00:00:00.000000000Z,35,85,31150572,1.800000000,1.800000000,1.800000000,1.800000000,75,TFO  50  31150572
2026-05-18T00:00:00.000000000Z,35,58,108847186,2.800000000,2.825000000,2.250000000,2.825000000,1200,TFO FMM0026_OMCE0000050002052726
2026-05-18T00:00:00.000000000Z,35,58,109408523,6.750000000,6.750000000,6.750000000,6.750000000,350,TFO FMU0026_OMCE0000060002082626
2026-05-18T00:00:00.000000000Z,35,58,108990634,,,,,225,TFO FMF0027_OMCE0000075002122426
2026-05-18T00:00:00.000000000Z,35,58,108455367,0.610000000,0.825000000,0.610000000,0.700000000,600,TFO FQN0026.U0026_OQPE0000035002062
2026-05-18T00:00:00.000000000Z,35,58,110658686,,,,,50,TFO FMV0027_OMCE0000050002092427
2026-05-18T00:00:00.000000000Z,35,58,108481528,,,,,115,TFO FMU0027_OMCE0000035002082627
2026-05-18T00:00:00.000000000Z,35,85,31149950,0.300000000,0.300000000,0.300000000,0.300000000,300,TFO  56  31149950
2026-05-18T00:00:00.000000000Z,35,58,109335147,5.650000000,5.650000000,5.650000000,5.650000000,140,TFO FMX0026_OMCE0000070002102726
2026-05-18T00:00:00.000000000Z,35,85,31150533,1.515000000,1.515000000,1.515000000,1.515000000,100,TFO  50  31150533
2026-05-18T00:00:00.000000000Z,35,58,108476865,,,,,650,TFO FMQ0026_OMPE0000043002072726
2026-05-18T00:00:00.000000000Z,35,58,108482139,,,,,200,TFO FMX0026_OMPE0000042002102726
2026-05-18T00:00:00.000000000Z,35,58,109839119,8.720000000,8.720000000,8.050000000,8.050000000,175,TFO FQF0027.H0027_OQCE0000060002122
2026-05-18T00:00:00.000000000Z,35,58,108482521,6.520000000,6.520000000,6.450000000,6.450000000,475,TFO FQV0026.Z0026_OQPE0000045002092
2026-05-18T00:00:00.000000000Z,35,85,31150253,0.275000000,0.275000000,0.275000000,0.275000000,200,TFO  51  31150253
2026-05-18T00:00:00.000000000Z,35,58,109408519,3.800000000,4.210000000,2.920000000,3.400000000,1500,TFO FMN0026_OMCE0000060002062626
2026-05-18T00:00:00.000000000Z,35,85,31139506,0.185000000,0.185000000,0.185000000,0.185000000,1150,TFO  18  31139506
2026-05-18T00:00:00.000000000Z,35,58,109335155,,,,,40,TFO FMH0027_OMCE0000070002022427
2026-05-18T00:00:00.000000000Z,35,85,109184383,1.165000000,1.240000000,1.165000000,1.240000000,75,TFO FMM0026_OMCE0000055002052726
2026-05-18T00:00:00.000000000Z,35,58,109768641,,,,,100,TFO FMF0027_OMCE0000055002122426
2026-05-18T00:00:00.000000000Z,35,58,108476937,3.800000000,4.025000000,3.640000000,4.025000000,600,TFO FQN0026.U0026_OQPE0000045002062
2026-05-18T00:00:00.000000000Z,35,58,109578013,,,,,50,TFO FMK0029_OMCE0000024002042629
2026-05-18T00:00:00.000000000Z,35,58,108790007,,,,,800,TFO FMG0027_OMPE0000020002012727
2026-05-18T00:00:00.000000000Z,35,85,31150556,5.425000000,5.500000000,5.425000000,5.500000000,100,TFO  53  31150556
2026-05-18T00:00:00.000000000Z,35,58,109578123,,,,,50,TFO FMU0029_OMCE0000024002082429
2026-05-18T00:00:00.000000000Z,35,58,108790013,,,,,800,TFO FMX0027_OMPE0000020002102727
2026-05-18T00:00:00.000000000Z,35,85,31150546,7.880000000,7.880000000,7.880000000,7.880000000,125,TFO  55  31150546
2026-05-18T00:00:00.000000000Z,35,58,109617306,4.640000000,4.640000000,4.640000000,4.640000000,85,TFO FMN0026_OMPE0000049002062626
2026-05-18T00:00:00.000000000Z,35,58,110658698,4.100000000,4.100000000,4.100000000,4.100000000,50,TFO FSV0027.H0028_OSCE0000050002092
2026-05-18T00:00:00.000000000Z,35,58,108476845,3.470000000,3.520000000,3.470000000,3.520000000,4670,TFO FMN0026_OMPE0000047002062626
2026-05-18T00:00:00.000000000Z,35,58,108640515,,,,,800,TFO FMQ0027_OMPE0000020002072727
2026-05-18T00:00:00.000000000Z,35,85,31149943,0.690000000,0.690000000,0.690000000,0.690000000,50,TFO   7  31149943
2026-05-18T00:00:00.000000000Z,35,58,108476849,0.590000000,1.050000000,0.500000000,0.840000000,4700,TFO FMM0026_OMPE0000045002052726
2026-05-18T00:00:00.000000000Z,35,58,109773045,,,,,75,TFO FMN0026_OMCE0000080002062626
2026-05-18T00:00:00.000000000Z,35,58,108400937,0.950000000,1.175000000,0.950000000,1.175000000,4850,TFO FMN0026_OMPE0000040002062626
2026-05-18T00:00:00.000000000Z,35,85,108400937,1.050000000,1.200000000,1.050000000,1.100000000,175,TFO FMN0026_OMPE0000040002062626
2026-05-18T00:00:00.000000000Z,35,85,108400943,2.560000000,2.900000000,2.560000000,2.900000000,400,TFO FMU0026_OMPE0000040002082626
2026-05-18T00:00:00.000000000Z,35,58,108481507,,,,,50,TFO FMQ0027_OMPE0000035002072727
2026-05-18T00:00:00.000000000Z,35,85,31150331,0.215000000,0.215000000,0.215000000,0.215000000,150,TFO  51  31150331
2026-05-18T00:00:00.000000000Z,35,58,108481291,,,,,100,TFO FMF0027_OMPE0000037002122426
2026-05-18T00:00:00.000000000Z,35,58,110658690,,,,,50,TFO FMZ0027_OMCE0000050002112627
2026-05-18T00:00:00.000000000Z,35,58,108484401,,,,,50,TFO FMH0027_OMPE0000025002022427
2026-05-18T00:00:00.000000000Z,35,58,108338602,0.680000000,0.680000000,0.680000000,0.680000000,750,TFO FMQ0026_OMPE0000035002072726
2026-05-18T00:00:00.000000000Z,35,58,108847982,6.650000000,6.925000000,6.650000000,6.925000000,125,TFO FQN0026.U0026_OQCE0000050002062
2026-05-18T00:00:00.000000000Z,35,58,109335153,,,,,40,TFO FMG0027_OMCE0000070002012727
2026-05-18T00:00:00.000000000Z,35,58,109184388,,,,,200,TFO FMQ0026_OMPE0000055002072726
2026-05-18T00:00:00.000000000Z,35,58,108476847,0.390000000,0.390000000,0.390000000,0.390000000,125,TFO FMM0026_OMPE0000044002052726
2026-05-18T00:00:00.000000000Z,35,58,109596767,1.750000000,2.150000000,1.750000000,2.150000000,250,TFO FMM0026_OMCE0000052002052726
2026-05-18T00:00:00.000000000Z,35,85,31149961,3.875000000,3.875000000,3.875000000,3.875000000,25,TFO  58  31149961
2026-05-18T00:00:00.000000000Z,35,85,108398552,0.725000000,0.790000000,0.725000000,0.790000000,30,TFO FMU0026_OMPE0000033002082626
2026-05-18T00:00:00.000000000Z,35,85,31149922,0.505000000,0.505000000,0.505000000,0.505000000,20,TFO   6  31149922
2026-05-18T00:00:00.000000000Z,35,58,108481503,,,,,50,TFO FMQ0027_OMPE0000033002072727
2026-05-18T00:00:00.000000000Z,35,58,108398554,,,,,50,TFO FMU0026_OMPE0000034002082626
2026-05-18T00:00:00.000000000Z,35,58,108455381,0.900000000,0.900000000,0.900000000,0.900000000,200,TFO FMV0026_OMPE0000033002092526
2026-05-18T00:00:00.000000000Z,35,85,31150489,1.725000000,1.725000000,1.725000000,1.725000000,25,TFO  65  31150489
2026-05-18T00:00:00.000000000Z,35,58,110704968,4.970000000,4.970000000,4.970000000,4.970000000,101,TFO FMN0026_OMCE0000053002062626
2026-05-18T00:00:00.000000000Z,35,58,108481199,,,,,250,TFO FMX0026_OMPE0000035002102726
2026-05-18T00:00:00.000000000Z,35,85,31150225,0.300000000,0.350000000,0.300000000,0.350000000,200,TFO  56  31150225
2026-05-18T00:00:00.000000000Z,35,58,109769257,9.700000000,9.700000000,9.700000000,9.700000000,100,TFO FQF0027.H0027_OQCE0000055002122
2026-05-18T00:00:00.000000000Z,35,58,109184385,5.130000000,5.130000000,3.775000000,4.400000000,3910,TFO FMN0026_OMCE0000055002062626
2026-05-18T00:00:00.000000000Z,35,85,31150083,1.150000000,1.150000000,1.150000000,1.150000000,50,TFO  50  31150083
2026-05-18T00:00:00.000000000Z,35,58,108482515,4.975000000,4.975000000,4.975000000,4.975000000,200,TFO FQV0026.Z0026_OQPE0000042002092
2026-05-18T00:00:00.000000000Z,35,85,31150122,1.750000000,1.750000000,1.750000000,1.750000000,900,TFO  58  31150122
2026-05-18T00:00:00.000000000Z,35,58,108457413,0.500000000,0.550000000,0.500000000,0.550000000,350,TFO FMV0026_OMPE0000030002092526
2026-05-18T00:00:00.000000000Z,35,58,108332543,0.165000000,0.305000000,0.165000000,0.305000000,1950,TFO FMM0026_OMPE0000040002052726
2026-05-18T00:00:00.000000000Z,35,85,108332543,0.140000000,0.270000000,0.140000000,0.225000000,485,TFO FMM0026_OMPE0000040002052726
2026-05-18T00:00:00.000000000Z,35,58,108790011,,,,,800,TFO FMV0027_OMPE0000020002092427
2026-05-18T00:00:00.000000000Z,35,85,31150367,6.650000000,6.650000000,6.650000000,6.650000000,100,TFO  55  31150367
2026-05-18T00:00:00.000000000Z,35,58,109838787,,,,,415,TFO FMF0027_OMCE0000060002122426
2026-05-18T00:00:00.000000000Z,35,85,31150553,1.025000000,1.025000000,1.025000000,1.025000000,200,TFO  50  31150553
2026-05-18T00:00:00.000000000Z,35,85,31150139,5.975000000,5.975000000,5.975000000,5.975000000,100,TFO  77  31150139
2026-05-18T00:00:00.000000000Z,35,58,108990636,,,,,225,TFO FMG0027_OMCE0000075002012727
2026-05-18T00:00:00.000000000Z,35,85,109408517,0.950000000,0.950000000,0.950000000,0.950000000,50,TFO FMM0026_OMCE0000060002052726
2026-05-18T00:00:00.000000000Z,35,58,108482535,7.200000000,7.200000000,7.200000000,7.200000000,50,TFO FQF0027.H0027_OQPE0000042002122
2026-05-18T00:00:00.000000000Z,35,85,31149929,1.150000000,1.150000000,1.150000000,1.150000000,100,TFO   6  31149929
2026-05-18T00:00:00.000000000Z,35,58,108481221,,,,,250,TFO FMZ0026_OMPE0000035002112626
2026-05-18T00:00:00.000000000Z,35,58,108481331,,,,,50,TFO FMH0027_OMPE0000035002022427
2026-05-18T00:00:00.000000000Z,35,58,110658694,,,,,50,TFO FMG0028_OMCE0000050002012728
2026-05-18T00:00:00.000000000Z,35,58,108481525,,,,,50,TFO FMU0027_OMPE0000033002082627
2026-05-18T00:00:00.000000000Z,35,85,108482168,4.500000000,4.500000000,4.500000000,4.500000000,15,TFO FMM0026_OMCE0000048002052726
2026-05-18T00:00:00.000000000Z,35,58,108481347,5.585000000,5.585000000,5.585000000,5.585000000,50,TFO FSJ0027.U0027_OSPE0000033002032
2026-05-18T00:00:00.000000000Z,35,58,108455385,1.350000000,1.350000000,1.350000000,1.350000000,450,TFO FMV0026_OMPE0000035002092526
2026-05-18T00:00:00.000000000Z,35,58,109308581,9.500000000,9.500000000,9.500000000,9.500000000,100,TFO FMX0026_OMCE0000050002102726
2026-05-18T00:00:00.000000000Z,35,58,108338600,,,,,50,TFO FMQ0026_OMPE0000034002072726
2026-05-18T00:00:00.000000000Z,35,85,31150435,1.750000000,1.750000000,1.750000000,1.750000000,100,TFO  55  31150435
2026-05-18T00:00:00.000000000Z,35,85,31150097,4.925000000,4.925000000,4.925000000,4.925000000,50,TFO  55  31150097
2026-05-18T00:00:00.000000000Z,35,58,108481265,3.650000000,3.650000000,3.650000000,3.650000000,50,TFO FQF0027.H0027_OQPE0000035002122
2026-05-18T00:00:00.000000000Z,35,58,109185606,9.870000000,10.430000000,9.870000000,10.430000000,200,TFO FQN0026.U0026_OQPE0000055002062
2026-05-18T00:00:00.000000000Z,35,58,108482185,,,,,475,TFO FMZ0026_OMPE0000045002112626
2026-05-18T00:00:00.000000000Z,35,58,108474927,0.300000000,0.335000000,0.300000000,0.335000000,450,TFO FMV0026_OMPE0000028002092526
2026-05-18T00:00:00.000000000Z,35,85,31149996,1.565000000,1.565000000,1.565000000,1.565000000,50,TFO  72  31149996
2026-05-18T00:00:00.000000000Z,35,85,31149958,3.875000000,3.875000000,3.800000000,3.800000000,975,TFO  58  31149958
2026-05-18T00:00:00.000000000Z,35,85,108280835,0.150000000,0.150000000,0.150000000,0.150000000,200,TFO FMN0026_OMPE0000030002062626
2026-05-18T00:00:00.000000000Z,35,58,108481177,1.925000000,1.925000000,1.925000000,1.925000000,250,TFO FQV0026.Z0026_OQPE0000035002092
2026-05-18T00:00:00.000000000Z,35,58,109838791,,,,,415,TFO FMH0027_OMCE0000060002022427
2026-05-18T00:00:00.000000000Z,35,58,108484407,,,,,50,TFO FMG0027_OMPE0000025002012727
2026-05-18T00:00:00.000000000Z,35,85,31150527,0.550000000,0.550000000,0.550000000,0.550000000,25,TFO  56  31150527
2026-05-18T00:00:00.000000000Z,35,85,31150592,1.710000000,1.710000000,1.710000000,1.710000000,75,TFO  50  31150592
2026-05-18T00:00:00.000000000Z,35,85,31147809,0.500000000,0.500000000,0.500000000,0.500000000,50,TFO  75  31147809
2026-05-18T00:00:00.000000000Z,35,58,108790015,,,,,800,TFO FMZ0027_OMPE0000020002112627
2026-05-18T00:00:00.000000000Z,35,58,108482145,,,,,475,TFO FMX0026_OMPE0000045002102726
2026-05-18T00:00:00.000000000Z,35,58,109184383,1.750000000,1.850000000,1.050000000,1.300000000,2390,TFO FMM0026_OMCE0000055002052726
2026-05-18T00:00:00.000000000Z,35,58,109184387,6.775000000,6.775000000,6.775000000,6.775000000,150,TFO FMQ0026_OMCE0000055002072726
2026-05-18T00:00:00.000000000Z,35,58,108381602,,,,,250,TFO FMQ0026_OMPE0000040002072726
2026-05-18T00:00:00.000000000Z,35,85,108381602,1.850000000,1.850000000,1.700000000,1.750000000,340,TFO FMQ0026_OMPE0000040002072726
2026-05-18T00:00:00.000000000Z,35,58,110658692,,,,,50,TFO FMF0028_OMCE0000050002122427
2026-05-18T00:00:00.000000000Z,35,85,31150028,1.450000000,1.450000000,1.450000000,1.450000000,200,TFO  51  31150028
2026-05-18T00:00:00.000000000Z,35,58,108646538,2.175000000,2.175000000,1.690000000,1.690000000,350,TFO FMN0026_OMCE0000075002062626
2026-05-18T00:00:00.000000000Z,35,58,108481255,1.790000000,1.790000000,1.790000000,1.790000000,100,TFO FQF0027.H0027_OQPE0000030002122
2026-05-18T00:00:00.000000000Z,35,58,108992846,6.900000000,6.900000000,6.250000000,6.250000000,225,TFO FQF0027.H0027_OQCE0000075002122
2026-05-18T00:00:00.000000000Z,35,58,108482159,,,,,475,TFO FMV0026_OMPE0000045002092526
2026-05-18T00:00:00.000000000Z,35,58,108481440,,,,,115,TFO FMM0027_OMCE0000035002052627
2026-05-18T00:00:00.000000000Z,35,85,31150127,0.450000000,0.450000000,0.450000000,0.450000000,50,TFO  77  31150127
2026-05-18T00:00:00.000000000Z,35,85,31149997,17.250000000,17.250000000,17.225000000,17.225000000,300,TFO  22  31149997
2026-05-18T00:00:00.000000000Z,35,58,108476855,3.975000000,3.975000000,3.975000000,3.975000000,1300,TFO FMU0026_OMPE0000043002082626
2026-05-18T00:00:00.000000000Z,35,85,31150348,0.175000000,0.175000000,0.175000000,0.175000000,2800,TFO  44  31150348
2026-05-18T00:00:00.000000000Z,35,85,108476847,0.500000000,0.500000000,0.500000000,0.500000000,25,TFO FMM0026_OMPE0000044002052726
2026-05-18T00:00:00.000000000Z,35,85,109596767,3.155000000,3.155000000,3.155000000,3.155000000,15,TFO FMM0026_OMCE0000052002052726
2026-05-18T00:00:00.000000000Z,35,58,109773047,,,,,75,TFO FMQ0026_OMCE0000080002072726
2026-05-18T00:00:00.000000000Z,35,85,108280841,0.215000000,0.215000000,0.215000000,0.215000000,10,TFO FMN0026_OMPE0000033002062626
2026-05-18T00:00:00.000000000Z,35,58,108401031,0.300000000,0.440000000,0.300000000,0.430000000,2950,TFO FMM0026_OMPE0000042002052726
2026-05-18T00:00:00.000000000Z,35,58,109335151,,,,,40,TFO FMF0027_OMCE0000070002122426
2026-05-18T00:00:00.000000000Z,35,58,108481529,,,,,50,TFO FMU0027_OMPE0000035002082627
2026-05-18T00:00:00.000000000Z,35,85,31149951,1.120000000,1.120000000,1.120000000,1.120000000,25,TFO  55  31149951
2026-05-18T00:00:00.000000000Z,35,58,109617303,8.775000000,8.775000000,8.775000000,8.775000000,250,TFO FMV0026_OMCE0000049002092526
2026-05-18T00:00:00.000000000Z,35,85,31150505,17.550000000,17.550000000,17.550000000,17.550000000,250,TFO  53  31150505
2026-05-18T00:00:00.000000000Z,35,85,31150111,0.275000000,0.275000000,0.275000000,0.275000000,2000,TFO  13  31150111
2026-05-18T00:00:00.000000000Z,35,85,31149955,6.775000000,6.775000000,6.610000000,6.610000000,150,TFO  55  31149955
2026-05-18T00:00:00.000000000Z,35,58,108481321,,,,,100,TFO FMH0027_OMPE0000030002022427
2026-05-18T00:00:00.000000000Z,35,58,109577837,4.925000000,4.925000000,4.925000000,4.925000000,50,TFO FYF0029.Z0029_OYCE0000024002122
2026-05-18T00:00:00.000000000Z,35,58,108847190,8.180000000,8.200000000,8.180000000,8.200000000,500,TFO FMQ0026_OMCE0000050002072726
2026-05-18T00:00:00.000000000Z,35,85,31150597,3.200000000,3.200000000,3.200000000,3.200000000,75,TFO  65  31150597
2026-05-18T00:00:00.000000000Z,35,58,108481393,,,,,50,TFO FMJ0027_OMPE0000033002032527
2026-05-18T00:00:00.000000000Z,35,58,109576075,2.300000000,2.415000000,1.830000000,1.830000000,1600,TFO FMN0026_OMCE0000070002062626
2026-05-18T00:00:00.000000000Z,35,85,31150262,-0.040000000,-0.040000000,-0.040000000,-0.040000000,100,TFO  18  31150262
2026-05-18T00:00:00.000000000Z,35,85,31150408,0.280000000,0.280000000,0.280000000,0.280000000,15,TFO  55  31150408
2026-05-18T00:00:00.000000000Z,35,85,31150084,1.230000000,1.230000000,1.230000000,1.230000000,650,TFO  73  31150084
2026-05-18T00:00:00.000000000Z,35,85,31150208,3.230000000,3.230000000,3.230000000,3.230000000,100,TFO  50  31150208
2026-05-18T00:00:00.000000000Z,35,58,108476848,5.675000000,6.000000000,5.670000000,6.000000000,675,TFO FMM0026_OMCE0000045002052726
2026-05-18T00:00:00.000000000Z,35,85,108476848,6.000000000,6.000000000,6.000000000,6.000000000,75,TFO FMM0026_OMCE0000045002052726
2026-05-18T00:00:00.000000000Z,35,58,108790017,0.550000000,0.550000000,0.550000000,0.550000000,200,TFO FYF0027.Z0027_OYPE0000020002122
2026-05-18T00:00:00.000000000Z,35,58,108481485,,,,,50,TFO FMN0027_OMPE0000035002062527
2026-05-18T00:00:00.000000000Z,35,58,109838789,,,,,415,TFO FMG0027_OMCE0000060002012727
2026-05-18T00:00:00.000000000Z,35,58,109370197,2.950000000,2.950000000,2.375000000,2.575000000,1120,TFO FMN0026_OMCE0000065002062626
2026-05-18T00:00:00.000000000Z,35,58,109578167,,,,,50,TFO FMV0029_OMCE0000024002092629
2026-05-18T00:00:00.000000000Z,35,85,31110224,1.500000000,1.500000000,1.500000000,1.500000000,5,TFO   6  31110224
2026-05-18T00:00:00.000000000Z,35,85,31150412,0.825000000,0.825000000,0.825000000,0.825000000,50,TFO  66  31150412
2026-05-18T00:00:00.000000000Z,35,85,31150077,1.150000000,1.150000000,1.150000000,1.150000000,950,TFO  50  31150077
2026-05-18T00:00:00.000000000Z,35,58,109408517,1.120000000,1.120000000,0.550000000,0.635000000,1650,TFO FMM0026_OMCE0000060002052726
2026-05-18T00:00:00.000000000Z,35,85,31150352,3.320000000,3.320000000,3.320000000,3.320000000,100,TFO  66  31150352
2026-05-18T00:00:00.000000000Z,35,58,110658696,,,,,50,TFO FMH0028_OMCE0000050002022528
2026-05-18T00:00:00.000000000Z,35,58,109576087,3.825000000,3.825000000,3.700000000,3.700000000,100,TFO FQN0026.U0026_OQCE0000070002062
2026-05-18T00:00:00.000000000Z,35,85,31149991,0.160000000,0.160000000,0.160000000,0.160000000,100,TFO  51  31149991
2026-05-18T00:00:00.000000000Z,35,58,108481350,7.155000000,7.155000000,7.155000000,7.155000000,115,TFO FSJ0027.U0027_OSCE0000035002032
2026-05-18T00:00:00.000000000Z,35,85,31150115,1.500000000,1.500000000,1.500000000,1.500000000,300,TFO  16  31150115
2026-05-18T00:00:00.000000000Z,35,58,108476841,2.450000000,3.075000000,2.250000000,2.775000000,1210,TFO FMN0026_OMPE0000045002062626
2026-05-18T00:00:00.000000000Z,35,85,31150088,1.940000000,1.940000000,1.940000000,1.940000000,100,TFO  50  31150088
2026-05-18T00:00:00.000000000Z,35,58,108482169,1.200000000,1.200000000,1.200000000,1.200000000,2600,TFO FMM0026_OMPE0000048002052726
2026-05-18T00:00:00.000000000Z,35,85,31150463,5.520000000,5.520000000,5.520000000,5.520000000,25,TFO  55  31150463
2026-05-18T00:00:00.000000000Z,35,85,31150159,-1.750000000,-1.750000000,-1.750000000,-1.750000000,85,TFO  66  31150159
2026-05-18T00:00:00.000000000Z,35,85,31129666,3.250000000,3.255000000,3.250000000,3.250000000,250,TFO   4  31129666
2026-05-18T00:00:00.000000000Z,35,58,108481419,,,,,50,TFO FMK0027_OMPE0000035002042627
2026-05-18T00:00:00.000000000Z,35,85,31150582,6.050000000,6.050000000,6.050000000,6.050000000,100,TFO  54  31150582
2026-05-18T00:00:00.000000000Z,35,58,108481484,,,,,115,TFO FMN0027_OMCE0000035002062527
2026-05-18T00:00:00.000000000Z,35,85,31150025,0.250000000,0.250000000,0.250000000,0.250000000,150,TFO  74  31150025
2026-05-18T00:00:00.000000000Z,35,85,31149987,1.110000000,1.110000000,1.110000000,1.110000000,50,TFO  50  31149987
2026-05-18T00:00:00.000000000Z,35,58,108476933,2.810000000,2.810000000,2.810000000,2.810000000,650,TFO FQN0026.U0026_OQPE0000043002062
2026-05-18T00:00:00.000000000Z,35,58,110698338,1.225000000,1.225000000,1.225000000,1.225000000,1000,TFO FMN0026_OMCE0000085002062626
2026-05-18T00:00:00.000000000Z,35,85,110704945,3.190000000,3.190000000,3.190000000,3.190000000,50,TFO FMM0026_OMPE0000051002052726
2026-05-18T00:00:00.000000000Z,35,58,108398562,,,,,1550,TFO FMU0026_OMPE0000038002082626
2026-05-18T00:00:00.000000000Z,35,58,109577881,,,,,50,TFO FMF0029_OMCE0000024002122728
2026-05-18T00:00:00.000000000Z,35,85,31150537,5.540000000,5.540000000,5.540000000,5.540000000,100,TFO  56  31150537
2026-05-18T00:00:00.000000000Z,35,58,108484413,,,,,50,TFO FMF0027_OMPE0000025002122426
2026-05-18T00:00:00.000000000Z,35,58,108481287,,,,,50,TFO FMF0027_OMPE0000035002122426
2026-05-18T00:00:00.000000000Z,35,85,31150131,1.500000000,1.500000000,1.500000000,1.500000000,150,TFO  58  31150131
2026-05-19T00:00:00.000000000Z,35,58,109768647,8.575000000,8.575000000,8.575000000,8.575000000,150,TFO FSV0026.H0027_OSCE0000055002092
2026-05-19T00:00:00.000000000Z,35,58,108484133,,,,,75,TFO FMJ0027_OMPE0000027002032527
2026-05-19T00:00:00.000000000Z,35,85,31151307,0.000000000,0.000000000,0.000000000,0.000000000,500,TFO  72  31151307
2026-05-19T00:00:00.000000000Z,35,58,110658690,,,,,250,TFO FMZ0027_OMCE0000050002112627
2026-05-19T00:00:00.000000000Z,35,85,109576073,0.210000000,0.210000000,0.210000000,0.210000000,300,TFO FMM0026_OMCE0000070002052726
2026-05-19T00:00:00.000000000Z,35,85,31150899,0.610000000,0.610000000,0.610000000,0.610000000,25,TFO  55  31150899
2026-05-19T00:00:00.000000000Z,35,58,108484129,,,,,200,TFO FMJ0027_OMPE0000025002032527
2026-05-19T00:00:00.000000000Z,35,58,108476853,1.125000000,1.150000000,0.825000000,0.825000000,1980,TFO FMM0026_OMPE0000047002052726
2026-05-19T00:00:00.000000000Z,35,58,108482643,10.175000000,10.175000000,10.175000000,10.175000000,400,TFO FSJ0027.U0027_OSPE0000040002032
2026-05-19T00:00:00.000000000Z,35,58,110459492,,,,,125,TFO FMM0026_OMCE0000068002052726
2026-05-19T00:00:00.000000000Z,35,58,108481591,,,,,225,TFO FMX0027_OMPE0000033002102727
2026-05-19T00:00:00.000000000Z,35,58,108816692,,,,,25,TFO FMG0028_OMCE0000030002012728
2026-05-19T00:00:00.000000000Z,35,58,110698350,,,,,425,TFO FMQ0026_OMCE0000085002072726
2026-05-19T00:00:00.000000000Z,35,58,109308589,,,,,225,TFO FMH0027_OMCE0000050002022427
2026-05-19T00:00:00.000000000Z,35,58,108816912,,,,,25,TFO FMU0028_OMCE0000030002082528
2026-05-19T00:00:00.000000000Z,35,85,31151103,3.080000000,3.080000000,3.080000000,3.080000000,50,TFO  47  31151103
2026-05-19T00:00:00.000000000Z,35,58,108476931,2.230000000,2.230000000,2.230000000,2.230000000,50,TFO FQN0026.U0026_OQPE0000042002062
2026-05-19T00:00:00.000000000Z,35,58,108481143,1.240000000,1.240000000,1.240000000,1.240000000,100,TFO FSV0026.H0027_OSPE0000030002092
2026-05-19T00:00:00.000000000Z,35,85,109408517,0.630000000,0.630000000,0.630000000,0.630000000,50,TFO FMM0026_OMCE0000060002052726
2026-05-19T00:00:00.000000000Z,35,85,31151350,1.960000000,1.960000000,1.960000000,1.960000000,100,TFO  51  31151350
2026-05-19T00:00:00.000000000Z,35,58,108816824,,,,,25,TFO FMM0028_OMCE0000030002052628
2026-05-19T00:00:00.000000000Z,35,58,108482185,,,,,350,TFO FMZ0026_OMPE0000045002112626
2026-05-19T00:00:00.000000000Z,35,58,108643817,,,,,50,TFO FMU0027_OMPE0000020002082627
2026-05-19T00:00:00.000000000Z,35,85,31139521,2.300000000,2.300000000,2.300000000,2.300000000,250,TFO   6  31139521
2026-05-19T00:00:00.000000000Z,35,58,108481978,,,,,100,TFO FMM0027_OMCE0000040002052627
2026-05-19T00:00:00.000000000Z,35,85,31151430,0.350000000,0.350000000,0.350000000,0.350000000,500,TFO  65  31151430
2026-05-19T00:00:00.000000000Z,35,85,31151423,1.725000000,1.725000000,1.725000000,1.725000000,500,TFO  66  31151423
2026-05-19T00:00:00.000000000Z,35,58,108484137,,,,,180,TFO FMK0027_OMPE0000024002042627
2026-05-19T00:00:00.000000000Z,35,58,110704945,2.590000000,2.590000000,2.375000000,2.375000000,2025,TFO FMM0026_OMPE0000051002052726
2026-05-19T00:00:00.000000000Z,35,85,31151313,0.160000000,0.160000000,0.160000000,0.160000000,50,TFO  77  31151313
2026-05-19T00:00:00.000000000Z,35,85,31151194,0.490000000,0.490000000,0.490000000,0.490000000,100,TFO   6  31151194
2026-05-19T00:00:00.000000000Z,35,58,109592763,,,,,150,TFO FMX0026_OMCE0000055002102726
2026-05-19T00:00:00.000000000Z,35,85,31123933,1.350000000,1.350000000,1.350000000,1.350000000,200,TFO   7  31123933
2026-05-19T00:00:00.000000000Z,35,58,108481519,,,,,405,TFO FMU0027_OMPE0000030002082627
2026-05-19T00:00:00.000000000Z,35,85,109888345,5.250000000,5.250000000,5.250000000,5.250000000,200,TFO FMJ0027_OMCE0000050002032527
2026-05-19T00:00:00.000000000Z,35,58,108428899,0.350000000,0.350000000,0.350000000,0.350000000,100,TFO FMM0026_OMPE0000043002052726
2026-05-19T00:00:00.000000000Z,35,85,31150991,0.690000000,0.690000000,0.690000000,0.690000000,25,TFO  56  31150991
2026-05-19T00:00:00.000000000Z,35,58,109838781,,,,,75,TFO FMV0026_OMCE0000060002092526
2026-05-19T00:00:00.000000000Z,35,58,109617308,1.925000000,1.925000000,1.925000000,1.925000000,50,TFO FMM0026_OMPE0000049002052726
2026-05-19T00:00:00.000000000Z,35,58,108481441,,,,,600,TFO FMM0027_OMPE0000035002052627
2026-05-19T00:00:00.000000000Z,35,85,31151157,1.075000000,1.075000000,1.075000000,1.075000000,300,TFO   7  31151157
2026-05-19T00:00:00.000000000Z,35,85,31151179,5.550000000,5.550000000,5.550000000,5.550000000,50,TFO  55  31151179
2026-05-19T00:00:00.000000000Z,35,85,31150872,1.675000000,1.675000000,1.675000000,1.675000000,500,TFO  50  31150872
2026-05-19T00:00:00.000000000Z,35,58,109596767,2.600000000,2.600000000,2.590000000,2.590000000,425,TFO FMM0026_OMCE0000052002052726
2026-05-19T00:00:00.000000000Z,35,58,108455367,0.650000000,0.650000000,0.600000000,0.600000000,200,TFO FQN0026.U0026_OQPE0000035002062
2026-05-19T00:00:00.000000000Z,35,58,108481429,,,,,100,TFO FMM0027_OMPE0000029002052627
2026-05-19T00:00:00.000000000Z,35,85,109596768,2.675000000,2.675000000,2.675000000,2.675000000,25,TFO FMM0026_OMPE0000052002052726
2026-05-19T00:00:00.000000000Z,35,58,110735224,10.250000000,10.250000000,10.250000000,10.250000000,225,TFO FQF0027.H0027_OQCE0000051002122
2026-05-19T00:00:00.000000000Z,35,58,110680178,,,,,50,TFO FMK0027_OMCE0000060002042627
2026-05-19T00:00:00.000000000Z,35,85,31151317,7.600000000,7.600000000,7.600000000,7.600000000,950,TFO  55  31151317
2026-05-19T00:00:00.000000000Z,35,58,110658686,,,,,250,TFO FMV0027_OMCE0000050002092427
2026-05-19T00:00:00.000000000Z,35,58,109308585,,,,,225,TFO FMF0027_OMCE0000050002122426
2026-05-19T00:00:00.000000000Z,35,58,108481437,,,,,50,TFO FMM0027_OMPE0000033002052627
2026-05-19T00:00:00.000000000Z,35,58,109768643,,,,,150,TFO FMG0027_OMCE0000055002012727
2026-05-19T00:00:00.000000000Z,35,58,108476937,3.825000000,3.825000000,3.550000000,3.550000000,875,TFO FQN0026.U0026_OQPE0000045002062
2026-05-19T00:00:00.000000000Z,35,85,31151438,0.280000000,0.280000000,0.280000000,0.280000000,50,TFO  50  31151438
2026-05-19T00:00:00.000000000Z,35,58,108401031,0.325000000,0.325000000,0.250000000,0.270000000,3550,TFO FMM0026_OMPE0000042002052726
2026-05-19T00:00:00.000000000Z,35,58,108484139,,,,,200,TFO FMK0027_OMPE0000025002042627
2026-05-19T00:00:00.000000000Z,35,58,108484171,,,,,200,TFO FMN0027_OMPE0000025002062527
2026-05-19T00:00:00.000000000Z,35,58,108564128,,,,,400,TFO FMU0026_OMCE0000100002082626
2026-05-19T00:00:00.000000000Z,35,85,31151051,0.225000000,0.225000000,0.225000000,0.225000000,150,TFO  77  31151051
2026-05-19T00:00:00.000000000Z,35,85,31150873,1.910000000,1.910000000,1.910000000,1.910000000,250,TFO  50  31150873
2026-05-19T00:00:00.000000000Z,35,85,31151078,1.800000000,1.800000000,1.800000000,1.800000000,50,TFO  50  31151078
2026-05-19T00:00:00.000000000Z,35,58,108400945,,,,,800,TFO FMU0026_OMPE0000041002082626
2026-05-19T00:00:00.000000000Z,35,58,110795292,,,,,125,TFO FMM0026_OMCE0000062002052726
2026-05-19T00:00:00.000000000Z,35,58,108685483,,,,,50,TFO FMJ0027_OMPE0000020002032527
2026-05-19T00:00:00.000000000Z,35,58,109308587,,,,,225,TFO FMG0027_OMCE0000050002012727
2026-05-19T00:00:00.000000000Z,35,85,31150868,-0.100000000,-0.100000000,-0.100000000,-0.100000000,25,TFO  35  31150868
2026-05-19T00:00:00.000000000Z,35,58,108819277,5.830000000,5.830000000,5.830000000,5.830000000,100,TFO FSV0027.H0028_OSPE0000032002092
2026-05-19T00:00:00.000000000Z,35,58,108564124,0.610000000,0.610000000,0.610000000,0.610000000,405,TFO FMN0026_OMCE0000100002062626
2026-05-19T00:00:00.000000000Z,35,58,110658694,,,,,250,TFO FMG0028_OMCE0000050002012728
2026-05-19T00:00:00.000000000Z,35,58,109838783,,,,,75,TFO FMX0026_OMCE0000060002102726
2026-05-19T00:00:00.000000000Z,35,58,108564126,,,,,400,TFO FMQ0026_OMCE0000100002072726
2026-05-19T00:00:00.000000000Z,35,58,110698338,1.080000000,1.080000000,1.080000000,1.080000000,625,TFO FMN0026_OMCE0000085002062626
2026-05-19T00:00:00.000000000Z,35,58,108685481,,,,,50,TFO FMK0027_OMPE0000020002042627
2026-05-19T00:00:00.000000000Z,35,85,31136439,0.835000000,0.835000000,0.835000000,0.835000000,20,TFO   6  31136439
2026-05-19T00:00:00.000000000Z,35,85,31150965,2.225000000,2.225000000,2.225000000,2.225000000,300,TFO  72  31150965
2026-05-19T00:00:00.000000000Z,35,58,108816719,,,,,100,TFO FMH0028_OMPE0000032002022528
2026-05-19T00:00:00.000000000Z,35,58,110731430,,,,,225,TFO FMG0027_OMCE0000051002012727
2026-05-19T00:00:00.000000000Z,35,85,31150972,1.025000000,1.025000000,1.025000000,1.025000000,5,TFO   6  31150972
2026-05-19T00:00:00.000000000Z,35,58,108455905,1.800000000,1.800000000,1.500000000,1.650000000,975,TFO FQN0026.U0026_OQPE0000040002062
2026-05-19T00:00:00.000000000Z,35,58,108847189,5.030000000,5.030000000,5.030000000,5.030000000,200,TFO FMN0026_OMPE0000050002062626
2026-05-19T00:00:00.000000000Z,35,58,108481507,,,,,600,TFO FMQ0027_OMPE0000035002072727
2026-05-19T00:00:00.000000000Z,35,85,31151071,1.850000000,1.850000000,1.850000000,1.850000000,100,TFO  50  31151071
2026-05-19T00:00:00.000000000Z,35,58,108482095,,,,,400,TFO FMJ0027_OMPE0000040002032527
2026-05-19T00:00:00.000000000Z,35,85,31151108,0.400000000,0.400000000,0.400000000,0.400000000,200,TFO  58  31151108
2026-05-19T00:00:00.000000000Z,35,58,108481199,,,,,50,TFO FMX0026_OMPE0000035002102726
2026-05-19T00:00:00.000000000Z,35,85,31151467,1.200000000,1.200000000,1.200000000,1.200000000,50,TFO  50  31151467
2026-05-19T00:00:00.000000000Z,35,58,108484175,,,,,75,TFO FMN0027_OMPE0000027002062527
2026-05-19T00:00:00.000000000Z,35,58,108481567,,,,,100,TFO FMV0027_OMPE0000032002092427
2026-05-19T00:00:00.000000000Z,35,58,109838793,7.580000000,7.580000000,7.580000000,7.580000000,25,TFO FSV0026.H0027_OSCE0000060002092
2026-05-19T00:00:00.000000000Z,35,58,108481611,,,,,100,TFO FMZ0027_OMPE0000032002112627
2026-05-19T00:00:00.000000000Z,35,58,109184387,6.390000000,6.390000000,6.390000000,6.390000000,400,TFO FMQ0026_OMCE0000055002072726
2026-05-19T00:00:00.000000000Z,35,85,31151293,0.125000000,0.125000000,0.125000000,0.125000000,500,TFO  72  31151293
2026-05-19T00:00:00.000000000Z,35,58,110748578,,,,,25,TFO FMN0026_OMCE0000057002062626
2026-05-19T00:00:00.000000000Z,35,58,109335147,,,,,25,TFO FMX0026_OMCE0000070002102726
2026-05-19T00:00:00.000000000Z,35,58,109308581,,,,,50,TFO FMX0026_OMCE0000050002102726
2026-05-19T00:00:00.000000000Z,35,85,31151383,0.800000000,0.800000000,0.800000000,0.800000000,25,TFO   4  31151383
2026-05-19T00:00:00.000000000Z,35,58,109839115,6.950000000,6.950000000,6.950000000,6.950000000,50,TFO FQV0026.Z0026_OQCE0000060002092
2026-05-19T00:00:00.000000000Z,35,58,109576073,0.175000000,0.175000000,0.175000000,0.175000000,500,TFO FMM0026_OMCE0000070002052726
2026-05-19T00:00:00.000000000Z,35,58,108476869,,,,,875,TFO FMQ0026_OMPE0000045002072726
2026-05-19T00:00:00.000000000Z,35,58,108816675,,,,,100,TFO FMF0028_OMPE0000032002122427
2026-05-19T00:00:00.000000000Z,35,58,108481167,0.690000000,0.690000000,0.690000000,0.690000000,95,TFO FQV0026.Z0026_OQPE0000030002092
2026-05-19T00:00:00.000000000Z,35,85,108481167,0.690000000,0.690000000,0.690000000,0.690000000,5,TFO FQV0026.Z0026_OQPE0000030002092
2026-05-19T00:00:00.000000000Z,35,85,31151189,0.420000000,0.420000000,0.420000000,0.420000000,200,TFO  51  31151189
2026-05-19T00:00:00.000000000Z,35,85,110698342,0.935000000,0.935000000,0.935000000,0.935000000,15,TFO FMN0026_OMCE0000090002062626
2026-05-19T00:00:00.000000000Z,35,58,109335155,,,,,25,TFO FMH0027_OMCE0000070002022427
2026-05-19T00:00:00.000000000Z,35,58,109335157,6.140000000,6.140000000,6.140000000,6.140000000,25,TFO FSV0026.H0027_OSCE0000070002092
2026-05-19T00:00:00.000000000Z,35,58,108381946,0.200000000,0.200000000,0.200000000,0.200000000,1200,TFO FMM0026_OMPE0000041002052726
2026-05-19T00:00:00.000000000Z,35,58,110658698,4.000000000,4.000000000,3.930000000,3.930000000,250,TFO FSV0027.H0028_OSCE0000050002092
2026-05-19T00:00:00.000000000Z,35,58,108455907,2.115000000,2.115000000,2.115000000,2.115000000,800,TFO FQN0026.U0026_OQPE0000041002062
2026-05-19T00:00:00.000000000Z,35,85,31122618,0.625000000,0.625000000,0.625000000,0.625000000,700,TFO   7  31122618
2026-05-19T00:00:00.000000000Z,35,85,31150914,0.050000000,0.050000000,0.050000000,0.050000000,125,TFO   4  31150914
2026-05-19T00:00:00.000000000Z,35,58,108484127,,,,,180,TFO FMJ0027_OMPE0000024002032527
2026-05-19T00:00:00.000000000Z,35,85,31150924,1.750000000,1.750000000,1.750000000,1.750000000,100,TFO  56  31150924
2026-05-19T00:00:00.000000000Z,35,85,31150947,2.810000000,2.810000000,2.810000000,2.810000000,300,TFO  51  31150947
2026-05-19T00:00:00.000000000Z,35,58,109370213,,,,,50,TFO FMG0027_OMCE0000065002012727
2026-05-19T00:00:00.000000000Z,35,85,31150938,3.000000000,3.000000000,3.000000000,3.000000000,50,TFO  55  31150938
2026-05-19T00:00:00.000000000Z,35,58,108484149,,,,,200,TFO FMM0027_OMPE0000025002052627
2026-05-19T00:00:00.000000000Z,35,58,108481481,,,,,50,TFO FMN0027_OMPE0000033002062527
2026-05-19T00:00:00.000000000Z,35,58,109308651,10.250000000,10.250000000,10.250000000,10.250000000,225,TFO FQF0027.H0027_OQCE0000050002122
2026-05-19T00:00:00.000000000Z,35,58,108847187,1.950000000,2.090000000,1.900000000,1.900000000,650,TFO FMM0026_OMPE0000050002052726
2026-05-19T00:00:00.000000000Z,35,58,108990638,,,,,100,TFO FMH0027_OMCE0000075002022427
2026-05-19T00:00:00.000000000Z,35,58,110680184,,,,,50,TFO FMQ0027_OMCE0000060002072727
2026-05-19T00:00:00.000000000Z,35,58,110658692,,,,,250,TFO FMF0028_OMCE0000050002122427
2026-05-19T00:00:00.000000000Z,35,58,109838787,,,,,175,TFO FMF0027_OMCE0000060002122426
2026-05-19T00:00:00.000000000Z,35,58,108484153,,,,,75,TFO FMM0027_OMPE0000027002052627
2026-05-19T00:00:00.000000000Z,35,58,108481940,,,,,300,TFO FMH0027_OMCE0000040002022427
2026-05-19T00:00:00.000000000Z,35,58,108428645,,,,,800,TFO FMN0026_OMPE0000041002062626
2026-05-19T00:00:00.000000000Z,35,58,108484187,,,,,180,TFO FMU0027_OMPE0000024002082627
2026-05-19T00:00:00.000000000Z,35,85,31151321,3.950000000,3.950000000,3.950000000,3.950000000,1000,TFO  72  31151321
2026-05-19T00:00:00.000000000Z,35,85,31150897,0.160000000,0.160000000,0.160000000,0.160000000,200,TFO  76  31150897
2026-05-19T00:00:00.000000000Z,35,58,109576075,2.030000000,2.100000000,2.030000000,2.100000000,700,TFO FMN0026_OMCE0000070002062626
2026-05-19T00:00:00.000000000Z,35,58,108565850,1.440000000,1.440000000,1.440000000,1.440000000,400,TFO FQN0026.U0026_OQCE0000100002062
2026-05-19T00:00:00.000000000Z,35,85,109617308,1.385000000,1.385000000,1.365000000,1.365000000,50,TFO FMM0026_OMPE0000049002052726
2026-05-19T00:00:00.000000000Z,35,85,31151314,7.600000000,7.600000000,7.600000000,7.600000000,50,TFO  55  31151314
2026-05-19T00:00:00.000000000Z,35,58,108481475,,,,,405,TFO FMN0027_OMPE0000030002062527
2026-05-19T00:00:00.000000000Z,35,58,110680188,2.600000000,2.600000000,2.600000000,2.600000000,50,TFO FSJ0027.U0027_OSCE0000060002032
2026-05-19T00:00:00.000000000Z,35,85,31150864,0.475000000,0.475000000,0.475000000,0.475000000,1100,TFO  77  31150864
2026-05-19T00:00:00.000000000Z,35,85,108280841,0.205000000,0.205000000,0.205000000,0.205000000,10,TFO FMN0026_OMPE0000033002062626
2026-05-19T00:00:00.000000000Z,35,58,108481299,,,,,100,TFO FMG0027_OMPE0000030002012727
2026-05-19T00:00:00.000000000Z,35,58,108481407,,,,,100,TFO FMK0027_OMPE0000029002042627
2026-05-19T00:00:00.000000000Z,35,85,31151091,1.850000000,2.050000000,1.850000000,2.050000000,950,TFO   6  31151091
2026-05-19T00:00:00.000000000Z,35,85,31151422,1.250000000,1.250000000,1.250000000,1.250000000,50,TFO  50  31151422
2026-05-19T00:00:00.000000000Z,35,58,108481397,,,,,600,TFO FMJ0027_OMPE0000035002032527
2026-05-19T00:00:00.000000000Z,35,85,31151391,-4.050000000,-4.050000000,-4.050000000,-4.050000000,75,TFO  58  31151391
2026-05-19T00:00:00.000000000Z,35,58,109596768,2.675000000,2.675000000,2.675000000,2.675000000,500,TFO FMM0026_OMPE0000052002052726
2026-05-19T00:00:00.000000000Z,35,85,31150968,2.500000000,2.500000000,2.500000000,2.500000000,50,TFO  55  31150968
2026-05-19T00:00:00.000000000Z,35,85,31151384,1.630000000,1.630000000,1.630000000,1.630000000,50,TFO  51  31151384
2026-05-19T00:00:00.000000000Z,35,58,108481998,,,,,300,TFO FMG0027_OMCE0000040002012727
2026-05-19T00:00:00.000000000Z,35,85,31150875,1.175000000,1.175000000,1.175000000,1.175000000,100,TFO  50  31150875
2026-05-19T00:00:00.000000000Z,35,58,108484181,,,,,200,TFO FMQ0027_OMPE0000025002072727
2026-05-19T00:00:00.000000000Z,35,85,31151257,0.830000000,0.830000000,0.830000000,0.830000000,50,TFO  66  31151257
2026-05-19T00:00:00.000000000Z,35,58,108482168,,,,,100,TFO FMM0026_OMCE0000048002052726
2026-05-19T00:00:00.000000000Z,35,58,108476841,2.575000000,2.575000000,2.310000000,2.310000000,1145,TFO FMN0026_OMPE0000045002062626
2026-05-19T00:00:00.000000000Z,35,58,109592765,,,,,150,TFO FMZ0026_OMCE0000055002112626
2026-05-19T00:00:00.000000000Z,35,85,31150043,0.500000000,0.500000000,0.500000000,0.500000000,20,TFO  70  31150043
2026-05-19T00:00:00.000000000Z,35,85,31104683,0.875000000,0.875000000,0.875000000,0.875000000,150,TFO   5  31104683
2026-05-19T00:00:00.000000000Z,35,58,108481415,,,,,50,TFO FMK0027_OMPE0000033002042627
2026-05-19T00:00:00.000000000Z,35,58,108481419,,,,,600,TFO FMK0027_OMPE0000035002042627
2026-05-19T00:00:00.000000000Z,35,58,108481385,,,,,100,TFO FMJ0027_OMPE0000029002032527
2026-05-19T00:00:00.000000000Z,35,58,108685479,,,,,50,TFO FMM0027_OMPE0000020002052627
2026-05-19T00:00:00.000000000Z,35,85,31150951,3.725000000,3.725000000,3.725000000,3.725000000,50,TFO  58  31150951
2026-05-19T00:00:00.000000000Z,35,58,109184383,1.125000000,1.475000000,1.050000000,1.475000000,3170,TFO FMM0026_OMCE0000055002052726
2026-05-19T00:00:00.000000000Z,35,58,108381602,,,,,975,TFO FMQ0026_OMPE0000040002072726
2026-05-19T00:00:00.000000000Z,35,58,109370197,2.475000000,2.810000000,2.415000000,2.810000000,4445,TFO FMN0026_OMCE0000065002062626
2026-05-19T00:00:00.000000000Z,35,85,31151222,2.250000000,2.250000000,2.250000000,2.250000000,300,TFO  40  31151222
2026-05-19T00:00:00.000000000Z,35,85,31151282,0.650000000,0.650000000,0.650000000,0.650000000,350,TFO  56  31151282
2026-05-19T00:00:00.000000000Z,35,85,31151357,-4.050000000,-4.050000000,-4.050000000,-4.050000000,75,TFO  58  31151357
2026-05-19T00:00:00.000000000Z,35,58,108685185,0.750000000,0.750000000,0.750000000,0.750000000,50,TFO FSJ0027.U0027_OSPE0000020002032
2026-05-19T00:00:00.000000000Z,35,85,108564126,1.350000000,1.350000000,1.350000000,1.350000000,300,TFO FMQ0026_OMCE0000100002072726
2026-05-19T00:00:00.000000000Z,35,85,31151028,1.200000000,1.200000000,1.200000000,1.200000000,200,TFO   6  31151028
2026-05-19T00:00:00.000000000Z,35,85,31143911,1.845000000,1.880000000,1.845000000,1.845000000,100,TFO   6  31143911
2026-05-19T00:00:00.000000000Z,35,58,108847192,9.000000000,9.000000000,9.000000000,9.000000000,250,TFO FMU0026_OMCE0000050002082626
2026-05-19T00:00:00.000000000Z,35,58,110705006,0.915000000,0.915000000,0.865000000,0.865000000,3000,TFO FMM0026_OMCE0000057002052726
2026-05-19T00:00:00.000000000Z,35,58,108484193,,,,,75,TFO FMU0027_OMPE0000027002082627
2026-05-19T00:00:00.000000000Z,35,85,31150994,0.940000000,0.940000000,0.940000000,0.940000000,250,TFO  50  31150994
2026-05-19T00:00:00.000000000Z,35,58,109592761,,,,,150,TFO FMV0026_OMCE0000055002092526
2026-05-19T00:00:00.000000000Z,35,58,110680180,,,,,50,TFO FMM0027_OMCE0000060002052627
2026-05-19T00:00:00.000000000Z,35,58,108400939,,,,,800,TFO FMQ0026_OMPE0000041002072726
2026-05-19T00:00:00.000000000Z,35,58,108481153,2.680000000,2.680000000,2.680000000,2.680000000,50,TFO FSV0026.H0027_OSPE0000035002092
2026-05-19T00:00:00.000000000Z,35,58,109838785,7.350000000,7.350000000,7.350000000,7.350000000,325,TFO FMZ0026_OMCE0000060002112626
2026-05-19T00:00:00.000000000Z,35,58,108481503,,,,,50,TFO FMQ0027_OMPE0000033002072727
2026-05-19T00:00:00.000000000Z,35,85,31151046,4.550000000,4.550000000,4.550000000,4.550000000,350,TFO  55  31151046
2026-05-19T00:00:00.000000000Z,35,58,108847188,5.900000000,6.220000000,5.900000000,6.220000000,2785,TFO FMN0026_OMCE0000050002062626
2026-05-19T00:00:00.000000000Z,35,58,108481331,,,,,50,TFO FMH0027_OMPE0000035002022427
2026-05-19T00:00:00.000000000Z,35,85,31151251,0.400000000,0.400000000,0.400000000,0.400000000,30,TFO   7  31151251
2026-05-19T00:00:00.000000000Z,35,58,109370267,4.450000000,4.450000000,4.450000000,4.450000000,150,TFO FQN0026.U0026_OQCE0000065002062
2026-05-19T00:00:00.000000000Z,35,85,110748626,0.350000000,0.350000000,0.350000000,0.350000000,55,TFO FMM0026_OMCE0000063002052726
2026-05-19T00:00:00.000000000Z,35,85,31151106,3.000000000,3.000000000,3.000000000,3.000000000,50,TFO  51  31151106
2026-05-19T00:00:00.000000000Z,35,58,110658688,,,,,250,TFO FMX0027_OMCE0000050002102727
2026-05-19T00:00:00.000000000Z,35,58,108484179,,,,,180,TFO FMQ0027_OMPE0000024002072727
2026-05-19T00:00:00.000000000Z,35,58,109308583,9.650000000,9.650000000,9.650000000,9.650000000,300,TFO FMZ0026_OMCE0000050002112626
2026-05-19T00:00:00.000000000Z,35,85,31107560,9.400000000,9.400000000,9.400000000,9.400000000,50,TFO  55  31107560
2026-05-19T00:00:00.000000000Z,35,58,110680182,,,,,50,TFO FMN0027_OMCE0000060002062527
2026-05-19T00:00:00.000000000Z,35,58,109370201,,,,,150,TFO FMU0026_OMCE0000065002082626
2026-05-19T00:00:00.000000000Z,35,58,109773043,0.095000000,0.120000000,0.095000000,0.120000000,500,TFO FMM0026_OMCE0000080002052726
2026-05-19T00:00:00.000000000Z,35,58,108476849,0.775000000,0.775000000,0.525000000,0.525000000,4775,TFO FMM0026_OMPE0000045002052726
2026-05-19T00:00:00.000000000Z,35,85,108476849,0.550000000,0.550000000,0.510000000,0.550000000,1875,TFO FMM0026_OMPE0000045002052726
2026-05-19T00:00:00.000000000Z,35,58,108481902,,,,,100,TFO FMQ0027_OMCE0000040002072727
2026-05-19T00:00:00.000000000Z,35,58,108398556,,,,,200,TFO FMU0026_OMPE0000035002082626
2026-05-19T00:00:00.000000000Z,35,85,31151271,1.900000000,1.900000000,1.900000000,1.900000000,50,TFO  58  31151271
2026-05-19T00:00:00.000000000Z,35,85,31151308,0.000000000,0.000000000,-0.200000000,-0.200000000,75,TFO  58  31151308
2026-05-19T00:00:00.000000000Z,35,58,109308580,8.850000000,8.850000000,8.850000000,8.850000000,150,TFO FMV0026_OMPE0000050002092526
2026-05-19T00:00:00.000000000Z,35,58,110698946,,,,,100,TFO FMM0026_OMCE0000054002052726
2026-05-19T00:00:00.000000000Z,35,58,108817000,,,,,25,TFO FMZ0028_OMCE0000030002112428
2026-05-19T00:00:00.000000000Z,35,58,108816956,,,,,25,TFO FMV0028_OMCE0000030002092628
2026-05-19T00:00:00.000000000Z,35,85,31150852,1.140000000,1.140000000,1.140000000,1.140000000,1500,TFO  58  31150852
2026-05-19T00:00:00.000000000Z,35,58,108482530,13.350000000,13.350000000,13.350000000,13.350000000,300,TFO FQF0027.H0027_OQCE0000040002122
2026-05-19T00:00:00.000000000Z,35,85,108400937,0.940000000,0.940000000,0.870000000,0.870000000,45,TFO FMN0026_OMPE0000040002062626
2026-05-19T00:00:00.000000000Z,35,58,110704964,,,,,25,TFO FMN0026_OMCE0000051002062626
2026-05-19T00:00:00.000000000Z,35,58,108481309,,,,,50,TFO FMG0027_OMPE0000035002012727
2026-05-19T00:00:00.000000000Z,35,58,108476851,0.750000000,0.750000000,0.750000000,0.750000000,500,TFO FMM0026_OMPE0000046002052726
2026-05-19T00:00:00.000000000Z,35,58,108481903,,,,,400,TFO FMQ0027_OMPE0000040002072727
2026-05-19T00:00:00.000000000Z,35,58,108481473,,,,,100,TFO FMN0027_OMPE0000029002062527
2026-05-19T00:00:00.000000000Z,35,85,31151202,2.225000000,2.225000000,2.225000000,2.225000000,180,TFO  51  31151202
2026-05-19T00:00:00.000000000Z,35,58,109370195,0.350000000,0.400000000,0.350000000,0.400000000,800,TFO FMM0026_OMCE0000065002052726
2026-05-19T00:00:00.000000000Z,35,85,31150838,0.350000000,0.350000000,0.285000000,0.300000000,750,TFO  72  31150838
2026-05-19T00:00:00.000000000Z,35,85,31151329,0.390000000,0.390000000,0.390000000,0.390000000,200,TFO  51  31151329
2026-05-19T00:00:00.000000000Z,35,58,108481321,,,,,100,TFO FMH0027_OMPE0000030002022427
2026-05-19T00:00:00.000000000Z,35,58,108481347,5.350000000,5.350000000,5.350000000,5.350000000,50,TFO FSJ0027.U0027_OSPE0000033002032
2026-05-19T00:00:00.000000000Z,35,85,31150961,8.040000000,8.040000000,8.040000000,8.040000000,75,TFO  58  31150961
2026-05-19T00:00:00.000000000Z,35,58,108476843,,,,,400,TFO FMN0026_OMPE0000046002062626
2026-05-19T00:00:00.000000000Z,35,58,108990628,4.550000000,4.550000000,4.550000000,4.550000000,350,TFO FMV0026_OMCE0000075002092526
2026-05-19T00:00:00.000000000Z,35,58,110680186,,,,,50,TFO FMU0027_OMCE0000060002082627
2026-05-19T00:00:00.000000000Z,35,58,108455385,1.300000000,1.300000000,1.300000000,1.300000000,1050,TFO FMV0026_OMPE0000035002092526
2026-05-19T00:00:00.000000000Z,35,58,109335151,,,,,25,TFO FMF0027_OMCE0000070002122426
2026-05-19T00:00:00.000000000Z,35,85,31151013,0.160000000,0.160000000,0.160000000,0.160000000,250,TFO  77  31151013
2026-05-19T00:00:00.000000000Z,35,58,108476835,1.350000000,1.350000000,1.350000000,1.350000000,350,TFO FMN0026_OMPE0000042002062626
2026-05-19T00:00:00.000000000Z,35,58,108481485,,,,,600,TFO FMN0027_OMPE0000035002062527
2026-05-19T00:00:00.000000000Z,35,85,108482104,6.200000000,6.200000000,6.200000000,6.200000000,300,TFO FMJ0027_OMCE0000045002032527
2026-05-19T00:00:00.000000000Z,35,58,110819164,2.350000000,2.500000000,2.350000000,2.500000000,950,TFO FMN0026_OMCE0000066002062626
2026-05-19T00:00:00.000000000Z,35,58,108484143,,,,,75,TFO FMK0027_OMPE0000027002042627
2026-05-19T00:00:00.000000000Z,35,58,108847191,,,,,150,TFO FMQ0026_OMPE0000050002072726
2026-05-19T00:00:00.000000000Z,35,58,109408517,0.610000000,0.750000000,0.610000000,0.650000000,2045,TFO FMM0026_OMCE0000060002052726
2026-05-19T00:00:00.000000000Z,35,58,108482521,6.610000000,6.610000000,6.450000000,6.450000000,350,TFO FQV0026.Z0026_OQPE0000045002092
2026-05-19T00:00:00.000000000Z,35,58,108992846,6.390000000,6.390000000,6.390000000,6.390000000,100,TFO FQF0027.H0027_OQCE0000075002122
2026-05-19T00:00:00.000000000Z,35,58,108400943,,,,,975,TFO FMU0026_OMPE0000040002082626
2026-05-19T00:00:00.000000000Z,35,85,31151050,1.100000000,1.100000000,1.070000000,1.070000000,200,TFO  66  31151050
2026-05-19T00:00:00.000000000Z,35,58,109370205,,,,,50,TFO FMX0026_OMCE0000065002102726
2026-05-19T00:00:00.000000000Z,35,58,108484147,,,,,180,TFO FMM0027_OMPE0000024002052627
2026-05-19T00:00:00.000000000Z,35,85,31151347,1.575000000,1.575000000,1.550000000,1.550000000,400,TFO  72  31151347
2026-05-19T00:00:00.000000000Z,35,85,31150966,2.475000000,2.475000000,2.475000000,2.475000000,25,TFO  55  31150966
2026-05-19T00:00:00.000000000Z,35,58,108481287,,,,,50,TFO FMF0027_OMPE0000035002122426
2026-05-19T00:00:00.000000000Z,35,85,110704945,2.450000000,2.450000000,2.450000000,2.450000000,25,TFO FMM0026_OMPE0000051002052726
2026-05-19T00:00:00.000000000Z,35,58,108481517,,,,,100,TFO FMU0027_OMPE0000029002082627
2026-05-19T00:00:00.000000000Z,35,85,31150934,0.075000000,0.075000000,0.075000000,0.075000000,50,TFO  72  31150934
2026-05-19T00:00:00.000000000Z,35,58,108481569,,,,,225,TFO FMV0027_OMPE0000033002092427
2026-05-19T00:00:00.000000000Z,35,58,109408521,5.215000000,5.215000000,5.215000000,5.215000000,100,TFO FMQ0026_OMCE0000060002072726
2026-05-19T00:00:00.000000000Z,35,58,109773047,2.500000000,2.500000000,2.500000000,2.500000000,5,TFO FMQ0026_OMCE0000080002072726
2026-05-19T00:00:00.000000000Z,35,58,108482175,,,,,350,TFO FMZ0026_OMPE0000040002112626
2026-05-19T00:00:00.000000000Z,35,85,109576075,2.175000000,2.200000000,2.175000000,2.200000000,185,TFO FMN0026_OMCE0000070002062626
2026-05-19T00:00:00.000000000Z,35,58,109308579,,,,,50,TFO FMV0026_OMCE0000050002092526
2026-05-19T00:00:00.000000000Z,35,85,31150939,3.825000000,3.825000000,3.725000000,3.725000000,100,TFO  58  31150939
2026-05-19T00:00:00.000000000Z,35,58,108990636,,,,,100,TFO FMG0027_OMCE0000075002012727
2026-05-19T00:00:00.000000000Z,35,85,31151439,2.680000000,2.680000000,2.680000000,2.680000000,50,TFO  56  31151439
2026-05-19T00:00:00.000000000Z,35,58,108830267,,,,,225,TFO FMG0028_OMPE0000033002012728
2026-05-19T00:00:00.000000000Z,35,58,109335149,,,,,25,TFO FMZ0026_OMCE0000070002112626
2026-05-19T00:00:00.000000000Z,35,58,108484169,,,,,180,TFO FMN0027_OMPE0000024002062527
2026-05-19T00:00:00.000000000Z,35,58,109839119,8.240000000,8.455000000,8.240000000,8.455000000,150,TFO FQF0027.H0027_OQCE0000060002122
2026-05-19T00:00:00.000000000Z,35,58,108481497,,,,,405,TFO FMQ0027_OMPE0000030002072727
2026-05-19T00:00:00.000000000Z,35,58,110698458,2.155000000,2.300000000,2.155000000,2.300000000,425,TFO FQN0026.U0026_OQCE0000085002062
2026-05-19T00:00:00.000000000Z,35,58,108481525,,,,,50,TFO FMU0027_OMPE0000033002082627
2026-05-19T00:00:00.000000000Z,35,58,110704946,1.675000000,2.200000000,1.660000000,2.200000000,3050,TFO FMM0026_OMCE0000053002052726
2026-05-19T00:00:00.000000000Z,35,58,109335153,,,,,25,TFO FMG0027_OMCE0000070002012727
2026-05-19T00:00:00.000000000Z,35,85,31151436,2.000000000,2.000000000,2.000000000,2.000000000,75,TFO  58  31151436
2026-05-19T00:00:00.000000000Z,35,58,108481221,2.110000000,2.110000000,2.110000000,2.110000000,250,TFO FMZ0026_OMPE0000035002112626
2026-05-19T00:00:00.000000000Z,35,58,108484189,,,,,200,TFO FMU0027_OMPE0000025002082627
2026-05-19T00:00:00.000000000Z,35,85,31151083,8.575000000,8.575000000,8.575000000,8.575000000,150,TFO  55  31151083
2026-05-19T00:00:00.000000000Z,35,58,108255504,0.100000000,0.100000000,0.100000000,0.100000000,500,TFO FMM0026_OMPE0000039002052726
2026-05-19T00:00:00.000000000Z,35,58,110731424,,,,,225,TFO FMF0027_OMCE0000051002122426
2026-05-19T00:00:00.000000000Z,35,58,108482112,,,,,100,TFO FMU0027_OMCE0000040002082627
2026-05-19T00:00:00.000000000Z,35,58,108830263,,,,,225,TFO FMF0028_OMPE0000033002122427
2026-05-19T00:00:00.000000000Z,35,58,108847983,6.570000000,6.570000000,6.570000000,6.570000000,150,TFO FQN0026.U0026_OQPE0000050002062
2026-05-19T00:00:00.000000000Z,35,85,31150887,0.640000000,0.640000000,0.640000000,0.640000000,100,TFO  56  31150887
2026-05-19T00:00:00.000000000Z,35,58,108816890,,,,,25,TFO FMQ0028_OMCE0000030002072728
2026-05-19T00:00:00.000000000Z,35,58,110698378,,,,,425,TFO FMU0026_OMCE0000085002082626
2026-05-19T00:00:00.000000000Z,35,58,108602791,,,,,50,TFO FMN0027_OMPE0000020002062527
2026-05-19T00:00:00.000000000Z,35,85,109184383,1.290000000,1.290000000,1.290000000,1.290000000,200,TFO FMM0026_OMCE0000055002052726
2026-05-19T00:00:00.000000000Z,35,58,108481529,,,,,600,TFO FMU0027_OMPE0000035002082627
2026-05-19T00:00:00.000000000Z,35,58,108481277,,,,,100,TFO FMF0027_OMPE0000030002122426
2026-05-19T00:00:00.000000000Z,35,58,108482076,,,,,300,TFO FMF0027_OMCE0000040002122426
2026-05-19T00:00:00.000000000Z,35,58,108248812,0.120000000,0.120000000,0.120000000,0.120000000,600,TFO FMM0026_OMPE0000038002052726
2026-05-19T00:00:00.000000000Z,35,58,109370199,,,,,150,TFO FMQ0026_OMCE0000065002072726
2026-05-19T00:00:00.000000000Z,35,58,108476861,,,,,400,TFO FMU0026_OMPE0000046002082626
2026-05-19T00:00:00.000000000Z,35,85,31151207,0.190000000,0.190000000,0.190000000,0.190000000,100,TFO  43  31151207
2026-05-19T00:00:00.000000000Z,35,58,108484109,1.400000000,1.400000000,1.400000000,1.400000000,180,TFO FSJ0027.U0027_OSPE0000024002032
2026-05-19T00:00:00.000000000Z,35,58,108293633,0.300000000,0.300000000,0.300000000,0.300000000,900,TFO FMN0026_OMPE0000035002062626
2026-05-19T00:00:00.000000000Z,35,58,108816780,,,,,25,TFO FMJ0028_OMCE0000030002032728
2026-05-19T00:00:00.000000000Z,35,58,108482169,1.025000000,1.040000000,1.025000000,1.040000000,400,TFO FMM0026_OMPE0000048002052726
2026-05-19T00:00:00.000000000Z,35,85,108482169,1.080000000,1.105000000,1.080000000,1.105000000,100,TFO FMM0026_OMPE0000048002052726
2026-05-19T00:00:00.000000000Z,35,58,108646538,1.620000000,1.620000000,1.620000000,1.620000000,5,TFO FMN0026_OMCE0000075002062626
2026-05-19T00:00:00.000000000Z,35,58,108484185,,,,,75,TFO FMQ0027_OMPE0000027002072727
2026-05-19T00:00:00.000000000Z,35,58,108816868,,,,,25,TFO FMN0028_OMCE0000030002062628
2026-05-19T00:00:00.000000000Z,35,58,108323493,0.500000000,0.500000000,0.500000000,0.500000000,300,TFO FMN0026_OMPE0000038002062626
2026-05-19T00:00:00.000000000Z,35,85,108847189,4.950000000,4.950000000,4.950000000,4.950000000,50,TFO FMN0026_OMPE0000050002062626
2026-05-19T00:00:00.000000000Z,35,58,108482036,,,,,100,TFO FMK0027_OMCE0000040002042627
2026-05-19T00:00:00.000000000Z,35,85,31150962,1.240000000,1.240000000,1.240000000,1.240000000,100,TFO  56  31150962
2026-05-19T00:00:00.000000000Z,35,85,31120759,1.420000000,1.420000000,1.420000000,1.420000000,200,TFO   6  31120759
2026-05-19T00:00:00.000000000Z,35,58,108482145,,,,,350,TFO FMX0026_OMPE0000045002102726
2026-05-19T00:00:00.000000000Z,35,58,108481393,,,,,50,TFO FMJ0027_OMPE0000033002032527
2026-05-19T00:00:00.000000000Z,35,58,108481589,,,,,100,TFO FMX0027_OMPE0000032002102727
2026-05-19T00:00:00.000000000Z,35,58,108830259,6.400000000,6.400000000,6.400000000,6.400000000,225,TFO FSV0027.H0028_OSPE0000033002092
2026-05-19T00:00:00.000000000Z,35,85,31151143,6.400000000,6.400000000,6.400000000,6.400000000,25,TFO  56  31151143
2026-05-19T00:00:00.000000000Z,35,58,108481409,,,,,405,TFO FMK0027_OMPE0000030002042627
2026-05-19T00:00:00.000000000Z,35,85,31151262,0.730000000,0.730000000,0.730000000,0.730000000,50,TFO  50  31151262
2026-05-19T00:00:00.000000000Z,35,58,110707784,4.200000000,4.550000000,4.200000000,4.550000000,950,TFO FMN0026_OMCE0000056002062626
2026-05-19T00:00:00.000000000Z,35,58,109335145,5.250000000,5.250000000,5.250000000,5.250000000,1025,TFO FMV0026_OMCE0000070002092526
2026-05-19T00:00:00.000000000Z,35,58,110704974,7.600000000,7.600000000,7.350000000,7.350000000,1750,TFO FMQ0026_OMCE0000052002072726
2026-05-19T00:00:00.000000000Z,35,85,108332543,0.185000000,0.185000000,0.140000000,0.140000000,775,TFO FMM0026_OMPE0000040002052726
2026-05-19T00:00:00.000000000Z,35,58,108481351,6.650000000,6.650000000,6.650000000,6.650000000,600,TFO FSJ0027.U0027_OSPE0000035002032
2026-05-19T00:00:00.000000000Z,35,58,108400937,0.925000000,0.925000000,0.925000000,0.925000000,1675,TFO FMN0026_OMPE0000040002062626
2026-05-19T00:00:00.000000000Z,35,58,109184384,5.050000000,5.050000000,5.050000000,5.050000000,500,TFO FMM0026_OMPE0000055002052726
2026-05-19T00:00:00.000000000Z,35,85,31151434,1.900000000,1.900000000,1.900000000,1.900000000,100,TFO  73  31151434
2026-05-19T00:00:00.000000000Z,35,58,108482113,,,,,400,TFO FMU0027_OMPE0000040002082627
2026-05-19T00:00:00.000000000Z,35,58,108481189,,,,,200,TFO FMX0026_OMPE0000030002102726
2026-05-19T00:00:00.000000000Z,35,58,108482135,,,,,350,TFO FMX0026_OMPE0000040002102726
2026-05-19T00:00:00.000000000Z,35,58,108484111,1.700000000,1.700000000,1.675000000,1.675000000,200,TFO FSJ0027.U0027_OSPE0000025002032
2026-05-19T00:00:00.000000000Z,35,58,108816628,4.950000000,4.950000000,4.950000000,4.950000000,25,TFO FYF0028.Z0028_OYCE0000030002122
2026-05-19T00:00:00.000000000Z,35,58,108476847,0.420000000,0.420000000,0.420000000,0.420000000,655,TFO FMM0026_OMPE0000044002052726
2026-05-19T00:00:00.000000000Z,35,58,108816670,,,,,25,TFO FMF0028_OMCE0000030002122427
2026-05-19T00:00:00.000000000Z,35,58,108481920,,,,,100,TFO FMN0027_OMCE0000040002062527
2026-05-19T00:00:00.000000000Z,35,85,31150933,0.140000000,0.140000000,0.140000000,0.140000000,600,TFO   5  31150933
2026-05-19T00:00:00.000000000Z,35,85,31151104,0.320000000,0.320000000,0.320000000,0.320000000,500,TFO  51  31151104
2026-05-19T00:00:00.000000000Z,35,85,31151358,0.725000000,0.725000000,0.725000000,0.725000000,200,TFO  42  31151358
2026-05-19T00:00:00.000000000Z,35,58,109768641,,,,,150,TFO FMF0027_OMCE0000055002122426
2026-05-19T00:00:00.000000000Z,35,85,31151403,2.000000000,2.000000000,2.000000000,2.000000000,50,TFO  77  31151403
2026-05-19T00:00:00.000000000Z,35,58,109184389,,,,,300,TFO FMU0026_OMCE0000055002082626
2026-05-19T00:00:00.000000000Z,35,58,108476939,4.390000000,4.390000000,4.390000000,4.390000000,400,TFO FQN0026.U0026_OQPE0000046002062
2026-05-19T00:00:00.000000000Z,35,58,108481495,,,,,100,TFO FMQ0027_OMPE0000029002072727
2026-05-19T00:00:00.000000000Z,35,58,109370207,,,,,50,TFO FMZ0026_OMCE0000065002112626
2026-05-19T00:00:00.000000000Z,35,85,31151099,3.740000000,3.740000000,3.740000000,3.740000000,75,TFO  56  31151099
2026-05-19T00:00:00.000000000Z,35,58,108481341,3.800000000,3.800000000,3.625000000,3.660000000,405,TFO FSJ0027.U0027_OSPE0000030002032
2026-05-19T00:00:00.000000000Z,35,58,109370211,,,,,50,TFO FMF0027_OMCE0000065002122426
2026-05-19T00:00:00.000000000Z,35,85,31151497,1.900000000,1.900000000,1.900000000,1.900000000,200,TFO   7  31151497
2026-05-19T00:00:00.000000000Z,35,85,31151435,0.280000000,0.280000000,0.280000000,0.280000000,50,TFO  50  31151435
2026-05-19T00:00:00.000000000Z,35,58,109370283,6.100000000,6.100000000,6.100000000,6.100000000,50,TFO FQV0026.Z0026_OQCE0000065002092
2026-05-19T00:00:00.000000000Z,35,58,108481921,,,,,400,TFO FMN0027_OMPE0000040002062527
2026-05-19T00:00:00.000000000Z,35,85,108847187,2.075000000,2.080000000,1.700000000,1.700000000,335,TFO FMM0026_OMPE0000050002052726
2026-05-19T00:00:00.000000000Z,35,58,109308649,9.400000000,9.400000000,9.400000000,9.400000000,50,TFO FQV0026.Z0026_OQCE0000050002092
2026-05-19T00:00:00.000000000Z,35,85,31151197,2.010000000,2.050000000,2.010000000,2.050000000,150,TFO  51  31151197
2026-05-19T00:00:00.000000000Z,35,58,108481339,3.200000000,3.200000000,3.200000000,3.200000000,100,TFO FSJ0027.U0027_OSPE0000029002032
2026-05-19T00:00:00.000000000Z,35,58,108476859,,,,,875,TFO FMU0026_OMPE0000045002082626
2026-05-19T00:00:00.000000000Z,35,58,109838791,,,,,175,TFO FMH0027_OMCE0000060002022427
2026-05-19T00:00:00.000000000Z,35,58,109370215,,,,,50,TFO FMH0027_OMCE0000065002022427
2026-05-19T00:00:00.000000000Z,35,58,108482511,3.800000000,3.800000000,3.700000000,3.700000000,350,TFO FQV0026.Z0026_OQPE0000040002092
2026-05-19T00:00:00.000000000Z,35,85,31150964,2.500000000,2.500000000,2.500000000,2.500000000,350,TFO  55  31150964
2026-05-19T00:00:00.000000000Z,35,58,108816802,,,,,25,TFO FMK0028_OMCE0000030002042628
2026-05-19T00:00:00.000000000Z,35,85,108428899,0.350000000,0.350000000,0.350000000,0.350000000,1800,TFO FMM0026_OMPE0000043002052726
2026-05-19T00:00:00.000000000Z,35,85,31150987,0.690000000,0.690000000,0.690000000,0.690000000,70,TFO  56  31150987
2026-05-19T00:00:00.000000000Z,35,58,108990634,,,,,100,TFO FMF0027_OMCE0000075002122426
2026-05-19T00:00:00.000000000Z,35,85,31151093,1.440000000,1.440000000,1.440000000,1.440000000,25,TFO  50  31151093
2026-05-19T00:00:00.000000000Z,35,58,110680176,,,,,50,TFO FMJ0027_OMCE0000060002032527
2026-05-19T00:00:00.000000000Z,35,58,109838789,,,,,175,TFO FMG0027_OMCE0000060002012727
2026-05-19T00:00:00.000000000Z,35,85,31151032,1.325000000,1.325000000,1.325000000,1.325000000,75,TFO  51  31151032
2026-05-19T00:00:00.000000000Z,35,85,109596767,2.515000000,2.515000000,2.515000000,2.515000000,25,TFO FMM0026_OMCE0000052002052726
2026-05-19T00:00:00.000000000Z,35,58,108482642,5.550000000,5.550000000,5.550000000,5.550000000,50,TFO FSJ0027.U0027_OSCE0000040002032
2026-05-19T00:00:00.000000000Z,35,85,108482642,5.640000000,5.640000000,5.640000000,5.640000000,50,TFO FSJ0027.U0027_OSCE0000040002032
2026-05-19T00:00:00.000000000Z,35,58,109408523,6.350000000,6.350000000,6.350000000,6.350000000,250,TFO FMU0026_OMCE0000060002082626
2026-05-19T00:00:00.000000000Z,35,58,109576077,3.525000000,3.525000000,3.525000000,3.525000000,5,TFO FMQ0026_OMCE0000070002072726
2026-05-19T00:00:00.000000000Z,35,58,110705008,1.000000000,1.000000000,1.000000000,1.000000000,50,TFO FMM0026_OMCE0000058002052726
2026-05-19T00:00:00.000000000Z,35,85,31150937,3.825000000,3.825000000,3.725000000,3.725000000,850,TFO  58  31150937
2026-05-19T00:00:00.000000000Z,35,58,108847193,,,,,150,TFO FMU0026_OMPE0000050002082626
2026-05-19T00:00:00.000000000Z,35,85,31110979,2.650000000,2.650000000,2.650000000,2.650000000,250,TFO   6  31110979
2026-05-19T00:00:00.000000000Z,35,85,31150906,0.345000000,0.345000000,0.345000000,0.345000000,100,TFO   4  31150906
2026-05-19T00:00:00.000000000Z,35,58,108427169,,,,,50,TFO FMU0026_OMPE0000042002082626
2026-05-19T00:00:00.000000000Z,35,58,109408519,3.475000000,3.650000000,3.300000000,3.650000000,950,TFO FMN0026_OMCE0000060002062626
2026-05-19T00:00:00.000000000Z,35,85,109408519,3.600000000,3.600000000,3.600000000,3.600000000,25,TFO FMN0026_OMCE0000060002062626
2026-05-19T00:00:00.000000000Z,35,58,108482159,,,,,350,TFO FMV0026_OMPE0000045002092526
2026-05-19T00:00:00.000000000Z,35,58,108455395,,,,,350,TFO FMV0026_OMPE0000040002092526
2026-05-19T00:00:00.000000000Z,35,58,109768645,,,,,150,TFO FMH0027_OMCE0000055002022427
2026-05-19T00:00:00.000000000Z,35,58,109370203,,,,,50,TFO FMV0026_OMCE0000065002092526
2026-05-19T00:00:00.000000000Z,35,58,109184385,4.375000000,4.900000000,4.250000000,4.900000000,6985,TFO FMN0026_OMCE0000055002062626
2026-05-19T00:00:00.000000000Z,35,58,108338602,,,,,200,TFO FMQ0026_OMPE0000035002072726
2026-05-19T00:00:00.000000000Z,35,85,31150878,1.500000000,1.500000000,1.500000000,1.500000000,1685,TFO  50  31150878
2026-05-19T00:00:00.000000000Z,35,58,110658696,,,,,250,TFO FMH0028_OMCE0000050002022528
2026-05-19T00:00:00.000000000Z,35,58,108481431,,,,,405,TFO FMM0027_OMPE0000030002052627
2026-05-19T00:00:00.000000000Z,35,58,109370297,7.725000000,7.725000000,7.725000000,7.725000000,50,TFO FQF0027.H0027_OQCE0000065002122
2026-05-19T00:00:00.000000000Z,35,85,31150890,-0.050000000,-0.050000000,-0.050000000,-0.050000000,50,TFO  66  31150890
2026-05-19T00:00:00.000000000Z,35,58,108481979,,,,,400,TFO FMM0027_OMPE0000040002052627
2026-05-19T00:00:00.000000000Z,35,85,31150853,8.075000000,8.075000000,8.075000000,8.075000000,250,TFO  58  31150853
2026-05-19T00:00:00.000000000Z,35,85,31150954,1.420000000,1.420000000,1.420000000,1.420000000,100,TFO  51  31150954
2026-05-19T00:00:00.000000000Z,35,58,110733388,,,,,225,TFO FMH0027_OMCE0000051002022427
2026-05-19T00:00:00.000000000Z,35,85,31150843,0.350000000,0.350000000,0.350000000,0.350000000,25,TFO  72  31150843
2026-05-19T00:00:00.000000000Z,35,85,31151253,0.830000000,0.830000000,0.830000000,0.830000000,450,TFO  66  31151253
2026-05-19T00:00:00.000000000Z,35,85,31151005,6.400000000,6.400000000,6.400000000,6.400000000,200,TFO  56  31151005
2026-05-19T00:00:00.000000000Z,35,85,31150932,0.075000000,0.075000000,0.075000000,0.075000000,200,TFO  72  31150932
2026-05-19T00:00:00.000000000Z,35,58,108816978,,,,,25,TFO FMX0028_OMCE0000030002102728
2026-05-19T00:00:00.000000000Z,35,58,108816697,,,,,100,TFO FMG0028_OMPE0000032002012728
2026-05-19T00:00:00.000000000Z,35,85,31150865,0.475000000,0.475000000,0.475000000,0.475000000,300,TFO  77  31150865
2026-05-19T00:00:00.000000000Z,35,58,108481211,0.760000000,0.760000000,0.760000000,0.760000000,400,TFO FMZ0026_OMPE0000030002112626
2026-05-19T00:00:00.000000000Z,35,58,108640515,,,,,50,TFO FMQ0027_OMPE0000020002072727
2026-05-19T00:00:00.000000000Z,35,85,31151454,3.800000000,3.800000000,3.800000000,3.800000000,50,TFO  58  31151454
2026-05-19T00:00:00.000000000Z,35,85,31151409,7.350000000,7.350000000,7.350000000,7.350000000,700,TFO  55  31151409
2026-05-19T00:00:00.000000000Z,35,58,108847186,2.900000000,3.085000000,2.900000000,3.085000000,600,TFO FMM0026_OMCE0000050002052726
2026-05-19T00:00:00.000000000Z,35,58,108476871,,,,,400,TFO FMQ0026_OMPE0000046002072726
2026-05-19T00:00:00.000000000Z,35,58,108484115,2.475000000,2.475000000,2.475000000,2.475000000,75,TFO FSJ0027.U0027_OSPE0000027002032
2026-05-19T00:00:00.000000000Z,35,58,108481613,,,,,225,TFO FMZ0027_OMPE0000033002112627
2026-05-19T00:00:00.000000000Z,35,58,110704948,,,,,100,TFO FMM0026_OMCE0000056002052726
2026-05-19T00:00:00.000000000Z,35,85,31151022,0.160000000,0.160000000,0.160000000,0.160000000,100,TFO  77  31151022
2026-05-19T00:00:00.000000000Z,35,85,31150885,0.950000000,0.950000000,0.950000000,0.950000000,200,TFO  50  31150885
2026-05-19T00:00:00.000000000Z,35,58,110704944,2.590000000,2.590000000,2.540000000,2.540000000,1100,TFO FMM0026_OMCE0000051002052726
2026-05-19T00:00:00.000000000Z,35,58,108481387,,,,,405,TFO FMJ0027_OMPE0000030002032527
2026-05-19T00:00:00.000000000Z,35,85,31151140,8.850000000,8.850000000,8.850000000,8.850000000,150,TFO  56  31151140
2026-05-19T00:00:00.000000000Z,35,58,109185605,5.925000000,5.925000000,5.925000000,5.925000000,300,TFO FQN0026.U0026_OQCE0000055002062
2026-05-19T00:00:00.000000000Z,35,58,108482037,,,,,400,TFO FMK0027_OMPE0000040002042627
2026-05-19T00:00:00.000000000Z,35,58,108816714,,,,,25,TFO FMH0028_OMCE0000030002022528
2026-05-19T00:00:00.000000000Z,35,85,31151413,7.350000000,7.350000000,7.350000000,7.350000000,50,TFO  55  31151413
2026-05-19T00:00:00.000000000Z,35,58,108332543,0.130000000,0.200000000,0.130000000,0.150000000,900,TFO FMM0026_OMPE0000040002052726
2026-05-19T00:00:00.000000000Z,35,58,108457413,,,,,200,TFO FMV0026_OMPE0000030002092526
2026-05-19T00:00:00.000000000Z,35,58,108832039,,,,,225,TFO FMH0028_OMPE0000033002022528
2026-05-19T00:00:00.000000000Z,35,85,31068017,1.010000000,1.010000000,1.010000000,1.010000000,5,TFO   6  31068017
2026-05-19T00:00:00.000000000Z,35,85,31151180,1.650000000,1.650000000,1.650000000,1.650000000,1100,TFO  50  31151180
2026-05-19T00:00:00.000000000Z,35,85,31150997,4.000000000,4.000000000,4.000000000,4.000000000,150,TFO  55  31150997
2026-05-19T00:00:00.000000000Z,35,58,108428647,,,,,50,TFO FMQ0026_OMPE0000042002072726
2026-05-19T00:00:00.000000000Z,35,85,31150941,4.950000000,4.950000000,4.950000000,4.950000000,25,TFO  55  31150941
2026-05-19T00:00:00.000000000Z,35,58,108482094,,,,,100,TFO FMJ0027_OMCE0000040002032527
2026-05-20T00:00:00.000000000Z,35,58,109577925,,,,,25,TFO FMH0029_OMCE0000024002022329
2026-05-20T00:00:00.000000000Z,35,85,31151859,3.690000000,3.690000000,3.690000000,3.690000000,25,TFO  56  31151859
2026-05-20T00:00:00.000000000Z,35,58,108476853,0.810000000,0.900000000,0.810000000,0.900000000,1060,TFO FMM0026_OMPE0000047002052726
2026-05-20T00:00:00.000000000Z,35,58,108790009,,,,,500,TFO FMH0027_OMPE0000020002022427
2026-05-20T00:00:00.000000000Z,35,85,31142482,0.830000000,0.830000000,0.830000000,0.830000000,50,TFO   5  31142482
2026-05-20T00:00:00.000000000Z,35,85,31152385,0.310000000,0.310000000,0.310000000,0.310000000,75,TFO  56  31152385
2026-05-20T00:00:00.000000000Z,35,58,108685483,,,,,650,TFO FMJ0027_OMPE0000020002032527
2026-05-20T00:00:00.000000000Z,35,85,31152123,-0.430000000,-0.430000000,-0.430000000,-0.430000000,50,TFO  72  31152123
2026-05-20T00:00:00.000000000Z,35,58,108332543,0.170000000,0.175000000,0.130000000,0.175000000,2055,TFO FMM0026_OMPE0000040002052726
2026-05-20T00:00:00.000000000Z,35,58,108481941,,,,,300,TFO FMH0027_OMPE0000040002022427
2026-05-20T00:00:00.000000000Z,35,58,108482135,,,,,550,TFO FMX0026_OMPE0000040002102726
2026-05-20T00:00:00.000000000Z,35,58,108338591,21.840000000,21.840000000,21.840000000,21.840000000,75,TFO FMQ0026_OMCE0000030002072726
2026-05-20T00:00:00.000000000Z,35,85,108476849,0.475000000,0.890000000,0.475000000,0.890000000,575,TFO FMM0026_OMPE0000045002052726
2026-05-20T00:00:00.000000000Z,35,58,108482582,4.715000000,4.715000000,4.715000000,4.715000000,100,TFO FQV0027.Z0027_OQCE0000045002092
2026-05-20T00:00:00.000000000Z,35,58,110704964,5.600000000,5.600000000,5.600000000,5.600000000,250,TFO FMN0026_OMCE0000051002062626
2026-05-20T00:00:00.000000000Z,35,58,108847192,9.000000000,9.000000000,9.000000000,9.000000000,400,TFO FMU0026_OMCE0000050002082626
2026-05-20T00:00:00.000000000Z,35,85,31152089,3.040000000,3.040000000,3.040000000,3.040000000,35,TFO  55  31152089
2026-05-20T00:00:00.000000000Z,35,58,108284662,17.700000000,17.700000000,17.700000000,17.700000000,100,TFO FMN0026_OMCE0000034002062626
2026-05-20T00:00:00.000000000Z,35,85,109184385,4.300000000,4.300000000,3.515000000,3.515000000,45,TFO FMN0026_OMCE0000055002062626
2026-05-20T00:00:00.000000000Z,35,58,108640515,,,,,650,TFO FMQ0027_OMPE0000020002072727
2026-05-20T00:00:00.000000000Z,35,85,31152387,0.370000000,0.370000000,0.370000000,0.370000000,100,TFO  56  31152387
2026-05-20T00:00:00.000000000Z,35,58,109408519,3.200000000,3.200000000,3.200000000,3.200000000,250,TFO FMN0026_OMCE0000060002062626
2026-05-20T00:00:00.000000000Z,35,85,31151820,0.385000000,0.385000000,0.385000000,0.385000000,250,TFO  51  31151820
2026-05-20T00:00:00.000000000Z,35,85,31151780,-0.390000000,-0.390000000,-0.390000000,-0.390000000,50,TFO  45  31151780
2026-05-20T00:00:00.000000000Z,35,58,110704966,5.200000000,5.200000000,5.200000000,5.200000000,100,TFO FMN0026_OMCE0000052002062626
2026-05-20T00:00:00.000000000Z,35,58,109577991,,,,,25,TFO FMJ0029_OMCE0000024002032729
2026-05-20T00:00:00.000000000Z,35,58,109773045,1.040000000,1.040000000,1.040000000,1.040000000,250,TFO FMN0026_OMCE0000080002062626
2026-05-20T00:00:00.000000000Z,35,58,108482511,3.500000000,3.560000000,3.500000000,3.560000000,250,TFO FQV0026.Z0026_OQPE0000040002092
2026-05-20T00:00:00.000000000Z,35,58,109592761,7.160000000,7.160000000,7.160000000,7.160000000,100,TFO FMV0026_OMCE0000055002092526
2026-05-20T00:00:00.000000000Z,35,58,108481387,,,,,175,TFO FMJ0027_OMPE0000030002032527
2026-05-20T00:00:00.000000000Z,35,58,108790011,,,,,500,TFO FMV0027_OMPE0000020002092427
2026-05-20T00:00:00.000000000Z,35,58,108481441,,,,,150,TFO FMM0027_OMPE0000035002052627
2026-05-20T00:00:00.000000000Z,35,58,109308580,,,,,150,TFO FMV0026_OMPE0000050002092526
2026-05-20T00:00:00.000000000Z,35,85,31151902,3.180000000,3.180000000,3.180000000,3.180000000,200,TFO  38  31151902
2026-05-20T00:00:00.000000000Z,35,58,108398562,,,,,200,TFO FMU0026_OMPE0000038002082626
2026-05-20T00:00:00.000000000Z,35,58,108457413,,,,,50,TFO FMV0026_OMPE0000030002092526
2026-05-20T00:00:00.000000000Z,35,85,31141857,0.060000000,0.060000000,0.060000000,0.060000000,50,TFO  75  31141857
2026-05-20T00:00:00.000000000Z,35,58,108481607,,,,,100,TFO FMZ0027_OMPE0000030002112627
2026-05-20T00:00:00.000000000Z,35,58,108564143,,,,,150,TFO FMU0026_OMPE0000020002082626
2026-05-20T00:00:00.000000000Z,35,58,109335153,,,,,150,TFO FMG0027_OMCE0000070002012727
2026-05-20T00:00:00.000000000Z,35,58,108484129,,,,,500,TFO FMJ0027_OMPE0000025002032527
2026-05-20T00:00:00.000000000Z,35,85,31152401,3.000000000,3.000000000,3.000000000,3.000000000,200,TFO  56  31152401
2026-05-20T00:00:00.000000000Z,35,85,31151973,3.040000000,3.040000000,3.040000000,3.040000000,200,TFO  47  31151973
2026-05-20T00:00:00.000000000Z,35,58,109838787,,,,,65,TFO FMF0027_OMCE0000060002122426
2026-05-20T00:00:00.000000000Z,35,85,31125460,0.550000000,0.550000000,0.550000000,0.550000000,150,TFO   7  31125460
2026-05-20T00:00:00.000000000Z,35,58,109308587,,,,,110,TFO FMG0027_OMCE0000050002012727
2026-05-20T00:00:00.000000000Z,35,58,108474927,0.310000000,0.310000000,0.310000000,0.310000000,75,TFO FMV0026_OMPE0000028002092526
2026-05-20T00:00:00.000000000Z,35,58,109578035,,,,,25,TFO FMM0029_OMCE0000024002052529
2026-05-20T00:00:00.000000000Z,35,85,31151872,2.310000000,2.310000000,2.300000000,2.300000000,125,TFO   6  31151872
2026-05-20T00:00:00.000000000Z,35,85,31152331,16.850000000,16.850000000,16.850000000,16.850000000,200,TFO  55  31152331
2026-05-20T00:00:00.000000000Z,35,58,108482521,6.400000000,6.470000000,6.250000000,6.470000000,300,TFO FQV0026.Z0026_OQPE0000045002092
2026-05-20T00:00:00.000000000Z,35,58,110658690,,,,,300,TFO FMZ0027_OMCE0000050002112627
2026-05-20T00:00:00.000000000Z,35,58,108685185,0.630000000,0.630000000,0.630000000,0.630000000,150,TFO FSJ0027.U0027_OSPE0000020002032
2026-05-20T00:00:00.000000000Z,35,85,31151733,0.060000000,0.250000000,0.060000000,0.250000000,150,TFO  58  31151733
2026-05-20T00:00:00.000000000Z,35,58,108302832,14.900000000,14.900000000,14.900000000,14.900000000,50,TFO FMN0026_OMCE0000037002062626
2026-05-20T00:00:00.000000000Z,35,85,31151788,1.575000000,1.575000000,1.575000000,1.575000000,200,TFO  72  31151788
2026-05-20T00:00:00.000000000Z,35,58,108481221,,,,,150,TFO FMZ0026_OMPE0000035002112626
2026-05-20T00:00:00.000000000Z,35,85,31148609,0.125000000,0.125000000,0.125000000,0.125000000,200,TFO  75  31148609
2026-05-20T00:00:00.000000000Z,35,58,108484185,,,,,80,TFO FMQ0027_OMPE0000027002072727
2026-05-20T00:00:00.000000000Z,35,85,31152178,2.420000000,2.420000000,2.420000000,2.420000000,800,TFO  55  31152178
2026-05-20T00:00:00.000000000Z,35,58,108482185,,,,,300,TFO FMZ0026_OMPE0000045002112626
2026-05-20T00:00:00.000000000Z,35,85,31151986,3.925000000,3.925000000,3.925000000,3.925000000,15,TFO  56  31151986
2026-05-20T00:00:00.000000000Z,35,85,31152235,1.050000000,1.050000000,1.050000000,1.050000000,100,TFO  50  31152235
2026-05-20T00:00:00.000000000Z,35,58,108482623,4.975000000,4.975000000,4.975000000,4.975000000,300,TFO FSV0026.H0027_OSPE0000040002092
2026-05-20T00:00:00.000000000Z,35,58,108481341,3.675000000,3.675000000,3.525000000,3.525000000,175,TFO FSJ0027.U0027_OSPE0000030002032
2026-05-20T00:00:00.000000000Z,35,58,108476837,1.600000000,1.600000000,1.600000000,1.600000000,200,TFO FMN0026_OMPE0000043002062626
2026-05-20T00:00:00.000000000Z,35,58,108482145,,,,,300,TFO FMX0026_OMPE0000045002102726
2026-05-20T00:00:00.000000000Z,35,85,31151861,0.060000000,0.065000000,0.060000000,0.065000000,1000,TFO  51  31151861
2026-05-20T00:00:00.000000000Z,35,58,108484143,,,,,80,TFO FMK0027_OMPE0000027002042627
2026-05-20T00:00:00.000000000Z,35,85,31148589,2.250000000,2.250000000,2.250000000,2.250000000,50,TFO   6  31148589
2026-05-20T00:00:00.000000000Z,35,85,31151904,0.250000000,0.250000000,0.250000000,0.250000000,1000,TFO  50  31151904
2026-05-20T00:00:00.000000000Z,35,85,31152099,-0.430000000,-0.430000000,-0.430000000,-0.430000000,100,TFO  72  31152099
2026-05-20T00:00:00.000000000Z,35,58,110658698,4.050000000,4.050000000,4.050000000,4.050000000,100,TFO FSV0027.H0028_OSCE0000050002092
2026-05-20T00:00:00.000000000Z,35,85,110658698,4.000000000,4.000000000,4.000000000,4.000000000,200,TFO FSV0027.H0028_OSCE0000050002092
2026-05-20T00:00:00.000000000Z,35,58,108990638,,,,,20,TFO FMH0027_OMCE0000075002022427
2026-05-20T00:00:00.000000000Z,35,85,110748582,6.750000000,6.750000000,6.750000000,6.750000000,5,TFO FMU0026_OMCE0000057002082626
2026-05-20T00:00:00.000000000Z,35,58,108338599,18.200000000,18.200000000,18.200000000,18.200000000,150,TFO FMQ0026_OMCE0000034002072726
2026-05-20T00:00:00.000000000Z,35,58,108381602,,,,,1100,TFO FMQ0026_OMPE0000040002072726
2026-05-20T00:00:00.000000000Z,35,58,108482169,1.125000000,1.800000000,1.100000000,1.725000000,565,TFO FMM0026_OMPE0000048002052726
2026-05-20T00:00:00.000000000Z,35,58,108482174,,,,,100,TFO FMZ0026_OMCE0000040002112626
2026-05-20T00:00:00.000000000Z,35,58,108482168,,,,,130,TFO FMM0026_OMCE0000048002052726
2026-05-20T00:00:00.000000000Z,35,85,31151871,1.570000000,1.570000000,1.570000000,1.570000000,50,TFO  50  31151871
2026-05-20T00:00:00.000000000Z,35,85,31151870,2.060000000,2.060000000,2.060000000,2.060000000,15,TFO  50  31151870
2026-05-20T00:00:00.000000000Z,35,85,31147814,0.150000000,0.150000000,0.150000000,0.150000000,700,TFO  75  31147814
2026-05-20T00:00:00.000000000Z,35,58,109578101,,,,,25,TFO FMQ0029_OMCE0000024002072729
2026-05-20T00:00:00.000000000Z,35,85,31152024,0.160000000,0.160000000,0.160000000,0.160000000,155,TFO  56  31152024
2026-05-20T00:00:00.000000000Z,35,85,31152362,0.690000000,0.690000000,0.690000000,0.690000000,400,TFO  55  31152362
2026-05-20T00:00:00.000000000Z,35,58,108481189,,,,,50,TFO FMX0026_OMPE0000030002102726
2026-05-20T00:00:00.000000000Z,35,85,108248812,0.100000000,0.100000000,0.100000000,0.100000000,125,TFO FMM0026_OMPE0000038002052726
2026-05-20T00:00:00.000000000Z,35,58,109408517,0.630000000,0.630000000,0.370000000,0.370000000,1850,TFO FMM0026_OMCE0000060002052726
2026-05-20T00:00:00.000000000Z,35,58,108481519,,,,,175,TFO FMU0027_OMPE0000030002082627
2026-05-20T00:00:00.000000000Z,35,58,109308586,,,,,150,TFO FMF0027_OMPE0000050002122426
2026-05-20T00:00:00.000000000Z,35,85,109596767,2.100000000,2.100000000,2.100000000,2.100000000,135,TFO FMM0026_OMCE0000052002052726
2026-05-20T00:00:00.000000000Z,35,58,108481409,,,,,175,TFO FMK0027_OMPE0000030002042627
2026-05-20T00:00:00.000000000Z,35,85,31152093,-0.430000000,-0.430000000,-0.430000000,-0.430000000,50,TFO  72  31152093
2026-05-20T00:00:00.000000000Z,35,58,108847189,5.000000000,5.125000000,4.950000000,4.950000000,800,TFO FMN0026_OMPE0000050002062626
2026-05-20T00:00:00.000000000Z,35,58,109308581,,,,,270,TFO FMX0026_OMCE0000050002102726
2026-05-20T00:00:00.000000000Z,35,58,108685481,,,,,650,TFO FMK0027_OMPE0000020002042627
2026-05-20T00:00:00.000000000Z,35,85,31149458,0.940000000,0.940000000,0.940000000,0.940000000,15,TFO   7  31149458
2026-05-20T00:00:00.000000000Z,35,58,109308589,,,,,110,TFO FMH0027_OMCE0000050002022427
2026-05-20T00:00:00.000000000Z,35,85,31151732,0.170000000,0.170000000,0.170000000,0.170000000,500,TFO  55  31151732
2026-05-20T00:00:00.000000000Z,35,58,108400937,0.720000000,0.945000000,0.720000000,0.945000000,4155,TFO FMN0026_OMPE0000040002062626
2026-05-20T00:00:00.000000000Z,35,58,108482077,5.175000000,5.175000000,5.175000000,5.175000000,500,TFO FMF0027_OMPE0000040002122426
2026-05-20T00:00:00.000000000Z,35,85,31151281,1.110000000,1.110000000,1.110000000,1.110000000,25,TFO   6  31151281
2026-05-20T00:00:00.000000000Z,35,58,109370195,0.220000000,0.220000000,0.220000000,0.220000000,1030,TFO FMM0026_OMCE0000065002052726
2026-05-20T00:00:00.000000000Z,35,85,31151856,0.160000000,0.160000000,0.160000000,0.160000000,150,TFO  77  31151856
2026-05-20T00:00:00.000000000Z,35,85,31152040,4.850000000,4.850000000,4.850000000,4.850000000,25,TFO  55  31152040
2026-05-20T00:00:00.000000000Z,35,58,108293633,,,,,55,TFO FMN0026_OMPE0000035002062626
2026-05-20T00:00:00.000000000Z,35,58,109184385,4.820000000,4.820000000,3.760000000,3.760000000,1550,TFO FMN0026_OMCE0000055002062626
2026-05-20T00:00:00.000000000Z,35,58,108481999,,,,,300,TFO FMG0027_OMPE0000040002012727
2026-05-20T00:00:00.000000000Z,35,58,108481998,,,,,100,TFO FMG0027_OMCE0000040002012727
2026-05-20T00:00:00.000000000Z,35,85,31152376,0.060000000,0.060000000,0.060000000,0.060000000,150,TFO   7  31152376
2026-05-20T00:00:00.000000000Z,35,85,31151773,0.600000000,0.600000000,0.600000000,0.600000000,100,TFO  72  31151773
2026-05-20T00:00:00.000000000Z,35,58,109308588,,,,,150,TFO FMG0027_OMPE0000050002012727
2026-05-20T00:00:00.000000000Z,35,85,31139067,0.160000000,0.160000000,0.160000000,0.160000000,25,TFO  75  31139067
2026-05-20T00:00:00.000000000Z,35,58,108401031,0.245000000,0.370000000,0.225000000,0.370000000,4675,TFO FMM0026_OMPE0000042002052726
2026-05-20T00:00:00.000000000Z,35,85,31151307,0.000000000,0.000000000,0.000000000,0.000000000,500,TFO  72  31151307
2026-05-20T00:00:00.000000000Z,35,58,110658696,,,,,300,TFO FMH0028_OMCE0000050002022528
2026-05-20T00:00:00.000000000Z,35,58,109578123,,,,,25,TFO FMU0029_OMCE0000024002082429
2026-05-20T00:00:00.000000000Z,35,85,31151740,0.060000000,0.060000000,0.060000000,0.060000000,400,TFO  77  31151740
2026-05-20T00:00:00.000000000Z,35,85,31151767,1.140000000,1.140000000,1.140000000,1.140000000,75,TFO   4  31151767
2026-05-20T00:00:00.000000000Z,35,58,108646536,0.050000000,0.050000000,0.050000000,0.050000000,1750,TFO FMM0026_OMCE0000075002052726
2026-05-20T00:00:00.000000000Z,35,58,108481214,,,,,200,TFO FMZ0026_OMCE0000032002112626
2026-05-20T00:00:00.000000000Z,35,58,109370197,2.370000000,2.370000000,2.340000000,2.340000000,40,TFO FMN0026_OMCE0000065002062626
2026-05-20T00:00:00.000000000Z,35,85,31152328,2.350000000,2.350000000,2.350000000,2.350000000,15,TFO   7  31152328
2026-05-20T00:00:00.000000000Z,35,85,31151910,1.770000000,1.770000000,1.770000000,1.770000000,100,TFO  47  31151910
2026-05-20T00:00:00.000000000Z,35,85,109370199,4.200000000,4.200000000,4.200000000,4.200000000,15,TFO FMQ0026_OMCE0000065002072726
2026-05-20T00:00:00.000000000Z,35,58,108481920,,,,,75,TFO FMN0027_OMCE0000040002062527
2026-05-20T00:00:00.000000000Z,35,85,31152091,0.215000000,0.215000000,0.215000000,0.215000000,400,TFO  66  31152091
2026-05-20T00:00:00.000000000Z,35,58,108990636,,,,,20,TFO FMG0027_OMCE0000075002012727
2026-05-20T00:00:00.000000000Z,35,58,108280834,21.570000000,21.570000000,21.570000000,21.570000000,50,TFO FMN0026_OMCE0000030002062626
2026-05-20T00:00:00.000000000Z,35,85,31152151,0.310000000,0.310000000,0.310000000,0.310000000,250,TFO  77  31152151
2026-05-20T00:00:00.000000000Z,35,85,108280841,0.205000000,0.205000000,0.205000000,0.205000000,15,TFO FMN0026_OMPE0000033002062626
2026-05-20T00:00:00.000000000Z,35,85,31152285,0.835000000,0.835000000,0.835000000,0.835000000,50,TFO  51  31152285
2026-05-20T00:00:00.000000000Z,35,58,108847190,6.960000000,6.960000000,6.960000000,6.960000000,500,TFO FMQ0026_OMCE0000050002072726
2026-05-20T00:00:00.000000000Z,35,58,108482076,,,,,100,TFO FMF0027_OMCE0000040002122426
2026-05-20T00:00:00.000000000Z,35,58,109577903,,,,,25,TFO FMG0029_OMCE0000024002012629
2026-05-20T00:00:00.000000000Z,35,58,109576075,2.070000000,2.070000000,2.070000000,2.070000000,750,TFO FMN0026_OMCE0000070002062626
2026-05-20T00:00:00.000000000Z,35,58,109578079,,,,,25,TFO FMN0029_OMCE0000024002062629
2026-05-20T00:00:00.000000000Z,35,58,108685479,,,,,650,TFO FMM0027_OMPE0000020002052627
2026-05-20T00:00:00.000000000Z,35,58,109578167,,,,,25,TFO FMV0029_OMCE0000024002092629
2026-05-20T00:00:00.000000000Z,35,85,31152129,0.300000000,0.300000000,0.300000000,0.300000000,550,TFO  75  31152129
2026-05-20T00:00:00.000000000Z,35,85,31151744,0.060000000,0.060000000,0.060000000,0.060000000,50,TFO  77  31151744
2026-05-20T00:00:00.000000000Z,35,58,109617308,1.500000000,1.500000000,1.500000000,1.500000000,200,TFO FMM0026_OMPE0000049002052726
2026-05-20T00:00:00.000000000Z,35,58,108482036,,,,,75,TFO FMK0027_OMCE0000040002042627
2026-05-20T00:00:00.000000000Z,35,58,108790007,,,,,500,TFO FMG0027_OMPE0000020002012727
2026-05-20T00:00:00.000000000Z,35,58,108481497,,,,,175,TFO FMQ0027_OMPE0000030002072727
2026-05-20T00:00:00.000000000Z,35,85,31133621,1.070000000,1.070000000,1.070000000,1.070000000,50,TFO   4  31133621
2026-05-20T00:00:00.000000000Z,35,58,108564141,,,,,150,TFO FMQ0026_OMPE0000020002072726
2026-05-20T00:00:00.000000000Z,35,58,108482094,,,,,75,TFO FMJ0027_OMCE0000040002032527
2026-05-20T00:00:00.000000000Z,35,85,31152409,3.000000000,3.000000000,3.000000000,3.000000000,100,TFO  56  31152409
2026-05-20T00:00:00.000000000Z,35,58,108481541,4.115000000,4.115000000,4.115000000,4.115000000,100,TFO FQV0027.Z0027_OQPE0000030002092
2026-05-20T00:00:00.000000000Z,35,58,108400943,,,,,1100,TFO FMU0026_OMPE0000040002082626
2026-05-20T00:00:00.000000000Z,35,85,31152013,2.650000000,2.650000000,2.650000000,2.650000000,50,TFO  47  31152013
2026-05-20T00:00:00.000000000Z,35,58,108482159,5.350000000,5.550000000,5.350000000,5.550000000,600,TFO FMV0026_OMPE0000045002092526
2026-05-20T00:00:00.000000000Z,35,58,108218362,,,,,150,TFO FMM0026_OMPE0000025002052726
2026-05-20T00:00:00.000000000Z,35,58,108847188,6.100000000,6.100000000,5.330000000,5.330000000,1200,TFO FMN0026_OMCE0000050002062626
2026-05-20T00:00:00.000000000Z,35,85,31151759,0.550000000,0.550000000,0.550000000,0.550000000,625,TFO  56  31151759
2026-05-20T00:00:00.000000000Z,35,58,108481485,,,,,150,TFO FMN0027_OMPE0000035002062527
2026-05-20T00:00:00.000000000Z,35,85,31152252,0.225000000,0.225000000,0.225000000,0.225000000,50,TFO  51  31152252
2026-05-20T00:00:00.000000000Z,35,58,108481970,,,,,100,TFO FMZ0027_OMCE0000045002112627
2026-05-20T00:00:00.000000000Z,35,58,108990632,5.450000000,5.450000000,5.450000000,5.450000000,170,TFO FMZ0026_OMCE0000075002112626
2026-05-20T00:00:00.000000000Z,35,85,31152280,0.630000000,0.630000000,0.630000000,0.630000000,150,TFO  56  31152280
2026-05-20T00:00:00.000000000Z,35,58,108215823,0.075000000,0.075000000,0.050000000,0.050000000,1400,TFO FMM0026_OMPE0000036002052726
2026-05-20T00:00:00.000000000Z,35,85,31151768,1.575000000,1.575000000,1.575000000,1.575000000,150,TFO  77  31151768
2026-05-20T00:00:00.000000000Z,35,85,31152246,6.960000000,6.960000000,6.960000000,6.960000000,500,TFO  55  31152246
2026-05-20T00:00:00.000000000Z,35,58,110658692,,,,,300,TFO FMF0028_OMCE0000050002122427
2026-05-20T00:00:00.000000000Z,35,58,108992844,4.740000000,4.740000000,4.740000000,4.740000000,50,TFO FQV0026.Z0026_OQCE0000075002092
2026-05-20T00:00:00.000000000Z,35,58,108484139,,,,,500,TFO FMK0027_OMPE0000025002042627
2026-05-20T00:00:00.000000000Z,35,58,108398554,,,,,400,TFO FMU0026_OMPE0000034002082626
2026-05-20T00:00:00.000000000Z,35,58,109308649,9.460000000,9.460000000,8.825000000,8.825000000,250,TFO FQV0026.Z0026_OQCE0000050002092
2026-05-20T00:00:00.000000000Z,35,85,31151752,1.450000000,1.450000000,1.450000000,1.450000000,150,TFO  50  31151752
2026-05-20T00:00:00.000000000Z,35,85,31151823,0.725000000,0.725000000,0.700000000,0.700000000,500,TFO  77  31151823
2026-05-20T00:00:00.000000000Z,35,58,109578189,,,,,25,TFO FMX0029_OMCE0000024002102629
2026-05-20T00:00:00.000000000Z,35,58,108484181,,,,,500,TFO FMQ0027_OMPE0000025002072727
2026-05-20T00:00:00.000000000Z,35,85,31151817,2.275000000,2.275000000,2.275000000,2.275000000,100,TFO  50  31151817
2026-05-20T00:00:00.000000000Z,35,58,109838781,6.110000000,6.110000000,6.110000000,6.110000000,100,TFO FMV0026_OMCE0000060002092526
2026-05-20T00:00:00.000000000Z,35,58,108481167,0.650000000,0.650000000,0.650000000,0.650000000,50,TFO FQV0026.Z0026_OQPE0000030002092
2026-05-20T00:00:00.000000000Z,35,58,108484133,,,,,80,TFO FMJ0027_OMPE0000027002032527
2026-05-20T00:00:00.000000000Z,35,58,109578211,,,,,25,TFO FMZ0029_OMCE0000024002112629
2026-05-20T00:00:00.000000000Z,35,58,110012459,0.060000000,0.060000000,0.060000000,0.060000000,150,TFO FSM0026.U0026_OSPE0000020002052
2026-05-20T00:00:00.000000000Z,35,85,31151695,4.300000000,4.300000000,4.300000000,4.300000000,20,TFO   6  31151695
2026-05-20T00:00:00.000000000Z,35,58,108481978,,,,,75,TFO FMM0027_OMCE0000040002052627
2026-05-20T00:00:00.000000000Z,35,58,109769257,9.350000000,9.350000000,9.350000000,9.350000000,125,TFO FQF0027.H0027_OQCE0000055002122
2026-05-20T00:00:00.000000000Z,35,85,109408517,0.460000000,0.460000000,0.400000000,0.460000000,215,TFO FMM0026_OMCE0000060002052726
2026-05-20T00:00:00.000000000Z,35,85,110705006,0.440000000,0.440000000,0.440000000,0.440000000,50,TFO FMM0026_OMCE0000057002052726
2026-05-20T00:00:00.000000000Z,35,58,108990640,5.850000000,5.850000000,5.850000000,5.850000000,20,TFO FSV0026.H0027_OSCE0000075002092
2026-05-20T00:00:00.000000000Z,35,58,108484171,,,,,500,TFO FMN0027_OMPE0000025002062527
2026-05-20T00:00:00.000000000Z,35,58,108990634,,,,,20,TFO FMF0027_OMCE0000075002122426
2026-05-20T00:00:00.000000000Z,35,85,31142334,-15.500000000,-15.500000000,-15.500000000,-15.500000000,1,TFO  58  31142334
2026-05-20T00:00:00.000000000Z,35,58,109254271,,,,,35,TFO FMV0026_OMCE0000100002092526
2026-05-20T00:00:00.000000000Z,35,58,109308583,9.800000000,9.800000000,9.800000000,9.800000000,470,TFO FMZ0026_OMCE0000050002112626
2026-05-20T00:00:00.000000000Z,35,58,109335151,6.750000000,7.250000000,6.750000000,7.250000000,400,TFO FMF0027_OMCE0000070002122426
2026-05-20T00:00:00.000000000Z,35,58,108476847,0.380000000,0.670000000,0.380000000,0.670000000,1430,TFO FMM0026_OMPE0000044002052726
2026-05-20T00:00:00.000000000Z,35,85,108476847,0.550000000,0.550000000,0.550000000,0.550000000,25,TFO FMM0026_OMPE0000044002052726
2026-05-20T00:00:00.000000000Z,35,85,31122618,0.615000000,0.615000000,0.610000000,0.610000000,55,TFO   7  31122618
2026-05-20T00:00:00.000000000Z,35,85,108400937,1.000000000,1.000000000,1.000000000,1.000000000,100,TFO FMN0026_OMPE0000040002062626
2026-05-20T00:00:00.000000000Z,35,58,108847187,1.775000000,2.085000000,1.775000000,1.860000000,1980,TFO FMM0026_OMPE0000050002052726
2026-05-20T00:00:00.000000000Z,35,85,108847187,2.575000000,2.575000000,2.510000000,2.525000000,110,TFO FMM0026_OMPE0000050002052726
2026-05-20T00:00:00.000000000Z,35,85,31151901,1.025000000,1.025000000,1.025000000,1.025000000,50,TFO  55  31151901
2026-05-20T00:00:00.000000000Z,35,58,108455395,,,,,550,TFO FMV0026_OMPE0000040002092526
2026-05-20T00:00:00.000000000Z,35,85,31137568,0.550000000,0.550000000,0.550000000,0.550000000,20,TFO   6  31137568
2026-05-20T00:00:00.000000000Z,35,58,108484413,0.460000000,0.460000000,0.460000000,0.460000000,57,TFO FMF0027_OMPE0000025002122426
2026-05-20T00:00:00.000000000Z,35,85,31104622,0.110000000,0.110000000,0.110000000,0.110000000,100,TFO   6  31104622
2026-05-20T00:00:00.000000000Z,35,85,31127534,0.070000000,0.070000000,0.070000000,0.070000000,500,TFO   7  31127534
2026-05-20T00:00:00.000000000Z,35,58,108564124,0.620000000,0.620000000,0.620000000,0.620000000,150,TFO FMN0026_OMCE0000100002062626
2026-05-20T00:00:00.000000000Z,35,58,108847186,2.920000000,2.925000000,2.050000000,2.050000000,1650,TFO FMM0026_OMCE0000050002052726
2026-05-20T00:00:00.000000000Z,35,58,110704944,,,,,155,TFO FMM0026_OMCE0000051002052726
2026-05-20T00:00:00.000000000Z,35,85,31152463,5.000000000,5.000000000,5.000000000,5.000000000,8,TFO  58  31152463
2026-05-20T00:00:00.000000000Z,35,58,109596768,4.075000000,4.075000000,4.075000000,4.075000000,15,TFO FMM0026_OMPE0000052002052726
2026-05-20T00:00:00.000000000Z,35,58,108481192,,,,,200,TFO FMX0026_OMCE0000032002102726
2026-05-20T00:00:00.000000000Z,35,58,109335167,7.040000000,7.050000000,6.930000000,6.930000000,150,TFO FQF0027.H0027_OQCE0000070002122
2026-05-20T00:00:00.000000000Z,35,58,108323493,,,,,200,TFO FMN0026_OMPE0000038002062626
2026-05-20T00:00:00.000000000Z,35,58,110704965,5.600000000,5.600000000,5.600000000,5.600000000,250,TFO FMN0026_OMPE0000051002062626
2026-05-20T00:00:00.000000000Z,35,85,31151865,0.680000000,0.680000000,0.680000000,0.680000000,100,TFO  50  31151865
2026-05-20T00:00:00.000000000Z,35,58,110698378,3.080000000,3.080000000,3.080000000,3.080000000,50,TFO FMU0026_OMCE0000085002082626
2026-05-20T00:00:00.000000000Z,35,58,108482134,,,,,100,TFO FMX0026_OMCE0000040002102726
2026-05-20T00:00:00.000000000Z,35,58,109370203,5.800000000,5.800000000,5.800000000,5.800000000,200,TFO FMV0026_OMCE0000065002092526
2026-05-20T00:00:00.000000000Z,35,85,31151838,2.160000000,2.160000000,2.160000000,2.160000000,250,TFO  50  31151838
2026-05-20T00:00:00.000000000Z,35,85,31152309,0.625000000,0.625000000,0.625000000,0.625000000,1000,TFO  44  31152309
2026-05-20T00:00:00.000000000Z,35,85,110698342,0.605000000,0.605000000,0.605000000,0.605000000,25,TFO FMN0026_OMCE0000090002062626
2026-05-20T00:00:00.000000000Z,35,85,31150043,-0.550000000,-0.550000000,-0.600000000,-0.600000000,40,TFO  70  31150043
2026-05-20T00:00:00.000000000Z,35,85,31152281,0.150000000,0.150000000,0.150000000,0.150000000,500,TFO  77  31152281
2026-05-20T00:00:00.000000000Z,35,58,108481585,,,,,100,TFO FMX0027_OMPE0000030002102727
2026-05-20T00:00:00.000000000Z,35,85,31151706,0.535000000,0.585000000,0.535000000,0.585000000,330,TFO  66  31151706
2026-05-20T00:00:00.000000000Z,35,58,108484189,,,,,500,TFO FMU0027_OMPE0000025002082627
2026-05-20T00:00:00.000000000Z,35,85,108646536,0.100000000,0.100000000,0.100000000,0.100000000,50,TFO FMM0026_OMCE0000075002052726
2026-05-20T00:00:00.000000000Z,35,58,110704946,1.030000000,1.045000000,1.030000000,1.045000000,2000,TFO FMM0026_OMCE0000053002052726
2026-05-20T00:00:00.000000000Z,35,58,110658686,,,,,300,TFO FMV0027_OMCE0000050002092427
2026-05-20T00:00:00.000000000Z,35,85,31151821,2.020000000,2.020000000,2.020000000,2.020000000,100,TFO  50  31151821
2026-05-20T00:00:00.000000000Z,35,85,31143911,1.500000000,1.500000000,1.395000000,1.395000000,130,TFO   6  31143911
2026-05-20T00:00:00.000000000Z,35,58,108455385,,,,,150,TFO FMV0026_OMPE0000035002092526
2026-05-20T00:00:00.000000000Z,35,85,31151960,5.200000000,5.200000000,5.200000000,5.200000000,100,TFO  55  31151960
2026-05-20T00:00:00.000000000Z,35,85,31151722,0.680000000,0.680000000,0.680000000,0.680000000,300,TFO  76  31151722
2026-05-20T00:00:00.000000000Z,35,58,108481211,,,,,50,TFO FMZ0026_OMPE0000030002112626
2026-05-20T00:00:00.000000000Z,35,58,109184383,1.170000000,1.170000000,0.690000000,0.690000000,1350,TFO FMM0026_OMCE0000055002052726
2026-05-20T00:00:00.000000000Z,35,58,108481177,2.050000000,2.050000000,1.660000000,1.660000000,150,TFO FQV0026.Z0026_OQPE0000035002092
2026-05-20T00:00:00.000000000Z,35,85,31152057,1.400000000,1.400000000,1.400000000,1.400000000,750,TFO  77  31152057
2026-05-20T00:00:00.000000000Z,35,58,108790013,,,,,500,TFO FMX0027_OMPE0000020002102727
2026-05-20T00:00:00.000000000Z,35,58,108481902,,,,,75,TFO FMQ0027_OMCE0000040002072727
2026-05-20T00:00:00.000000000Z,35,58,109308582,,,,,150,TFO FMX0026_OMPE0000050002102726
2026-05-20T00:00:00.000000000Z,35,85,31152380,-0.040000000,-0.040000000,-0.040000000,-0.040000000,50,TFO  76  31152380
2026-05-20T00:00:00.000000000Z,35,58,108428899,0.295000000,0.295000000,0.295000000,0.295000000,500,TFO FMM0026_OMPE0000043002052726
2026-05-20T00:00:00.000000000Z,35,85,31152157,3.125000000,3.125000000,3.125000000,3.125000000,150,TFO  77  31152157
2026-05-20T00:00:00.000000000Z,35,85,110704973,8.300000000,8.300000000,8.300000000,8.300000000,50,TFO FMQ0026_OMPE0000051002072726
2026-05-20T00:00:00.000000000Z,35,58,108476937,3.820000000,4.000000000,3.820000000,4.000000000,600,TFO FQN0026.U0026_OQPE0000045002062
2026-05-20T00:00:00.000000000Z,35,58,108646540,2.825000000,2.825000000,2.420000000,2.420000000,950,TFO FMQ0026_OMCE0000075002072726
2026-05-20T00:00:00.000000000Z,35,58,108284663,2.450000000,2.450000000,2.450000000,2.450000000,1400,TFO FMN0026_OMPE0000034002062626
2026-05-20T00:00:00.000000000Z,35,58,108484175,,,,,80,TFO FMN0027_OMPE0000027002062527
2026-05-20T00:00:00.000000000Z,35,85,31139726,0.320000000,0.320000000,0.320000000,0.320000000,325,TFO   7  31139726
2026-05-20T00:00:00.000000000Z,35,58,109838789,,,,,65,TFO FMG0027_OMCE0000060002012727
2026-05-20T00:00:00.000000000Z,35,58,109254275,3.425000000,3.430000000,3.425000000,3.430000000,235,TFO FMZ0026_OMCE0000100002112626
2026-05-20T00:00:00.000000000Z,35,58,109254327,3.040000000,3.040000000,3.040000000,3.040000000,35,TFO FQV0026.Z0026_OQCE0000100002092
2026-05-20T00:00:00.000000000Z,35,58,109838791,,,,,65,TFO FMH0027_OMCE0000060002022427
2026-05-20T00:00:00.000000000Z,35,85,108482642,5.615000000,5.615000000,5.250000000,5.250000000,75,TFO FSJ0027.U0027_OSCE0000040002032
2026-05-20T00:00:00.000000000Z,35,58,108476843,0.200000000,2.775000000,0.200000000,2.775000000,1100,TFO FMN0026_OMPE0000046002062626
2026-05-20T00:00:00.000000000Z,35,85,31152324,11.885000000,11.885000000,11.885000000,11.885000000,100,TFO  55  31152324
2026-05-20T00:00:00.000000000Z,35,58,108602791,,,,,650,TFO FMN0027_OMPE0000020002062527
2026-05-20T00:00:00.000000000Z,35,85,109838938,0.865000000,0.985000000,0.865000000,0.985000000,20,TFO FMU0026_OMPE0000034502082626
2026-05-20T00:00:00.000000000Z,35,58,108847193,7.925000000,7.925000000,7.925000000,7.925000000,100,TFO FMU0026_OMPE0000050002082626
2026-05-20T00:00:00.000000000Z,35,58,109308579,,,,,270,TFO FMV0026_OMCE0000050002092526
2026-05-20T00:00:00.000000000Z,35,58,109768645,,,,,125,TFO FMH0027_OMCE0000055002022427
2026-05-20T00:00:00.000000000Z,35,58,108481431,,,,,175,TFO FMM0027_OMPE0000030002052627
2026-05-20T00:00:00.000000000Z,35,58,108481419,,,,,150,TFO FMK0027_OMPE0000035002042627
2026-05-20T00:00:00.000000000Z,35,58,109768641,9.500000000,9.500000000,8.340000000,8.340000000,275,TFO FMF0027_OMCE0000055002122426
2026-05-20T00:00:00.000000000Z,35,58,109308591,10.150000000,10.150000000,10.150000000,10.150000000,20,TFO FSV0026.H0027_OSCE0000050002092
2026-05-20T00:00:00.000000000Z,35,58,108643817,,,,,650,TFO FMU0027_OMPE0000020002082627
2026-05-20T00:00:00.000000000Z,35,58,110658688,,,,,300,TFO FMX0027_OMCE0000050002102727
2026-05-20T00:00:00.000000000Z,35,85,31151869,0.160000000,0.160000000,0.160000000,0.160000000,25,TFO  77  31151869
2026-05-20T00:00:00.000000000Z,35,85,108338602,0.635000000,0.700000000,0.635000000,0.700000000,170,TFO FMQ0026_OMPE0000035002072726
2026-05-20T00:00:00.000000000Z,35,85,31152190,3.450000000,3.450000000,3.450000000,3.450000000,25,TFO  50  31152190
2026-05-20T00:00:00.000000000Z,35,58,110012455,0.120000000,0.120000000,0.120000000,0.120000000,150,TFO FSM0026.U0026_OSPE0000025002052
2026-05-20T00:00:00.000000000Z,35,85,31152240,0.150000000,0.150000000,0.150000000,0.150000000,400,TFO  51  31152240
2026-05-20T00:00:00.000000000Z,35,58,108338605,15.700000000,15.700000000,15.700000000,15.700000000,75,TFO FMQ0026_OMCE0000037002072726
2026-05-20T00:00:00.000000000Z,35,58,109370211,6.760000000,6.760000000,6.760000000,6.760000000,100,TFO FMF0027_OMCE0000065002122426
2026-05-20T00:00:00.000000000Z,35,85,31151968,4.200000000,4.200000000,4.200000000,4.200000000,250,TFO  55  31151968
2026-05-20T00:00:00.000000000Z,35,85,108790017,0.520000000,0.540000000,0.520000000,0.540000000,500,TFO FYF0027.Z0027_OYPE0000020002122
2026-05-20T00:00:00.000000000Z,35,58,108248812,0.100000000,0.100000000,0.100000000,0.100000000,500,TFO FMM0026_OMPE0000038002052726
2026-05-20T00:00:00.000000000Z,35,58,108990628,,,,,70,TFO FMV0026_OMCE0000075002092526
2026-05-20T00:00:00.000000000Z,35,58,108990630,5.000000000,5.000000000,5.000000000,5.000000000,320,TFO FMX0026_OMCE0000075002102726
2026-05-20T00:00:00.000000000Z,35,58,109308592,11.525000000,11.525000000,11.525000000,11.525000000,150,TFO FSV0026.H0027_OSPE0000050002092
2026-05-20T00:00:00.000000000Z,35,58,108338600,,,,,400,TFO FMQ0026_OMPE0000034002072726
2026-05-20T00:00:00.000000000Z,35,85,31151906,3.075000000,3.075000000,3.075000000,3.075000000,500,TFO  47  31151906
2026-05-20T00:00:00.000000000Z,35,85,31151816,1.950000000,1.950000000,1.950000000,1.950000000,250,TFO  50  31151816
2026-05-20T00:00:00.000000000Z,35,85,31151682,1.775000000,1.775000000,1.775000000,1.775000000,150,TFO  56  31151682
2026-05-20T00:00:00.000000000Z,35,58,109578013,,,,,25,TFO FMK0029_OMCE0000024002042629
2026-05-20T00:00:00.000000000Z,35,58,108481309,3.700000000,3.700000000,3.700000000,3.700000000,259,TFO FMG0027_OMPE0000035002012727
2026-05-20T00:00:00.000000000Z,35,85,31152485,25.950000000,25.950000000,25.950000000,25.950000000,3,TFO  58  31152485
2026-05-20T00:00:00.000000000Z,35,58,108350892,,,,,200,TFO FMQ0026_OMPE0000038002072726
2026-05-20T00:00:00.000000000Z,35,85,31149403,0.225000000,0.225000000,0.225000000,0.225000000,500,TFO  51  31149403
2026-05-20T00:00:00.000000000Z,35,58,108481170,16.850000000,16.850000000,16.850000000,16.850000000,200,TFO FQV0026.Z0026_OQCE0000032002092
2026-05-20T00:00:00.000000000Z,35,58,108564126,1.300000000,1.300000000,1.300000000,1.300000000,150,TFO FMQ0026_OMCE0000100002072726
2026-05-20T00:00:00.000000000Z,35,85,31152294,8.825000000,8.825000000,8.825000000,8.825000000,150,TFO  55  31152294
2026-05-20T00:00:00.000000000Z,35,85,31152243,1.430000000,1.430000000,1.430000000,1.430000000,200,TFO  50  31152243
2026-05-20T00:00:00.000000000Z,35,58,108476869,,,,,600,TFO FMQ0026_OMPE0000045002072726
2026-05-20T00:00:00.000000000Z,35,58,108481287,2.960000000,2.960000000,2.960000000,2.960000000,57,TFO FMF0027_OMPE0000035002122426
2026-05-20T00:00:00.000000000Z,35,58,109576079,4.700000000,4.700000000,4.650000000,4.650000000,450,TFO FMU0026_OMCE0000070002082626
2026-05-20T00:00:00.000000000Z,35,58,109838785,7.525000000,7.525000000,7.525000000,7.525000000,100,TFO FMZ0026_OMCE0000060002112626
2026-05-20T00:00:00.000000000Z,35,85,31151796,0.450000000,0.450000000,0.450000000,0.450000000,200,TFO  72  31151796
2026-05-20T00:00:00.000000000Z,35,58,109617306,,,,,25,TFO FMN0026_OMPE0000049002062626
2026-05-20T00:00:00.000000000Z,35,58,109577837,4.850000000,4.850000000,4.850000000,4.850000000,25,TFO FYF0029.Z0029_OYCE0000024002122
2026-05-20T00:00:00.000000000Z,35,58,108476859,4.950000000,4.950000000,4.950000000,4.950000000,700,TFO FMU0026_OMPE0000045002082626
2026-05-20T00:00:00.000000000Z,35,58,109308651,10.660000000,10.660000000,10.380000000,10.380000000,90,TFO FQF0027.H0027_OQCE0000050002122
2026-05-20T00:00:00.000000000Z,35,58,108481397,,,,,150,TFO FMJ0027_OMPE0000035002032527
2026-05-20T00:00:00.000000000Z,35,58,108455373,1.200000000,1.200000000,1.200000000,1.200000000,200,TFO FQN0026.U0026_OQPE0000038002062
2026-05-20T00:00:00.000000000Z,35,58,108481475,,,,,175,TFO FMN0027_OMPE0000030002062527
2026-05-20T00:00:00.000000000Z,35,58,108564113,,,,,150,TFO FMQ0026_OMPE0000025002072726
2026-05-20T00:00:00.000000000Z,35,85,31151879,-0.425000000,-0.425000000,-0.425000000,-0.425000000,100,TFO  77  31151879
2026-05-20T00:00:00.000000000Z,35,58,108482622,11.885000000,11.885000000,11.885000000,11.885000000,100,TFO FSV0026.H0027_OSCE0000040002092
2026-05-20T00:00:00.000000000Z,35,58,109577881,,,,,25,TFO FMF0029_OMCE0000024002122728
2026-05-20T00:00:00.000000000Z,35,58,108476849,0.500000000,0.965000000,0.500000000,0.965000000,3350,TFO FMM0026_OMPE0000045002052726
2026-05-20T00:00:00.000000000Z,35,58,108481563,,,,,100,TFO FMV0027_OMPE0000030002092427
2026-05-20T00:00:00.000000000Z,35,58,108476851,0.630000000,1.130000000,0.630000000,1.130000000,1350,TFO FMM0026_OMPE0000046002052726
2026-05-20T00:00:00.000000000Z,35,85,108293633,0.300000000,0.300000000,0.300000000,0.300000000,50,TFO FMN0026_OMPE0000035002062626
2026-05-20T00:00:00.000000000Z,35,58,109308590,,,,,150,TFO FMH0027_OMPE0000050002022427
2026-05-20T00:00:00.000000000Z,35,85,31151848,2.690000000,2.690000000,2.690000000,2.690000000,200,TFO  51  31151848
2026-05-20T00:00:00.000000000Z,35,58,108790005,,,,,500,TFO FMF0027_OMPE0000020002122426
2026-05-20T00:00:00.000000000Z,35,85,31151685,1.210000000,1.210000000,1.210000000,1.210000000,1000,TFO  66  31151685
2026-05-20T00:00:00.000000000Z,35,85,108847186,2.010000000,2.025000000,1.995000000,1.995000000,100,TFO FMM0026_OMCE0000050002052726
2026-05-20T00:00:00.000000000Z,35,58,108564137,,,,,150,TFO FMM0026_OMPE0000020002052726
2026-05-20T00:00:00.000000000Z,35,85,110704944,1.590000000,1.590000000,1.590000000,1.590000000,50,TFO FMM0026_OMCE0000051002052726
2026-05-20T00:00:00.000000000Z,35,85,31151774,4.050000000,4.050000000,4.050000000,4.050000000,100,TFO  55  31151774
2026-05-20T00:00:00.000000000Z,35,58,110698946,,,,,25,TFO FMM0026_OMCE0000054002052726
2026-05-20T00:00:00.000000000Z,35,85,108482104,6.090000000,6.090000000,5.600000000,5.600000000,450,TFO FMJ0027_OMCE0000045002032527
2026-05-20T00:00:00.000000000Z,35,85,31140760,0.000000000,0.000000000,0.000000000,0.000000000,875,TFO  12  31140760
2026-05-20T00:00:00.000000000Z,35,58,110704948,,,,,20,TFO FMM0026_OMCE0000056002052726
2026-05-20T00:00:00.000000000Z,35,58,109308584,,,,,150,TFO FMZ0026_OMPE0000050002112626
2026-05-20T00:00:00.000000000Z,35,58,109370213,7.140000000,7.145000000,7.140000000,7.140000000,590,TFO FMG0027_OMCE0000065002012727
2026-05-20T00:00:00.000000000Z,35,85,31152041,2.975000000,2.975000000,2.975000000,2.975000000,100,TFO  47  31152041
2026-05-20T00:00:00.000000000Z,35,58,108455378,,,,,200,TFO FMV0026_OMCE0000032002092526
2026-05-20T00:00:00.000000000Z,35,85,110704946,1.015000000,1.015000000,1.015000000,1.015000000,50,TFO FMM0026_OMCE0000053002052726
2026-05-20T00:00:00.000000000Z,35,58,108482175,,,,,550,TFO FMZ0026_OMPE0000040002112626
2026-05-20T00:00:00.000000000Z,35,85,108297427,0.350000000,0.350000000,0.350000000,0.350000000,200,TFO FMN0026_OMPE0000036002062626
2026-05-20T00:00:00.000000000Z,35,58,108481529,,,,,150,TFO FMU0027_OMPE0000035002082627
2026-05-20T00:00:00.000000000Z,35,58,108455905,1.850000000,1.850000000,1.850000000,1.850000000,1100,TFO FQN0026.U0026_OQPE0000040002062
2026-05-20T00:00:00.000000000Z,35,58,109335155,,,,,150,TFO FMH0027_OMCE0000070002022427
2026-05-20T00:00:00.000000000Z,35,58,108484407,0.700000000,0.700000000,0.700000000,0.700000000,259,TFO FMG0027_OMPE0000025002012727
2026-05-20T00:00:00.000000000Z,35,85,31134662,0.225000000,0.225000000,0.225000000,0.225000000,30,TFO   6  31134662
2026-05-20T00:00:00.000000000Z,35,58,108484115,2.350000000,2.350000000,2.350000000,2.350000000,80,TFO FSJ0027.U0027_OSPE0000027002032
2026-05-20T00:00:00.000000000Z,35,85,109184383,1.050000000,1.050000000,0.600000000,0.600000000,330,TFO FMM0026_OMCE0000055002052726
2026-05-20T00:00:00.000000000Z,35,58,108790015,,,,,500,TFO FMZ0027_OMPE0000020002112627
2026-05-20T00:00:00.000000000Z,35,85,31151913,-0.995000000,-0.995000000,-0.995000000,-0.995000000,50,TFO  58  31151913
2026-05-20T00:00:00.000000000Z,35,85,31151981,1.525000000,1.525000000,1.525000000,1.525000000,150,TFO  50  31151981
2026-05-20T00:00:00.000000000Z,35,58,108481351,6.525000000,6.525000000,6.525000000,6.525000000,150,TFO FSJ0027.U0027_OSPE0000035002032
2026-05-20T00:00:00.000000000Z,35,58,109254273,3.050000000,3.050000000,3.050000000,3.050000000,285,TFO FMX0026_OMCE0000100002102726
2026-05-20T00:00:00.000000000Z,35,58,109576073,0.180000000,0.180000000,0.100000000,0.100000000,1475,TFO FMM0026_OMCE0000070002052726
2026-05-20T00:00:00.000000000Z,35,85,109576073,0.180000000,0.180000000,0.180000000,0.180000000,400,TFO FMM0026_OMCE0000070002052726
2026-05-20T00:00:00.000000000Z,35,58,108482112,,,,,75,TFO FMU0027_OMCE0000040002082627
2026-05-20T00:00:00.000000000Z,35,58,108482167,3.690000000,3.690000000,3.690000000,3.690000000,40,TFO FMN0026_OMPE0000048002062626
2026-05-20T00:00:00.000000000Z,35,85,31152115,0.600000000,0.600000000,0.600000000,0.600000000,100,TFO  47  31152115
2026-05-20T00:00:00.000000000Z,35,85,31152301,-0.010000000,-0.010000000,-0.040000000,-0.040000000,950,TFO  76  31152301
2026-05-20T00:00:00.000000000Z,35,85,31152254,2.350000000,2.350000000,2.350000000,2.350000000,80,TFO  56  31152254
2026-05-20T00:00:00.000000000Z,35,85,110795292,0.295000000,0.295000000,0.295000000,0.295000000,135,TFO FMM0026_OMCE0000062002052726
2026-05-20T00:00:00.000000000Z,35,85,31152183,0.275000000,0.275000000,0.275000000,0.275000000,25,TFO  77  31152183
2026-05-20T00:00:00.000000000Z,35,58,108476839,,,,,50,TFO FMN0026_OMPE0000044002062626
2026-05-20T00:00:00.000000000Z,35,58,108381946,0.175000000,0.250000000,0.175000000,0.250000000,4300,TFO FMM0026_OMPE0000041002052726
2026-05-20T00:00:00.000000000Z,35,58,108476841,2.400000000,3.000000000,2.270000000,3.000000000,1305,TFO FMN0026_OMPE0000045002062626
2026-05-20T00:00:00.000000000Z,35,58,108484153,,,,,80,TFO FMM0027_OMPE0000027002052627
2026-05-20T00:00:00.000000000Z,35,58,108484111,1.700000000,1.700000000,1.625000000,1.625000000,500,TFO FSJ0027.U0027_OSPE0000025002032
2026-05-20T00:00:00.000000000Z,35,58,108484193,,,,,80,TFO FMU0027_OMPE0000027002082627
2026-05-20T00:00:00.000000000Z,35,58,109768643,8.660000000,8.660000000,8.660000000,8.660000000,715,TFO FMG0027_OMCE0000055002012727
2026-05-20T00:00:00.000000000Z,35,58,110658694,,,,,300,TFO FMG0028_OMCE0000050002012728
2026-05-20T00:00:00.000000000Z,35,58,108484149,,,,,500,TFO FMM0027_OMPE0000025002052627
2026-05-20T00:00:00.000000000Z,35,58,108455394,,,,,100,TFO FMV0026_OMCE0000040002092526
2026-05-20T00:00:00.000000000Z,35,85,31151941,0.430000000,0.430000000,0.430000000,0.430000000,25,TFO  77  31151941
2026-05-20T00:00:00.000000000Z,35,85,108847188,6.000000000,6.000000000,6.000000000,6.000000000,25,TFO FMN0026_OMCE0000050002062626
2026-05-20T00:00:00.000000000Z,35,85,31125467,1.380000000,1.380000000,1.380000000,1.380000000,200,TFO   6  31125467
2026-05-20T00:00:00.000000000Z,35,85,31152033,9.460000000,9.460000000,9.460000000,9.460000000,100,TFO  55  31152033
2026-05-20T00:00:00.000000000Z,35,58,108564115,,,,,150,TFO FMU0026_OMPE0000025002082626
2026-05-20T00:00:00.000000000Z,35,85,31151839,8.800000000,8.800000000,8.800000000,8.800000000,250,TFO  58  31151839
2026-05-20T00:00:00.000000000Z,35,58,109839119,8.600000000,8.600000000,8.600000000,8.600000000,65,TFO FQF0027.H0027_OQCE0000060002122
2026-05-20T00:00:00.000000000Z,35,85,31151350,1.975000000,1.975000000,1.975000000,1.975000000,150,TFO  51  31151350
2026-05-20T00:00:00.000000000Z,35,85,31151847,2.060000000,2.060000000,2.060000000,2.060000000,50,TFO  50  31151847
2026-05-20T00:00:00.000000000Z,35,85,108482169,1.800000000,1.800000000,1.700000000,1.700000000,300,TFO FMM0026_OMPE0000048002052726
2026-05-20T00:00:00.000000000Z,35,85,31151805,4.300000000,4.300000000,4.300000000,4.300000000,400,TFO  50  31151805
2026-05-20T00:00:00.000000000Z,35,58,108481507,,,,,150,TFO FMQ0027_OMPE0000035002072727
2026-05-20T00:00:00.000000000Z,35,85,31152205,0.400000000,0.400000000,0.400000000,0.400000000,100,TFO  77  31152205
2026-05-20T00:00:00.000000000Z,35,85,31151819,6.375000000,6.375000000,6.375000000,6.375000000,100,TFO  50  31151819
2026-05-20T00:00:00.000000000Z,35,58,108481199,,,,,150,TFO FMX0026_OMPE0000035002102726
2026-05-20T00:00:00.000000000Z,35,58,108280825,,,,,150,TFO FMN0026_OMPE0000025002062626
2026-05-20T00:00:00.000000000Z,35,58,109773043,0.070000000,0.070000000,0.070000000,0.070000000,100,TFO FMM0026_OMCE0000080002052726
2026-05-20T00:00:00.000000000Z,35,58,108476845,,,,,15,TFO FMN0026_OMPE0000047002062626
2026-05-20T00:00:00.000000000Z,35,58,108482066,,,,,100,TFO FMV0027_OMCE0000045002092427
2026-05-20T00:00:00.000000000Z,35,58,108564139,,,,,150,TFO FMN0026_OMPE0000020002062626
2026-05-20T00:00:00.000000000Z,35,58,109308585,,,,,110,TFO FMF0027_OMCE0000050002122426
2026-05-20T00:00:00.000000000Z,35,58,108482028,,,,,100,TFO FMX0027_OMCE0000045002102727
2026-05-20T00:00:00.000000000Z,35,85,31151753,-0.050000000,-0.050000000,-0.050000000,-0.050000000,50,TFO  75  31151753
2026-05-20T00:00:00.000000000Z,35,58,108481940,,,,,100,TFO FMH0027_OMCE0000040002022427
2026-05-20T00:00:00.000000000Z,35,85,31152271,0.430000000,0.430000000,0.430000000,0.430000000,200,TFO  50  31152271
2026-05-20T00:00:00.000000000Z,35,58,108455365,0.520000000,0.520000000,0.520000000,0.520000000,400,TFO FQN0026.U0026_OQPE0000034002062
