'check',contract_code,ts_event,contract_delivery_period,option_strike_price,ex_style,opt_term,option_expiry_date,put_price,call_price,put_volume,call_volume,close_of_future,euro_short_term_rate,selected_option,implied_volatility,ssvi_implied_volatility,,,ts_event,20.04.26,,,
check,TFO,20.04.26,2026-05,32,E,M,24.04.26,0.03,0,300,0,39.59774235,1.931,P,1.007739888,1.135582839,,,,,,,
check,TFO,20.04.26,2026-05,33,E,M,24.04.26,0.05,0,275,0,39.59774235,1.931,P,0.961053258,1.177223118,,,,Column Labels,,,
check,TFO,20.04.26,2026-05,34,E,M,24.04.26,0.12,0,375,0,39.59774235,1.931,P,0.993323151,1.216312724,,,,Sum of implied_volatility,Sum of ssvi_implied_volatility,Total Sum of implied_volatility,Total Sum of ssvi_implied_volatility
check,TFO,20.04.26,2026-05,35,E,M,24.04.26,0.191470588,0,3400,0,39.59774235,1.931,P,0.952664523,1.253143536,,,Row Labels,2027-01,2027-01,,
check,TFO,20.04.26,2026-05,36,E,M,24.04.26,0.23,0,250,0,39.59774235,1.931,P,0.835462122,1.287959225,,,43,0.636324397,0.798015769,0.636324397,0.798015769
check,TFO,20.04.26,2026-05,37,E,M,24.04.26,0.597368421,0,475,0,39.59774235,1.931,P,0.981320146,1.320965425,,,53,0.684530854,0.822622911,0.684530854,0.822622911
check,TFO,20.04.26,2026-05,38,E,M,24.04.26,0.726086957,0,575,0,39.59774235,1.931,P,0.854442359,1.352337354,,,Grand Total,1.320855251,1.62063868,1.320855251,1.62063868
check,TFO,20.04.26,2026-05,39,E,M,24.04.26,1.397204969,0,805,0,39.59774235,1.931,P,1.026329879,1.382225616,,,,,,,
check,TFO,20.04.26,2026-05,40,E,M,24.04.26,1.815605096,1.89673913,3140,575,39.59774235,1.931,P,0.97013152,1.410760662,,,,,,,
check,TFO,20.04.26,2026-05,42,E,M,24.04.26,0,1.1,0,350,39.59774235,1.931,C,1.223320881,1.464212383,,,,,,,
check,TFO,20.04.26,2026-05,43,E,M,24.04.26,0,1,0,475,39.59774235,1.931,C,1.342406342,1.48931715,,,,,,,
check,TFO,20.04.26,2026-05,44,E,M,24.04.26,4.5,0.79,300,200,39.59774235,1.931,P,0.705789599,1.513448873,,,,,,,
check,TFO,20.04.26,2026-05,45,E,M,24.04.26,0,0.74972028,0,3575,39.59774235,1.931,C,1.478750334,1.536677369,,,,,,,
check,TFO,20.04.26,2026-05,46,E,M,24.04.26,0,0.59,0,100,39.59774235,1.931,C,1.483726492,1.559065184,,,,,,,
check,TFO,20.04.26,2026-05,48,E,M,24.04.26,0,0.4625,0,40,39.59774235,1.931,C,1.608944962,1.601538339,,,,,,,
check,TFO,20.04.26,2026-05,50,E,M,24.04.26,9.7,0.331879955,500,4415,39.59774235,1.931,C,1.674197873,1.641256883,,,,,,,
check,TFO,20.04.26,2026-05,55,E,M,24.04.26,0,0.14,0,100,39.59774235,1.931,C,1.790219366,1.730480267,,,,,,,
check,TFO,20.04.26,2026-05,60,E,M,24.04.26,0,0.12,0,1600,39.59774235,1.931,C,2.09724543,1.808126435,,,,,,,
check,TFO,20.04.26,2026-05,65,E,M,24.04.26,0,0.075,0,500,39.59774235,1.931,C,2.245659733,1.876739155,,,,,,,
check,TFO,20.04.26,2026-05,70,E,M,24.04.26,0,0.06,0,750,39.59774235,1.931,C,2.440917644,1.938113369,,,,,,,
check,TFO,20.04.26,2026-06,30,E,M,27.05.26,0.375,0,300,0,39.586574,1.931,P,0.695613156,0.762739467,,,,,,,
check,TFO,20.04.26,2026-06,31,E,M,27.05.26,0.55,0,20,0,39.586574,1.931,P,0.709795076,0.776037912,,,,,,,
check,TFO,20.04.26,2026-06,32.5,E,M,27.05.26,0.77,0,10,0,39.586574,1.931,P,0.687577593,0.794823004,,,,,,,
check,TFO,20.04.26,2026-06,34,E,M,27.05.26,1.15,0,200,0,39.586574,1.931,P,0.691942695,0.812366611,,,,,,,
check,TFO,20.04.26,2026-06,34.5,E,M,27.05.26,1.345,0,5,0,39.586574,1.931,P,0.705208593,0.81796448,,,,,,,
check,TFO,20.04.26,2026-06,35,E,M,27.05.26,1.599522059,0,1360,0,39.586574,1.931,P,0.729113275,0.823445524,,,,,,,
check,TFO,20.04.26,2026-06,37,E,M,27.05.26,2.88,0,1000,0,39.586574,1.931,P,0.841115629,0.844287592,,,,,,,
check,TFO,20.04.26,2026-06,38,E,M,27.05.26,2.725,0,30,0,39.586574,1.931,P,0.711386228,0.85411335,,,,,,,
check,TFO,20.04.26,2026-06,39,E,M,27.05.26,3.35,0,100,0,39.586574,1.931,P,0.738387486,0.863578707,,,,,,,
check,TFO,20.04.26,2026-06,40,E,M,27.05.26,3.93,4.02,825,2750,39.586574,1.931,C,0.831604819,0.872707657,,,,,,,
check,TFO,20.04.26,2026-06,43,E,M,27.05.26,0,2.67,0,1000,39.586574,1.931,C,0.789570974,0.898283486,,,,,,,
check,TFO,20.04.26,2026-06,45,E,M,27.05.26,0,2.7,0,2375,39.586574,1.931,C,0.919778468,0.914001216,,,,,,,
check,TFO,20.04.26,2026-06,50,E,M,27.05.26,0,1.879605263,0,1900,39.586574,1.931,C,0.991821717,0.949443413,,,,,,,
check,TFO,20.04.26,2026-06,55,E,M,27.05.26,0,1.22,0,1000,39.586574,1.931,C,1.01602592,0.980416922,,,,,,,
check,TFO,20.04.26,2026-06,60,E,M,27.05.26,0,0.952096774,0,620,39.586574,1.931,C,1.090187682,1.00787284,,,,,,,
check,TFO,20.04.26,2026-06,70,E,M,27.05.26,0,0.55,0,800,39.586574,1.931,C,1.177416297,1.054779354,,,,,,,
check,TFO,20.04.26,2026-06,80,E,M,27.05.26,0,0.375,0,300,39.586574,1.931,C,1.270021856,1.093801587,,,,,,,
check,TFO,20.04.26,2026-06,90,E,M,27.05.26,0,0.24,0,500,39.586574,1.931,C,1.321233594,1.127109575,,,,,,,
check,TFO,20.04.26,2026-06,120,E,M,27.05.26,0,0.12,0,1000,39.586574,1.931,C,1.514721436,1.204622616,,,,,,,
check,TFO,20.04.26,2026-07,30,E,M,26.06.26,0.72,0,275,0,39.56209639,1.931,P,0.631802605,0.758257626,,,,,,,
check,TFO,20.04.26,2026-07,35,E,M,26.06.26,2.1,0,625,0,39.56209639,1.931,P,0.634199494,0.801312997,,,,,,,
check,TFO,20.04.26,2026-07,40,E,M,26.06.26,4.9,0,540,0,39.56209639,1.931,P,0.702753067,0.836862062,,,,,,,
check,TFO,20.04.26,2026-07,44,E,M,26.06.26,7.45,0,25,0,39.56209639,1.931,P,0.707959912,0.861356638,,,,,,,
check,TFO,20.04.26,2026-07,45,E,M,26.06.26,0,3.7,0,50,39.56209639,1.931,C,0.833680843,0.867033143,,,,,,,
check,TFO,20.04.26,2026-07,50,E,M,26.06.26,0,2.6,0,125,39.56209639,1.931,C,0.856928948,0.893173545,,,,,,,
check,TFO,20.04.26,2026-07,51,E,M,26.06.26,0,2.255,0,15,39.56209639,1.931,C,0.832496522,0.898003051,,,,,,,
check,TFO,20.04.26,2026-07,57,E,M,26.06.26,0,1.595,0,15,39.56209639,1.931,C,0.881163789,0.924667079,,,,,,,
check,TFO,20.04.26,2026-07,60,E,M,26.06.26,0,1.475,0,800,39.56209639,1.931,C,0.927838055,0.936711325,,,,,,,
check,TFO,20.04.26,2026-07,85,E,M,26.06.26,0,0.68,0,35,39.56209639,1.931,C,1.130296322,1.014764796,,,,,,,
check,TFO,20.04.26,2026-08,45,E,M,27.07.26,0,3.95,0,250,39.46252485,1.931,C,0.723003178,1.092996547,,,,,,,
check,TFO,20.04.26,2026-08,55,E,M,27.07.26,0,2.305,0,250,39.46252485,1.931,C,0.7960963,1.131714683,,,,,,,
check,TFO,20.04.26,2026-08,85,E,M,27.07.26,0,0.93,0,32,39.46252485,1.931,C,1.00417062,1.211521722,,,,,,,
check,TFO,20.04.26,2026-09,25,E,M,26.08.26,0.35,0,300,0,39.55231446,1.931,P,0.551135273,0.849135046,,,,,,,
check,TFO,20.04.26,2026-09,29,E,M,26.08.26,0.715,0,25,0,39.55231446,1.931,P,0.49882305,0.877312892,,,,,,,
check,TFO,20.04.26,2026-09,30,E,M,26.08.26,0.985,0,50,0,39.55231446,1.931,P,0.514137195,0.883626471,,,,,,,
check,TFO,20.04.26,2026-09,70,E,M,26.08.26,0,1.68,0,25,39.55231446,1.931,C,0.846753051,1.029150259,,,,,,,
check,TFO,20.04.26,2026-09,75,E,M,26.08.26,0,1.465,0,50,39.55231446,1.931,C,0.873634797,1.040117874,,,,,,,
check,TFO,20.04.26,2026-09,95,E,M,26.08.26,0,0.74,0,25,39.55231446,1.931,C,0.915149087,1.076859754,,,,,,,
check,TFO,20.04.26,2026-10,50,E,M,25.09.26,0,4.1,0,175,39.57715631,1.931,C,0.705453675,0.876501609,,,,,,,
check,TFO,20.04.26,2026-10,60,E,M,25.09.26,0,2.8,0,50,39.57715631,1.931,C,0.761814291,0.903774998,,,,,,,
check,TFO,20.04.26,2027-01,43,E,M,24.12.26,0,6.9,0,1092,39.17,1.931,C,0.636324397,0.798015769,,,,,,,
check,TFO,20.04.26,2027-01,53,E,M,24.12.26,0,4.85,0,1043,39.17,1.931,C,0.684530854,0.822622911,,,,,,,
check,TFO,21.04.26,2026-05,32,E,M,24.04.26,0.29,0,1250,0,43.16070527,1.932,P,2.358972804,1.166738199,,,,,,,
check,TFO,21.04.26,2026-05,34,E,M,24.04.26,0.065,0,1675,0,43.16070527,1.932,P,1.435486353,1.270046363,,,,,,,
check,TFO,21.04.26,2026-05,35,E,M,24.04.26,0.211304348,7.225,6325,1375,43.16070527,1.932,P,1.649697661,1.316738325,,,,,,,
check,TFO,21.04.26,2026-05,36,E,M,24.04.26,0.2,0,850,0,43.16070527,1.932,P,1.454708677,1.360649841,,,,,,,
check,TFO,21.04.26,2026-05,37,E,M,24.04.26,0.32,0,3200,0,43.16070527,1.932,P,1.462741165,1.402091815,,,,,,,
check,TFO,21.04.26,2026-05,38,E,M,24.04.26,0.498511047,0,5205,0,43.16070527,1.932,P,1.482643965,1.44132491,,,,,,,
check,TFO,21.04.26,2026-05,39,E,M,24.04.26,0.86,0,50,0,43.16070527,1.932,P,1.609951367,1.478569898,,,,,,,
check,TFO,21.04.26,2026-05,40,E,M,24.04.26,1.197699387,2.760406091,3260,985,43.16070527,1.932,P,1.641578641,1.514015493,,,,,,,
check,TFO,21.04.26,2026-05,42,E,M,24.04.26,2.165,2.005,750,250,43.16070527,1.932,P,1.761594839,1.580137698,,,,,,,
check,TFO,21.04.26,2026-05,43,E,M,24.04.26,2.62,1.975,75,220,43.16070527,1.932,C,1.214153155,1.611079029,,,,,,,
check,TFO,21.04.26,2026-05,44,E,M,24.04.26,0,0.6,0,100,43.16070527,1.932,C,0.608934961,1.640756964,,,,,,,
check,TFO,21.04.26,2026-05,45,E,M,24.04.26,0,1.078206522,0,4600,43.16070527,1.932,C,1.162763607,1.66926759,,,,,,,
check,TFO,21.04.26,2026-05,46,E,M,24.04.26,0,0.855,0,600,43.16070527,1.932,C,1.212799981,1.696696347,,,,,,,
check,TFO,21.04.26,2026-05,47,E,M,24.04.26,0,0.325,0,200,43.16070527,1.932,C,0.944627578,1.72311956,,,,,,,
check,TFO,21.04.26,2026-05,48,E,M,24.04.26,0,0.602941176,0,1020,43.16070527,1.932,C,1.35889113,1.748605711,,,,,,,
check,TFO,21.04.26,2026-05,49,E,M,24.04.26,0,0.885,0,35,43.16070527,1.932,C,1.75704227,1.773216489,,,,,,,
check,TFO,21.04.26,2026-05,50,E,M,24.04.26,0,0.651450382,0,6550,43.16070527,1.932,C,1.701814891,1.79700767,,,,,,,
check,TFO,21.04.26,2026-05,52,E,M,24.04.26,0,0.25,0,200,43.16070527,1.932,C,1.496829358,1.842329109,,,,,,,
check,TFO,21.04.26,2026-05,55,E,M,24.04.26,0,0.23,0,1200,43.16070527,1.932,C,1.781888433,1.905292301,,,,,,,
check,TFO,21.04.26,2026-05,60,E,M,24.04.26,0,0.137826087,0,1150,43.16070527,1.932,C,2.032997448,1.9990848,,,,,,,
check,TFO,21.04.26,2026-05,80,E,M,24.04.26,0,0.01,0,100,43.16070527,1.932,C,2.435868819,2.282096445,,,,,,,
check,TFO,21.04.26,2026-06,30,E,M,27.05.26,0.329545455,0,550,0,43.1589745,1.932,P,0.824206627,0.736599237,,,,,,,
check,TFO,21.04.26,2026-06,32,E,M,27.05.26,0.6,0,1250,0,43.1589745,1.932,P,0.83378409,0.764144205,,,,,,,
check,TFO,21.04.26,2026-06,33,E,M,27.05.26,1.02,0,250,0,43.1589745,1.932,P,0.920938854,0.776946247,,,,,,,
check,TFO,21.04.26,2026-06,35,E,M,27.05.26,1.309246862,0,1195,0,43.1589745,1.932,P,0.865094237,0.800874693,,,,,,,
check,TFO,21.04.26,2026-06,37,E,M,27.05.26,1.92,0,1250,0,43.1589745,1.932,P,0.870248981,0.822853058,,,,,,,
check,TFO,21.04.26,2026-06,38,E,M,27.05.26,2.35,0,300,0,43.1589745,1.932,P,0.88813411,0.833200259,,,,,,,
check,TFO,21.04.26,2026-06,39,E,M,27.05.26,2.905,0,150,0,43.1589745,1.932,P,0.922793799,0.843159675,,,,,,,
check,TFO,21.04.26,2026-06,40,E,M,27.05.26,3.4,5.175,3400,300,43.1589745,1.932,P,0.935355491,0.852757683,,,,,,,
check,TFO,21.04.26,2026-06,42,E,M,27.05.26,4.7,0,200,0,43.1589745,1.932,P,0.998220187,0.870962517,,,,,,,
check,TFO,21.04.26,2026-06,43,E,M,27.05.26,0,4.125,0,125,43.1589745,1.932,C,0.744389139,0.879610542,,,,,,,
check,TFO,21.04.26,2026-06,45,E,M,27.05.26,0,3.7,0,2650,43.1589745,1.932,C,0.822560738,0.89608739,,,,,,,
check,TFO,21.04.26,2026-06,48,E,M,27.05.26,0,1.88,0,100,43.1589745,1.932,C,0.666545714,0.918980059,,,,,,,
check,TFO,21.04.26,2026-06,50,E,M,27.05.26,10.52,2.44,1100,2600,43.1589745,1.932,C,0.883182813,0.933175187,,,,,,,
check,TFO,21.04.26,2026-06,55,E,M,27.05.26,0,2.025,0,550,43.1589745,1.932,C,1.019920096,0.9655179,,,,,,,
check,TFO,21.04.26,2026-06,60,E,M,27.05.26,0,0.94,0,500,43.1589745,1.932,C,0.921468363,0.9941387,,,,,,,
check,TFO,21.04.26,2026-06,65,E,M,27.05.26,0,1.1,0,700,43.1589745,1.932,C,1.113170105,1.019766832,,,,,,,
check,TFO,21.04.26,2026-06,70,E,M,27.05.26,0,0.995,0,50,43.1589745,1.932,C,1.207152357,1.04293967,,,,,,,
check,TFO,21.04.26,2026-07,30,E,M,26.06.26,0.56,0,50,0,43.11138978,1.932,P,0.700416075,0.738731003,,,,,,,
check,TFO,21.04.26,2026-07,33,E,M,26.06.26,1.34,0,5,0,43.11138978,1.932,P,0.756416836,0.766692416,,,,,,,
check,TFO,21.04.26,2026-07,45,E,M,26.06.26,0,3.425,0,450,43.11138978,1.932,C,0.569269293,0.851507837,,,,,,,
check,TFO,21.04.26,2026-07,55,E,M,26.06.26,0,1.85,0,125,43.11138978,1.932,C,0.724047023,0.902226225,,,,,,,
check,TFO,21.04.26,2026-07,70,E,M,26.06.26,0,1.18,0,160,43.11138978,1.932,C,0.934940838,0.959689356,,,,,,,
check,TFO,21.04.26,2026-08,45,E,M,27.07.26,0,4.35,0,450,43.03441669,1.932,C,0.575125246,1.081386916,,,,,,,
check,TFO,21.04.26,2026-08,55,E,M,27.07.26,0,2.6,0,325,43.03441669,1.932,C,0.696810548,1.120891971,,,,,,,
check,TFO,21.04.26,2026-10,30,E,M,25.09.26,0.97,0,1075,0,42.87404846,1.932,P,0.537977885,0.784228187,,,,,,,
check,TFO,21.04.26,2026-10,37,E,M,25.09.26,3.92,0,1250,0,42.87404846,1.932,P,0.635440166,0.819205823,,,,,,,
check,TFO,21.04.26,2026-10,50,E,M,25.09.26,0,4.75,0,50,42.87404846,1.932,C,0.637706158,0.867013272,,,,,,,
check,TFO,21.04.26,2026-10,60,E,M,25.09.26,0,3.275,0,375,42.87404846,1.932,C,0.708990068,0.894742659,,,,,,,
check,TFO,21.04.26,2026-12,70,E,M,26.11.26,0,3.85,0,225,42.44390345,1.932,C,0.787062431,0.863844063,,,,,,,
check,TFO,22.04.26,2026-05,35,E,M,24.04.26,0.05,0,1000,0,44.14145454,1.931,P,1.635140393,1.568515049,,,,,,,
check,TFO,22.04.26,2026-05,36,E,M,24.04.26,0.03,0,1225,0,44.14145454,1.931,P,1.348879708,1.623691502,,,,,,,
check,TFO,22.04.26,2026-05,37,E,M,24.04.26,0.27,0,90,0,44.14145454,1.931,P,1.87503242,1.675690796,,,,,,,
check,TFO,22.04.26,2026-05,38,E,M,24.04.26,0.1575,4.865,1900,50,44.14145454,1.931,P,1.440157861,1.724856857,,,,,,,
check,TFO,22.04.26,2026-05,40,E,M,24.04.26,0.201895833,3.87,7200,6395,44.14145454,1.931,P,1.124260824,1.81580626,,,,,,,
check,TFO,22.04.26,2026-05,41,E,M,24.04.26,0.419169329,2.2,1565,25,44.14145454,1.931,P,1.189671635,1.858048554,,,,,,,
check,TFO,22.04.26,2026-05,42,E,M,24.04.26,1.2,2.45,1010,200,44.14145454,1.931,P,1.653774471,1.898390107,,,,,,,
check,TFO,22.04.26,2026-05,43,E,M,24.04.26,0.907594937,1.335,1975,400,44.14145454,1.931,P,1.094267949,1.936990883,,,,,,,
check,TFO,22.04.26,2026-05,44,E,M,24.04.26,2.5,1.47,1000,300,44.14145454,1.931,P,1.979103187,1.973991211,,,,,,,
check,TFO,22.04.26,2026-05,45,E,M,24.04.26,3,1.293129771,750,3275,44.14145454,1.931,C,1.281761392,2.009514919,,,,,,,
check,TFO,22.04.26,2026-05,46,E,M,24.04.26,0,0.757285714,0,875,44.14145454,1.931,C,1.132536033,2.04367186,,,,,,,
check,TFO,22.04.26,2026-05,48,E,M,24.04.26,0,0.461034483,0,1450,44.14145454,1.931,C,1.291081787,2.108266938,,,,,,,
check,TFO,22.04.26,2026-05,49,E,M,24.04.26,0,0.51,0,45,44.14145454,1.931,C,1.532358124,2.138871637,,,,,,,
check,TFO,22.04.26,2026-05,50,E,M,24.04.26,0,0.321702128,0,2585,44.14145454,1.931,C,1.471762266,2.168445252,,,,,,,
check,TFO,22.04.26,2026-05,55,E,M,24.04.26,0,0.155,0,1400,44.14145454,1.931,C,1.851584296,2.302912542,,,,,,,
check,TFO,22.04.26,2026-05,60,E,M,24.04.26,0,0.1,0,25,44.14145454,1.931,C,2.215113323,2.419223201,,,,,,,
check,TFO,22.04.26,2026-05,70,E,M,24.04.26,0,0.06,0,50,44.14145454,1.931,C,2.854237326,2.612702469,,,,,,,
check,TFO,22.04.26,2026-05,75,E,M,24.04.26,0,0.025,0,450,44.14145454,1.931,C,2.873787447,2.694831645,,,,,,,
check,TFO,22.04.26,2026-06,30,E,M,27.05.26,0.253125,0,1200,0,44.10449401,1.931,P,0.819689903,0.737440005,,,,,,,
check,TFO,22.04.26,2026-06,32,E,M,27.05.26,0.475,0,700,0,44.10449401,1.931,P,0.828008098,0.765712482,,,,,,,
check,TFO,22.04.26,2026-06,33,E,M,27.05.26,0.5,0,500,0,44.10449401,1.931,P,0.778033526,0.778845179,,,,,,,
check,TFO,22.04.26,2026-06,35,E,M,27.05.26,1.018970588,0,2720,0,44.10449401,1.931,P,0.837589078,0.803379781,,,,,,,
check,TFO,22.04.26,2026-06,40,E,M,27.05.26,3.03,0,1360,0,44.10449401,1.931,P,0.935802105,0.856528644,,,,,,,
check,TFO,22.04.26,2026-06,45,E,M,27.05.26,0,4.5,0,2050,44.10449401,1.931,C,0.893455761,0.900870681,,,,,,,
check,TFO,22.04.26,2026-06,50,E,M,27.05.26,0,3.023449612,0,2580,44.10449401,1.931,C,0.941575661,0.938796701,,,,,,,
check,TFO,22.04.26,2026-06,55,E,M,27.05.26,0,1.875,0,1050,44.10449401,1.931,C,0.943518283,0.971851398,,,,,,,
check,TFO,22.04.26,2026-06,60,E,M,27.05.26,0,1.40304878,0,820,44.10449401,1.931,C,1.014956004,1.001088851,,,,,,,
check,TFO,22.04.26,2026-06,65,E,M,27.05.26,0,1.097647059,0,850,44.10449401,1.931,C,1.08215755,1.027259338,,,,,,,
check,TFO,22.04.26,2026-06,70,E,M,27.05.26,0,0.760967742,0,310,44.10449401,1.931,C,1.099119105,1.050915147,,,,,,,
check,TFO,22.04.26,2026-06,75,E,M,27.05.26,0,0.75,0,15,44.10449401,1.931,C,1.206804156,1.072474135,,,,,,,
check,TFO,22.04.26,2026-07,30,E,M,26.06.26,0,13.2,0,90,44.14959262,1.931,C,,0.737194781,,,,,,,
check,TFO,22.04.26,2026-07,34,E,M,26.06.26,0,10.075,0,80,44.14959262,1.931,C,,0.774324375,,,,,,,
check,TFO,22.04.26,2026-07,37,E,M,26.06.26,0,8.2,0,40,44.14959262,1.931,C,0.499394787,0.79845981,,,,,,,
check,TFO,22.04.26,2026-07,45,E,M,26.06.26,0,5.45,0,4700,44.14959262,1.931,C,0.776821127,0.851772776,,,,,,,
check,TFO,22.04.26,2026-07,55,E,M,26.06.26,0,3.26,0,4025,44.14959262,1.931,C,0.897582398,0.903228088,,,,,,,
check,TFO,22.04.26,2026-07,60,E,M,26.06.26,0,2.45,0,20,44.14959262,1.931,C,0.920187564,0.924663827,,,,,,,
check,TFO,22.04.26,2026-07,65,E,M,26.06.26,0,1.9,0,10,44.14959262,1.931,C,0.947494791,0.943959048,,,,,,,
check,TFO,22.04.26,2026-08,35,E,M,27.07.26,1.945,0,50,0,44.10935272,1.931,P,0.669851699,1.029945073,,,,,,,
check,TFO,22.04.26,2026-08,45,E,M,27.07.26,0,5.775,0,925,44.10935272,1.931,C,0.674550621,1.082023653,,,,,,,
check,TFO,22.04.26,2026-08,50,E,M,27.07.26,0,4.315,0,725,44.10935272,1.931,C,0.709382536,1.103140574,,,,,,,
check,TFO,22.04.26,2026-08,55,E,M,27.07.26,0,3.625,0,250,44.10935272,1.931,C,0.781025747,1.121907043,,,,,,,
check,TFO,22.04.26,2026-09,50,E,M,26.08.26,0,4.85,0,1275,44.07325961,1.931,C,0.670635532,0.96304189,,,,,,,
check,TFO,22.04.26,2026-09,60,E,M,26.08.26,0,3.26,0,730,44.07325961,1.931,C,0.749695932,0.994141004,,,,,,,
check,TFO,22.04.26,2026-10,50,E,M,25.09.26,0,5.12,0,60,43.80261745,1.931,C,0.635210256,0.866460861,,,,,,,
check,TFO,22.04.26,2026-10,70,E,M,25.09.26,0,2.57,0,50,43.80261745,1.931,C,0.76037012,0.917334428,,,,,,,
check,TFO,22.04.26,2026-12,70,E,M,26.11.26,0,3.5,0,225,43.25982804,1.931,C,0.73725202,0.863506728,,,,,,,
check,TFO,22.04.26,2027-01,50,E,M,24.12.26,0,7.1,0,510,43.03561005,1.931,C,0.666551267,0.808027047,,,,,,,
check,TFO,22.04.26,2027-01,85,E,M,24.12.26,0,3.3,0,49,43.03561005,1.931,C,0.819988127,0.868899577,,,,,,,
check,TFO,23.04.26,2026-05,35,E,M,24.04.26,0.01,0,1700,0,44.80849237,1.933,P,1.943563905,0.159881465,,,,,,,
check,TFO,23.04.26,2026-05,38,E,M,24.04.26,0.04,0,1700,0,44.80849237,1.933,P,1.661484959,0.414270955,,,,,,,
check,TFO,23.04.26,2026-05,40,E,M,24.04.26,0.064654378,0,3255,0,44.80849237,1.933,P,1.33514237,0.612319056,,,,,,,
check,TFO,23.04.26,2026-05,42,E,M,24.04.26,0.122311828,3.74,465,50,44.80849237,1.933,P,1.010897417,0.759188774,,,,,,,
check,TFO,23.04.26,2026-05,43,E,M,24.04.26,0.58,1.99,2600,700,44.80849237,1.933,P,1.405871262,0.821128208,,,,,,,
check,TFO,23.04.26,2026-05,44,E,M,24.04.26,1.103018868,1.220449438,1325,3560,44.80849237,1.933,C,0.804908885,0.877559978,,,,,,,
check,TFO,23.04.26,2026-05,45,E,M,24.04.26,1.354803371,0.770858762,4450,5735,44.80849237,1.933,C,0.919859971,0.929495347,,,,,,,
check,TFO,23.04.26,2026-05,46,E,M,24.04.26,2.24,0.476453488,250,4300,44.80849237,1.933,C,1.008452742,0.977673938,,,,,,,
check,TFO,23.04.26,2026-05,47,E,M,24.04.26,0,0.325,0,1275,44.80849237,1.933,C,1.133974931,1.022655153,,,,,,,
check,TFO,23.04.26,2026-05,48,E,M,24.04.26,0,0.4,0,3000,44.80849237,1.933,C,1.527466022,1.064873941,,,,,,,
check,TFO,23.04.26,2026-05,49,E,M,24.04.26,0,0.65,0,200,44.80849237,1.933,C,2.164985837,1.104676324,,,,,,,
check,TFO,23.04.26,2026-05,50,E,M,24.04.26,0,0.055714799,0,6960,44.80849237,1.933,C,1.231584742,1.142342922,,,,,,,
check,TFO,23.04.26,2026-05,51,E,M,24.04.26,0,0.28,0,1000,44.80849237,1.933,C,2.042085276,1.178105051,,,,,,,
check,TFO,23.04.26,2026-05,54,E,M,24.04.26,0,0.2,0,200,44.80849237,1.933,C,2.437929773,1.275755415,,,,,,,
check,TFO,23.04.26,2026-05,55,E,M,24.04.26,0,0.06,0,1385,44.80849237,1.933,C,2.06606884,1.30556431,,,,,,,
check,TFO,23.04.26,2026-05,60,E,M,24.04.26,0,0.04,0,250,44.80849237,1.933,C,2.598897187,1.438567808,,,,,,,
check,TFO,23.04.26,2026-05,65,E,M,24.04.26,0,0.02,0,100,44.80849237,1.933,C,2.917109562,1.55091105,,,,,,,
check,TFO,23.04.26,2026-06,28,E,M,27.05.26,0.14,0,100,0,44.80351364,1.933,P,0.869039282,0.65131046,,,,,,,
check,TFO,23.04.26,2026-06,30,E,M,27.05.26,0.26,0,600,0,44.80351364,1.933,P,0.861439554,0.68423613,,,,,,,
check,TFO,23.04.26,2026-06,33,E,M,27.05.26,0.475,0,200,0,44.80351364,1.933,P,0.80614989,0.727385935,,,,,,,
check,TFO,23.04.26,2026-06,34,E,M,27.05.26,0.63,0,1700,0,44.80351364,1.933,P,0.810961355,0.740404704,,,,,,,
check,TFO,23.04.26,2026-06,34.5,E,M,27.05.26,0.53,0,50,0,44.80351364,1.933,P,0.739338333,0.746691509,,,,,,,
check,TFO,23.04.26,2026-06,35,E,M,27.05.26,0.76,0,150,0,44.80351364,1.933,P,0.795742724,0.752838245,,,,,,,
check,TFO,23.04.26,2026-06,37,E,M,27.05.26,1.26,0,1050,0,44.80351364,1.933,P,0.814831528,0.776134752,,,,,,,
check,TFO,23.04.26,2026-06,39,E,M,27.05.26,1.95,0,2000,0,44.80351364,1.933,P,0.839195101,0.797595251,,,,,,,
check,TFO,23.04.26,2026-06,40,E,M,27.05.26,2.36037037,6.725,675,300,44.80351364,1.933,P,0.851248881,0.807718554,,,,,,,
check,TFO,23.04.26,2026-06,44,E,M,27.05.26,4.5,4.94,1000,50,44.80351364,1.933,P,0.915784291,0.844766293,,,,,,,
check,TFO,23.04.26,2026-06,45,E,M,27.05.26,4.725,4.5,800,2925,44.80351364,1.933,C,0.836922172,0.853272377,,,,,,,
check,TFO,23.04.26,2026-06,48,E,M,27.05.26,0,3.788,0,125,44.80351364,1.933,C,0.924174077,0.877250915,,,,,,,
check,TFO,23.04.26,2026-06,50,E,M,27.05.26,0,3.186324786,0,1755,44.80351364,1.933,C,0.933380021,0.892091109,,,,,,,
check,TFO,23.04.26,2026-06,55,E,M,27.05.26,0,2.4375,0,300,44.80351364,1.933,C,1.033996532,0.925828755,,,,,,,
check,TFO,23.04.26,2026-06,60,E,M,27.05.26,0,1.625,0,400,44.80351364,1.933,C,1.047499485,0.955603999,,,,,,,
check,TFO,23.04.26,2026-06,65,E,M,27.05.26,0,1.55,0,200,44.80351364,1.933,C,1.189063041,0.982207737,,,,,,,
check,TFO,23.04.26,2026-06,70,E,M,27.05.26,0,0.925,0,400,44.80351364,1.933,C,1.141942328,1.006219065,,,,,,,
check,TFO,23.04.26,2026-06,80,E,M,27.05.26,0,0.625,0,500,44.80351364,1.933,C,1.244697273,1.048109799,,,,,,,
check,TFO,23.04.26,2026-07,30,E,M,26.06.26,0.4,0,400,0,45.34432292,1.933,P,0.711321551,0.734711152,,,,,,,
check,TFO,23.04.26,2026-07,33,E,M,26.06.26,0.945,0,30,0,45.34432292,1.933,P,0.746264131,0.763662801,,,,,,,
check,TFO,23.04.26,2026-07,35,E,M,26.06.26,1.47,0,780,0,45.34432292,1.933,P,0.765301632,0.781017668,,,,,,,
check,TFO,23.04.26,2026-07,45,E,M,26.06.26,0,6.14,0,850,45.34432292,1.933,C,0.78543919,0.851267957,,,,,,,
check,TFO,23.04.26,2026-07,47,E,M,26.06.26,0,5.4,0,375,45.34432292,1.933,C,0.798764915,0.862855828,,,,,,,
check,TFO,23.04.26,2026-07,50,E,M,26.06.26,0,4.7,0,1850,45.34432292,1.933,C,0.848898802,0.879086052,,,,,,,
check,TFO,23.04.26,2026-07,55,E,M,26.06.26,0,3.64,0,575,45.34432292,1.933,C,0.896961426,0.903526047,,,,,,,
check,TFO,23.04.26,2026-07,57,E,M,26.06.26,0,3.215,0,5,45.34432292,1.933,C,0.901628765,0.912519223,,,,,,,
check,TFO,23.04.26,2026-07,60,E,M,26.06.26,0,3.1,0,665,45.34432292,1.933,C,0.972738545,0.925283408,,,,,,,
check,TFO,23.04.26,2026-07,65,E,M,26.06.26,0,2.35,0,15,45.34432292,1.933,C,0.983231611,0.944862279,,,,,,,
check,TFO,23.04.26,2026-07,70,E,M,26.06.26,0,2.1,0,300,45.34432292,1.933,C,1.048912201,0.962639231,,,,,,,
check,TFO,23.04.26,2026-07,80,E,M,26.06.26,0,1.5,0,650,45.34432292,1.933,C,1.11138491,0.99387788,,,,,,,
check,TFO,23.04.26,2026-08,29,E,M,27.07.26,0.54,0,300,0,45.34461252,1.933,P,0.673133669,0.988272041,,,,,,,
check,TFO,23.04.26,2026-08,30,E,M,27.07.26,0.71,0,750,0,45.34461252,1.933,P,0.682691285,0.995815875,,,,,,,
check,TFO,23.04.26,2026-08,34.5,E,M,27.07.26,1.775,0,140,0,45.34461252,1.933,P,0.706304998,1.026346495,,,,,,,
check,TFO,23.04.26,2026-08,35,E,M,27.07.26,1.8,0,700,0,45.34461252,1.933,P,0.687093186,1.029439603,,,,,,,
check,TFO,23.04.26,2026-08,55,E,M,27.07.26,0,4.45,0,20,45.34461252,1.933,C,0.824892907,1.122361608,,,,,,,
check,TFO,23.04.26,2026-08,95,E,M,27.07.26,0,1.1,0,75,45.34461252,1.933,C,1.001333405,1.225499571,,,,,,,
check,TFO,23.04.26,2026-09,25,E,M,26.08.26,0.29,0,50,0,45.35715155,1.933,P,0.643560064,0.832115447,,,,,,,
check,TFO,23.04.26,2026-09,35,E,M,26.08.26,2.215,0,50,0,45.35715155,1.933,P,0.660632684,0.897392898,,,,,,,
check,TFO,23.04.26,2026-09,37,E,M,26.08.26,3.05,0,1500,0,45.35715155,1.933,P,0.681155732,0.907734135,,,,,,,
check,TFO,23.04.26,2026-09,40,E,M,26.08.26,4.6,0,775,0,45.35715155,1.933,P,0.71696824,0.922051434,,,,,,,
check,TFO,23.04.26,2026-09,45,E,M,26.08.26,0,7.095,0,400,45.35715155,1.933,C,0.647388356,0.943278668,,,,,,,
check,TFO,23.04.26,2026-09,50,E,M,26.08.26,0,5.91,0,2200,45.35715155,1.933,C,0.716263282,0.961878189,,,,,,,
check,TFO,23.04.26,2026-09,55,E,M,26.08.26,0,4.875,0,350,45.35715155,1.933,C,0.757570812,0.978404622,,,,,,,
check,TFO,23.04.26,2026-09,60,E,M,26.08.26,0,4.15,0,715,45.35715155,1.933,C,0.799651745,0.993256174,,,,,,,
check,TFO,23.04.26,2026-09,65,E,M,26.08.26,0,3.225,0,450,45.35715155,1.933,C,0.798000536,1.00672799,,,,,,,
check,TFO,23.04.26,2026-09,80,E,M,26.08.26,0,2.15,0,775,45.35715155,1.933,C,0.884085076,1.040874902,,,,,,,
check,TFO,23.04.26,2026-10,60,E,M,25.09.26,0,4.2,0,250,45.13150927,1.933,C,0.728283992,0.892728877,,,,,,,
check,TFO,23.04.26,2026-10,70,E,M,25.09.26,0,3.025,0,350,45.13150927,1.933,C,0.774310088,0.915868724,,,,,,,
check,TFO,23.04.26,2026-11,55,E,M,27.10.26,0,5.625,0,200,44.8607328,1.933,C,0.691716615,0.895108957,,,,,,,
check,TFO,23.04.26,2027-03,90,E,M,24.02.27,0,3.62,0,2000,41.745,1.933,C,0.818435088,0.934378588,,,,,,,
check,TFO,23.04.26,2027-03,100,E,M,24.02.27,0,3.11,0,3000,41.745,1.933,C,0.837242817,0.94421779,,,,,,,
check,TFO,24.04.26,2026-05,40,E,M,24.04.26,0.02,0,200,0,44.79687607,1.933,P,,,,,,,,,
check,TFO,24.04.26,2026-05,43,E,M,24.04.26,0,1.4,0,400,44.79687607,1.933,C,,,,,,,,,
check,TFO,24.04.26,2026-05,44,E,M,24.04.26,0.3,0.5625,40,100,44.79687607,1.933,C,,,,,,,,,
check,TFO,24.04.26,2026-05,45,E,M,24.04.26,0.504989572,0.568579545,4795,3080,44.79687607,1.933,P,,,,,,,,,
check,TFO,24.04.26,2026-05,46,E,M,24.04.26,0,0.980382775,0,2090,44.79687607,1.933,C,,,,,,,,,
check,TFO,24.04.26,2026-05,48,E,M,24.04.26,0,0.02,0,50,44.79687607,1.933,C,,,,,,,,,
check,TFO,24.04.26,2026-05,50,E,M,24.04.26,0,0.05,0,200,44.79687607,1.933,C,,,,,,,,,
check,TFO,24.04.26,2026-05,55,E,M,24.04.26,0,0.01,0,200,44.79687607,1.933,C,,,,,,,,,
check,TFO,24.04.26,2026-06,25,E,M,27.05.26,0.09,0,500,0,44.76365109,1.933,P,0.985996957,0.602952481,,,,,,,
check,TFO,24.04.26,2026-06,26,E,M,27.05.26,0.1108,0,1250,0,44.76365109,1.933,P,0.959682875,0.623807475,,,,,,,
check,TFO,24.04.26,2026-06,30,E,M,27.05.26,0.270652174,0,2300,0,44.76365109,1.933,P,0.880705553,0.694947195,,,,,,,
check,TFO,24.04.26,2026-06,34,E,M,27.05.26,0.59,0,1000,0,44.76365109,1.933,P,0.804952798,0.751929812,,,,,,,
check,TFO,24.04.26,2026-06,35,E,M,27.05.26,0.80042394,0,4010,0,44.76365109,1.933,P,0.820146147,0.764544107,,,,,,,
check,TFO,24.04.26,2026-06,36,E,M,27.05.26,1.1,0,1750,0,44.76365109,1.933,P,0.849344115,0.776613189,,,,,,,
check,TFO,24.04.26,2026-06,37,E,M,27.05.26,1.441071429,0,1400,0,44.76365109,1.933,P,0.874603115,0.788179783,,,,,,,
check,TFO,24.04.26,2026-06,38,E,M,27.05.26,1.6,0,730,0,44.76365109,1.933,P,0.841450634,0.799281847,,,,,,,
check,TFO,24.04.26,2026-06,39,E,M,27.05.26,2.1,0,975,0,44.76365109,1.933,P,0.88420966,0.809953255,,,,,,,
check,TFO,24.04.26,2026-06,40,E,M,27.05.26,2.360273973,7.15,1825,3600,44.76365109,1.933,C,0.851778848,0.820224361,,,,,,,
check,TFO,24.04.26,2026-06,41,E,M,27.05.26,2.8,0,1050,0,44.76365109,1.933,P,0.870647949,0.830122465,,,,,,,
check,TFO,24.04.26,2026-06,42,E,M,27.05.26,3.275,0,65,0,44.76365109,1.933,P,0.878926726,0.839672211,,,,,,,
check,TFO,24.04.26,2026-06,43,E,M,27.05.26,4.275,0,200,0,44.76365109,1.933,P,0.981732951,0.848895916,,,,,,,
check,TFO,24.04.26,2026-06,45,E,M,27.05.26,0,4.556741573,0,1780,44.76365109,1.933,C,0.864429667,0.866444505,,,,,,,
check,TFO,24.04.26,2026-06,48,E,M,27.05.26,0,4,0,100,44.76365109,1.933,C,0.9813364,0.890774521,,,,,,,
check,TFO,24.04.26,2026-06,50,E,M,27.05.26,0,3.107633588,0,9825,44.76365109,1.933,C,0.935573116,0.905832477,,,,,,,
check,TFO,24.04.26,2026-06,55,E,M,27.05.26,0,2.398688525,0,610,44.76365109,1.933,C,1.04413681,0.940065801,,,,,,,
check,TFO,24.04.26,2026-06,56,E,M,27.05.26,0,2.1,0,25,44.76365109,1.933,C,1.02288631,0.946400548,,,,,,,
check,TFO,24.04.26,2026-06,60,E,M,27.05.26,0,1.75,0,4940,44.76365109,1.933,C,1.096079642,0.970279168,,,,,,,
check,TFO,24.04.26,2026-06,65,E,M,27.05.26,0,1.15,0,25,44.76365109,1.933,C,1.09759557,0.99727484,,,,,,,
check,TFO,24.04.26,2026-06,80,E,M,27.05.26,0,0.7,0,400,44.76365109,1.933,C,1.298104175,1.064149526,,,,,,,
check,TFO,24.04.26,2026-06,90,E,M,27.05.26,0,0.35,0,400,44.76365109,1.933,C,1.290717359,1.100294635,,,,,,,
check,TFO,24.04.26,2026-07,30,E,M,26.06.26,0.5,0,50,0,44.87782232,1.933,P,0.745646334,0.743738762,,,,,,,
check,TFO,24.04.26,2026-07,31.5,E,M,26.06.26,0.73,0,10,0,44.87782232,1.933,P,0.751705129,0.758750783,,,,,,,
check,TFO,24.04.26,2026-07,35,E,M,26.06.26,1.695,0,100,0,44.87782232,1.933,P,0.801788604,0.790227232,,,,,,,
check,TFO,24.04.26,2026-07,45,E,M,26.06.26,0,5.925,0,250,44.87782232,1.933,C,0.798875005,0.860789037,,,,,,,
check,TFO,24.04.26,2026-07,48,E,M,26.06.26,0,4.65,0,100,44.87782232,1.933,C,0.786917192,0.878014381,,,,,,,
check,TFO,24.04.26,2026-07,51,E,M,26.06.26,0,4.49,0,5,44.87782232,1.933,C,0.898172149,0.893898366,,,,,,,
check,TFO,24.04.26,2026-07,55,E,M,26.06.26,0,3.47,0,1850,44.87782232,1.933,C,0.904542605,0.913302087,,,,,,,
check,TFO,24.04.26,2026-07,60,E,M,26.06.26,0,2.770938967,0,2130,44.87782232,1.933,C,0.95238452,0.935170626,,,,,,,
check,TFO,24.04.26,2026-07,65,E,M,26.06.26,0,2.17,0,1350,44.87782232,1.933,C,0.980279892,0.954851841,,,,,,,
check,TFO,24.04.26,2026-07,70,E,M,26.06.26,0,1.82,0,1250,44.87782232,1.933,C,1.024273141,0.972723496,,,,,,,
check,TFO,24.04.26,2026-08,30,E,M,27.07.26,0.69,0,1800,0,44.88985889,1.933,P,0.669775352,1.003342815,,,,,,,
check,TFO,24.04.26,2026-08,51,E,M,27.07.26,0,7.73,0,100,44.88985889,1.933,C,1.089378673,1.115268223,,,,,,,
check,TFO,24.04.26,2026-08,56,E,M,27.07.26,0,6.72,0,100,44.88985889,1.933,C,1.131644212,1.133873821,,,,,,,
check,TFO,24.04.26,2026-09,25,E,M,26.08.26,0.375,0,300,0,44.8929395,1.933,P,0.674958606,0.837541474,,,,,,,
check,TFO,24.04.26,2026-09,65,E,M,26.08.26,0,3.704,0,250,44.8929395,1.933,C,0.868401915,1.012504735,,,,,,,
check,TFO,24.04.26,2026-09,80,E,M,26.08.26,0,2.475,0,200,44.8929395,1.933,C,0.943142854,1.046733359,,,,,,,
check,TFO,24.04.26,2026-10,30,E,M,25.09.26,1.175,0,1130,0,44.70830173,1.933,P,0.618724657,0.784589862,,,,,,,
check,TFO,24.04.26,2026-12,30,E,M,26.11.26,1.57,0,472,0,44.44263273,1.933,P,0.578336894,0.753096833,,,,,,,
check,TFO,24.04.26,2026-12,35,E,M,26.11.26,3.8,0,457,0,44.44263273,1.933,P,0.648854247,0.774468372,,,,,,,
check,TFO,24.04.26,2026-12,45,E,M,26.11.26,9.6,8.26,200,389,44.44263273,1.933,C,0.612804241,0.808127185,,,,,,,
check,TFO,24.04.26,2026-12,60,E,M,26.11.26,0,5.78,0,784,44.44263273,1.933,C,0.753777061,0.845044259,,,,,,,
check,TFO,24.04.26,2026-12,70,E,M,26.11.26,0,4.58,0,175,44.44263273,1.933,C,0.799376371,0.864188026,,,,,,,
check,TFO,24.04.26,2026-12,85,E,M,26.11.26,0,3.02,0,10,44.44263273,1.933,C,0.817112439,0.887721491,,,,,,,
check,TFO,24.04.26,2027-01,45,E,M,24.12.26,10.425,0,200,0,44.23531863,1.933,P,0.72521878,0.795306803,,,,,,,
check,TFO,24.04.26,2027-03,90,E,M,24.02.27,0,4.12,0,200,42.355,1.933,C,0.845624292,0.934539138,,,,,,,
check,TFO,24.04.26,2027-03,100,E,M,24.02.27,0,3.6,0,325,42.355,1.933,C,0.867088823,0.944408447,,,,,,,
check,TFO,27.04.26,2026-06,27,E,M,27.05.26,0.08,0,1600,0,44.36973977,1.932,P,0.882668658,0.637576403,,,,,,,
check,TFO,27.04.26,2026-06,31,E,M,27.05.26,0.27,0,400,0,44.36973977,1.932,P,0.845466126,0.708629162,,,,,,,
check,TFO,27.04.26,2026-06,32,E,M,27.05.26,0.25,0,800,0,44.36973977,1.932,P,0.770681952,0.724021769,,,,,,,
check,TFO,27.04.26,2026-06,33,E,M,27.05.26,0,11.95,0,50,44.36973977,1.932,C,0.864803926,0.7386473,,,,,,,
check,TFO,27.04.26,2026-06,34,E,M,27.05.26,0.55,0,400,0,44.36973977,1.932,P,0.80865555,0.752574976,,,,,,,
check,TFO,27.04.26,2026-06,35,E,M,27.05.26,0.638469388,0,2450,0,44.36973977,1.932,P,0.779271205,0.765865151,,,,,,,
check,TFO,27.04.26,2026-06,36,E,M,27.05.26,0.925,0,400,0,44.36973977,1.932,P,0.813381161,0.778570753,,,,,,,
check,TFO,27.04.26,2026-06,37,E,M,27.05.26,1.06,0,500,0,44.36973977,1.932,P,0.783998302,0.79073846,,,,,,,
check,TFO,27.04.26,2026-06,38,E,M,27.05.26,1.33,0,1050,0,44.36973977,1.932,P,0.786824072,0.802409635,,,,,,,
check,TFO,27.04.26,2026-06,39,E,M,27.05.26,1.65,0,2200,0,44.36973977,1.932,P,0.791858878,0.813621107,,,,,,,
check,TFO,27.04.26,2026-06,40,E,M,27.05.26,1.942076923,0,1625,0,44.36973977,1.932,P,0.780229752,0.824405807,,,,,,,
check,TFO,27.04.26,2026-06,44,E,M,27.05.26,4.15,0,1000,0,44.36973977,1.932,P,0.86720375,0.863826419,,,,,,,
check,TFO,27.04.26,2026-06,45,E,M,27.05.26,4.652272727,4.028666667,990,1500,44.36973977,1.932,C,0.844853837,0.872867427,,,,,,,
check,TFO,27.04.26,2026-06,48,E,M,27.05.26,0,3.65,0,750,44.36973977,1.932,C,0.996304706,0.898335595,,,,,,,
check,TFO,27.04.26,2026-06,50,E,M,27.05.26,8.1,2.642348754,500,1405,44.36973977,1.932,C,0.91802945,0.914084879,,,,,,,
check,TFO,27.04.26,2026-06,53,E,M,27.05.26,0,2.65,0,1500,44.36973977,1.932,C,1.081629938,0.936113637,,,,,,,
check,TFO,27.04.26,2026-06,55,E,M,27.05.26,0,1.833333333,0,360,44.36973977,1.932,C,0.992696956,0.949855583,,,,,,,
check,TFO,27.04.26,2026-06,58,E,M,27.05.26,0,2.075,0,750,44.36973977,1.932,C,1.17666102,0.969223569,,,,,,,
check,TFO,27.04.26,2026-06,60,E,M,27.05.26,0,1.769863014,0,365,44.36973977,1.932,C,1.178608625,0.98138945,,,,,,,
check,TFO,27.04.26,2026-06,65,E,M,27.05.26,0,0.902619048,0,630,44.36973977,1.932,C,1.090822788,1.009538815,,,,,,,
check,TFO,27.04.26,2026-06,70,E,M,27.05.26,0,0.7,0,100,44.36973977,1.932,C,1.150547629,1.034926028,,,,,,,
check,TFO,27.04.26,2026-06,80,E,M,27.05.26,0,0.44,0,250,44.36973977,1.932,C,1.24749848,1.079177586,,,,,,,
check,TFO,27.04.26,2026-06,100,E,M,27.05.26,0,0.25,0,1000,44.36973977,1.932,C,1.438457658,1.149359239,,,,,,,
check,TFO,27.04.26,2026-07,27,E,M,26.06.26,0.225,0,1800,0,44.36961022,1.932,P,0.755009543,0.731602266,,,,,,,
check,TFO,27.04.26,2026-07,30,E,M,26.06.26,0.475,0,975,0,44.36961022,1.932,P,0.738955303,0.765722869,,,,,,,
check,TFO,27.04.26,2026-07,33,E,M,26.06.26,0.87,0,55,0,44.36961022,1.932,P,0.717547506,0.795372622,,,,,,,
check,TFO,27.04.26,2026-07,35,E,M,26.06.26,1.27,0,500,0,44.36961022,1.932,P,0.709915021,0.813154077,,,,,,,
check,TFO,27.04.26,2026-07,45,E,M,26.06.26,0,5.45,0,300,44.36961022,1.932,C,0.792256508,0.88518614,,,,,,,
check,TFO,27.04.26,2026-07,65,E,M,26.06.26,0,2.075,0,100,44.36961022,1.932,C,1.009449431,0.98126827,,,,,,,
check,TFO,27.04.26,2026-08,31.5,E,M,27.07.26,0.975,0,10,0,44.3697414,1.932,P,0.674412561,0.82100314,,,,,,,
check,TFO,27.04.26,2026-08,35,E,M,27.07.26,1.86,0,625,0,44.3697414,1.932,P,0.68175223,0.845668519,,,,,,,
check,TFO,27.04.26,2026-08,55,E,M,27.07.26,0,4.27,0,200,44.3697414,1.932,C,0.867464325,0.94435445,,,,,,,
check,TFO,27.04.26,2026-08,60,E,M,27.07.26,0,3.35,0,1000,44.3697414,1.932,C,0.883992519,0.962212203,,,,,,,
check,TFO,27.04.26,2026-08,90,E,M,27.07.26,0,1.175,0,450,44.3697414,1.932,C,1.014048498,1.041451411,,,,,,,
check,TFO,27.04.26,2026-09,50,E,M,26.08.26,0,5.74,0,375,44.4753236,1.932,C,0.753838991,0.981130983,,,,,,,
check,TFO,27.04.26,2026-10,38,E,M,25.09.26,3.925,0,1100,0,44.30002527,1.932,P,0.644596315,0.834314807,,,,,,,
check,TFO,27.04.26,2026-10,45,E,M,25.09.26,0,7.425,0,250,44.30002527,1.932,C,0.67095505,0.862051684,,,,,,,
check,TFO,27.04.26,2026-10,55,E,M,25.09.26,0,5.11,0,900,44.30002527,1.932,C,0.747994676,0.893876884,,,,,,,
check,TFO,27.04.26,2026-10,65,E,M,25.09.26,0,3.65,0,750,44.30002527,1.932,C,0.798679149,0.919545199,,,,,,,
check,TFO,27.04.26,2027-03,90,E,M,24.02.27,0,4.07,0,300,42.435,1.932,C,0.844347501,0.9389756,,,,,,,
check,TFO,27.04.26,2027-03,100,E,M,24.02.27,0,3.545,0,300,42.435,1.932,C,0.865366032,0.948895487,,,,,,,
check,TFO,28.04.26,2026-06,24,E,M,27.05.26,0.06,0,75,0,43.4858035,1.932,P,1.01013553,0.497930686,,,,,,,
check,TFO,28.04.26,2026-06,25,E,M,27.05.26,0.1,0,50,0,43.4858035,1.932,P,1.027509896,0.523511092,,,,,,,
check,TFO,28.04.26,2026-06,26,E,M,27.05.26,0.09,0,800,0,43.4858035,1.932,P,0.946584362,0.547083523,,,,,,,
check,TFO,28.04.26,2026-06,27,E,M,27.05.26,0.075,0,250,0,43.4858035,1.932,P,0.859520628,0.568927935,,,,,,,
check,TFO,28.04.26,2026-06,30,E,M,27.05.26,0.15,0,750,0,43.4858035,1.932,P,0.784356348,0.626165557,,,,,,,
check,TFO,28.04.26,2026-06,32,E,M,27.05.26,0.195833333,0,600,0,43.4858035,1.932,P,0.708028361,0.658907215,,,,,,,
check,TFO,28.04.26,2026-06,35,E,M,27.05.26,0.588571429,0,1750,0,43.4858035,1.932,P,0.72947705,0.701944135,,,,,,,
check,TFO,28.04.26,2026-06,37,E,M,27.05.26,0.95,0,200,0,43.4858035,1.932,P,0.714378658,0.727397108,,,,,,,
check,TFO,28.04.26,2026-06,38,E,M,27.05.26,1.2,0,150,0,43.4858035,1.932,P,0.711627679,0.739310177,,,,,,,
check,TFO,28.04.26,2026-06,39,E,M,27.05.26,1.3,0,2200,0,43.4858035,1.932,P,0.659708241,0.750736988,,,,,,,
check,TFO,28.04.26,2026-06,40,E,M,27.05.26,1.975283019,0,2650,0,43.4858035,1.932,P,0.740483637,0.761713742,,,,,,,
check,TFO,28.04.26,2026-06,42,E,M,27.05.26,2.48125,0,800,0,43.4858035,1.932,P,0.666865198,0.782443115,,,,,,,
check,TFO,28.04.26,2026-06,44,E,M,27.05.26,3.855982906,3.85,585,240,43.4858035,1.932,P,0.73977163,0.801719655,,,,,,,
check,TFO,28.04.26,2026-06,45,E,M,27.05.26,4.209824561,3.43,1425,715,43.4858035,1.932,P,0.693172508,0.810870871,,,,,,,
check,TFO,28.04.26,2026-06,46,E,M,27.05.26,4.75,4,200,290,43.4858035,1.932,C,1.024451631,0.819723984,,,,,,,
check,TFO,28.04.26,2026-06,50,E,M,27.05.26,7.775,2.35,400,1670,43.4858035,1.932,C,0.939873546,0.852488678,,,,,,,
check,TFO,28.04.26,2026-06,55,E,M,27.05.26,0,1.718431373,0,255,43.4858035,1.932,C,1.039186379,0.888483903,,,,,,,
check,TFO,28.04.26,2026-06,60,E,M,27.05.26,0,1.173860182,0,1645,43.4858035,1.932,C,1.084089093,0.920131871,,,,,,,
check,TFO,28.04.26,2026-06,61,E,M,27.05.26,0,0.98,0,50,43.4858035,1.932,C,1.056549026,0.926023123,,,,,,,
check,TFO,28.04.26,2026-06,80,E,M,27.05.26,0,0.4,0,100,43.4858035,1.932,C,1.281630062,1.017854024,,,,,,,
check,TFO,28.04.26,2026-07,27,E,M,26.06.26,0.195,0,600,0,43.42034517,1.932,P,0.71538737,0.744963459,,,,,,,
check,TFO,28.04.26,2026-07,30,E,M,26.06.26,0.415,0,1800,0,43.42034517,1.932,P,0.691792842,0.779066576,,,,,,,
check,TFO,28.04.26,2026-07,32,E,M,26.06.26,0.6,0,200,0,43.42034517,1.932,P,0.661799038,0.799262803,,,,,,,
check,TFO,28.04.26,2026-07,33,E,M,26.06.26,0.767307692,0,650,0,43.42034517,1.932,P,0.66213413,0.808720272,,,,,,,
check,TFO,28.04.26,2026-07,35,E,M,26.06.26,1.4,0,3575,0,43.42034517,1.932,P,0.708339803,0.82651194,,,,,,,
check,TFO,28.04.26,2026-07,36,E,M,26.06.26,1.425,0,200,0,43.42034517,1.932,P,0.656257286,0.83489946,,,,,,,
check,TFO,28.04.26,2026-07,38,E,M,26.06.26,0,8.99,0,300,43.42034517,1.932,C,0.896842247,0.850771559,,,,,,,
check,TFO,28.04.26,2026-07,40,E,M,26.06.26,3.4,0,1450,0,43.42034517,1.932,P,0.747921634,0.865566762,,,,,,,
check,TFO,28.04.26,2026-07,42,E,M,26.06.26,0,6.84,0,300,43.42034517,1.932,C,0.887045026,0.879414139,,,,,,,
check,TFO,28.04.26,2026-07,45,E,M,26.06.26,0,5.05,0,2400,43.42034517,1.932,C,0.814877589,0.898638727,,,,,,,
check,TFO,28.04.26,2026-07,50,E,M,26.06.26,0,3.75,0,2525,43.42034517,1.932,C,0.869783432,0.927242545,,,,,,,
check,TFO,28.04.26,2026-07,70,E,M,26.06.26,0,1.36,0,50,43.42034517,1.932,C,1.019619192,1.013276867,,,,,,,
check,TFO,28.04.26,2026-07,80,E,M,26.06.26,0,1.035,0,50,43.42034517,1.932,C,1.112421553,1.045483781,,,,,,,
check,TFO,28.04.26,2026-08,31.5,E,M,27.07.26,0.985,0,25,0,43.35229676,1.932,P,0.65244432,0.831074291,,,,,,,
check,TFO,28.04.26,2026-08,80,E,M,27.07.26,0,1.6,0,50,43.35229676,1.932,C,1.014294827,1.029179166,,,,,,,
check,TFO,28.04.26,2026-09,35,E,M,26.08.26,2.325,0,3025,0,43.3653282,1.932,P,0.63306638,0.924436293,,,,,,,
check,TFO,28.04.26,2026-09,50,E,M,26.08.26,0,6.18,0,1875,43.3653282,1.932,C,0.854611859,0.989695363,,,,,,,
check,TFO,28.04.26,2026-09,75,E,M,26.08.26,0,2.46,0,50,43.3653282,1.932,C,0.938643558,1.059091955,,,,,,,
check,TFO,28.04.26,2026-10,30,E,M,25.09.26,0.95,0,1250,0,43.24045904,1.932,P,0.553941186,0.800833287,,,,,,,
check,TFO,28.04.26,2026-10,35,E,M,25.09.26,2.35,0,2665,0,43.24045904,1.932,P,0.568277586,0.827329001,,,,,,,
check,TFO,28.04.26,2026-10,43,E,M,25.09.26,6.85,0,25,0,43.24045904,1.932,P,0.654687373,0.86147052,,,,,,,
check,TFO,28.04.26,2026-10,45,E,M,25.09.26,7.8,0,1000,0,43.24045904,1.932,P,0.634241572,0.868833597,,,,,,,
check,TFO,28.04.26,2026-11,43,E,M,27.10.26,7.5,0,25,0,43.16504669,1.932,P,0.650432226,0.878049499,,,,,,,
check,TFO,28.04.26,2026-11,55,E,M,27.10.26,0,6.12,0,190,43.16504669,1.932,C,0.803348204,0.912652646,,,,,,,
check,TFO,28.04.26,2026-11,70,E,M,27.10.26,0,4.04,0,200,43.16504669,1.932,C,0.861730538,0.945349965,,,,,,,
check,TFO,28.04.26,2026-11,80,E,M,27.10.26,0,3.22,0,300,43.16504669,1.932,C,0.896032859,0.962984239,,,,,,,
check,TFO,28.04.26,2026-12,55,E,M,26.11.26,0,6.12,0,190,43.215,1.932,C,0.74099278,0.845468307,,,,,,,
check,TFO,28.04.26,2026-12,70,E,M,26.11.26,0,4.04,0,200,43.215,1.932,C,0.795772929,0.875768964,,,,,,,
check,TFO,28.04.26,2026-12,80,E,M,26.11.26,0,3.22,0,300,43.215,1.932,C,0.827809854,0.892110538,,,,,,,
check,TFO,28.04.26,2027-01,60,E,M,24.12.26,0,6.475,0,500,43.26730769,1.932,C,0.799799218,0.839111721,,,,,,,
check,TFO,28.04.26,2027-01,90,E,M,24.12.26,0,3.7,0,200,43.26730769,1.932,C,0.899315,0.885482364,,,,,,,
check,TFO,29.04.26,2026-06,25,E,M,27.05.26,0.05,0,200,0,47.47023854,1.932,P,1.058911108,0.475370867,,,,,,,
check,TFO,29.04.26,2026-06,33,E,M,27.05.26,0.255,0,2200,0,47.47023854,1.932,P,0.860414778,0.641280236,,,,,,,
check,TFO,29.04.26,2026-06,35,E,M,27.05.26,0.447326733,0,5050,0,47.47023854,1.932,P,0.857317476,0.671549277,,,,,,,
check,TFO,29.04.26,2026-06,36,E,M,27.05.26,0.51,0,1200,0,47.47023854,1.932,P,0.825656403,0.685588911,,,,,,,
check,TFO,29.04.26,2026-06,36.5,E,M,27.05.26,0.84,0,25,0,47.47023854,1.932,P,0.9285094,0.692363494,,,,,,,
check,TFO,29.04.26,2026-06,37,E,M,27.05.26,0.75,0,150,0,47.47023854,1.932,P,0.86103655,0.698984035,,,,,,,
check,TFO,29.04.26,2026-06,38,E,M,27.05.26,1.003780488,0,410,0,47.47023854,1.932,P,0.88201112,0.711788685,,,,,,,
check,TFO,29.04.26,2026-06,40,E,M,27.05.26,1.420247788,0,2825,0,47.47023854,1.932,P,0.861917291,0.735811303,,,,,,,
check,TFO,29.04.26,2026-06,41,E,M,27.05.26,2.155,0,400,0,47.47023854,1.932,P,0.971128931,0.747108742,,,,,,,
check,TFO,29.04.26,2026-06,44,E,M,27.05.26,3.697965368,4.69,1155,250,47.47023854,1.932,P,1.049794758,0.77853752,,,,,,,
check,TFO,29.04.26,2026-06,45,E,M,27.05.26,4.07,4.2715625,550,960,47.47023854,1.932,C,0.553986628,0.788282816,,,,,,,
check,TFO,29.04.26,2026-06,46,E,M,27.05.26,4.17,3.9,10,550,47.47023854,1.932,C,0.595808012,0.797701356,,,,,,,
check,TFO,29.04.26,2026-06,47,E,M,27.05.26,0,3.3,0,110,47.47023854,1.932,C,0.580349107,0.806813195,,,,,,,
check,TFO,29.04.26,2026-06,48,E,M,27.05.26,0,3.765740741,0,135,47.47023854,1.932,C,0.758865139,0.815636621,,,,,,,
check,TFO,29.04.26,2026-06,50,E,M,27.05.26,0,3.359767892,0,2585,47.47023854,1.932,C,0.835073536,0.832483716,,,,,,,
check,TFO,29.04.26,2026-06,55,E,M,27.05.26,0,2.217625899,0,1390,47.47023854,1.932,C,0.905820457,0.870571248,,,,,,,
check,TFO,29.04.26,2026-06,56,E,M,27.05.26,0,1.66,0,50,47.47023854,1.932,C,0.832376681,0.877588889,,,,,,,
check,TFO,29.04.26,2026-06,60,E,M,27.05.26,0,1.824680851,0,1410,47.47023854,1.932,C,1.044002024,0.903962978,,,,,,,
check,TFO,29.04.26,2026-06,62,E,M,27.05.26,0,1.15,0,100,47.47023854,1.932,C,0.94716552,0.916235018,,,,,,,
check,TFO,29.04.26,2026-06,65,E,M,27.05.26,0,1.11,0,300,47.47023854,1.932,C,1.037266368,0.933639813,,,,,,,
check,TFO,29.04.26,2026-06,70,E,M,27.05.26,0,0.941129032,0,620,47.47023854,1.932,C,1.133928666,0.960308157,,,,,,,
check,TFO,29.04.26,2026-06,75,E,M,27.05.26,0,0.635,0,200,47.47023854,1.932,C,1.146596821,0.984493196,,,,,,,
check,TFO,29.04.26,2026-06,85,E,M,27.05.26,0,0.355,0,50,47.47023854,1.932,C,1.210872882,1.026928196,,,,,,,
check,TFO,29.04.26,2026-07,25,E,M,26.06.26,0.1,0,200,0,47.47002258,1.932,P,0.817610319,0.693827614,,,,,,,
check,TFO,29.04.26,2026-07,27,E,M,26.06.26,0.195,0,1000,0,47.47002258,1.932,P,0.821201307,0.721021851,,,,,,,
check,TFO,29.04.26,2026-07,30,E,M,26.06.26,0.333571429,0,700,0,47.47002258,1.932,P,0.770976401,0.756741248,,,,,,,
check,TFO,29.04.26,2026-07,33,E,M,26.06.26,0.65,0,1000,0,47.47002258,1.932,P,0.759395231,0.787713743,,,,,,,
check,TFO,29.04.26,2026-07,35,E,M,26.06.26,1.1,0,2050,0,47.47002258,1.932,P,0.788811497,0.806261298,,,,,,,
check,TFO,29.04.26,2026-07,36,E,M,26.06.26,1.42,0,150,0,47.47002258,1.932,P,0.811943937,0.814996511,,,,,,,
check,TFO,29.04.26,2026-07,40,E,M,26.06.26,2.875,9.2,1100,250,47.47002258,1.932,P,0.857788874,0.846890682,,,,,,,
check,TFO,29.04.26,2026-07,45,E,M,26.06.26,5.8,5.8,300,875,47.47002258,1.932,C,0.597387019,0.881213343,,,,,,,
check,TFO,29.04.26,2026-07,47,E,M,26.06.26,0,5.35,0,450,47.47002258,1.932,C,0.673834944,0.89355934,,,,,,,
check,TFO,29.04.26,2026-07,48,E,M,26.06.26,0,5.91,0,350,47.47002258,1.932,C,0.808496942,0.899477053,,,,,,,
check,TFO,29.04.26,2026-07,50,E,M,26.06.26,0,5.43,0,2450,47.47002258,1.932,C,0.850962217,0.910843953,,,,,,,
check,TFO,29.04.26,2026-07,60,E,M,26.06.26,0,3.51,0,1175,47.47002258,1.932,C,0.97857741,0.9599984,,,,,,,
check,TFO,29.04.26,2026-07,63,E,M,26.06.26,0,2.75,0,10,47.47002258,1.932,C,0.952719184,0.972737845,,,,,,,
check,TFO,29.04.26,2026-07,65,E,M,26.06.26,0,2.1,0,2515,47.47002258,1.932,C,0.900349264,0.980812424,,,,,,,
check,TFO,29.04.26,2026-08,33,E,M,27.07.26,0.99,0,10,0,47.62137486,1.932,P,0.703388563,0.824343564,,,,,,,
check,TFO,29.04.26,2026-08,35,E,M,27.07.26,1.8,0,1100,0,47.62137486,1.932,P,0.775497134,0.8384554,,,,,,,
check,TFO,29.04.26,2026-08,50,E,M,27.07.26,0,6.4,0,50,47.62137486,1.932,C,0.778970351,0.919483373,,,,,,,
check,TFO,29.04.26,2026-08,55,E,M,27.07.26,0,5.76,0,20,47.62137486,1.932,C,0.888438716,0.939977798,,,,,,,
check,TFO,29.04.26,2026-08,60,E,M,27.07.26,0,3.35,0,600,47.62137486,1.932,C,0.762967621,0.958311779,,,,,,,
check,TFO,29.04.26,2026-08,90,E,M,27.07.26,0,1.21,0,275,47.62137486,1.932,C,0.944836343,1.039551427,,,,,,,
check,TFO,29.04.26,2026-09,45,E,M,26.08.26,0,7.52,0,625,47.6736456,1.932,C,0.565893166,0.957624804,,,,,,,
check,TFO,29.04.26,2026-09,60,E,M,26.08.26,0,3.955,0,525,47.6736456,1.932,C,0.715809481,1.009302261,,,,,,,
check,TFO,29.04.26,2026-09,70,E,M,26.08.26,0,3.05,0,625,47.6736456,1.932,C,0.809363721,1.035950979,,,,,,,
check,TFO,29.04.26,2026-09,75,E,M,26.08.26,0,2.535,0,45,47.6736456,1.932,C,0.825430754,1.047661931,,,,,,,
check,TFO,29.04.26,2026-09,85,E,M,26.08.26,0,2.05,0,800,47.6736456,1.932,C,0.889083456,1.068584445,,,,,,,
check,TFO,29.04.26,2026-09,100,E,M,26.08.26,0,1.55,0,450,47.6736456,1.932,C,0.962586767,1.095163019,,,,,,,
check,TFO,29.04.26,2026-10,50,E,M,25.09.26,0,6.465,0,975,47.6029087,1.932,C,0.603258607,0.873238828,,,,,,,
check,TFO,29.04.26,2026-10,60,E,M,25.09.26,0,4.57,0,950,47.6029087,1.932,C,0.693340741,0.902222083,,,,,,,
check,TFO,29.04.26,2026-10,65,E,M,25.09.26,0,3.9,0,550,47.6029087,1.932,C,0.72582115,0.91466124,,,,,,,
check,TFO,29.04.26,2026-10,70,E,M,25.09.26,0,3.43,0,250,47.6029087,1.932,C,0.760306051,0.926031536,,,,,,,
check,TFO,30.04.26,2026-06,26,E,M,27.05.26,0.06,0,600,0,46.25,1.93,P,1.008406508,0.528147292,,,,,,,
check,TFO,30.04.26,2026-06,30,E,M,27.05.26,0.073783784,0,1850,0,46.25,1.93,P,0.808496495,0.61489465,,,,,,,
check,TFO,30.04.26,2026-06,31,E,M,27.05.26,0.13,0,280,0,46.25,1.93,P,0.832604421,0.633224846,,,,,,,
check,TFO,30.04.26,2026-06,34,E,M,27.05.26,0.27,0,100,0,46.25,1.93,P,0.780026904,0.682360575,,,,,,,
check,TFO,30.04.26,2026-06,35,E,M,27.05.26,0.35,0,190,0,46.25,1.93,P,0.768967402,0.697098694,,,,,,,
check,TFO,30.04.26,2026-06,37,E,M,27.05.26,0.5575,0,1000,0,46.25,1.93,P,0.742772376,0.72454626,,,,,,,
check,TFO,30.04.26,2026-06,38,E,M,27.05.26,0.7,0,560,0,46.25,1.93,P,0.732032629,0.737368324,,,,,,,
check,TFO,30.04.26,2026-06,39,E,M,27.05.26,1.15,0,1100,0,46.25,1.93,P,0.80757479,0.74965317,,,,,,,
check,TFO,30.04.26,2026-06,40,E,M,27.05.26,1.255,0,1035,0,46.25,1.93,P,0.762808816,0.761441908,,,,,,,
check,TFO,30.04.26,2026-06,45,E,M,27.05.26,3.275,0,2101,0,46.25,1.93,P,0.789560859,0.814100067,,,,,,,
check,TFO,30.04.26,2026-06,46,E,M,27.05.26,0,4.28,0,270,46.25,1.93,C,0.825879102,0.823562062,,,,,,,
check,TFO,30.04.26,2026-06,47,E,M,27.05.26,4.649,4.01,250,150,46.25,1.93,P,0.852570224,0.832718609,,,,,,,
check,TFO,30.04.26,2026-06,48,E,M,27.05.26,5,0,25,0,46.25,1.93,P,0.805270969,0.841587753,,,,,,,
check,TFO,30.04.26,2026-06,49,E,M,27.05.26,0,3.3,0,250,46.25,1.93,C,0.876785013,0.850186011,,,,,,,
check,TFO,30.04.26,2026-06,50,E,M,27.05.26,0,3.36,0,3100,46.25,1.93,C,0.958846341,0.858528532,,,,,,,
check,TFO,30.04.26,2026-06,52,E,M,27.05.26,8.65,0,1000,0,46.25,1.93,P,1.006988788,0.874501006,,,,,,,
check,TFO,30.04.26,2026-06,55,E,M,27.05.26,0,2.051183712,0,1056,46.25,1.93,C,0.970300045,0.89685677,,,,,,,
check,TFO,30.04.26,2026-06,60,E,M,27.05.26,0,1.845477387,0,995,46.25,1.93,C,1.144012082,0.930489616,,,,,,,
check,TFO,30.04.26,2026-06,65,E,M,27.05.26,0,0.97,0,300,46.25,1.93,C,1.075432445,0.960402011,,,,,,,
check,TFO,30.04.26,2026-06,70,E,M,27.05.26,0,0.916943128,0,2110,46.25,1.93,C,1.206357362,0.987297641,,,,,,,
check,TFO,30.04.26,2026-06,80,E,M,27.05.26,0,0.45,0,250,46.25,1.93,C,1.240945511,1.034011423,,,,,,,
check,TFO,30.04.26,2026-07,30,E,M,26.06.26,0.347,0,125,0,46.21855985,1.93,P,0.75165187,0.772231074,,,,,,,
check,TFO,30.04.26,2026-07,33,E,M,26.06.26,0.66,0,150,0,46.21855985,1.93,P,0.731804579,0.803140931,,,,,,,
check,TFO,30.04.26,2026-07,37,E,M,26.06.26,1.5,0,20,0,46.21855985,1.93,P,0.736578163,0.838789183,,,,,,,
check,TFO,30.04.26,2026-07,40,E,M,26.06.26,2.695,0,975,0,46.21855985,1.93,P,0.781113295,0.862259701,,,,,,,
check,TFO,30.04.26,2026-07,45,E,M,26.06.26,5.5,6.36,400,100,46.21855985,1.93,P,0.861523636,0.896581282,,,,,,,
check,TFO,30.04.26,2026-07,47,E,M,26.06.26,0,5.775,0,500,46.21855985,1.93,C,0.834060334,0.908932161,,,,,,,
check,TFO,30.04.26,2026-07,50,E,M,26.06.26,0,5.45,0,655,46.21855985,1.93,C,0.946293833,0.926228006,,,,,,,
check,TFO,30.04.26,2026-07,52,E,M,26.06.26,0,5.45,0,50,46.21855985,1.93,C,1.03687804,0.937028986,,,,,,,
check,TFO,30.04.26,2026-07,55,E,M,26.06.26,0,3.76,0,350,46.21855985,1.93,C,0.920278461,0.952266259,,,,,,,
check,TFO,30.04.26,2026-07,60,E,M,26.06.26,0,3.535,0,1155,46.21855985,1.93,C,1.053978356,0.975440389,,,,,,,
check,TFO,30.04.26,2026-07,62,E,M,26.06.26,0,3.475,0,50,46.21855985,1.93,C,1.103750545,0.984034007,,,,,,,
check,TFO,30.04.26,2026-07,65,E,M,26.06.26,0,2.486,0,125,46.21855985,1.93,C,1.026983832,0.996289611,,,,,,,
check,TFO,30.04.26,2026-07,68,E,M,26.06.26,0,2.49,0,5,46.21855985,1.93,C,1.099967317,1.007854944,,,,,,,
check,TFO,30.04.26,2026-07,70,E,M,26.06.26,0,2.4,0,475,46.21855985,1.93,C,1.129542491,1.015216468,,,,,,,
check,TFO,30.04.26,2026-08,30,E,M,27.07.26,0.475,0,1475,0,46.44171007,1.93,P,0.66000547,0.811761441,,,,,,,
check,TFO,30.04.26,2026-08,33,E,M,27.07.26,0.952317073,0,205,0,46.44171007,1.93,P,0.668733235,0.835092702,,,,,,,
check,TFO,30.04.26,2026-08,45,E,M,27.07.26,0,8.02,0,750,46.44171007,1.93,C,0.807405482,0.906977187,,,,,,,
check,TFO,30.04.26,2026-08,50,E,M,27.07.26,0,6.7,0,405,46.44171007,1.93,C,0.883754274,0.930160686,,,,,,,
check,TFO,30.04.26,2026-08,55,E,M,27.07.26,0,4.925,0,900,46.44171007,1.93,C,0.859588545,0.950654835,,,,,,,
check,TFO,30.04.26,2026-08,90,E,M,27.07.26,0,1.88,0,50,46.44171007,1.93,C,1.106563708,1.050289509,,,,,,,
check,TFO,30.04.26,2026-08,100,E,M,27.07.26,0,1.47,0,100,46.44171007,1.93,C,1.139244087,1.070416648,,,,,,,
check,TFO,30.04.26,2026-12,50,E,M,26.11.26,0,9.325,0,50,45.90956458,1.93,C,0.774278103,0.829233328,,,,,,,
check,TFO,30.04.26,2026-12,60,E,M,26.11.26,0,6.6,0,350,45.90956458,1.93,C,0.778733361,0.852885733,,,,,,,
check,TFO,30.04.26,2026-12,80,E,M,26.11.26,0,4.35,0,300,45.90956458,1.93,C,0.863761506,0.888948224,,,,,,,
check,TFO,30.04.26,2027-03,35,E,M,24.02.27,5.2,0,250,0,44.65,1.93,P,0.673910957,0.84378968,,,,,,,
check,TFO,30.04.26,2027-03,75,E,M,24.02.27,0,6.65,0,100,44.65,1.93,C,0.855291977,0.921215069,,,,,,,
check,TFO,01.05.26,2026-06,31,E,M,27.05.26,0.125,0,5,0,45.61224169,,P,,0.644187431,,,,,,,
check,TFO,01.05.26,2026-06,33,E,M,27.05.26,0.175,0,300,0,45.61224169,,P,,0.678209077,,,,,,,
check,TFO,01.05.26,2026-06,35,E,M,27.05.26,0.364315353,0,1205,0,45.61224169,,P,,0.70880533,,,,,,,
check,TFO,01.05.26,2026-06,36,E,M,27.05.26,0.475,0,1050,0,45.61224169,,P,,0.723013602,,,,,,,
check,TFO,01.05.26,2026-06,37,E,M,27.05.26,0.53,0,100,0,45.61224169,,P,,0.736579004,,,,,,,
check,TFO,01.05.26,2026-06,39,E,M,27.05.26,1.125,0,50,0,45.61224169,,P,,0.761987322,,,,,,,
check,TFO,01.05.26,2026-06,40,E,M,27.05.26,1.505272727,0,2750,0,45.61224169,,P,,0.773918559,,,,,,,
check,TFO,01.05.26,2026-06,41,E,M,27.05.26,1.5,0,1400,0,45.61224169,,P,,0.785385301,,,,,,,
check,TFO,01.05.26,2026-06,42,E,M,27.05.26,2.3,0,500,0,45.61224169,,P,,0.796420599,,,,,,,
check,TFO,01.05.26,2026-06,43,E,M,27.05.26,2.91,5.95,825,500,45.61224169,,P,,0.807054128,,,,,,,
check,TFO,01.05.26,2026-06,44,E,M,27.05.26,3.175,0,350,0,45.61224169,,P,,0.817312633,,,,,,,
check,TFO,01.05.26,2026-06,45,E,M,27.05.26,3.35,4.045531915,700,1175,45.61224169,,C,,0.827220307,,,,,,,
check,TFO,01.05.26,2026-06,46,E,M,27.05.26,3.95,3.675,900,50,45.61224169,,P,,0.836799097,,,,,,,
check,TFO,01.05.26,2026-06,47,E,M,27.05.26,0,3.5,0,400,45.61224169,,C,,0.846068981,,,,,,,
check,TFO,01.05.26,2026-06,48,E,M,27.05.26,0,3.7,0,250,45.61224169,,C,,0.855048193,,,,,,,
check,TFO,01.05.26,2026-06,50,E,M,27.05.26,6.7,2.58,500,3775,45.61224169,,C,,0.872199971,,,,,,,
check,TFO,01.05.26,2026-06,53,E,M,27.05.26,0,2.39,0,250,45.61224169,,C,,0.896122973,,,,,,,
check,TFO,01.05.26,2026-06,55,E,M,27.05.26,0,1.9475,0,4000,45.61224169,,C,,0.911009074,,,,,,,
check,TFO,01.05.26,2026-06,60,E,M,27.05.26,0,1.36,0,1050,45.61224169,,C,,0.945067556,,,,,,,
check,TFO,01.05.26,2026-06,65,E,M,27.05.26,0,0.924949239,0,1970,45.61224169,,C,,0.975361142,,,,,,,
check,TFO,01.05.26,2026-06,70,E,M,27.05.26,0,0.675,0,2120,45.61224169,,C,,1.002601481,,,,,,,
check,TFO,01.05.26,2026-06,75,E,M,27.05.26,0,0.5,0,3900,45.61224169,,C,,1.027318704,,,,,,,
check,TFO,01.05.26,2026-07,30,E,M,26.06.26,0.33,0,1125,0,45.57805579,,P,,0.783736172,,,,,,,
check,TFO,01.05.26,2026-07,35,E,M,26.06.26,0.99,0,1065,0,45.57805579,,P,,0.833337845,,,,,,,
check,TFO,01.05.26,2026-07,40,E,M,26.06.26,2.506896552,0,1450,0,45.57805579,,P,,0.87409695,,,,,,,
check,TFO,01.05.26,2026-07,45,E,M,26.06.26,5.2,6.338333333,200,375,45.57805579,,C,,0.908568119,,,,,,,
check,TFO,01.05.26,2026-07,50,E,M,26.06.26,0,5,0,100,45.57805579,,C,,0.938352792,,,,,,,
check,TFO,01.05.26,2026-07,55,E,M,26.06.26,0,3.925,0,3850,45.57805579,,C,,0.964518322,,,,,,,
check,TFO,01.05.26,2026-07,60,E,M,26.06.26,0,2.75,0,1400,45.57805579,,C,,0.987810189,,,,,,,
check,TFO,01.05.26,2026-07,70,E,M,26.06.26,0,2,0,1700,45.57805579,,C,,1.02779736,,,,,,,
check,TFO,01.05.26,2026-08,30,E,M,27.07.26,0.5,0,2200,0,45.7323195,,P,,0.820247048,,,,,,,
check,TFO,01.05.26,2026-08,37,E,M,27.07.26,2.3,0,100,0,45.7323195,,P,,0.8708475,,,,,,,
check,TFO,01.05.26,2026-08,40,E,M,27.07.26,0,9.355,0,300,45.7323195,,C,,0.888942583,,,,,,,
check,TFO,01.05.26,2026-08,50,E,M,27.07.26,0,5.875,0,400,45.7323195,,C,,0.938850041,,,,,,,
check,TFO,01.05.26,2026-10,40,E,M,25.09.26,4.525,0,350,0,45.39392938,,P,,0.850123259,,,,,,,
check,TFO,01.05.26,2027-01,40,E,M,24.12.26,6.8,0,550,0,45.07336848,,P,,0.784616499,,,,,,,
check,TFO,01.05.26,2027-03,50,E,M,24.02.27,0,9.6,0,250,42.855,,C,,0.88650059,,,,,,,
check,TFO,01.05.26,2027-04,50,E,M,25.03.27,0,5.5,0,100,37.375,,C,,0.859559768,,,,,,,
check,TFO,04.05.26,2026-06,34,E,M,27.05.26,0.205,0,10,0,49.00022838,1.932,P,0.90317398,0.64461103,,,,,,,
check,TFO,04.05.26,2026-06,37,E,M,27.05.26,0.49,0,40,0,49.00022838,1.932,P,0.902635115,0.693246546,,,,,,,
check,TFO,04.05.26,2026-06,40,E,M,27.05.26,0.95,0,100,0,49.00022838,1.932,P,0.885422906,0.735361369,,,,,,,
check,TFO,04.05.26,2026-06,45,E,M,27.05.26,0,4.96,0,150,49.00022838,1.932,C,0.512931406,0.794897378,,,,,,,
check,TFO,04.05.26,2026-06,47,E,M,27.05.26,0,5,0,5,49.00022838,1.932,C,0.810466955,0.815808488,,,,,,,
check,TFO,04.05.26,2026-06,50,E,M,27.05.26,0,3.400724638,0,2070,49.00022838,1.932,C,0.779065106,0.844690309,,,,,,,
check,TFO,04.05.26,2026-06,51,E,M,27.05.26,0,3.35,0,25,49.00022838,1.932,C,0.851058602,0.853731357,,,,,,,
check,TFO,04.05.26,2026-06,55,E,M,27.05.26,0,2.028518519,0,135,49.00022838,1.932,C,0.842300582,0.887374781,,,,,,,
check,TFO,04.05.26,2026-06,60,E,M,27.05.26,0,1.4975,0,480,49.00022838,1.932,C,0.968089046,0.92465017,,,,,,,
check,TFO,04.05.26,2026-06,65,E,M,27.05.26,0,1.151724138,0,145,49.00022838,1.932,C,1.072295729,0.957676609,,,,,,,
check,TFO,04.05.26,2026-06,70,E,M,27.05.26,0,0.905,0,400,49.00022838,1.932,C,1.158671827,0.987281067,,,,,,,
check,TFO,04.05.26,2026-06,75,E,M,27.05.26,0,0.685,0,600,49.00022838,1.932,C,1.215645533,1.014073465,,,,,,,
check,TFO,04.05.26,2026-06,120,E,M,27.05.26,0,0.25,0,80,49.00022838,1.932,C,1.745850881,1.180635184,,,,,,,
check,TFO,04.05.26,2026-07,30,E,M,26.06.26,0.275,0,500,0,48.53999092,1.932,P,0.799916331,0.783869333,,,,,,,
check,TFO,04.05.26,2026-07,35,E,M,26.06.26,0.85,0,500,0,48.53999092,1.932,P,0.789925743,0.83613673,,,,,,,
check,TFO,04.05.26,2026-07,55,E,M,26.06.26,0,3.725,0,10,48.53999092,1.932,C,0.817600471,0.973754788,,,,,,,
check,TFO,04.05.26,2026-07,68,E,M,26.06.26,0,2.74,0,15,48.53999092,1.932,C,1.07998886,1.032162225,,,,,,,
check,TFO,04.05.26,2026-08,70,E,M,27.07.26,0,3,0,240,48.33622366,1.932,C,0.935484951,1.015904954,,,,,,,
check,TFO,04.05.26,2026-09,25,E,M,26.08.26,0.23,0,200,0,48.36584214,1.932,P,0.692753445,0.857690659,,,,,,,
check,TFO,04.05.26,2026-09,75,E,M,26.08.26,0,3.5,0,25,48.36584214,1.932,C,0.933482628,1.067901424,,,,,,,
check,TFO,04.05.26,2026-09,100,E,M,26.08.26,0,1.91,0,25,48.36584214,1.932,C,1.023377367,1.116539778,,,,,,,
check,TFO,05.05.26,2026-06,30,E,M,27.05.26,0.053225806,0,1550,0,46.40990867,1.932,P,0.856645537,0.614530407,,,,,,,
check,TFO,05.05.26,2026-06,33,E,M,27.05.26,0.135,0,200,0,46.40990867,1.932,P,0.810581273,0.673840845,,,,,,,
check,TFO,05.05.26,2026-06,35,E,M,27.05.26,0.2,0,1450,0,46.40990867,1.932,P,0.751700382,0.708111697,,,,,,,
check,TFO,05.05.26,2026-06,37,E,M,27.05.26,0.37,0,700,0,46.40990867,1.932,P,0.736622634,0.739081011,,,,,,,
check,TFO,05.05.26,2026-06,39,E,M,27.05.26,0.695,0,200,0,46.40990867,1.932,P,0.743204541,0.767308212,,,,,,,
check,TFO,05.05.26,2026-06,40,E,M,27.05.26,0.984507042,0,710,0,46.40990867,1.932,P,0.768771975,0.780531442,,,,,,,
check,TFO,05.05.26,2026-06,42,E,M,27.05.26,1.550285036,0,2105,0,46.40990867,1.932,P,0.767748004,0.805419064,,,,,,,
check,TFO,05.05.26,2026-06,43,E,M,27.05.26,1.81,0,2500,0,46.40990867,1.932,P,0.744623481,0.817157965,,,,,,,
check,TFO,05.05.26,2026-06,44,E,M,27.05.26,2.3,0,5,0,46.40990867,1.932,P,0.767530252,0.828470209,,,,,,,
check,TFO,05.05.26,2026-06,45,E,M,27.05.26,2.880019305,0,2590,0,46.40990867,1.932,P,0.798117534,0.839384226,,,,,,,
check,TFO,05.05.26,2026-06,47,E,M,27.05.26,4.17,0,1000,0,46.40990867,1.932,P,0.854144617,0.860118019,,,,,,,
check,TFO,05.05.26,2026-06,48,E,M,27.05.26,4.32,0,1000,0,46.40990867,1.932,P,0.758771802,0.869982327,,,,,,,
check,TFO,05.05.26,2026-06,50,E,M,27.05.26,0,3.527659574,0,3525,46.40990867,1.932,C,1.0849467,0.88880277,,,,,,,
check,TFO,05.05.26,2026-06,51,E,M,27.05.26,0,3.48,0,25,46.40990867,1.932,C,1.147815779,0.89779287,,,,,,,
check,TFO,05.05.26,2026-06,52,E,M,27.05.26,0,2.75,0,30,46.40990867,1.932,C,1.050711417,0.906523245,,,,,,,
check,TFO,05.05.26,2026-06,54,E,M,27.05.26,0,2.26,0,50,46.40990867,1.932,C,1.058635528,0.923258856,,,,,,,
check,TFO,05.05.26,2026-06,55,E,M,27.05.26,0,2.277203791,0,2110,46.40990867,1.932,C,1.119773926,0.931288581,,,,,,,
check,TFO,05.05.26,2026-06,56,E,M,27.05.26,0,2.34,0,25,46.40990867,1.932,C,1.189988695,0.939107758,,,,,,,
check,TFO,05.05.26,2026-06,60,E,M,27.05.26,0,1.844736842,0,475,46.40990867,1.932,C,1.256809978,0.968471578,,,,,,,
check,TFO,05.05.26,2026-06,65,E,M,27.05.26,0,0.976363636,0,110,46.40990867,1.932,C,1.185161694,1.001472732,,,,,,,
check,TFO,05.05.26,2026-06,70,E,M,27.05.26,0,0.611842105,0,950,46.40990867,1.932,C,1.195162712,1.031095603,,,,,,,
check,TFO,05.05.26,2026-06,75,E,M,27.05.26,0,0.457641509,0,1325,46.40990867,1.932,C,1.250419567,1.057935463,,,,,,,
check,TFO,05.05.26,2026-06,80,E,M,27.05.26,0,0.42,0,350,46.40990867,1.932,C,1.34856279,1.08244525,,,,,,,
check,TFO,05.05.26,2026-06,100,E,M,27.05.26,0,0.205,0,25,46.40990867,1.932,C,1.54617274,1.163243087,,,,,,,
check,TFO,05.05.26,2026-07,40,E,M,26.06.26,2.27,0,510,0,47.17179651,1.932,P,0.78391336,0.896392025,,,,,,,
check,TFO,05.05.26,2026-07,53,E,M,26.06.26,0,4.6,0,5,47.17179651,1.932,C,0.946662824,0.980652812,,,,,,,
check,TFO,05.05.26,2026-07,55,E,M,26.06.26,0,3.95,0,870,47.17179651,1.932,C,0.936709566,0.991220526,,,,,,,
check,TFO,05.05.26,2026-07,60,E,M,26.06.26,0,3.75,0,10,47.17179651,1.932,C,1.086190439,1.015619082,,,,,,,
check,TFO,05.05.26,2026-07,65,E,M,26.06.26,0,3.08,0,20,47.17179651,1.932,C,1.130599315,1.037564652,,,,,,,
check,TFO,05.05.26,2026-07,90,E,M,26.06.26,0,1.23,0,50,47.17179651,1.932,C,1.259413419,1.122430956,,,,,,,
check,TFO,05.05.26,2026-08,30,E,M,27.07.26,0.39,0,350,0,47.08983952,1.932,P,0.661464877,0.715239964,,,,,,,
check,TFO,05.05.26,2026-08,38,E,M,27.07.26,2.23,0,350,0,47.08983952,1.932,P,0.71241797,0.775969959,,,,,,,
check,TFO,05.05.26,2026-08,40,E,M,27.07.26,3.23,0,300,0,47.08983952,1.932,P,0.755630297,0.788547394,,,,,,,
check,TFO,05.05.26,2026-08,50,E,M,27.07.26,0,6.3,0,1350,47.08983952,1.932,C,0.82731778,0.841125754,,,,,,,
check,TFO,05.05.26,2026-08,60,E,M,27.07.26,0,4.2,0,1550,47.08983952,1.932,C,0.914122221,0.881804144,,,,,,,
check,TFO,05.05.26,2026-08,200,E,M,27.07.26,0,0.41,0,25,47.08983952,1.932,C,1.440150499,1.11411562,,,,,,,
check,TFO,05.05.26,2026-09,47,E,M,26.08.26,0,8.04,0,300,47.09708056,1.932,C,0.759780618,0.993195355,,,,,,,
check,TFO,05.05.26,2026-09,50,E,M,26.08.26,0,7.4,0,550,47.09708056,1.932,C,0.811521464,1.004716696,,,,,,,
check,TFO,05.05.26,2026-09,75,E,M,26.08.26,0,3.4,0,1125,47.09708056,1.932,C,0.966396772,1.077222031,,,,,,,
check,TFO,05.05.26,2026-09,100,E,M,26.08.26,0,2.1,0,1325,47.09708056,1.932,C,1.088323054,1.125877932,,,,,,,
check,TFO,05.05.26,2026-09,125,E,M,26.08.26,0,1.4,0,50,47.09708056,1.932,C,1.163485189,1.162233342,,,,,,,
check,TFO,05.05.26,2026-09,200,E,M,26.08.26,0,0.53,0,50,47.09708056,1.932,C,1.282523741,1.235347426,,,,,,,
check,TFO,05.05.26,2026-10,40,E,M,25.09.26,4.425,0,1165,0,46.82477217,1.932,P,0.697141245,0.85662623,,,,,,,
check,TFO,05.05.26,2026-10,50,E,M,25.09.26,0,8.75,0,1240,46.82477217,1.932,C,0.848069037,0.894084205,,,,,,,
check,TFO,05.05.26,2026-10,55,E,M,25.09.26,0,6.43,0,250,46.82477217,1.932,C,0.785733284,0.909622606,,,,,,,
check,TFO,05.05.26,2026-10,60,E,M,25.09.26,0,5.5,0,1874,46.82477217,1.932,C,0.816897483,0.923583879,,,,,,,
check,TFO,05.05.26,2026-10,70,E,M,25.09.26,0,4.8,0,1854,46.82477217,1.932,C,0.929389904,0.947821376,,,,,,,
check,TFO,05.05.26,2027-01,25,E,M,24.12.26,0.59,0,57,0,46.39069818,1.932,P,0.574112474,0.716427505,,,,,,,
check,TFO,05.05.26,2027-01,35,E,M,24.12.26,3.37,0,1047,0,46.39069818,1.932,P,0.624481594,0.761972666,,,,,,,
check,TFO,05.05.26,2027-01,43,E,M,24.12.26,0,11.25,0,50,46.39069818,1.932,C,0.654683921,0.788572642,,,,,,,
check,TFO,05.05.26,2027-01,55,E,M,24.12.26,0,8.725,0,100,46.39069818,1.932,C,0.779759188,0.819267958,,,,,,,
check,TFO,05.05.26,2027-01,65,E,M,24.12.26,0,7.14,0,285,46.39069818,1.932,C,0.834983093,0.839473726,,,,,,,
check,TFO,05.05.26,2027-01,85,E,M,24.12.26,0,4.72,0,50,46.39069818,1.932,C,0.881607184,0.870956386,,,,,,,
check,TFO,05.05.26,2027-02,25,E,M,27.01.27,0.8425,0,114,0,45.864079,1.932,P,0.583963145,0.852581405,,,,,,,
check,TFO,05.05.26,2027-02,35,E,M,27.01.27,4.31232337,0,1104,0,45.864079,1.932,P,0.659024652,0.891391562,,,,,,,
check,TFO,05.05.26,2027-02,55,E,M,27.01.27,0,9.450632911,0,237,45.864079,1.932,C,0.790686872,0.941064534,,,,,,,
check,TFO,05.05.26,2027-02,65,E,M,27.01.27,0,7.801184834,0,422,45.864079,1.932,C,0.835996182,0.958784942,,,,,,,
check,TFO,06.05.26,2026-06,30,E,M,27.05.26,0.1,0,200,0,43.87938807,1.931,P,0.869744496,0.538141057,,,,,,,
check,TFO,06.05.26,2026-06,33,E,M,27.05.26,0.2625,0,600,0,43.87938807,1.931,P,0.836068325,0.599154319,,,,,,,
check,TFO,06.05.26,2026-06,34,E,M,27.05.26,0.395,0,10,0,43.87938807,1.931,P,0.85248919,0.61709267,,,,,,,
check,TFO,06.05.26,2026-06,35,E,M,27.05.26,0.513175034,0,3685,0,43.87938807,1.931,P,0.841469552,0.634047142,,,,,,,
check,TFO,06.05.26,2026-06,36,E,M,27.05.26,0.8,0,650,0,43.87938807,1.931,P,0.890510779,0.650117372,,,,,,,
check,TFO,06.05.26,2026-06,37,E,M,27.05.26,0.740253054,0,2865,0,43.87938807,1.931,P,0.783972461,0.665388514,,,,,,,
check,TFO,06.05.26,2026-06,38,E,M,27.05.26,1.2,0,625,0,43.87938807,1.931,P,0.862395003,0.679933924,,,,,,,
check,TFO,06.05.26,2026-06,39,E,M,27.05.26,0.906304348,0,115,0,43.87938807,1.931,P,0.677519942,0.693817256,,,,,,,
check,TFO,06.05.26,2026-06,40,E,M,27.05.26,1.500654045,0,2905,0,43.87938807,1.931,P,0.767808098,0.707094111,,,,,,,
check,TFO,06.05.26,2026-06,41,E,M,27.05.26,2.33,0,1000,0,43.87938807,1.931,P,0.890567915,0.719813352,,,,,,,
check,TFO,06.05.26,2026-06,42,E,M,27.05.26,2.85,4.5,4600,165,43.87938807,1.931,P,0.911568438,0.732018157,,,,,,,
check,TFO,06.05.26,2026-06,43,E,M,27.05.26,3.075,2.79,500,50,43.87938807,1.931,P,0.848844923,0.743746873,,,,,,,
check,TFO,06.05.26,2026-06,44,E,M,27.05.26,3.675,2.936190476,225,525,43.87938807,1.931,C,0.708308791,0.755033718,,,,,,,
check,TFO,06.05.26,2026-06,45,E,M,27.05.26,4.486481481,3.240384615,1350,5200,43.87938807,1.931,C,0.884667412,0.765909355,,,,,,,
check,TFO,06.05.26,2026-06,46,E,M,27.05.26,0,3.611894273,0,1135,43.87938807,1.931,C,1.06731095,0.776401373,,,,,,,
check,TFO,06.05.26,2026-06,47,E,M,27.05.26,4.7,2.209090909,100,330,43.87938807,1.931,C,0.814954928,0.786534684,,,,,,,
check,TFO,06.05.26,2026-06,48,E,M,27.05.26,0,1.62,0,1200,43.87938807,1.931,C,0.743209199,0.796331863,,,,,,,
check,TFO,06.05.26,2026-06,50,E,M,27.05.26,8.79,1.979020055,1250,5485,43.87938807,1.931,C,0.974339492,0.814998102,,,,,,,
check,TFO,06.05.26,2026-06,55,E,M,27.05.26,0,1.20819209,0,1770,43.87938807,1.931,C,1.035954339,0.85701997,,,,,,,
check,TFO,06.05.26,2026-06,60,E,M,27.05.26,0,0.809157895,0,475,43.87938807,1.931,C,1.110928431,0.893679407,,,,,,,
check,TFO,06.05.26,2026-06,65,E,M,27.05.26,0,0.44109589,0,365,43.87938807,1.931,C,1.110259375,0.926134972,,,,,,,
check,TFO,06.05.26,2026-06,70,E,M,27.05.26,0,0.51,0,75,43.87938807,1.931,C,1.301388424,0.95520996,,,,,,,
check,TFO,06.05.26,2026-06,80,E,M,27.05.26,0,0.2,0,300,43.87938807,1.931,C,1.310856459,1.005494097,,,,,,,
check,TFO,06.05.26,2026-07,28,E,M,26.06.26,0.16,0,2350,0,43.86120588,1.931,P,0.703402526,0.80719534,,,,,,,
check,TFO,06.05.26,2026-07,30,E,M,26.06.26,0.225,0,50,0,43.86120588,1.931,P,0.655912351,0.831157299,,,,,,,
check,TFO,06.05.26,2026-07,33,E,M,26.06.26,0.85,0,1705,0,43.86120588,1.931,P,0.752816258,0.863202899,,,,,,,
check,TFO,06.05.26,2026-07,34,E,M,26.06.26,0.675,0,100,0,43.86120588,1.931,P,0.644611436,0.873005741,,,,,,,
check,TFO,06.05.26,2026-07,35,E,M,26.06.26,1.075,0,700,0,43.86120588,1.931,P,0.700264728,0.88242318,,,,,,,
check,TFO,06.05.26,2026-07,37,E,M,26.06.26,1.625,0,200,0,43.86120588,1.931,P,0.705497237,0.900208636,,,,,,,
check,TFO,06.05.26,2026-07,38,E,M,26.06.26,1.898780488,0,205,0,43.86120588,1.931,P,0.697050072,0.908623509,,,,,,,
check,TFO,06.05.26,2026-07,40,E,M,26.06.26,2.875,0,690,0,43.86120588,1.931,P,0.737975854,0.924598421,,,,,,,
check,TFO,06.05.26,2026-07,42,E,M,26.06.26,4.23,0,75,0,43.86120588,1.931,P,0.81011167,0.939547418,,,,,,,
check,TFO,06.05.26,2026-07,44,E,M,26.06.26,5.275,0,100,0,43.86120588,1.931,P,0.808073057,0.953587258,,,,,,,
check,TFO,06.05.26,2026-07,45,E,M,26.06.26,7.135,4.89,300,1300,43.86120588,1.931,C,0.817110054,0.960297574,,,,,,,
check,TFO,06.05.26,2026-07,50,E,M,26.06.26,11,0,280,0,43.86120588,1.931,P,1.100623062,0.991163511,,,,,,,
check,TFO,06.05.26,2026-07,55,E,M,26.06.26,0,2.7,0,335,43.86120588,1.931,C,0.937639857,1.018293122,,,,,,,
check,TFO,06.05.26,2026-07,60,E,M,26.06.26,0,2.041304348,0,690,43.86120588,1.931,C,0.978534291,1.04245357,,,,,,,
check,TFO,06.05.26,2026-07,65,E,M,26.06.26,0,1.3,0,130,43.86120588,1.931,C,0.953663503,1.064201475,,,,,,,
check,TFO,06.05.26,2026-08,31.5,E,M,27.07.26,0.895,0,15,0,43.81887609,1.931,P,0.674357377,0.726658991,,,,,,,
check,TFO,06.05.26,2026-08,35,E,M,27.07.26,1.8,0,50,0,43.81887609,1.931,P,0.688280896,0.75357265,,,,,,,
check,TFO,06.05.26,2026-08,40,E,M,27.07.26,3.825,0,340,0,43.81887609,1.931,P,0.711728366,0.786393969,,,,,,,
check,TFO,06.05.26,2026-08,55,E,M,27.07.26,0,3.485,0,10,43.81887609,1.931,C,0.841855475,0.859725282,,,,,,,
check,TFO,06.05.26,2026-08,70,E,M,27.07.26,0,2,0,240,43.81887609,1.931,C,0.963025447,0.911401204,,,,,,,
check,TFO,06.05.26,2026-09,25,E,M,26.08.26,0.2,0,100,0,43.76087019,1.931,P,0.601818543,0.886672806,,,,,,,
check,TFO,06.05.26,2026-09,42,E,M,26.08.26,0,8.04,0,400,43.76087019,1.931,C,0.745395284,0.990255778,,,,,,,
check,TFO,06.05.26,2026-09,50,E,M,26.08.26,0,5.76,0,950,43.76087019,1.931,C,0.821723289,1.022766682,,,,,,,
check,TFO,06.05.26,2026-09,55,E,M,26.08.26,0,3.5,0,75,43.76087019,1.931,C,0.722143764,1.040117149,,,,,,,
check,TFO,06.05.26,2027-01,75,E,M,24.12.26,0,3.85,0,175,43.11908611,1.931,C,0.799879704,0.866800631,,,,,,,
check,TFO,07.05.26,2026-06,25,E,M,27.05.26,0.035,0,500,0,45.00975989,1.93,P,1.110928058,0.386166304,,,,,,,
check,TFO,07.05.26,2026-06,30,E,M,27.05.26,0.076825397,0,3150,0,45.00975989,1.93,P,0.896899686,0.533603259,,,,,,,
check,TFO,07.05.26,2026-06,34,E,M,27.05.26,0.26,0,500,0,45.00975989,1.93,P,0.838975254,0.616703795,,,,,,,
check,TFO,07.05.26,2026-06,35,E,M,27.05.26,0.351296296,0,3780,0,45.00975989,1.93,P,0.831286469,0.634485626,,,,,,,
check,TFO,07.05.26,2026-06,37,E,M,27.05.26,0.65,0,100,0,45.00975989,1.93,P,0.834322902,0.667305712,,,,,,,
check,TFO,07.05.26,2026-06,38,E,M,27.05.26,0.91745098,0,5100,0,45.00975989,1.93,P,0.859884786,0.682516717,,,,,,,
check,TFO,07.05.26,2026-06,39,E,M,27.05.26,1.3,0,2000,0,45.00975989,1.93,P,0.904160229,0.697024012,,,,,,,
check,TFO,07.05.26,2026-06,40,E,M,27.05.26,1.56,0,250,0,45.00975989,1.93,P,0.891474095,0.710887746,,,,,,,
check,TFO,07.05.26,2026-06,42,E,M,27.05.26,2.6,4,1650,25,45.00975989,1.93,P,0.973159026,0.736889195,,,,,,,
check,TFO,07.05.26,2026-06,43,E,M,27.05.26,3.08,3.5,2350,75,45.00975989,1.93,P,0.982481662,0.749114594,,,,,,,
check,TFO,07.05.26,2026-06,44,E,M,27.05.26,3.7,3.2,5,75,45.00975989,1.93,C,0.635967675,0.760873531,,,,,,,
check,TFO,07.05.26,2026-06,45,E,M,27.05.26,4.2,2.875,200,660,45.00975989,1.93,C,0.678532879,0.772198828,,,,,,,
check,TFO,07.05.26,2026-06,46,E,M,27.05.26,0,2.6,0,25,45.00975989,1.93,C,0.718695273,0.783119966,,,,,,,
check,TFO,07.05.26,2026-06,47,E,M,27.05.26,0,2.35,0,400,45.00975989,1.93,C,0.75308911,0.793663527,,,,,,,
check,TFO,07.05.26,2026-06,48,E,M,27.05.26,8.38,2.08,50,50,45.00975989,1.93,PC,,0.803853565,,,,,,,
check,TFO,07.05.26,2026-06,50,E,M,27.05.26,8,1.632378641,300,515,45.00975989,1.93,C,0.807662773,0.823258467,,,,,,,
check,TFO,07.05.26,2026-06,52,E,M,27.05.26,0,1.3,0,25,45.00975989,1.93,C,0.843247519,0.841487283,,,,,,,
check,TFO,07.05.26,2026-06,55,E,M,27.05.26,0,0.990967742,0,465,45.00975989,1.93,C,0.910018969,0.86689969,,,,,,,
check,TFO,07.05.26,2026-06,60,E,M,27.05.26,0,0.63,0,15,45.00975989,1.93,C,0.992921933,0.904927723,,,,,,,
check,TFO,07.05.26,2026-06,65,E,M,27.05.26,0,0.415555556,0,225,45.00975989,1.93,C,1.062453215,0.938564609,,,,,,,
check,TFO,07.05.26,2026-06,70,E,M,27.05.26,0,0.355,0,590,45.00975989,1.93,C,1.175634578,0.968676096,,,,,,,
check,TFO,07.05.26,2026-06,75,E,M,27.05.26,0,0.225,0,50,45.00975989,1.93,C,1.202251841,0.995897712,,,,,,,
check,TFO,07.05.26,2026-06,85,E,M,27.05.26,0,0.13,0,50,45.00975989,1.93,C,1.307473913,1.043482886,,,,,,,
check,TFO,07.05.26,2026-07,24,E,M,26.06.26,0.06,0,200,0,45.45,1.93,P,0.816487354,0.744817573,,,,,,,
check,TFO,07.05.26,2026-07,30,E,M,26.06.26,0.245,0,1750,0,45.45,1.93,P,0.720782561,0.827031669,,,,,,,
check,TFO,07.05.26,2026-07,33,E,M,26.06.26,0.615,0,50,0,45.45,1.93,P,0.739465973,0.859847325,,,,,,,
check,TFO,07.05.26,2026-07,35,E,M,26.06.26,0.990019392,0,7735,0,45.45,1.93,P,0.746232576,0.879514718,,,,,,,
check,TFO,07.05.26,2026-07,37,E,M,26.06.26,1.65,0,200,0,45.45,1.93,P,0.787081496,0.897704705,,,,,,,
check,TFO,07.05.26,2026-07,38,E,M,26.06.26,1.9,0,9500,0,45.45,1.93,P,0.777142186,0.906308027,,,,,,,
check,TFO,07.05.26,2026-07,40,E,M,26.06.26,3.075,6.45,780,1650,45.45,1.93,C,0.45395216,0.922635689,,,,,,,
check,TFO,07.05.26,2026-07,43,E,M,26.06.26,4.5,0,100,0,45.45,1.93,P,0.876863373,0.945188887,,,,,,,
check,TFO,07.05.26,2026-07,44,E,M,26.06.26,5.325,0,100,0,45.45,1.93,P,0.926176412,0.952248752,,,,,,,
check,TFO,07.05.26,2026-07,45,E,M,26.06.26,6.1,4.55,3100,2600,45.45,1.93,P,0.9621194,0.959100784,,,,,,,
check,TFO,07.05.26,2026-07,47,E,M,26.06.26,0,4.075,0,175,45.45,1.93,C,0.699698439,0.972225151,,,,,,,
check,TFO,07.05.26,2026-07,50,E,M,26.06.26,0,3.3,0,2700,45.45,1.93,C,0.744047415,0.99060595,,,,,,,
check,TFO,07.05.26,2026-07,55,E,M,26.06.26,0,2.47,0,2900,45.45,1.93,C,0.82199332,1.01828128,,,,,,,
check,TFO,07.05.26,2026-07,60,E,M,26.06.26,0,1.851648352,0,1820,45.45,1.93,C,0.876618364,1.04291595,,,,,,,
check,TFO,07.05.26,2026-07,65,E,M,26.06.26,0,1.453378378,0,740,45.45,1.93,C,0.930829513,1.065081851,,,,,,,
check,TFO,07.05.26,2026-07,70,E,M,26.06.26,0,1.115,0,515,45.45,1.93,C,0.965949879,1.085206052,,,,,,,
check,TFO,07.05.26,2026-08,45,E,M,27.07.26,0,5.59,0,350,45.30509065,1.93,C,0.63291742,0.811435495,,,,,,,
check,TFO,07.05.26,2026-08,60,E,M,27.07.26,0,2.925,0,550,45.30509065,1.93,C,0.84181287,0.876847028,,,,,,,
check,TFO,07.05.26,2026-09,38,E,M,26.08.26,3.52,0,20,0,45.151622,1.93,P,0.725858997,0.969389408,,,,,,,
check,TFO,07.05.26,2026-09,45,E,M,26.08.26,0,6.34,0,350,45.151622,1.93,C,0.623263421,1.001857406,,,,,,,
check,TFO,07.05.26,2026-09,65,E,M,26.08.26,0,3.07,0,550,45.151622,1.93,C,0.836816427,1.069136112,,,,,,,
check,TFO,07.05.26,2026-10,44,E,M,25.09.26,0,7.3,0,350,44.9915129,1.93,C,0.606049111,0.885731959,,,,,,,
check,TFO,07.05.26,2026-10,50,E,M,25.09.26,0,5.315,0,180,44.9915129,1.93,C,0.635970654,0.906992332,,,,,,,
check,TFO,07.05.26,2026-10,55,E,M,25.09.26,0,4.4,0,100,44.9915129,1.93,C,0.682557874,0.922530814,,,,,,,
check,TFO,07.05.26,2026-10,70,E,M,25.09.26,0,3,0,80,44.9915129,1.93,C,0.814011259,0.960744278,,,,,,,
check,TFO,07.05.26,2026-10,75,E,M,25.09.26,0,2.625,0,80,44.9915129,1.93,C,0.839109816,0.971404267,,,,,,,
check,TFO,08.05.26,2026-06,33,E,M,27.05.26,0.15,0,1200,0,43.71083957,1.929,P,0.767632429,0.632361161,,,,,,,
check,TFO,08.05.26,2026-06,35,E,M,27.05.26,0.30047619,0,3150,0,43.71083957,1.929,P,0.750051456,0.668915519,,,,,,,
check,TFO,08.05.26,2026-06,36,E,M,27.05.26,0.4,0,750,0,43.71083957,1.929,P,0.734687894,0.685755122,,,,,,,
check,TFO,08.05.26,2026-06,37,E,M,27.05.26,0.515,0,100,0,43.71083957,1.929,P,0.714407575,0.701759612,,,,,,,
check,TFO,08.05.26,2026-06,39,E,M,27.05.26,0.95,0,250,0,43.71083957,1.929,P,0.714679205,0.731558942,,,,,,,
check,TFO,08.05.26,2026-06,40,E,M,27.05.26,1.300441501,0,4530,0,43.71083957,1.929,P,0.732452061,0.745478135,,,,,,,
check,TFO,08.05.26,2026-06,41,E,M,27.05.26,1.647014925,0,3350,0,43.71083957,1.929,P,0.73092716,0.75881399,,,,,,,
check,TFO,08.05.26,2026-06,42,E,M,27.05.26,2.2,0,2900,0,43.71083957,1.929,P,0.769592451,0.771611571,,,,,,,
check,TFO,08.05.26,2026-06,43,E,M,27.05.26,2.73,0,50,0,43.71083957,1.929,P,0.785349354,0.783910913,,,,,,,
check,TFO,08.05.26,2026-06,44,E,M,27.05.26,3.28,0,1750,0,43.71083957,1.929,P,0.792370596,0.795747749,,,,,,,
check,TFO,08.05.26,2026-06,45,E,M,27.05.26,3.854545455,3.037609375,275,1600,43.71083957,1.929,C,0.90046481,0.80715411,,,,,,,
check,TFO,08.05.26,2026-06,48,E,M,27.05.26,0,2.235,0,385,43.71083957,1.929,C,0.962574449,0.839064992,,,,,,,
check,TFO,08.05.26,2026-06,50,E,M,27.05.26,7.45,1.730171306,1100,4670,43.71083957,1.929,C,0.970272863,0.858647017,,,,,,,
check,TFO,08.05.26,2026-06,55,E,M,27.05.26,0,1.113,0,1250,43.71083957,1.929,C,1.068910054,0.902736977,,,,,,,
check,TFO,08.05.26,2026-06,60,E,M,27.05.26,0,0.69943734,0,3910,43.71083957,1.929,C,1.130274721,0.941207156,,,,,,,
check,TFO,08.05.26,2026-06,65,E,M,27.05.26,0,0.468976608,0,855,43.71083957,1.929,C,1.193772375,0.975270343,,,,,,,
check,TFO,08.05.26,2026-06,75,E,M,27.05.26,0,0.231111111,0,450,43.71083957,1.929,C,1.301301767,1.03339707,,,,,,,
check,TFO,08.05.26,2026-07,30,E,M,26.06.26,0.18,0,850,0,43.75502976,1.929,P,0.635274008,0.727668882,,,,,,,
check,TFO,08.05.26,2026-07,33,E,M,26.06.26,0.493,0,250,0,43.75502976,1.929,P,0.644075928,0.761420867,,,,,,,
check,TFO,08.05.26,2026-07,35,E,M,26.06.26,0.84,0,1000,0,43.75502976,1.929,P,0.647141421,0.781553893,,,,,,,
check,TFO,08.05.26,2026-07,36,E,M,26.06.26,1.1,0,50,0,43.75502976,1.929,P,0.657218991,0.79101682,,,,,,,
check,TFO,08.05.26,2026-07,55,E,M,26.06.26,0,2.6,0,137,43.75502976,1.929,C,0.945245483,0.921971169,,,,,,,
check,TFO,08.05.26,2026-07,60,E,M,26.06.26,0,2.075,0,1100,43.75502976,1.929,C,1.010296018,0.946655207,,,,,,,
check,TFO,08.05.26,2026-07,85,E,M,26.06.26,0,0.7,0,287,43.75502976,1.929,C,1.177256479,1.039680014,,,,,,,
check,TFO,08.05.26,2026-08,32,E,M,27.07.26,0.63,0,50,0,43.73460443,1.929,P,0.587094175,0.740324722,,,,,,,
check,TFO,08.05.26,2026-08,33,E,M,27.07.26,0.895,0,10,0,43.73460443,1.929,P,0.610319776,0.748334508,,,,,,,
check,TFO,08.05.26,2026-08,38,E,M,27.07.26,2.63,0,1050,0,43.73460443,1.929,P,0.66544416,0.784038103,,,,,,,
check,TFO,08.05.26,2026-08,125,E,M,27.07.26,0,0.5,0,25,43.73460443,1.929,C,1.204410691,1.03824577,,,,,,,
check,TFO,08.05.26,2026-09,35,E,M,26.08.26,1.82,0,350,0,43.83368644,1.929,P,0.600021231,0.963416224,,,,,,,
check,TFO,08.05.26,2026-09,50,E,M,26.08.26,0,5.352650602,0,2075,43.83368644,1.929,C,0.783154316,1.031714692,,,,,,,
check,TFO,08.05.26,2026-09,60,E,M,26.08.26,0,3.75,0,2600,43.83368644,1.929,C,0.868529909,1.064967763,,,,,,,
check,TFO,08.05.26,2026-09,70,E,M,26.08.26,0,2.77,0,100,43.83368644,1.929,C,0.933119524,1.092305889,,,,,,,
check,TFO,08.05.26,2026-09,90,E,M,26.08.26,0,1.55,0,250,43.83368644,1.929,C,1.004650995,1.135484885,,,,,,,
check,TFO,08.05.26,2026-10,31,E,M,25.09.26,0.95,0,800,0,43.59133055,1.929,P,0.543222212,0.833396294,,,,,,,
check,TFO,08.05.26,2026-10,35,E,M,25.09.26,2.225,0,750,0,43.59133055,1.929,P,0.58096185,0.854950334,,,,,,,
check,TFO,08.05.26,2026-10,45,E,M,25.09.26,0,7,0,475,43.59133055,1.929,C,0.695890257,0.897977998,,,,,,,
check,TFO,08.05.26,2026-10,55,E,M,25.09.26,0,4.885,0,200,43.59133055,1.929,C,0.784280752,0.930935714,,,,,,,
check,TFO,08.05.26,2026-10,65,E,M,25.09.26,0,3.59,0,200,43.59133055,1.929,C,0.847012098,0.95752197,,,,,,,
check,TFO,08.05.26,2027-02,25,E,M,27.01.27,0.85,0,57,0,42.40606412,1.929,P,0.54000137,0.866658082,,,,,,,
check,TFO,08.05.26,2027-02,35,E,M,27.01.27,4.325,0,57,0,42.40606412,1.929,P,0.593202762,0.905299253,,,,,,,
check,TFO,08.05.26,2027-02,55,E,M,27.01.27,0,7.31,0,153,42.40606412,1.929,C,0.769853422,0.954799553,,,,,,,
check,TFO,08.05.26,2027-02,65,E,M,27.01.27,0,6.015,0,153,42.40606412,1.929,C,0.820634756,0.972469063,,,,,,,
check,TFO,11.05.26,2026-06,33,E,M,27.05.26,0.06,0,250,0,46.69608914,1.931,P,0.836272841,0.604251373,,,,,,,
check,TFO,11.05.26,2026-06,35,E,M,27.05.26,0.119253731,0,3350,0,46.69608914,1.931,P,0.804872829,0.647391592,,,,,,,
check,TFO,11.05.26,2026-06,39,E,M,27.05.26,0.575,0,300,0,46.69608914,1.931,P,0.833085631,0.720336748,,,,,,,
check,TFO,11.05.26,2026-06,40,E,M,27.05.26,0.721946565,6.85,2620,150,46.69608914,1.931,P,0.815036272,0.736400618,,,,,,,
check,TFO,11.05.26,2026-06,41,E,M,27.05.26,1.096,0,250,0,46.69608914,1.931,P,0.868929705,0.751747814,,,,,,,
check,TFO,11.05.26,2026-06,42,E,M,27.05.26,1.48,0,325,0,46.69608914,1.931,P,0.900131322,0.76643766,,,,,,,
check,TFO,11.05.26,2026-06,44,E,M,27.05.26,2.116666667,0,150,0,46.69608914,1.931,P,0.874701714,0.794048139,,,,,,,
check,TFO,11.05.26,2026-06,45,E,M,27.05.26,0,3.31,0,575,46.69608914,1.931,C,0.612379873,0.807056054,,,,,,,
check,TFO,11.05.26,2026-06,46,E,M,27.05.26,0,3.41,0,175,46.69608914,1.931,C,0.783743168,0.81958282,,,,,,,
check,TFO,11.05.26,2026-06,47,E,M,27.05.26,3.79,2.98,50,50,46.69608914,1.931,PC,,0.831661365,,,,,,,
check,TFO,11.05.26,2026-06,48,E,M,27.05.26,0,2.25,0,100,46.69608914,1.931,C,0.718630236,0.843321351,,,,,,,
check,TFO,11.05.26,2026-06,50,E,M,27.05.26,0,2.18,0,1040,46.69608914,1.931,C,0.88799142,0.86549041,,,,,,,
check,TFO,11.05.26,2026-06,51,E,M,27.05.26,0,1.455,0,25,46.69608914,1.931,C,0.770441682,0.876045937,,,,,,,
check,TFO,11.05.26,2026-06,55,E,M,27.05.26,0,1.25,0,275,46.69608914,1.931,C,0.977164427,0.91519453,,,,,,,
check,TFO,11.05.26,2026-06,57,E,M,27.05.26,0,0.79,0,250,46.69608914,1.931,C,0.925090906,0.933149128,,,,,,,
check,TFO,11.05.26,2026-06,60,E,M,27.05.26,0,0.804262295,0,915,46.69608914,1.931,C,1.078113918,0.958351928,,,,,,,
check,TFO,11.05.26,2026-06,65,E,M,27.05.26,0,0.518512397,0,605,46.69608914,1.931,C,1.151519593,0.996421551,,,,,,,
check,TFO,11.05.26,2026-06,75,E,M,27.05.26,0,0.275,0,450,46.69608914,1.931,C,1.308197051,1.061114364,,,,,,,
check,TFO,11.05.26,2026-06,80,E,M,27.05.26,0,0.15,0,25,46.69608914,1.931,C,1.300592352,1.089043637,,,,,,,
check,TFO,11.05.26,2026-07,30,E,M,26.06.26,0.135,0,800,0,46.70084017,1.931,P,0.700279198,0.72628565,,,,,,,
check,TFO,11.05.26,2026-07,31.5,E,M,26.06.26,0.18,0,20,0,46.70084017,1.931,P,0.670161352,0.744883316,,,,,,,
check,TFO,11.05.26,2026-07,33,E,M,26.06.26,0.275,0,30,0,46.70084017,1.931,P,0.661578362,0.762209763,,,,,,,
check,TFO,11.05.26,2026-07,35,E,M,26.06.26,0.775,0,2025,0,46.70084017,1.931,P,0.759919615,0.783595833,,,,,,,
check,TFO,11.05.26,2026-07,35.5,E,M,26.06.26,0.55,0,5,0,46.70084017,1.931,P,0.659019911,0.788667485,,,,,,,
check,TFO,11.05.26,2026-07,37,E,M,26.06.26,0.84,0,5,0,46.70084017,1.931,P,0.671314888,0.803287249,,,,,,,
check,TFO,11.05.26,2026-07,38,E,M,26.06.26,1.3,0,50,0,46.70084017,1.931,P,0.731917258,0.812572835,,,,,,,
check,TFO,11.05.26,2026-07,39,E,M,26.06.26,1.4,0,5,0,46.70084017,1.931,P,0.695941982,0.821519129,,,,,,,
check,TFO,11.05.26,2026-07,40,E,M,26.06.26,2.292535211,0,355,0,46.70084017,1.931,P,0.815086549,0.83014861,,,,,,,
check,TFO,11.05.26,2026-07,41,E,M,26.06.26,2.43,0,50,0,46.70084017,1.931,P,0.774522523,0.838481639,,,,,,,
check,TFO,11.05.26,2026-07,42,E,M,26.06.26,2.67,0,5,0,46.70084017,1.931,P,0.749932818,0.846536716,,,,,,,
check,TFO,11.05.26,2026-07,43,E,M,26.06.26,3.185,0,5,0,46.70084017,1.931,P,0.767852009,0.854330693,,,,,,,
check,TFO,11.05.26,2026-07,45,E,M,26.06.26,4.4,5,5,1500,46.70084017,1.931,C,0.622973935,0.869195647,,,,,,,
check,TFO,11.05.26,2026-07,47,E,M,26.06.26,5.72,0,5,0,46.70084017,1.931,P,0.852619984,0.883184965,,,,,,,
check,TFO,11.05.26,2026-07,49,E,M,26.06.26,0,4.62,0,5,46.70084017,1.931,C,0.837249432,0.896390449,,,,,,,
check,TFO,11.05.26,2026-07,50,E,M,26.06.26,0,4.305,0,400,46.70084017,1.931,C,0.845206875,0.902724194,,,,,,,
check,TFO,11.05.26,2026-07,51,E,M,26.06.26,0,4.09,0,5,46.70084017,1.931,C,0.864705137,0.90889046,,,,,,,
check,TFO,11.05.26,2026-07,52,E,M,26.06.26,0,3.375,0,100,46.70084017,1.931,C,0.803743068,0.914897347,,,,,,,
check,TFO,11.05.26,2026-07,53,E,M,26.06.26,0,3.61,0,5,46.70084017,1.931,C,0.886352987,0.920752396,,,,,,,
check,TFO,11.05.26,2026-07,55,E,M,26.06.26,0,2.7,0,1675,46.70084017,1.931,C,0.826245481,0.932034627,,,,,,,
check,TFO,11.05.26,2026-07,56,E,M,26.06.26,0,3.1,0,5,46.70084017,1.931,C,0.930827777,0.937474509,,,,,,,
check,TFO,11.05.26,2026-07,60,E,M,26.06.26,0,2.49,0,900,46.70084017,1.931,C,0.970250284,0.958022636,,,,,,,
check,TFO,11.05.26,2026-07,65,E,M,26.06.26,0,1.46,0,400,46.70084017,1.931,C,0.91793074,0.981330345,,,,,,,
check,TFO,11.05.26,2026-07,70,E,M,26.06.26,0,1.325,0,1575,46.70084017,1.931,C,1.00897939,1.002433115,,,,,,,
check,TFO,11.05.26,2026-07,75,E,M,26.06.26,0,0.9,0,400,46.70084017,1.931,C,1.003003609,1.021692262,,,,,,,
check,TFO,11.05.26,2026-08,30,E,M,27.07.26,0.25,0,100,0,46.58421779,1.931,P,0.610348231,0.719782213,,,,,,,
check,TFO,11.05.26,2026-08,32,E,M,27.07.26,0.51,0,50,0,46.58421779,1.931,P,0.636467328,0.737587401,,,,,,,
check,TFO,11.05.26,2026-08,35,E,M,27.07.26,1.01,0,2175,0,46.58421779,1.931,P,0.641186331,0.761642239,,,,,,,
check,TFO,11.05.26,2026-08,40,E,M,27.07.26,2.91,0,2100,0,46.58421779,1.931,P,0.719121883,0.796176538,,,,,,,
check,TFO,11.05.26,2026-08,45,E,M,27.07.26,5.925,6.525,25,250,46.58421779,1.931,C,0.671360326,0.825468138,,,,,,,
check,TFO,11.05.26,2026-09,25,E,M,26.08.26,0.14,0,150,0,46.58528311,1.931,P,0.624411913,0.893553852,,,,,,,
check,TFO,11.05.26,2026-09,28,E,M,26.08.26,0.28,0,100,0,46.58528311,1.931,P,0.600522017,0.918051557,,,,,,,
check,TFO,11.05.26,2026-09,33,E,M,26.08.26,0.915,0,10,0,46.58528311,1.931,P,0.603184855,0.952483208,,,,,,,
check,TFO,11.05.26,2026-09,45,E,M,26.08.26,0,7.04,0,200,46.58528311,1.931,C,0.619186939,1.014377618,,,,,,,
check,TFO,11.05.26,2026-09,60,E,M,26.08.26,0,3.9,0,500,46.58528311,1.931,C,0.791202191,1.068651616,,,,,,,
check,TFO,11.05.26,2026-09,65,E,M,26.08.26,0,3.28,0,100,46.58528311,1.931,C,0.827188818,1.083277396,,,,,,,
check,TFO,11.05.26,2026-09,85,E,M,26.08.26,0,1.83,0,100,46.58528311,1.931,C,0.935432809,1.130937912,,,,,,,
check,TFO,11.05.26,2026-09,90,E,M,26.08.26,0,1.6,0,500,46.58528311,1.931,C,0.954066292,1.140839097,,,,,,,
check,TFO,11.05.26,2026-10,55,E,M,25.09.26,0,5.69,0,250,46.36425661,1.931,C,0.756709121,0.930958922,,,,,,,
check,TFO,11.05.26,2026-10,80,E,M,25.09.26,0,2.7,0,100,46.36425661,1.931,C,0.883518415,0.990844941,,,,,,,
check,TFO,11.05.26,2026-12,33,E,M,26.11.26,2.15,0,150,0,45.78511162,1.931,P,0.598235009,0.794147684,,,,,,,
check,TFO,11.05.26,2026-12,50,E,M,26.11.26,0,7.8,0,500,45.78511162,1.931,C,0.687257796,0.852210324,,,,,,,
check,TFO,11.05.26,2026-12,60,E,M,26.11.26,0,5.7,0,100,45.78511162,1.931,C,0.736926433,0.876497662,,,,,,,
check,TFO,11.05.26,2027-02,50,E,M,27.01.27,0,8.939634146,0,1025,45.31146451,1.931,C,0.688351542,0.942770105,,,,,,,
check,TFO,11.05.26,2027-02,80,E,M,27.01.27,0,5.05,0,750,45.31146451,1.931,C,0.837485152,0.992836282,,,,,,,
check,TFO,11.05.26,2027-03,60,E,M,24.02.27,0,6.9,0,225,43.275,1.931,C,0.75447477,0.919350279,,,,,,,
check,TFO,12.05.26,2026-06,30,E,M,27.05.26,0.07,0,600,0,46.6,1.929,P,1.089362195,0.546714911,,,,,,,
check,TFO,12.05.26,2026-06,35,E,M,27.05.26,0.212631579,0,950,0,46.6,1.929,P,0.931761665,0.670132425,,,,,,,
check,TFO,12.05.26,2026-06,37,E,M,27.05.26,0.25,0,50,0,46.6,1.929,P,0.815053884,0.709696946,,,,,,,
check,TFO,12.05.26,2026-06,38.5,E,M,27.05.26,0.35,0,25,0,46.6,1.929,P,0.7708632,0.736744655,,,,,,,
check,TFO,12.05.26,2026-06,39,E,M,27.05.26,0.41,0,100,0,46.6,1.929,P,0.766945888,0.745323747,,,,,,,
check,TFO,12.05.26,2026-06,40,E,M,27.05.26,0.615238095,0,2100,0,46.6,1.929,P,0.787420258,0.761885755,,,,,,,
check,TFO,12.05.26,2026-06,42,E,M,27.05.26,1.004651163,0,2150,0,46.6,1.929,P,0.759895328,0.792857203,,,,,,,
check,TFO,12.05.26,2026-06,43,E,M,27.05.26,1.37,0,400,0,46.6,1.929,P,0.780872826,0.807381309,,,,,,,
check,TFO,12.05.26,2026-06,44,E,M,27.05.26,1.86,0,85,0,46.6,1.929,P,0.819219344,0.82132974,,,,,,,
check,TFO,12.05.26,2026-06,45,E,M,27.05.26,2.24,3.95,700,1200,46.6,1.929,C,0.828585234,0.834744754,,,,,,,
check,TFO,12.05.26,2026-06,46,E,M,27.05.26,2.87,3.8,200,25,46.6,1.929,P,0.850428385,0.847664111,,,,,,,
check,TFO,12.05.26,2026-06,47,E,M,27.05.26,3.415,3.16,1500,400,46.6,1.929,P,0.855192049,0.860121692,,,,,,,
check,TFO,12.05.26,2026-06,48,E,M,27.05.26,4.035,2.96,50,300,46.6,1.929,C,0.943310057,0.872148019,,,,,,,
check,TFO,12.05.26,2026-06,50,E,M,27.05.26,5.2,2.425,110,1370,46.6,1.929,C,0.994998925,0.895014735,,,,,,,
check,TFO,12.05.26,2026-06,53,E,M,27.05.26,0,1.725,0,400,46.6,1.929,C,1.035131335,0.926693258,,,,,,,
check,TFO,12.05.26,2026-06,55,E,M,27.05.26,0,1.299702381,0,2100,46.6,1.929,C,1.034026187,0.946287996,,,,,,,
check,TFO,12.05.26,2026-06,58,E,M,27.05.26,0,1.05,0,200,46.6,1.929,C,1.118390555,0.973704138,,,,,,,
check,TFO,12.05.26,2026-06,60,E,M,27.05.26,0,0.857071429,0,700,46.6,1.929,C,1.14305378,0.990812805,,,,,,,
check,TFO,12.05.26,2026-06,62,E,M,27.05.26,0,0.61,0,10,46.6,1.929,C,1.120808604,1.007087013,,,,,,,
check,TFO,12.05.26,2026-06,65,E,M,27.05.26,0,0.554923077,0,1625,46.6,1.929,C,1.216065485,1.030091984,,,,,,,
check,TFO,12.05.26,2026-07,31,E,M,26.06.26,0.18,0,500,0,46.55509703,1.929,P,0.696434862,0.748196552,,,,,,,
check,TFO,12.05.26,2026-07,34,E,M,26.06.26,0.375,0,500,0,46.55509703,1.929,P,0.666273745,0.782822068,,,,,,,
check,TFO,12.05.26,2026-07,35,E,M,26.06.26,0.493032787,0,1525,0,46.55509703,1.929,P,0.665564205,0.793387283,,,,,,,
check,TFO,12.05.26,2026-07,36,E,M,26.06.26,0.61,0,50,0,46.55509703,1.929,P,0.65610275,0.803526024,,,,,,,
check,TFO,12.05.26,2026-07,37,E,M,26.06.26,0.735,0,1100,0,46.55509703,1.929,P,0.642910853,0.813269411,,,,,,,
check,TFO,12.05.26,2026-07,38,E,M,26.06.26,1.085,0,95,0,46.55509703,1.929,P,0.68196351,0.822645344,,,,,,,
check,TFO,12.05.26,2026-07,40,E,M,26.06.26,1.73,9.05,2650,500,46.55509703,1.929,P,0.705837067,0.840392826,,,,,,,
check,TFO,12.05.26,2026-07,42,E,M,26.06.26,2.45,0,25,0,46.55509703,1.929,P,0.711409545,0.856941821,,,,,,,
check,TFO,12.05.26,2026-07,45,E,M,26.06.26,4.275,0,500,0,46.55509703,1.929,P,0.793334887,0.879824383,,,,,,,
check,TFO,12.05.26,2026-07,48,E,M,26.06.26,0,5.225,0,400,46.55509703,1.929,C,0.890881068,0.900714513,,,,,,,
check,TFO,12.05.26,2026-07,50,E,M,26.06.26,0,4.61,0,2425,46.55509703,1.929,C,0.912126479,0.913686169,,,,,,,
check,TFO,12.05.26,2026-07,58,E,M,26.06.26,0,2.975,0,400,46.55509703,1.929,C,1.003895466,0.959396327,,,,,,,
check,TFO,12.05.26,2026-07,65,E,M,26.06.26,0,2.07,0,1325,46.55509703,1.929,C,1.060666379,0.993083133,,,,,,,
check,TFO,12.05.26,2026-07,68,E,M,26.06.26,0,1.965,0,10,46.55509703,1.929,C,1.119005021,1.006115087,,,,,,,
check,TFO,12.05.26,2026-07,75,E,M,26.06.26,0,1.315,0,1200,46.55509703,1.929,C,1.132257813,1.033855598,,,,,,,
check,TFO,12.05.26,2026-07,80,E,M,26.06.26,0,1.055,0,75,46.55509703,1.929,C,1.158979641,1.051732731,,,,,,,
check,TFO,12.05.26,2026-08,35,E,M,27.07.26,0.95,0,1200,0,46.4304841,1.929,P,0.627323052,0.767515646,,,,,,,
check,TFO,12.05.26,2026-08,40,E,M,27.07.26,2.6,0,1800,0,46.4304841,1.929,P,0.672805478,0.802239314,,,,,,,
check,TFO,12.05.26,2026-08,50,E,M,27.07.26,0,5.740426829,0,1640,46.4304841,1.929,C,0.839349526,0.857202223,,,,,,,
check,TFO,12.05.26,2026-08,60,E,M,27.07.26,0,3.775,0,2655,46.4304841,1.929,C,0.932561433,0.899666123,,,,,,,
check,TFO,12.05.26,2026-08,90,E,M,27.07.26,0,1.5,0,1000,46.4304841,1.929,C,1.118735086,0.987665351,,,,,,,
check,TFO,12.05.26,2026-09,27,E,M,26.08.26,0.19,0,200,0,46.30506797,1.929,P,0.586578449,0.915846454,,,,,,,
check,TFO,12.05.26,2026-09,33,E,M,26.08.26,0.801805556,0,720,0,46.30506797,1.929,P,0.574659654,0.958212689,,,,,,,
check,TFO,12.05.26,2026-09,60,E,M,26.08.26,0,4.975,0,1250,46.30506797,1.929,C,0.919257291,1.074795091,,,,,,,
check,TFO,12.05.26,2026-09,70,E,M,26.08.26,0,3.525,0,400,46.30506797,1.929,C,0.959037417,1.102894862,,,,,,,
check,TFO,12.05.26,2026-10,33,E,M,25.09.26,1.1,0,200,0,46.14300991,1.929,P,0.561335085,0.846590555,,,,,,,
check,TFO,12.05.26,2027-03,50,E,M,24.02.27,0,9.65,0,1000,43.4,1.929,C,0.768443924,0.901964085,,,,,,,
check,TFO,13.05.26,2026-06,32,E,M,27.05.26,0.055,0,200,0,46.63085055,1.928,P,0.946587894,0.572678128,,,,,,,
check,TFO,13.05.26,2026-06,35,E,M,27.05.26,0.125854214,0,4390,0,46.63085055,1.928,P,0.86592268,0.645728226,,,,,,,
check,TFO,13.05.26,2026-06,37,E,M,27.05.26,0.26,0,500,0,46.63085055,1.928,P,0.853455796,0.687367748,,,,,,,
check,TFO,13.05.26,2026-06,38,E,M,27.05.26,0.35,0,400,0,46.63085055,1.928,P,0.840034945,0.706519952,,,,,,,
check,TFO,13.05.26,2026-06,40,E,M,27.05.26,0.525471698,0,2650,0,46.63085055,1.928,P,0.773439855,0.742021339,,,,,,,
check,TFO,13.05.26,2026-06,41,E,M,27.05.26,0.856935484,0,620,0,46.63085055,1.928,P,0.82981697,0.758539431,,,,,,,
check,TFO,13.05.26,2026-06,42,E,M,27.05.26,1,0,2760,0,46.63085055,1.928,P,0.787170864,0.774330002,,,,,,,
check,TFO,13.05.26,2026-06,43,E,M,27.05.26,1.3,0,250,0,46.63085055,1.928,P,0.787801022,0.789452702,,,,,,,
check,TFO,13.05.26,2026-06,44,E,M,27.05.26,1.71,0,25,0,46.63085055,1.928,P,0.805334519,0.803960075,,,,,,,
check,TFO,13.05.26,2026-06,45,E,M,27.05.26,0,3.65,0,450,46.63085055,1.928,C,0.766181987,0.817898656,,,,,,,
check,TFO,13.05.26,2026-06,46,E,M,27.05.26,2.81844,0,625,0,46.63085055,1.928,P,0.869297918,0.831309865,,,,,,,
check,TFO,13.05.26,2026-06,47,E,M,27.05.26,3.19,0,700,0,46.63085055,1.928,P,0.827090416,0.844230735,,,,,,,
check,TFO,13.05.26,2026-06,48,E,M,27.05.26,3.836931818,2.743333333,220,255,46.63085055,1.928,C,0.913042492,0.856694519,,,,,,,
check,TFO,13.05.26,2026-06,50,E,M,27.05.26,0,2.05,0,1400,46.63085055,1.928,C,0.91992644,0.880367866,,,,,,,
check,TFO,13.05.26,2026-06,53,E,M,27.05.26,0,1.38,0,100,46.63085055,1.928,C,0.958943698,0.913113318,,,,,,,
check,TFO,13.05.26,2026-06,54,E,M,27.05.26,0,1.13,0,430,46.63085055,1.928,C,0.943445561,0.923375395,,,,,,,
check,TFO,13.05.26,2026-06,55,E,M,27.05.26,0,1.104716981,0,1060,46.63085055,1.928,C,0.998900691,0.93334093,,,,,,,
check,TFO,13.05.26,2026-06,60,E,M,27.05.26,0,0.65,0,1615,46.63085055,1.928,C,1.085168318,0.979234372,,,,,,,
check,TFO,13.05.26,2026-06,65,E,M,27.05.26,0,0.4,0,500,46.63085055,1.928,C,1.160063745,1.01964902,,,,,,,
check,TFO,13.05.26,2026-06,70,E,M,27.05.26,0,0.253841962,0,1835,46.63085055,1.928,C,1.224081052,1.0557011,,,,,,,
check,TFO,13.05.26,2026-06,80,E,M,27.05.26,0,0.135,0,500,46.63085055,1.928,C,1.370738988,1.117751873,,,,,,,
check,TFO,13.05.26,2026-06,100,E,M,27.05.26,0,0.08,0,250,46.63085055,1.928,C,1.687460112,1.214429573,,,,,,,
check,TFO,13.05.26,2026-07,30,E,M,26.06.26,0.12,0,1650,0,46.57013078,1.928,P,0.697389735,0.669544394,,,,,,,
check,TFO,13.05.26,2026-07,33,E,M,26.06.26,0.27,0,100,0,46.57013078,1.928,P,0.669479233,0.707155304,,,,,,,
check,TFO,13.05.26,2026-07,34,E,M,26.06.26,0.34,0,200,0,46.57013078,1.928,P,0.657811998,0.718547046,,,,,,,
check,TFO,13.05.26,2026-07,35,E,M,26.06.26,0.51,0,3850,0,46.57013078,1.928,P,0.679988698,0.729444413,,,,,,,
check,TFO,13.05.26,2026-07,36,E,M,26.06.26,0.645,0,400,0,46.57013078,1.928,P,0.675573442,0.739886184,,,,,,,
check,TFO,13.05.26,2026-07,37,E,M,26.06.26,0.83,0,100,0,46.57013078,1.928,P,0.678312641,0.749906822,,,,,,,
check,TFO,13.05.26,2026-07,39,E,M,26.06.26,1.4,0,100,0,46.57013078,1.928,P,0.705614574,0.768804552,,,,,,,
check,TFO,13.05.26,2026-07,40,E,M,26.06.26,1.746603774,0,2650,0,46.57013078,1.928,P,0.717777713,0.777734005,,,,,,,
check,TFO,13.05.26,2026-07,41,E,M,26.06.26,2.145,0,200,0,46.57013078,1.928,P,0.73132389,0.786347833,,,,,,,
check,TFO,13.05.26,2026-07,42,E,M,26.06.26,2.58,0,2625,0,46.57013078,1.928,P,0.74344413,0.794666306,,,,,,,
check,TFO,13.05.26,2026-07,45,E,M,26.06.26,4.23,0,1080,0,46.57013078,1.928,P,0.795815691,0.818025747,,,,,,,
check,TFO,13.05.26,2026-07,50,E,M,26.06.26,0,4.145,0,750,46.57013078,1.928,C,0.849172935,0.852489361,,,,,,,
check,TFO,13.05.26,2026-07,55,E,M,26.06.26,0,3.071875,0,160,46.57013078,1.928,C,0.914628437,0.882527344,,,,,,,
check,TFO,13.05.26,2026-07,60,E,M,26.06.26,0,2.43,0,2150,46.57013078,1.928,C,0.988275729,0.90909701,,,,,,,
check,TFO,13.05.26,2026-07,75,E,M,26.06.26,0,1.18,0,800,46.57013078,1.928,C,1.109414755,0.973970075,,,,,,,
check,TFO,13.05.26,2026-08,35,E,M,27.07.26,0.96,0,3150,0,46.47273586,1.928,P,0.634919156,0.748302501,,,,,,,
check,TFO,13.05.26,2026-08,45,E,M,27.07.26,5.6,0,780,0,46.47273586,1.928,P,0.778623622,0.813262559,,,,,,,
check,TFO,13.05.26,2026-08,125,E,M,27.07.26,0,0.62,0,25,46.47273586,1.928,C,1.223999229,1.036823252,,,,,,,
check,TFO,13.05.26,2026-09,33,E,M,26.08.26,0.855,0,10,0,46.49518777,1.928,P,0.593576738,0.961913937,,,,,,,
check,TFO,13.05.26,2026-09,35,E,M,26.08.26,1.36,0,3500,0,46.49518777,1.928,P,0.612368807,0.974063174,,,,,,,
check,TFO,13.05.26,2026-09,40,E,M,26.08.26,3.4,0,2250,0,46.49518777,1.928,P,0.675548727,1.001100957,,,,,,,
check,TFO,13.05.26,2026-09,46,E,M,26.08.26,7.05,0,100,0,46.49518777,1.928,P,0.757195675,1.028656339,,,,,,,
check,TFO,13.05.26,2027-02,35,E,M,27.01.27,4.15,0,320,0,45.05628735,1.928,P,0.63855108,0.907088141,,,,,,,
check,TFO,13.05.26,2027-02,75,E,M,27.01.27,0,5.6,0,170,45.05628735,1.928,C,0.838402636,0.990502252,,,,,,,
check,TFO,14.05.26,2026-06,35,E,M,27.05.26,0.147297297,0,925,0,47.89951897,1.93,P,0.99304201,0.648260192,,,,,,,
check,TFO,14.05.26,2026-06,37,E,M,27.05.26,0.13,0,1000,0,47.89951897,1.93,P,0.824187819,0.692761144,,,,,,,
check,TFO,14.05.26,2026-06,38,E,M,27.05.26,0.2525,0,200,0,47.89951897,1.93,P,0.873923135,0.713183154,,,,,,,
check,TFO,14.05.26,2026-06,40,E,M,27.05.26,0.35,0,2325,0,47.89951897,1.93,P,0.786853682,0.750968931,,,,,,,
check,TFO,14.05.26,2026-06,41,E,M,27.05.26,0.485,0,300,0,47.89951897,1.93,P,0.781850463,0.768521552,,,,,,,
check,TFO,14.05.26,2026-06,42,E,M,27.05.26,0.905,0,90,0,47.89951897,1.93,P,0.882209316,0.785285507,,,,,,,
check,TFO,14.05.26,2026-06,43,E,M,27.05.26,0.85,0,350,0,47.89951897,1.93,P,0.763452955,0.80132689,,,,,,,
check,TFO,14.05.26,2026-06,44,E,M,27.05.26,1.1,4.55,290,2000,47.89951897,1.93,C,0.579265562,0.816703746,,,,,,,
check,TFO,14.05.26,2026-06,45,E,M,27.05.26,1.524068323,0,1610,0,47.89951897,1.93,P,0.786122043,0.831467339,,,,,,,
check,TFO,14.05.26,2026-06,46,E,M,27.05.26,2.198101266,0,395,0,47.89951897,1.93,P,0.869452632,0.845663178,,,,,,,
check,TFO,14.05.26,2026-06,47,E,M,27.05.26,2.851153846,3.000251678,780,2980,47.89951897,1.93,C,0.702726437,0.859331858,,,,,,,
check,TFO,14.05.26,2026-06,48,E,M,27.05.26,3.053,2.648571429,250,350,47.89951897,1.93,C,0.74408631,0.872509751,,,,,,,
check,TFO,14.05.26,2026-06,49,E,M,27.05.26,0,2.248395062,0,4050,47.89951897,1.93,C,0.754780396,0.885229576,,,,,,,
check,TFO,14.05.26,2026-06,50,E,M,27.05.26,0,2.046956522,0,575,47.89951897,1.93,C,0.806314385,0.897520878,,,,,,,
check,TFO,14.05.26,2026-06,51,E,M,27.05.26,0,1.85,0,25,47.89951897,1.93,C,0.847340869,0.90941043,,,,,,,
check,TFO,14.05.26,2026-06,52,E,M,27.05.26,0,1.5,0,5750,47.89951897,1.93,C,0.831588411,0.920922571,,,,,,,
check,TFO,14.05.26,2026-06,54,E,M,27.05.26,0,1.21,0,25,47.89951897,1.93,C,0.894369353,0.942901504,,,,,,,
check,TFO,14.05.26,2026-06,55,E,M,27.05.26,0,1.015849057,0,1325,47.89951897,1.93,C,0.896107734,0.953407204,,,,,,,
check,TFO,14.05.26,2026-06,57,E,M,27.05.26,0,0.9,0,1000,47.89951897,1.93,C,0.978704165,0.973536768,,,,,,,
check,TFO,14.05.26,2026-06,60,E,M,27.05.26,0,0.6,0,900,47.89951897,1.93,C,1.011577556,1.001745592,,,,,,,
check,TFO,14.05.26,2026-06,62,E,M,27.05.26,0,0.435,0,100,47.89951897,1.93,C,1.017467669,1.019374174,,,,,,,
check,TFO,14.05.26,2026-06,65,E,M,27.05.26,0,0.35,0,125,47.89951897,1.93,C,1.090371781,1.044260594,,,,,,,
check,TFO,14.05.26,2026-06,70,E,M,27.05.26,0,0.256385542,0,830,47.89951897,1.93,C,1.201493513,1.082149345,,,,,,,
check,TFO,14.05.26,2026-06,75,E,M,27.05.26,0,0.215,0,100,47.89951897,1.93,C,1.322305059,1.116277111,,,,,,,
check,TFO,14.05.26,2026-06,85,E,M,27.05.26,0,0.115,0,100,47.89951897,1.93,C,1.452142824,1.175681304,,,,,,,
check,TFO,14.05.26,2026-06,95,E,M,27.05.26,0,0.065,0,100,47.89951897,1.93,C,1.553862442,1.226071818,,,,,,,
check,TFO,14.05.26,2026-07,36,E,M,26.06.26,0.62,0,900,0,47.90476581,1.93,P,0.722287097,0.737845579,,,,,,,
check,TFO,14.05.26,2026-07,37,E,M,26.06.26,0.66,0,900,0,47.90476581,1.93,P,0.683803556,0.748120994,,,,,,,
check,TFO,14.05.26,2026-07,39,E,M,26.06.26,1.32,0,450,0,47.90476581,1.93,P,0.752267476,0.767489939,,,,,,,
check,TFO,14.05.26,2026-07,40,E,M,26.06.26,1.5,0,2400,0,47.90476581,1.93,P,0.733821445,0.776638012,,,,,,,
check,TFO,14.05.26,2026-07,44,E,M,26.06.26,3.325,0,2000,0,47.90476581,1.93,P,0.811313764,0.810174438,,,,,,,
check,TFO,14.05.26,2026-07,50,E,M,26.06.26,0,4.3,0,3700,47.90476581,1.93,C,0.784066672,0.853132834,,,,,,,
check,TFO,14.05.26,2026-07,52,E,M,26.06.26,0,3.825,0,100,47.90476581,1.93,C,0.821636008,0.865894103,,,,,,,
check,TFO,14.05.26,2026-07,54,E,M,26.06.26,0,3.4,0,2000,47.90476581,1.93,C,0.85277518,0.878001697,,,,,,,
check,TFO,14.05.26,2026-07,55,E,M,26.06.26,0,3.35,0,100,47.90476581,1.93,C,0.889614913,0.883829433,,,,,,,
check,TFO,14.05.26,2026-07,60,E,M,26.06.26,0,2.3,0,2325,47.90476581,1.93,C,0.906829281,0.910964969,,,,,,,
check,TFO,14.05.26,2026-07,65,E,M,26.06.26,0,1.87,0,650,47.90476581,1.93,C,0.981340174,0.935242137,,,,,,,
check,TFO,14.05.26,2026-07,70,E,M,26.06.26,0,1.43,0,1025,47.90476581,1.93,C,1.018079602,0.957177528,,,,,,,
check,TFO,14.05.26,2026-07,75,E,M,26.06.26,0,1.04,0,850,47.90476581,1.93,C,1.031991599,0.977161572,,,,,,,
check,TFO,14.05.26,2026-08,35,E,M,27.07.26,0.915,0,575,0,47.73422328,1.93,P,0.664295954,0.746043589,,,,,,,
check,TFO,14.05.26,2026-08,40,E,M,27.07.26,2.545,0,550,0,47.73422328,1.93,P,0.721461289,0.781771689,,,,,,,
check,TFO,14.05.26,2026-08,45,E,M,27.07.26,5.35,0,450,0,47.73422328,1.93,P,0.811544339,0.812014575,,,,,,,
check,TFO,14.05.26,2026-09,34.5,E,M,26.08.26,1.125,0,10,0,47.62434882,1.93,P,0.620281109,0.970788458,,,,,,,
check,TFO,14.05.26,2026-09,35,E,M,26.08.26,1.38,0,1075,0,47.62434882,1.93,P,0.647284621,0.973774704,,,,,,,
check,TFO,14.05.26,2026-09,40,E,M,26.08.26,3.36,0,600,0,47.62434882,1.93,P,0.709956751,1.001073538,,,,,,,
check,TFO,14.05.26,2026-09,50,E,M,26.08.26,0,6.71,0,1750,47.62434882,1.93,C,0.749668888,1.045137232,,,,,,,
check,TFO,14.05.26,2026-09,60,E,M,26.08.26,0,4.7,0,2300,47.62434882,1.93,C,0.84578331,1.079831523,,,,,,,
check,TFO,14.05.26,2026-10,44,E,M,25.09.26,6.225,0,50,0,47.15825131,1.93,P,0.720058925,0.900417785,,,,,,,
check,TFO,14.05.26,2026-10,46,E,M,25.09.26,0,8.05,0,50,47.15825131,1.93,C,0.653776289,0.908126242,,,,,,,
check,TFO,14.05.26,2026-12,30,E,M,26.11.26,1.1,0,450,0,46.01348763,1.93,P,0.561149341,0.785445389,,,,,,,
check,TFO,14.05.26,2026-12,45,E,M,26.11.26,0,9.2,0,500,46.01348763,1.93,C,0.643926819,0.843559362,,,,,,,
check,TFO,14.05.26,2027-01,55,E,M,24.12.26,0,7.45,0,350,45.60691825,1.93,C,0.734768532,0.815782196,,,,,,,
check,TFO,14.05.26,2027-01,70,E,M,24.12.26,0,5.45,0,50,45.60691825,1.93,C,0.81934643,0.845490837,,,,,,,
check,TFO,14.05.26,2027-03,25,E,M,24.02.27,1.125,0,75,0,43.38,1.93,P,0.580946091,0.830094449,,,,,,,
check,TFO,14.05.26,2027-03,28,E,M,24.02.27,0,16.8,0,75,43.38,1.93,C,0.470808442,0.84281396,,,,,,,
check,TFO,14.05.26,2027-03,30,E,M,24.02.27,2.55,0,400,0,43.38,1.93,P,0.598995063,0.850466618,,,,,,,
check,TFO,14.05.26,2027-03,45,E,M,24.02.27,0,9.8,0,500,43.38,1.93,C,0.672957846,0.894147569,,,,,,,
check,TFO,15.05.26,2026-06,35,E,M,27.05.26,0.04,0,2000,0,50.96696234,1.931,P,0.961055172,0.6192122,,,,,,,
check,TFO,15.05.26,2026-06,37,E,M,27.05.26,0.105,0,250,0,50.96696234,1.931,P,0.975108562,0.669114709,,,,,,,
check,TFO,15.05.26,2026-06,38,E,M,27.05.26,0.155,0,190,0,50.96696234,1.931,P,0.975795524,0.69187626,,,,,,,
check,TFO,15.05.26,2026-06,40,E,M,27.05.26,0.254233577,10.075,4110,1000,50.96696234,1.931,P,0.930185983,0.733783851,,,,,,,
check,TFO,15.05.26,2026-06,41,E,M,27.05.26,0.304615385,0,130,0,50.96696234,1.931,P,0.894267613,0.753167273,,,,,,,
check,TFO,15.05.26,2026-06,42,E,M,27.05.26,0.4,0,2320,0,50.96696234,1.931,P,0.880822071,0.771634027,,,,,,,
check,TFO,15.05.26,2026-06,43,E,M,27.05.26,0.63923913,0,460,0,50.96696234,1.931,P,0.929230701,0.789265327,,,,,,,
check,TFO,15.05.26,2026-06,44,E,M,27.05.26,0.73816,0,1250,0,50.96696234,1.931,P,0.887169463,0.806131936,,,,,,,
check,TFO,15.05.26,2026-06,45,E,M,27.05.26,0.726269231,5.87,3250,1925,50.96696234,1.931,P,0.792310105,0.822295897,,,,,,,
check,TFO,15.05.26,2026-06,46,E,M,27.05.26,1.175,0,810,0,50.96696234,1.931,P,0.869782471,0.837811926,,,,,,,
check,TFO,15.05.26,2026-06,47,E,M,27.05.26,1.775,3.86,3710,50,50.96696234,1.931,P,0.96390216,0.852728528,,,,,,,
check,TFO,15.05.26,2026-06,48,E,M,27.05.26,2.36,3.3,260,15,50.96696234,1.931,P,1.026461953,0.867088914,,,,,,,
check,TFO,15.05.26,2026-06,49,E,M,27.05.26,3,0,50,0,50.96696234,1.931,P,1.086301951,0.880931754,,,,,,,
check,TFO,15.05.26,2026-06,50,E,M,27.05.26,2.83,2.941650485,3435,1545,50.96696234,1.931,P,0.906780828,0.894291798,,,,,,,
check,TFO,15.05.26,2026-06,51,E,M,27.05.26,3.465,2.57,50,50,50.96696234,1.931,PC,,0.907200392,,,,,,,
check,TFO,15.05.26,2026-06,52,E,M,27.05.26,0,2.250763359,0,1310,50.96696234,1.931,C,0.731850363,0.919685914,,,,,,,
check,TFO,15.05.26,2026-06,55,E,M,27.05.26,0,1.6,0,2525,50.96696234,1.931,C,0.839541769,0.954850652,,,,,,,
check,TFO,15.05.26,2026-06,57,E,M,27.05.26,0,1.15,0,60,50.96696234,1.931,C,0.853137898,0.976594878,,,,,,,
check,TFO,15.05.26,2026-06,60,E,M,27.05.26,0,0.803023256,0,2150,50.96696234,1.931,C,0.919580092,1.007011835,,,,,,,
check,TFO,15.05.26,2026-06,65,E,M,27.05.26,0,0.4,0,20,50.96696234,1.931,C,0.978175938,1.052744926,,,,,,,
check,TFO,15.05.26,2026-06,70,E,M,27.05.26,0,0.273333333,0,975,50.96696234,1.931,C,1.091665007,1.093401474,,,,,,,
check,TFO,15.05.26,2026-06,75,E,M,27.05.26,0,0.165,0,650,50.96696234,1.931,C,1.154665838,1.129949886,,,,,,,
check,TFO,15.05.26,2026-07,35,E,M,26.06.26,0.325,0,1600,0,51.01035469,1.931,P,0.752623177,0.711002627,,,,,,,
check,TFO,15.05.26,2026-07,36,E,M,26.06.26,0.465,0,50,0,51.01035469,1.931,P,0.771678376,0.722197636,,,,,,,
check,TFO,15.05.26,2026-07,37,E,M,26.06.26,0.58,0,350,0,51.01035469,1.931,P,0.768538202,0.732928198,,,,,,,
check,TFO,15.05.26,2026-07,38,E,M,26.06.26,0.675,0,900,0,51.01035469,1.931,P,0.752243337,0.743229211,,,,,,,
check,TFO,15.05.26,2026-07,40,E,M,26.06.26,1.176086957,0,1380,0,51.01035469,1.931,P,0.790924036,0.762664061,,,,,,,
check,TFO,15.05.26,2026-07,41,E,M,26.06.26,1.475,0,300,0,51.01035469,1.931,P,0.80641056,0.77185101,,,,,,,
check,TFO,15.05.26,2026-07,45,E,M,26.06.26,2.5,6.995,680,450,51.01035469,1.931,P,0.769129664,0.805570155,,,,,,,
check,TFO,15.05.26,2026-07,48,E,M,26.06.26,4.65,0,700,0,51.01035469,1.931,P,0.913020071,0.828161777,,,,,,,
check,TFO,15.05.26,2026-07,50,E,M,26.06.26,0,6.02,0,3910,51.01035469,1.931,C,0.799699995,0.842145599,,,,,,,
check,TFO,15.05.26,2026-07,51,E,M,26.06.26,0,5.245,0,100,51.01035469,1.931,C,0.7540392,0.848847875,,,,,,,
check,TFO,15.05.26,2026-07,53,E,M,26.06.26,0,4.655,0,100,51.01035469,1.931,C,0.790903296,0.861720932,,,,,,,
check,TFO,15.05.26,2026-07,55,E,M,26.06.26,0,3.77,0,625,51.01035469,1.931,C,0.768785656,0.873941285,,,,,,,
check,TFO,15.05.26,2026-07,60,E,M,26.06.26,0,3.303403566,0,3085,51.01035469,1.931,C,0.917483574,0.902007558,,,,,,,
check,TFO,15.05.26,2026-07,63,E,M,26.06.26,0,2.61,0,15,51.01035469,1.931,C,0.915230524,0.917375553,,,,,,,
check,TFO,15.05.26,2026-07,65,E,M,26.06.26,0,2.479526066,0,1055,51.01035469,1.931,C,0.958250937,0.92708766,,,,,,,
check,TFO,15.05.26,2026-07,68,E,M,26.06.26,0,1.97,0,15,51.01035469,1.931,C,0.955805968,0.940935028,,,,,,,
check,TFO,15.05.26,2026-07,70,E,M,26.06.26,0,1.92,0,400,51.01035469,1.931,C,1.000368942,0.94972615,,,,,,,
check,TFO,15.05.26,2026-08,35,E,M,27.07.26,0.74,0,1625,0,50.93016931,1.931,P,0.70630693,0.733061412,,,,,,,
check,TFO,15.05.26,2026-08,39,E,M,27.07.26,0,11.475,0,550,50.93016931,1.931,C,,0.763010192,,,,,,,
check,TFO,15.05.26,2026-08,49,E,M,27.07.26,0,6.9,0,550,50.93016931,1.931,C,0.652106937,0.822706924,,,,,,,
check,TFO,15.05.26,2026-08,55,E,M,27.07.26,0,5.2,0,525,50.93016931,1.931,C,0.741926161,0.851357701,,,,,,,
check,TFO,15.05.26,2026-08,65,E,M,27.07.26,0,3.425,0,225,50.93016931,1.931,C,0.845751231,0.891193024,,,,,,,
check,TFO,15.05.26,2026-08,75,E,M,27.07.26,0,3.04,0,150,50.93016931,1.931,C,1.012133383,0.92397232,,,,,,,
check,TFO,15.05.26,2026-09,28,E,M,26.08.26,0.26,0,225,0,50.72141973,1.931,P,0.674960966,0.917028094,,,,,,,
check,TFO,15.05.26,2026-09,35,E,M,26.08.26,1.185750636,0,1965,0,50.72141973,1.931,P,0.686405048,0.965283966,,,,,,,
check,TFO,15.05.26,2026-09,50,E,M,26.08.26,8.7,8.52,550,1075,50.72141973,1.931,C,0.758267222,1.037884293,,,,,,,
check,TFO,15.05.26,2026-09,58,E,M,26.08.26,0,6.275,0,250,50.72141973,1.931,C,0.821568041,1.066670373,,,,,,,
check,TFO,15.05.26,2026-09,60,E,M,26.08.26,0,4.98,0,150,50.72141973,1.931,C,0.753732061,1.073139281,,,,,,,
check,TFO,15.05.26,2026-09,70,E,M,26.08.26,0,4.5,0,80,50.72141973,1.931,C,0.925025809,1.102082909,,,,,,,
check,TFO,15.05.26,2026-10,45,E,M,25.09.26,6.5,0,25,0,50.39700031,1.931,P,0.801316401,0.896082204,,,,,,,
check,TFO,15.05.26,2026-10,47,E,M,25.09.26,7.7,8.3,25,25,50.39700031,1.931,PC,,0.903715247,,,,,,,
check,TFO,15.05.26,2026-10,49,E,M,25.09.26,0,8.775,0,25,50.39700031,1.931,C,0.664932846,0.910971417,,,,,,,
check,TFO,15.05.26,2026-10,55,E,M,25.09.26,0,6.84,0,200,50.39700031,1.931,C,0.700831351,0.930795109,,,,,,,
check,TFO,15.05.26,2026-10,60,E,M,25.09.26,0,5.84,0,510,50.39700031,1.931,C,0.744555142,0.945458272,,,,,,,
check,TFO,15.05.26,2026-12,70,E,M,26.11.26,0,4.95,0,100,48.7739143,1.931,C,0.751829431,0.897429827,,,,,,,
check,TFO,15.05.26,2027-02,50,E,M,27.01.27,0,9.9,0,1000,47.23714358,1.931,C,0.68479625,0.94548326,,,,,,,
check,TFO,15.05.26,2027-02,55,E,M,27.01.27,0,8.65,0,1000,47.23714358,1.931,C,0.70800868,0.955974316,,,,,,,
check,TFO,15.05.26,2027-03,15,E,M,24.02.27,0.18,0,150,0,45.22110892,1.931,P,0.678192686,0.766510825,,,,,,,
check,TFO,15.05.26,2027-03,25,E,M,24.02.27,0.9,0,75,0,45.22110892,1.931,P,0.568277109,0.826828282,,,,,,,
check,TFO,15.05.26,2027-03,28,E,M,24.02.27,0,18.05,0,275,45.22110892,1.931,C,0.390422244,0.839639853,,,,,,,
check,TFO,15.05.26,2027-04,50,E,M,25.03.27,0,4.85,0,200,38.3,1.931,C,0.58448168,0.876125251,,,,,,,
check,TFO,18.05.26,2026-06,35,E,M,27.05.26,0.045,0,130,0,49.4307717,1.931,P,1.051626658,0.624843677,,,,,,,
check,TFO,18.05.26,2026-06,37,E,M,27.05.26,0.155,0,900,0,49.4307717,1.931,P,1.120602022,0.683323709,,,,,,,
check,TFO,18.05.26,2026-06,40,E,M,27.05.26,0.289065708,0,2435,0,49.4307717,1.931,P,1.004726685,0.758286597,,,,,,,
check,TFO,18.05.26,2026-06,42,E,M,27.05.26,0.43,0,2950,0,49.4307717,1.931,P,0.924360576,0.80180923,,,,,,,
check,TFO,18.05.26,2026-06,43,E,M,27.05.26,0.57,0,300,0,49.4307717,1.931,P,0.910050012,0.822007144,,,,,,,
check,TFO,18.05.26,2026-06,44,E,M,27.05.26,0.408333333,0,150,0,49.4307717,1.931,P,0.718465281,0.841288039,,,,,,,
check,TFO,18.05.26,2026-06,45,E,M,27.05.26,0.837015707,6,4775,750,49.4307717,1.931,P,0.828253419,0.859730419,,,,,,,
check,TFO,18.05.26,2026-06,46,E,M,27.05.26,1.27,0,150,0,49.4307717,1.931,P,0.886701612,0.877402959,,,,,,,
check,TFO,18.05.26,2026-06,47,E,M,27.05.26,0.961285714,0,3500,0,49.4307717,1.931,P,0.645370691,0.894366099,,,,,,,
check,TFO,18.05.26,2026-06,48,E,M,27.05.26,1.211698113,4.5,2650,15,49.4307717,1.931,P,0.606261351,0.910673329,,,,,,,
check,TFO,18.05.26,2026-06,49,E,M,27.05.26,2.49,0,425,0,49.4307717,1.931,P,0.880526434,0.926372233,,,,,,,
check,TFO,18.05.26,2026-06,50,E,M,27.05.26,2.675,2.825,2150,1200,49.4307717,1.931,P,0.769088109,0.941505336,,,,,,,
check,TFO,18.05.26,2026-06,51,E,M,27.05.26,2.698198198,2.747207207,1110,1110,49.4307717,1.931,PC,,0.956110811,,,,,,,
check,TFO,18.05.26,2026-06,52,E,M,27.05.26,0,2.206886792,0,265,49.4307717,1.931,C,1.048706237,0.970223059,,,,,,,
check,TFO,18.05.26,2026-06,53,E,M,27.05.26,0,1.752272727,0,3300,49.4307717,1.931,C,1.005233763,0.983873196,,,,,,,
check,TFO,18.05.26,2026-06,54,E,M,27.05.26,0,1.455,0,75,49.4307717,1.931,C,0.999663798,0.997089468,,,,,,,
check,TFO,18.05.26,2026-06,55,E,M,27.05.26,0,1.298174442,0,2465,49.4307717,1.931,C,1.032637377,1.009897593,,,,,,,
check,TFO,18.05.26,2026-06,57,E,M,27.05.26,0,0.925,0,3000,49.4307717,1.931,C,1.043349551,1.034381385,,,,,,,
check,TFO,18.05.26,2026-06,58,E,M,27.05.26,0,0.8,0,150,49.4307717,1.931,C,1.05917889,1.04609832,,,,,,,
check,TFO,18.05.26,2026-06,60,E,M,27.05.26,0,0.644264706,0,1700,49.4307717,1.931,C,1.113714439,1.068573359,,,,,,,
check,TFO,18.05.26,2026-06,65,E,M,27.05.26,0,0.28,0,415,49.4307717,1.931,C,1.141564871,1.119868932,,,,,,,
check,TFO,18.05.26,2026-06,70,E,M,27.05.26,0,0.19,0,225,49.4307717,1.931,C,1.267142594,1.165368914,,,,,,,
check,TFO,18.05.26,2026-06,80,E,M,27.05.26,0,0.15,0,300,49.4307717,1.931,C,1.572177163,1.24318825,,,,,,,
check,TFO,18.05.26,2026-07,30,E,M,26.06.26,0.13,0,300,0,49.55237052,1.931,P,0.832452532,0.683961385,,,,,,,
check,TFO,18.05.26,2026-07,33,E,M,26.06.26,0.215,0,10,0,49.55237052,1.931,P,0.764985613,0.725341195,,,,,,,
check,TFO,18.05.26,2026-07,34,E,M,26.06.26,0.25,0,150,0,49.55237052,1.931,P,0.741228095,0.73784687,,,,,,,
check,TFO,18.05.26,2026-07,35,E,M,26.06.26,0.365,0,1000,0,49.55237052,1.931,P,0.75752173,0.749798621,,,,,,,
check,TFO,18.05.26,2026-07,37,E,M,26.06.26,0.48,0,100,0,49.55237052,1.931,P,0.709498644,0.772212711,,,,,,,
check,TFO,18.05.26,2026-07,38,E,M,26.06.26,0.65,0,1635,0,49.55237052,1.931,P,0.720965609,0.782749368,,,,,,,
check,TFO,18.05.26,2026-07,40,E,M,26.06.26,1.17238806,0,5025,0,49.55237052,1.931,P,0.761923514,0.802638909,,,,,,,
check,TFO,18.05.26,2026-07,41,E,M,26.06.26,1.205,0,4050,0,49.55237052,1.931,P,0.712294116,0.812045205,,,,,,,
check,TFO,18.05.26,2026-07,44,E,M,26.06.26,2.135,0,2000,0,49.55237052,1.931,P,0.72349066,0.838379268,,,,,,,
check,TFO,18.05.26,2026-07,45,E,M,26.06.26,2.775,0,1210,0,49.55237052,1.931,P,0.772503526,0.84659216,,,,,,,
check,TFO,18.05.26,2026-07,47,E,M,26.06.26,3.52,0,4670,0,49.55237052,1.931,P,0.753947122,0.862267208,,,,,,,
check,TFO,18.05.26,2026-07,48,E,M,26.06.26,3.9,0,1325,0,49.55237052,1.931,P,0.738520273,0.869757076,,,,,,,
check,TFO,18.05.26,2026-07,49,E,M,26.06.26,4.64,0,85,0,49.55237052,1.931,P,0.774980959,0.877031821,,,,,,,
check,TFO,18.05.26,2026-07,50,E,M,26.06.26,5.54,5.520184004,400,4076,49.55237052,1.931,C,0.880962095,0.884102727,,,,,,,
check,TFO,18.05.26,2026-07,51,E,M,26.06.26,0,5.56,0,101,49.55237052,1.931,C,0.952104859,0.89098023,,,,,,,
check,TFO,18.05.26,2026-07,52,E,M,26.06.26,0,5.605,0,101,49.55237052,1.931,C,1.019723569,0.897674001,,,,,,,
check,TFO,18.05.26,2026-07,53,E,M,26.06.26,0,4.97,0,101,49.55237052,1.931,C,0.978443113,0.904193018,,,,,,,
check,TFO,18.05.26,2026-07,55,E,M,26.06.26,8.6,4.397155499,2000,3955,49.55237052,1.931,C,0.993944892,0.916739613,,,,,,,
check,TFO,18.05.26,2026-07,60,E,M,26.06.26,0,3.4,0,1500,49.55237052,1.931,C,1.053055369,0.945568213,,,,,,,
check,TFO,18.05.26,2026-07,65,E,M,26.06.26,0,2.575,0,1120,49.55237052,1.931,C,1.085963681,0.971343951,,,,,,,
check,TFO,18.05.26,2026-07,70,E,M,26.06.26,0,1.83,0,1600,49.55237052,1.931,C,1.085783923,0.994621194,,,,,,,
check,TFO,18.05.26,2026-07,75,E,M,26.06.26,0,1.69,0,350,49.55237052,1.931,C,1.179937177,1.015818317,,,,,,,
check,TFO,18.05.26,2026-07,80,E,M,26.06.26,0,1.625,0,30,49.55237052,1.931,C,1.275916562,1.035258501,,,,,,,
check,TFO,18.05.26,2026-07,85,E,M,26.06.26,0,1.225,0,1000,49.55237052,1.931,C,1.271714141,1.053196354,,,,,,,
check,TFO,18.05.26,2026-08,34.5,E,M,27.07.26,0.715,0,250,0,49.51133858,1.931,P,0.699454628,0.752590858,,,,,,,
check,TFO,18.05.26,2026-08,35,E,M,27.07.26,0.68,0,750,0,49.51133858,1.931,P,0.668409959,0.756705725,,,,,,,
check,TFO,18.05.26,2026-08,40,E,M,27.07.26,1.75,0,340,0,49.51133858,1.931,P,0.673721958,0.793906265,,,,,,,
check,TFO,18.05.26,2026-08,50,E,M,27.07.26,6.8,8.2,575,500,49.51133858,1.931,P,0.769967833,0.852544787,,,,,,,
check,TFO,18.05.26,2026-08,54,E,M,27.07.26,0,6,0,5,49.51133858,1.931,C,0.888562399,0.871873608,,,,,,,
check,TFO,18.05.26,2026-08,55,E,M,27.07.26,0,6.775,0,150,49.51133858,1.931,C,1.016647678,0.876420244,,,,,,,
check,TFO,18.05.26,2026-08,80,E,M,27.07.26,0,2.95,0,30,49.51133858,1.931,C,1.162929405,0.964657699,,,,,,,
check,TFO,18.05.26,2026-09,33,E,M,26.08.26,0.79,0,30,0,49.43344884,1.931,P,0.658550692,0.972538618,,,,,,,
check,TFO,18.05.26,2026-09,35,E,M,26.08.26,1.02,0,900,0,49.43344884,1.931,P,0.634235599,0.985149353,,,,,,,
check,TFO,18.05.26,2026-09,40,E,M,26.08.26,2.9,0,400,0,49.43344884,1.931,P,0.719754789,1.013200783,,,,,,,
check,TFO,18.05.26,2026-09,43,E,M,26.08.26,3.975,0,1300,0,49.43344884,1.931,P,0.71104844,1.028081645,,,,,,,
check,TFO,18.05.26,2026-09,50,E,M,26.08.26,8.015,9.18,600,425,49.43344884,1.931,P,0.764704215,1.058457004,,,,,,,
check,TFO,18.05.26,2026-09,55,E,M,26.08.26,0,7.86,0,150,49.43344884,1.931,C,0.956786174,1.077219516,,,,,,,
check,TFO,18.05.26,2026-09,60,E,M,26.08.26,0,6.75,0,350,49.43344884,1.931,C,0.991375916,1.094072623,,,,,,,
check,TFO,18.05.26,2026-09,80,E,M,26.08.26,0,4.1,0,100,49.43344884,1.931,C,1.107319316,1.148062096,,,,,,,
check,TFO,18.05.26,2026-10,28,E,M,25.09.26,0.335,0,450,0,49.04667586,1.931,P,0.608231983,0.82286387,,,,,,,
check,TFO,18.05.26,2026-10,30,E,M,25.09.26,0.55,0,350,0,49.04667586,1.931,P,0.613163242,0.836271296,,,,,,,
check,TFO,18.05.26,2026-10,33,E,M,25.09.26,0.9,0,200,0,49.04667586,1.931,P,0.594959853,0.854457339,,,,,,,
check,TFO,18.05.26,2026-10,35,E,M,25.09.26,1.35,0,450,0,49.04667586,1.931,P,0.606488658,0.865499233,,,,,,,
check,TFO,18.05.26,2026-10,49,E,M,25.09.26,8.775,8.775,250,250,49.04667586,1.931,PC,,0.926175318,,,,,,,
check,TFO,18.05.26,2026-10,55,E,M,25.09.26,0,7.16,0,200,49.04667586,1.931,C,0.793894099,0.946127679,,,,,,,
check,TFO,18.05.26,2026-10,60,E,M,25.09.26,0,6.135,0,440,49.04667586,1.931,C,0.829437766,0.960888535,,,,,,,
check,TFO,18.05.26,2026-11,50,E,M,27.10.26,0,9.5,0,100,47.89631226,1.931,C,0.806447128,0.937757608,,,,,,,
check,TFO,18.05.26,2026-11,70,E,M,27.10.26,0,5.65,0,140,47.89631226,1.931,C,0.910984207,0.987207198,,,,,,,
check,TFO,18.05.26,2027-02,80,E,M,27.01.27,0,6.8,0,750,46.36955513,1.931,C,0.944701778,1.0039905,,,,,,,
check,TFO,19.05.26,2026-06,38,E,M,27.05.26,0.12,0,600,0,51.89456804,1.929,P,1.191055055,0.700849417,,,,,,,
check,TFO,19.05.26,2026-06,39,E,M,27.05.26,0.1,0,500,0,51.89456804,1.929,P,1.070426748,0.729054259,,,,,,,
check,TFO,19.05.26,2026-06,40,E,M,27.05.26,0.145373134,0,1675,0,51.89456804,1.929,P,1.063674848,0.755601152,,,,,,,
check,TFO,19.05.26,2026-06,41,E,M,27.05.26,0.2,0,1200,0,51.89456804,1.929,P,1.049299419,0.780674523,,,,,,,
check,TFO,19.05.26,2026-06,42,E,M,27.05.26,0.27,0,3550,0,51.89456804,1.929,P,1.033968427,0.804429398,,,,,,,
check,TFO,19.05.26,2026-06,43,E,M,27.05.26,0.35,0,1900,0,51.89456804,1.929,P,1.011127195,0.826997245,,,,,,,
check,TFO,19.05.26,2026-06,44,E,M,27.05.26,0.42,0,655,0,51.89456804,1.929,P,0.967878065,0.8484905,,,,,,,
check,TFO,19.05.26,2026-06,45,E,M,27.05.26,0.532048872,0,6650,0,51.89456804,1.929,P,0.941093093,0.869006077,,,,,,,
check,TFO,19.05.26,2026-06,46,E,M,27.05.26,0.75,0,500,0,51.89456804,1.929,P,0.955074061,0.888628117,,,,,,,
check,TFO,19.05.26,2026-06,47,E,M,27.05.26,0.825,0,1980,0,51.89456804,1.929,P,0.881205203,0.907430164,,,,,,,
check,TFO,19.05.26,2026-06,48,E,M,27.05.26,1.053,0,500,0,51.89456804,1.929,P,0.864501222,0.92547689,,,,,,,
check,TFO,19.05.26,2026-06,49,E,M,27.05.26,1.645,0,100,0,51.89456804,1.929,P,0.964914592,0.942825487,,,,,,,
check,TFO,19.05.26,2026-06,50,E,M,27.05.26,1.831979695,3.085,985,600,51.89456804,1.929,P,0.892438653,0.959526793,,,,,,,
check,TFO,19.05.26,2026-06,51,E,M,27.05.26,2.375914634,2.54,2050,1100,51.89456804,1.929,P,0.926110935,0.975626214,,,,,,,
check,TFO,19.05.26,2026-06,52,E,M,27.05.26,2.675,2.585833333,525,450,51.89456804,1.929,P,0.859254516,0.991164484,,,,,,,
check,TFO,19.05.26,2026-06,53,E,M,27.05.26,0,2.2,0,3050,51.89456804,1.929,C,0.875054661,1.00617829,,,,,,,
check,TFO,19.05.26,2026-06,55,E,M,27.05.26,5.05,1.464020772,500,3370,51.89456804,1.929,C,0.867122595,1.034762113,,,,,,,
check,TFO,19.05.26,2026-06,57,E,M,27.05.26,0,0.865,0,3000,51.89456804,1.929,C,0.832324363,1.061608314,,,,,,,
check,TFO,19.05.26,2026-06,58,E,M,27.05.26,0,1,0,50,51.89456804,1.929,C,0.972967293,1.074441107,,,,,,,
check,TFO,19.05.26,2026-06,60,E,M,27.05.26,0,0.649522673,0,2095,51.89456804,1.929,C,0.966694119,1.099031372,,,,,,,
check,TFO,19.05.26,2026-06,63,E,M,27.05.26,0,0.35,0,55,51.89456804,1.929,C,0.979816063,1.133497007,,,,,,,
check,TFO,19.05.26,2026-06,65,E,M,27.05.26,0,0.4,0,800,51.89456804,1.929,C,1.128972684,1.155040032,,,,,,,
check,TFO,19.05.26,2026-06,70,E,M,27.05.26,0,0.188125,0,800,51.89456804,1.929,C,1.181783391,1.204600877,,,,,,,
check,TFO,19.05.26,2026-06,80,E,M,27.05.26,0,0.12,0,500,51.89456804,1.929,C,1.465267257,1.289141466,,,,,,,
check,TFO,19.05.26,2026-07,33,E,M,26.06.26,0.205,0,10,0,52.04378859,1.929,P,0.836571037,0.677035917,,,,,,,
check,TFO,19.05.26,2026-07,35,E,M,26.06.26,0.3,0,900,0,52.04378859,1.929,P,0.806717937,0.702846744,,,,,,,
check,TFO,19.05.26,2026-07,38,E,M,26.06.26,0.5,0,300,0,52.04378859,1.929,P,0.758930693,0.737473836,,,,,,,
check,TFO,19.05.26,2026-07,40,E,M,26.06.26,0.923561047,0,1720,0,52.04378859,1.929,P,0.799814057,0.7583008,,,,,,,
check,TFO,19.05.26,2026-07,42,E,M,26.06.26,1.35,0,350,0,52.04378859,1.929,P,0.801016329,0.777610827,,,,,,,
check,TFO,19.05.26,2026-07,45,E,M,26.06.26,2.31,0,1145,0,52.04378859,1.929,P,0.821997929,0.80414844,,,,,,,
check,TFO,19.05.26,2026-07,50,E,M,26.06.26,5.014,6.22,250,2785,52.04378859,1.929,C,0.776049426,0.843104223,,,,,,,
check,TFO,19.05.26,2026-07,55,E,M,26.06.26,0,4.9,0,6985,52.04378859,1.929,C,0.90745385,0.876885827,,,,,,,
check,TFO,19.05.26,2026-07,56,E,M,26.06.26,0,4.55,0,950,52.04378859,1.929,C,0.908811911,0.883129818,,,,,,,
check,TFO,19.05.26,2026-07,60,E,M,26.06.26,0,3.648717949,0,975,52.04378859,1.929,C,0.959003709,0.906647437,,,,,,,
check,TFO,19.05.26,2026-07,65,E,M,26.06.26,0,2.81,0,4445,52.04378859,1.929,C,1.012664934,0.933200924,,,,,,,
check,TFO,19.05.26,2026-07,66,E,M,26.06.26,0,2.5,0,950,52.04378859,1.929,C,0.992357389,0.938181689,,,,,,,
check,TFO,19.05.26,2026-07,70,E,M,26.06.26,0,2.120903955,0,885,52.04378859,1.929,C,1.044388391,0.957138349,,,,,,,
check,TFO,19.05.26,2026-07,75,E,M,26.06.26,0,1.62,0,5,52.04378859,1.929,C,1.073194155,0.97890428,,,,,,,
check,TFO,19.05.26,2026-07,85,E,M,26.06.26,0,1.08,0,625,52.04378859,1.929,C,1.153094906,1.017216073,,,,,,,
check,TFO,19.05.26,2026-07,90,E,M,26.06.26,0,0.935,0,15,52.04378859,1.929,C,1.199413805,1.034244874,,,,,,,
check,TFO,19.05.26,2026-07,100,E,M,26.06.26,0,0.61,0,405,52.04378859,1.929,C,1.236697819,1.064927367,,,,,,,
check,TFO,19.05.26,2026-08,52,E,M,27.07.26,0,7.35,0,1750,51.93401286,1.929,C,0.814535639,0.856510422,,,,,,,
check,TFO,19.05.26,2026-08,55,E,M,27.07.26,0,6.39,0,400,51.93401286,1.929,C,0.841145832,0.870776237,,,,,,,
check,TFO,19.05.26,2026-08,60,E,M,27.07.26,0,5.215,0,100,51.93401286,1.929,C,0.892203716,0.892463875,,,,,,,
check,TFO,19.05.26,2026-08,70,E,M,27.07.26,0,3.525,0,5,51.93401286,1.929,C,0.962643052,0.929664844,,,,,,,
check,TFO,19.05.26,2026-08,80,E,M,27.07.26,0,2.5,0,5,51.93401286,1.929,C,1.020869244,0.960742695,,,,,,,
check,TFO,19.05.26,2026-08,100,E,M,27.07.26,0,1.35,0,300,51.93401286,1.929,C,1.101886296,1.010571307,,,,,,,
check,TFO,19.05.26,2026-09,50,E,M,26.08.26,0,9,0,250,51.85750307,1.929,C,0.753263424,1.054193126,,,,,,,
check,TFO,19.05.26,2026-09,60,E,M,26.08.26,0,6.35,0,250,51.85750307,1.929,C,0.851705938,1.090297292,,,,,,,
check,TFO,19.05.26,2026-10,35,E,M,25.09.26,1.3,0,1050,0,51.49095385,1.929,P,0.649584812,0.859695551,,,,,,,
check,TFO,19.05.26,2026-10,50,E,M,25.09.26,8.85,0,150,0,51.49095385,1.929,P,0.820240996,0.924763183,,,,,,,
check,TFO,19.05.26,2026-10,70,E,M,25.09.26,0,5.25,0,1025,51.49095385,1.929,C,0.866704186,0.982280449,,,,,,,
check,TFO,19.05.26,2026-10,75,E,M,25.09.26,0,4.55,0,350,51.49095385,1.929,C,0.885195509,0.993669955,,,,,,,
check,TFO,19.05.26,2026-12,30,E,M,26.11.26,0.76,0,400,0,50.10687097,1.929,P,0.569615648,0.782737982,,,,,,,
check,TFO,19.05.26,2026-12,35,E,M,26.11.26,2.11,0,250,0,50.10687097,1.929,P,0.618226362,0.805963083,,,,,,,
check,TFO,19.05.26,2026-12,50,E,M,26.11.26,0,9.65,0,300,50.10687097,1.929,C,0.656366912,0.857350046,,,,,,,
check,TFO,19.05.26,2026-12,60,E,M,26.11.26,0,7.35,0,325,50.10687097,1.929,C,0.731786474,0.882486192,,,,,,,
check,TFO,19.05.26,2027-04,45,E,M,25.03.27,0,6.2,0,300,38.45486294,1.929,C,0.587130475,0.870926902,,,,,,,
check,TFO,19.05.26,2027-04,50,E,M,25.03.27,0,5.25,0,200,38.45486294,1.929,C,0.612402702,0.881362294,,,,,,,
check,TFO,20.05.26,2026-06,36,E,M,27.05.26,0.05,0,1400,0,49.34750688,1.931,P,1.119380232,0.744805235,,,,,,,
check,TFO,20.05.26,2026-06,38,E,M,27.05.26,0.1,0,625,0,49.34750688,1.931,P,1.071292514,0.806705486,,,,,,,
check,TFO,20.05.26,2026-06,40,E,M,27.05.26,0.175,0,2055,0,49.34750688,1.931,P,1.003874686,0.861566489,,,,,,,
check,TFO,20.05.26,2026-06,41,E,M,27.05.26,0.25,0,4300,0,49.34750688,1.931,P,0.990972978,0.886824222,,,,,,,
check,TFO,20.05.26,2026-06,42,E,M,27.05.26,0.37,0,4675,0,49.34750688,1.931,P,0.994188141,0.910825548,,,,,,,
check,TFO,20.05.26,2026-06,43,E,M,27.05.26,0.295,0,500,0,49.34750688,1.931,P,0.829474512,0.933688556,,,,,,,
check,TFO,20.05.26,2026-06,44,E,M,27.05.26,0.667938144,0,1455,0,49.34750688,1.931,P,0.963998801,0.955515149,,,,,,,
check,TFO,20.05.26,2026-06,45,E,M,27.05.26,0.954012739,0,3925,0,49.34750688,1.931,P,0.987074216,0.976393902,,,,,,,
check,TFO,20.05.26,2026-06,46,E,M,27.05.26,1.13,0,1350,0,49.34750688,1.931,P,0.933264465,0.996402316,,,,,,,
check,TFO,20.05.26,2026-06,47,E,M,27.05.26,0.9,0,1060,0,49.34750688,1.931,P,0.694570398,1.015608617,,,,,,,
check,TFO,20.05.26,2026-06,48,E,M,27.05.26,1.71632948,0,865,0,49.34750688,1.931,P,0.869633454,1.034073198,,,,,,,
check,TFO,20.05.26,2026-06,49,E,M,27.05.26,1.5,0,200,0,49.34750688,1.931,P,0.617609089,1.051849791,,,,,,,
check,TFO,20.05.26,2026-06,50,E,M,27.05.26,1.895,2.046857143,2090,1750,49.34750688,1.931,P,0.567987928,1.068986427,,,,,,,
check,TFO,20.05.26,2026-06,51,E,M,27.05.26,0,1.59,0,50,49.34750688,1.931,C,0.836382497,1.085526226,,,,,,,
check,TFO,20.05.26,2026-06,52,E,M,27.05.26,4.075,2.1,15,135,49.34750688,1.931,C,1.162375686,1.101508054,,,,,,,
check,TFO,20.05.26,2026-06,53,E,M,27.05.26,0,1.044268293,0,2050,49.34750688,1.931,C,0.865434914,1.116967072,,,,,,,
check,TFO,20.05.26,2026-06,55,E,M,27.05.26,0,0.672321429,0,1680,49.34750688,1.931,C,0.890587579,1.146441502,,,,,,,
check,TFO,20.05.26,2026-06,57,E,M,27.05.26,0,0.44,0,50,49.34750688,1.931,C,0.922023181,1.174172612,,,,,,,
check,TFO,20.05.26,2026-06,60,E,M,27.05.26,0,0.37937046,0,2065,49.34750688,1.931,C,1.090492662,1.212901803,,,,,,,
check,TFO,20.05.26,2026-06,62,E,M,27.05.26,0,0.295,0,135,49.34750688,1.931,C,1.144941432,1.237032099,,,,,,,
check,TFO,20.05.26,2026-06,65,E,M,27.05.26,0,0.22,0,1030,49.34750688,1.931,C,1.23550587,1.271008752,,,,,,,
check,TFO,20.05.26,2026-06,70,E,M,27.05.26,0,0.117066667,0,1875,49.34750688,1.931,C,1.324069695,1.322554608,,,,,,,
check,TFO,20.05.26,2026-06,75,E,M,27.05.26,0,0.051388889,0,1800,49.34750688,1.931,C,1.356182507,1.368812995,,,,,,,
check,TFO,20.05.26,2026-06,80,E,M,27.05.26,0,0.07,0,100,49.34750688,1.931,C,1.594629851,1.41072199,,,,,,,
check,TFO,20.05.26,2026-07,30,E,M,26.06.26,0,21.57,0,50,49.09806991,1.931,C,1.834745634,0.669159786,,,,,,,
check,TFO,20.05.26,2026-07,33,E,M,26.06.26,0.205,0,15,0,49.09806991,1.931,P,0.764318133,0.712030266,,,,,,,
check,TFO,20.05.26,2026-07,34,E,M,26.06.26,2.45,17.7,1400,100,49.09806991,1.931,P,1.510082769,0.724961301,,,,,,,
check,TFO,20.05.26,2026-07,35,E,M,26.06.26,0.3,0,50,0,49.09806991,1.931,P,0.727944879,0.737309512,,,,,,,
check,TFO,20.05.26,2026-07,36,E,M,26.06.26,0.35,0,200,0,49.09806991,1.931,P,0.704774128,0.749122427,,,,,,,
check,TFO,20.05.26,2026-07,37,E,M,26.06.26,0,14.9,0,50,49.09806991,1.931,C,1.345995514,0.760442074,,,,,,,
check,TFO,20.05.26,2026-07,40,E,M,26.06.26,0.946292597,0,4255,0,49.09806991,1.931,P,0.702808937,0.791795208,,,,,,,
check,TFO,20.05.26,2026-07,43,E,M,26.06.26,1.6,0,200,0,49.09806991,1.931,P,0.67749429,0.819839254,,,,,,,
check,TFO,20.05.26,2026-07,45,E,M,26.06.26,3,0,1305,0,49.09806991,1.931,P,0.807944843,0.836999795,,,,,,,
check,TFO,20.05.26,2026-07,46,E,M,26.06.26,2.775,0,1100,0,49.09806991,1.931,P,0.694139782,0.845174128,,,,,,,
check,TFO,20.05.26,2026-07,48,E,M,26.06.26,3.69,0,40,0,49.09806991,1.931,P,0.693067919,0.860786996,,,,,,,
check,TFO,20.05.26,2026-07,50,E,M,26.06.26,4.95,5.343673469,800,1225,49.09806991,1.931,C,0.915997001,0.875506293,,,,,,,
check,TFO,20.05.26,2026-07,51,E,M,26.06.26,5.6,5.6,250,250,49.09806991,1.931,PC,,0.882559901,,,,,,,
check,TFO,20.05.26,2026-07,52,E,M,26.06.26,0,5.2,0,100,49.09806991,1.931,C,1.019134212,0.889423247,,,,,,,
check,TFO,20.05.26,2026-07,55,E,M,26.06.26,0,3.753087774,0,1595,49.09806991,1.931,C,0.947599562,0.908962333,,,,,,,
check,TFO,20.05.26,2026-07,60,E,M,26.06.26,0,3.2,0,250,49.09806991,1.931,C,1.074072381,0.938481626,,,,,,,
check,TFO,20.05.26,2026-07,65,E,M,26.06.26,0,2.34,0,40,49.09806991,1.931,C,1.093894427,0.964851132,,,,,,,
check,TFO,20.05.26,2026-07,70,E,M,26.06.26,0,2.07,0,750,49.09806991,1.931,C,1.187939106,0.988646802,,,,,,,
check,TFO,20.05.26,2026-07,80,E,M,26.06.26,0,1.04,0,250,49.09806991,1.931,C,1.171190577,1.030152239,,,,,,,
check,TFO,20.05.26,2026-07,90,E,M,26.06.26,0,0.605,0,25,49.09806991,1.931,C,1.198949515,1.06543472,,,,,,,
check,TFO,20.05.26,2026-07,100,E,M,26.06.26,0,0.62,0,150,49.09806991,1.931,C,1.35506619,1.096042379,,,,,,,
check,TFO,20.05.26,2026-08,30,E,M,27.07.26,0,21.84,0,75,49.12519063,1.931,C,1.40090921,0.724217535,,,,,,,
check,TFO,20.05.26,2026-08,34,E,M,27.07.26,0,18.2,0,150,49.12519063,1.931,C,1.215101886,0.761606453,,,,,,,
check,TFO,20.05.26,2026-08,35,E,M,27.07.26,0.7,0,170,0,49.12519063,1.931,P,0.67366047,0.770015737,,,,,,,
check,TFO,20.05.26,2026-08,37,E,M,27.07.26,0,15.7,0,75,49.12519063,1.931,C,1.11890296,0.785892843,,,,,,,
check,TFO,20.05.26,2026-08,50,E,M,27.07.26,0,6.96,0,500,49.12519063,1.931,C,0.862457267,0.867006386,,,,,,,
check,TFO,20.05.26,2026-08,51,E,M,27.07.26,8.3,0,50,0,49.12519063,1.931,P,0.868144033,0.872082332,,,,,,,
check,TFO,20.05.26,2026-08,65,E,M,27.07.26,0,4.2,0,15,49.12519063,1.931,C,1.052353475,0.932055285,,,,,,,
check,TFO,20.05.26,2026-08,75,E,M,27.07.26,0,2.42,0,950,49.12519063,1.931,C,1.024573697,0.965717352,,,,,,,
check,TFO,20.05.26,2026-08,100,E,M,27.07.26,0,1.3,0,150,49.12519063,1.931,C,1.178220227,1.030105404,,,,,,,
check,TFO,20.05.26,2026-09,34.5,E,M,26.08.26,0.985,0,20,0,49.08238556,1.931,P,0.644409829,0.993587593,,,,,,,
check,TFO,20.05.26,2026-09,45,E,M,26.08.26,4.95,0,700,0,49.08238556,1.931,P,0.715492187,1.049317899,,,,,,,
check,TFO,20.05.26,2026-09,50,E,M,26.08.26,7.925,9,100,400,49.08238556,1.931,C,0.922038687,1.070631675,,,,,,,
check,TFO,20.05.26,2026-09,57,E,M,26.08.26,0,6.75,0,5,49.08238556,1.931,C,0.935386891,1.096571333,,,,,,,
check,TFO,20.05.26,2026-09,70,E,M,26.08.26,0,4.65,0,450,49.08238556,1.931,C,1.023877459,1.136072006,,,,,,,
check,TFO,20.05.26,2026-09,85,E,M,26.08.26,0,3.08,0,50,49.08238556,1.931,C,1.079088686,1.172198341,,,,,,,
check,TFO,20.05.26,2026-10,28,E,M,25.09.26,0.31,0,75,0,48.7780066,1.931,P,0.598489357,0.830351116,,,,,,,
check,TFO,20.05.26,2026-10,45,E,M,25.09.26,5.55,0,600,0,48.7780066,1.931,P,0.676484827,0.919264556,,,,,,,
check,TFO,20.05.26,2026-10,55,E,M,25.09.26,0,7.16,0,100,48.7780066,1.931,C,0.811929204,0.954436463,,,,,,,
check,TFO,20.05.26,2026-10,60,E,M,25.09.26,0,6.11,0,100,48.7780066,1.931,C,0.84421707,0.969297935,,,,,,,
check,TFO,20.05.26,2026-10,65,E,M,25.09.26,0,5.8,0,200,48.7780066,1.931,C,0.920345941,0.982774147,,,,,,,
check,TFO,20.05.26,2026-11,75,E,M,27.10.26,0,5,0,320,47.70739467,1.931,C,0.937057132,1.003825353,,,,,,,
check,TFO,20.05.26,2026-11,100,E,M,27.10.26,0,3.05,0,285,47.70739467,1.931,C,1.00729953,1.044098601,,,,,,,
check,TFO,20.05.26,2026-12,50,E,M,26.11.26,0,9.8,0,470,47.36702464,1.931,C,0.787955141,0.867452743,,,,,,,
check,TFO,20.05.26,2026-12,60,E,M,26.11.26,0,7.525,0,100,47.36702464,1.931,C,0.839095241,0.892437412,,,,,,,
check,TFO,20.05.26,2026-12,75,E,M,26.11.26,0,5.45,0,170,47.36702464,1.931,C,0.903290752,0.922110857,,,,,,,
check,TFO,20.05.26,2026-12,100,E,M,26.11.26,0,3.43,0,235,47.36702464,1.931,C,0.967139811,0.959032499,,,,,,,
check,TFO,20.05.26,2027-01,25,E,M,24.12.26,0.46,0,57,0,47.0054461,1.931,P,0.566209037,0.715527581,,,,,,,
check,TFO,20.05.26,2027-01,35,E,M,24.12.26,2.96,0,57,0,47.0054461,1.931,P,0.615428487,0.763237424,,,,,,,
check,TFO,20.05.26,2027-01,40,E,M,24.12.26,5.175,0,500,0,47.0054461,1.931,P,0.63650587,0.781384893,,,,,,,
check,TFO,20.05.26,2027-01,55,E,M,24.12.26,0,8.34,0,275,47.0054461,1.931,C,0.757977135,0.823084402,,,,,,,
check,TFO,20.05.26,2027-01,65,E,M,24.12.26,0,6.76,0,100,47.0054461,1.931,C,0.818413146,0.844150929,,,,,,,
check,TFO,20.05.26,2027-01,70,E,M,24.12.26,0,7.25,0,400,47.0054461,1.931,C,0.920811625,0.853332647,,,,,,,
check,TFO,20.05.26,2027-02,25,E,M,27.01.27,0.7,0,259,0,46.6268084,1.931,P,0.58078119,0.701734924,,,,,,,
check,TFO,20.05.26,2027-02,35,E,M,27.01.27,3.7,0,259,0,46.6268084,1.931,P,0.6363964,0.745276723,,,,,,,
check,TFO,20.05.26,2027-02,55,E,M,27.01.27,0,8.66,0,715,46.6268084,1.931,C,0.73652252,0.800129967,,,,,,,
check,TFO,20.05.26,2027-02,65,E,M,27.01.27,0,7.14,0,590,46.6268084,1.931,C,0.795209472,0.819492495,,,,,,,
check,TFO,20.05.26,2027-04,45,E,M,25.03.27,0,5.6,0,450,37.58171875,1.931,C,0.575974386,0.874623958,,,,,,,