'check',contract_code,ts_event,contract_delivery_period,option_strike_price,ex_style,opt_term,option_expiry_date,put_price,call_price,put_volume,call_volume,close_of_future,euro_short_term_rate,selected_option,implied_volatility,ssvi_implied_volatility
check,TFO,2026-04-20,2026-05,32.0,E,M,2026-04-24,0.03,0.0,300,0,39.59774234871834,1.931,P,1.007739888011776,1.1355828389407243
check,TFO,2026-04-20,2026-05,33.0,E,M,2026-04-24,0.05,0.0,275,0,39.59774234871834,1.931,P,0.9610532580968435,1.177223117656187
check,TFO,2026-04-20,2026-05,34.0,E,M,2026-04-24,0.12,0.0,375,0,39.59774234871834,1.931,P,0.9933231510798136,1.2163127236133078
check,TFO,2026-04-20,2026-05,35.0,E,M,2026-04-24,0.19147058823529411,0.0,3400,0,39.59774234871834,1.931,P,0.9526645232322496,1.253143536211815
check,TFO,2026-04-20,2026-05,36.0,E,M,2026-04-24,0.23,0.0,250,0,39.59774234871834,1.931,P,0.8354621221597947,1.2879592253177776
check,TFO,2026-04-20,2026-05,37.0,E,M,2026-04-24,0.5973684210526317,0.0,475,0,39.59774234871834,1.931,P,0.9813201457491874,1.3209654247309752
check,TFO,2026-04-20,2026-05,38.0,E,M,2026-04-24,0.7260869565217392,0.0,575,0,39.59774234871834,1.931,P,0.8544423591980174,1.352337354343805
check,TFO,2026-04-20,2026-05,39.0,E,M,2026-04-24,1.3972049689440993,0.0,805,0,39.59774234871834,1.931,P,1.026329879243772,1.382225615940081
check,TFO,2026-04-20,2026-05,40.0,E,M,2026-04-24,1.8156050955414011,1.8967391304347825,3140,575,39.59774234871834,1.931,P,0.9701315199278607,1.4107606620302926
check,TFO,2026-04-20,2026-05,42.0,E,M,2026-04-24,0.0,1.1,0,350,39.59774234871834,1.931,C,1.2233208806971536,1.4642123828058287
check,TFO,2026-04-20,2026-05,43.0,E,M,2026-04-24,0.0,1.0,0,475,39.59774234871834,1.931,C,1.3424063423762211,1.489317150402458
check,TFO,2026-04-20,2026-05,44.0,E,M,2026-04-24,4.5,0.79,300,200,39.59774234871834,1.931,P,0.7057895989961748,1.5134488729268578
check,TFO,2026-04-20,2026-05,45.0,E,M,2026-04-24,0.0,0.7497202797202797,0,3575,39.59774234871834,1.931,C,1.478750333730168,1.5366773690509998
check,TFO,2026-04-20,2026-05,46.0,E,M,2026-04-24,0.0,0.59,0,100,39.59774234871834,1.931,C,1.483726491833905,1.5590651838395488
check,TFO,2026-04-20,2026-05,48.0,E,M,2026-04-24,0.0,0.4625,0,40,39.59774234871834,1.931,C,1.60894496200017,1.6015383389152897
check,TFO,2026-04-20,2026-05,50.0,E,M,2026-04-24,9.7,0.33187995469988674,500,4415,39.59774234871834,1.931,C,1.6741978732910148,1.64125688294067
check,TFO,2026-04-20,2026-05,55.0,E,M,2026-04-24,0.0,0.14,0,100,39.59774234871834,1.931,C,1.7902193664807986,1.7304802668703094
check,TFO,2026-04-20,2026-05,60.0,E,M,2026-04-24,0.0,0.12,0,1600,39.59774234871834,1.931,C,2.097245430085305,1.8081264353967845
check,TFO,2026-04-20,2026-05,65.0,E,M,2026-04-24,0.0,0.075,0,500,39.59774234871834,1.931,C,2.2456597332531976,1.8767391550301844
check,TFO,2026-04-20,2026-05,70.0,E,M,2026-04-24,0.0,0.06,0,750,39.59774234871834,1.931,C,2.4409176435000974,1.938113368924435
check,TFO,2026-04-20,2026-06,30.0,E,M,2026-05-27,0.375,0.0,300,0,39.58657400006395,1.931,P,0.6956131561744843,0.762739466773057
check,TFO,2026-04-20,2026-06,31.0,E,M,2026-05-27,0.55,0.0,20,0,39.58657400006395,1.931,P,0.709795076058902,0.7760379118523029
check,TFO,2026-04-20,2026-06,32.5,E,M,2026-05-27,0.77,0.0,10,0,39.58657400006395,1.931,P,0.6875775927279502,0.7948230036233802
check,TFO,2026-04-20,2026-06,34.0,E,M,2026-05-27,1.15,0.0,200,0,39.58657400006395,1.931,P,0.6919426946970323,0.8123666106120673
check,TFO,2026-04-20,2026-06,34.5,E,M,2026-05-27,1.345,0.0,5,0,39.58657400006395,1.931,P,0.7052085927931834,0.817964480005727
check,TFO,2026-04-20,2026-06,35.0,E,M,2026-05-27,1.5995220588235293,0.0,1360,0,39.58657400006395,1.931,P,0.7291132753581329,0.8234455244590351
check,TFO,2026-04-20,2026-06,37.0,E,M,2026-05-27,2.88,0.0,1000,0,39.58657400006395,1.931,P,0.8411156291358662,0.8442875922134594
check,TFO,2026-04-20,2026-06,38.0,E,M,2026-05-27,2.725,0.0,30,0,39.58657400006395,1.931,P,0.711386228369522,0.8541133495664729
check,TFO,2026-04-20,2026-06,39.0,E,M,2026-05-27,3.35,0.0,100,0,39.58657400006395,1.931,P,0.7383874859421448,0.8635787073397309
check,TFO,2026-04-20,2026-06,40.0,E,M,2026-05-27,3.93,4.02,825,2750,39.58657400006395,1.931,C,0.831604818692836,0.8727076574139268
check,TFO,2026-04-20,2026-06,43.0,E,M,2026-05-27,0.0,2.67,0,1000,39.58657400006395,1.931,C,0.7895709737056273,0.8982834858149455
check,TFO,2026-04-20,2026-06,45.0,E,M,2026-05-27,0.0,2.7,0,2375,39.58657400006395,1.931,C,0.9197784675355348,0.9140012159478047
check,TFO,2026-04-20,2026-06,50.0,E,M,2026-05-27,0.0,1.8796052631578948,0,1900,39.58657400006395,1.931,C,0.9918217170819255,0.949443413020877
check,TFO,2026-04-20,2026-06,55.0,E,M,2026-05-27,0.0,1.22,0,1000,39.58657400006395,1.931,C,1.0160259199383486,0.9804169223766219
check,TFO,2026-04-20,2026-06,60.0,E,M,2026-05-27,0.0,0.9520967741935483,0,620,39.58657400006395,1.931,C,1.0901876823957561,1.007872840020575
check,TFO,2026-04-20,2026-06,70.0,E,M,2026-05-27,0.0,0.55,0,800,39.58657400006395,1.931,C,1.1774162968367912,1.0547793543628303
check,TFO,2026-04-20,2026-06,80.0,E,M,2026-05-27,0.0,0.375,0,300,39.58657400006395,1.931,C,1.270021855629969,1.0938015873684628
check,TFO,2026-04-20,2026-06,90.0,E,M,2026-05-27,0.0,0.24,0,500,39.58657400006395,1.931,C,1.3212335936538535,1.1271095745015396
check,TFO,2026-04-20,2026-06,120.0,E,M,2026-05-27,0.0,0.12,0,1000,39.58657400006395,1.931,C,1.5147214355291307,1.2046226161831854
check,TFO,2026-04-20,2026-07,30.0,E,M,2026-06-26,0.72,0.0,275,0,39.562096389551336,1.931,P,0.6318026050808321,0.7582576256688411
check,TFO,2026-04-20,2026-07,35.0,E,M,2026-06-26,2.1,0.0,625,0,39.562096389551336,1.931,P,0.6341994935471922,0.8013129966767757
check,TFO,2026-04-20,2026-07,40.0,E,M,2026-06-26,4.9,0.0,540,0,39.562096389551336,1.931,P,0.7027530666249711,0.8368620616187736
check,TFO,2026-04-20,2026-07,44.0,E,M,2026-06-26,7.45,0.0,25,0,39.562096389551336,1.931,P,0.7079599117575248,0.8613566379575777
check,TFO,2026-04-20,2026-07,45.0,E,M,2026-06-26,0.0,3.7,0,50,39.562096389551336,1.931,C,0.8336808428463874,0.8670331434407721
check,TFO,2026-04-20,2026-07,50.0,E,M,2026-06-26,0.0,2.6,0,125,39.562096389551336,1.931,C,0.8569289478728462,0.8931735451014394
check,TFO,2026-04-20,2026-07,51.0,E,M,2026-06-26,0.0,2.255,0,15,39.562096389551336,1.931,C,0.8324965218621936,0.8980030510482888
check,TFO,2026-04-20,2026-07,57.0,E,M,2026-06-26,0.0,1.595,0,15,39.562096389551336,1.931,C,0.8811637888653512,0.9246670793247832
check,TFO,2026-04-20,2026-07,60.0,E,M,2026-06-26,0.0,1.475,0,800,39.562096389551336,1.931,C,0.9278380552509259,0.9367113246439135
check,TFO,2026-04-20,2026-07,85.0,E,M,2026-06-26,0.0,0.68,0,35,39.562096389551336,1.931,C,1.130296322386421,1.0147647961578043
check,TFO,2026-04-20,2026-08,45.0,E,M,2026-07-27,0.0,3.95,0,250,39.46252485158084,1.931,C,0.7230031781020317,1.09299654664772
check,TFO,2026-04-20,2026-08,55.0,E,M,2026-07-27,0.0,2.305,0,250,39.46252485158084,1.931,C,0.7960963000671616,1.1317146829672589
check,TFO,2026-04-20,2026-08,85.0,E,M,2026-07-27,0.0,0.93,0,32,39.46252485158084,1.931,C,1.004170619810065,1.2115217219758014
check,TFO,2026-04-20,2026-09,25.0,E,M,2026-08-26,0.35,0.0,300,0,39.55231446059678,1.931,P,0.5511352733068093,0.8491350462789854
check,TFO,2026-04-20,2026-09,29.0,E,M,2026-08-26,0.715,0.0,25,0,39.55231446059678,1.931,P,0.49882304985592435,0.8773128917616616
check,TFO,2026-04-20,2026-09,30.0,E,M,2026-08-26,0.985,0.0,50,0,39.55231446059678,1.931,P,0.514137194675266,0.8836264712206703
check,TFO,2026-04-20,2026-09,70.0,E,M,2026-08-26,0.0,1.68,0,25,39.55231446059678,1.931,C,0.8467530511753283,1.0291502594698418
check,TFO,2026-04-20,2026-09,75.0,E,M,2026-08-26,0.0,1.465,0,50,39.55231446059678,1.931,C,0.873634797367694,1.0401178740028996
check,TFO,2026-04-20,2026-09,95.0,E,M,2026-08-26,0.0,0.74,0,25,39.55231446059678,1.931,C,0.9151490872373182,1.0768597535911086
check,TFO,2026-04-20,2026-10,50.0,E,M,2026-09-25,0.0,4.1,0,175,39.57715631050871,1.931,C,0.7054536750227793,0.8765016090688117
check,TFO,2026-04-20,2026-10,60.0,E,M,2026-09-25,0.0,2.8,0,50,39.57715631050871,1.931,C,0.7618142913278919,0.9037749978505082
check,TFO,2026-04-20,2027-01,43.0,E,M,2026-12-24,0.0,6.9,0,1092,39.17,1.931,C,0.6363243969232224,0.7980157690586097
check,TFO,2026-04-20,2027-01,53.0,E,M,2026-12-24,0.0,4.85,0,1043,39.17,1.931,C,0.6845308537496171,0.8226229110203214
check,TFO,2026-04-21,2026-05,32.0,E,M,2026-04-24,0.29000000000000004,0.0,1250,0,43.16070526723876,1.932,P,2.3589728038902424,1.1667381985513734
check,TFO,2026-04-21,2026-05,34.0,E,M,2026-04-24,0.065,0.0,1675,0,43.16070526723876,1.932,P,1.435486352835912,1.2700463631417147
check,TFO,2026-04-21,2026-05,35.0,E,M,2026-04-24,0.21130434782608695,7.225,6325,1375,43.16070526723876,1.932,P,1.649697661140312,1.3167383252257236
check,TFO,2026-04-21,2026-05,36.0,E,M,2026-04-24,0.2,0.0,850,0,43.16070526723876,1.932,P,1.4547086769920126,1.360649841221959
check,TFO,2026-04-21,2026-05,37.0,E,M,2026-04-24,0.32,0.0,3200,0,43.16070526723876,1.932,P,1.462741164506546,1.4020918152297752
check,TFO,2026-04-21,2026-05,38.0,E,M,2026-04-24,0.4985110470701249,0.0,5205,0,43.16070526723876,1.932,P,1.4826439647667982,1.4413249096715897
check,TFO,2026-04-21,2026-05,39.0,E,M,2026-04-24,0.86,0.0,50,0,43.16070526723876,1.932,P,1.6099513669769492,1.4785698979432265
check,TFO,2026-04-21,2026-05,40.0,E,M,2026-04-24,1.1976993865030674,2.7604060913705584,3260,985,43.16070526723876,1.932,P,1.6415786410698494,1.514015493385043
check,TFO,2026-04-21,2026-05,42.0,E,M,2026-04-24,2.165,2.005,750,250,43.16070526723876,1.932,P,1.7615948391215126,1.580137697971446
check,TFO,2026-04-21,2026-05,43.0,E,M,2026-04-24,2.62,1.975,75,220,43.16070526723876,1.932,C,1.2141531554099876,1.611079029367538
check,TFO,2026-04-21,2026-05,44.0,E,M,2026-04-24,0.0,0.6,0,100,43.16070526723876,1.932,C,0.608934961109198,1.6407569636878223
check,TFO,2026-04-21,2026-05,45.0,E,M,2026-04-24,0.0,1.0782065217391306,0,4600,43.16070526723876,1.932,C,1.162763607097919,1.6692675899762761
check,TFO,2026-04-21,2026-05,46.0,E,M,2026-04-24,0.0,0.855,0,600,43.16070526723876,1.932,C,1.2127999810659147,1.6966963465609057
check,TFO,2026-04-21,2026-05,47.0,E,M,2026-04-24,0.0,0.325,0,200,43.16070526723876,1.932,C,0.9446275783715451,1.7231195596347932
check,TFO,2026-04-21,2026-05,48.0,E,M,2026-04-24,0.0,0.6029411764705882,0,1020,43.16070526723876,1.932,C,1.3588911296487305,1.7486057107344088
check,TFO,2026-04-21,2026-05,49.0,E,M,2026-04-24,0.0,0.885,0,35,43.16070526723876,1.932,C,1.7570422704815793,1.7732164888710682
check,TFO,2026-04-21,2026-05,50.0,E,M,2026-04-24,0.0,0.6514503816793893,0,6550,43.16070526723876,1.932,C,1.7018148907000337,1.7970076700979964
check,TFO,2026-04-21,2026-05,52.0,E,M,2026-04-24,0.0,0.25,0,200,43.16070526723876,1.932,C,1.496829357785173,1.8423291086388907
check,TFO,2026-04-21,2026-05,55.0,E,M,2026-04-24,0.0,0.23,0,1200,43.16070526723876,1.932,C,1.7818884325087019,1.9052923009462441
check,TFO,2026-04-21,2026-05,60.0,E,M,2026-04-24,0.0,0.13782608695652174,0,1150,43.16070526723876,1.932,C,2.032997448433156,1.9990847997009549
check,TFO,2026-04-21,2026-05,80.0,E,M,2026-04-24,0.0,0.01,0,100,43.16070526723876,1.932,C,2.435868819475553,2.282096445083807
check,TFO,2026-04-21,2026-06,30.0,E,M,2026-05-27,0.3295454545454546,0.0,550,0,43.158974502661806,1.932,P,0.8242066273381701,0.7365992370421325
check,TFO,2026-04-21,2026-06,32.0,E,M,2026-05-27,0.6,0.0,1250,0,43.158974502661806,1.932,P,0.8337840901348723,0.7641442051873215
check,TFO,2026-04-21,2026-06,33.0,E,M,2026-05-27,1.02,0.0,250,0,43.158974502661806,1.932,P,0.9209388537238317,0.776946247488701
check,TFO,2026-04-21,2026-06,35.0,E,M,2026-05-27,1.3092468619246862,0.0,1195,0,43.158974502661806,1.932,P,0.8650942374628872,0.8008746928382428
check,TFO,2026-04-21,2026-06,37.0,E,M,2026-05-27,1.92,0.0,1250,0,43.158974502661806,1.932,P,0.8702489807731805,0.8228530579173386
check,TFO,2026-04-21,2026-06,38.0,E,M,2026-05-27,2.35,0.0,300,0,43.158974502661806,1.932,P,0.8881341101430222,0.8332002588125549
check,TFO,2026-04-21,2026-06,39.0,E,M,2026-05-27,2.905,0.0,150,0,43.158974502661806,1.932,P,0.9227937992571157,0.8431596750458041
check,TFO,2026-04-21,2026-06,40.0,E,M,2026-05-27,3.4,5.175,3400,300,43.158974502661806,1.932,P,0.9353554908836914,0.8527576827859378
check,TFO,2026-04-21,2026-06,42.0,E,M,2026-05-27,4.7,0.0,200,0,43.158974502661806,1.932,P,0.9982201870082329,0.8709625174519404
check,TFO,2026-04-21,2026-06,43.0,E,M,2026-05-27,0.0,4.125,0,125,43.158974502661806,1.932,C,0.7443891387398559,0.879610541973799
check,TFO,2026-04-21,2026-06,45.0,E,M,2026-05-27,0.0,3.7,0,2650,43.158974502661806,1.932,C,0.8225607382352598,0.8960873902886687
check,TFO,2026-04-21,2026-06,48.0,E,M,2026-05-27,0.0,1.88,0,100,43.158974502661806,1.932,C,0.6665457135695035,0.918980058872729
check,TFO,2026-04-21,2026-06,50.0,E,M,2026-05-27,10.52,2.44,1100,2600,43.158974502661806,1.932,C,0.88318281260608,0.9331751873241458
check,TFO,2026-04-21,2026-06,55.0,E,M,2026-05-27,0.0,2.025,0,550,43.158974502661806,1.932,C,1.0199200956689856,0.9655178997783114
check,TFO,2026-04-21,2026-06,60.0,E,M,2026-05-27,0.0,0.94,0,500,43.158974502661806,1.932,C,0.9214683633870825,0.9941386998605075
check,TFO,2026-04-21,2026-06,65.0,E,M,2026-05-27,0.0,1.1,0,700,43.158974502661806,1.932,C,1.1131701048763514,1.019766832412989
check,TFO,2026-04-21,2026-06,70.0,E,M,2026-05-27,0.0,0.995,0,50,43.158974502661806,1.932,C,1.2071523567840998,1.0429396697544924
check,TFO,2026-04-21,2026-07,30.0,E,M,2026-06-26,0.56,0.0,50,0,43.11138977748094,1.932,P,0.7004160746410856,0.7387310026592702
check,TFO,2026-04-21,2026-07,33.0,E,M,2026-06-26,1.34,0.0,5,0,43.11138977748094,1.932,P,0.7564168358973004,0.7666924160621061
check,TFO,2026-04-21,2026-07,45.0,E,M,2026-06-26,0.0,3.425,0,450,43.11138977748094,1.932,C,0.5692692927033155,0.851507837320029
check,TFO,2026-04-21,2026-07,55.0,E,M,2026-06-26,0.0,1.85,0,125,43.11138977748094,1.932,C,0.7240470228888497,0.9022262254263425
check,TFO,2026-04-21,2026-07,70.0,E,M,2026-06-26,0.0,1.18,0,160,43.11138977748094,1.932,C,0.9349408377702545,0.9596893560924533
check,TFO,2026-04-21,2026-08,45.0,E,M,2026-07-27,0.0,4.35,0,450,43.034416685205784,1.932,C,0.5751252462913482,1.081386916173697
check,TFO,2026-04-21,2026-08,55.0,E,M,2026-07-27,0.0,2.6,0,325,43.034416685205784,1.932,C,0.6968105483021589,1.1208919713500218
check,TFO,2026-04-21,2026-10,30.0,E,M,2026-09-25,0.97,0.0,1075,0,42.8740484608985,1.932,P,0.5379778853904384,0.7842281871446874
check,TFO,2026-04-21,2026-10,37.0,E,M,2026-09-25,3.92,0.0,1250,0,42.8740484608985,1.932,P,0.635440165670994,0.8192058227182413
check,TFO,2026-04-21,2026-10,50.0,E,M,2026-09-25,0.0,4.75,0,50,42.8740484608985,1.932,C,0.6377061577830992,0.8670132715806678
check,TFO,2026-04-21,2026-10,60.0,E,M,2026-09-25,0.0,3.275,0,375,42.8740484608985,1.932,C,0.7089900675076843,0.8947426594632255
check,TFO,2026-04-21,2026-12,70.0,E,M,2026-11-26,0.0,3.85,0,225,42.44390345349131,1.932,C,0.7870624309500314,0.8638440625013669
check,TFO,2026-04-22,2026-05,35.0,E,M,2026-04-24,0.05,0.0,1000,0,44.14145454351808,1.931,P,1.6351403925786194,1.5685150489576882
check,TFO,2026-04-22,2026-05,36.0,E,M,2026-04-24,0.03,0.0,1225,0,44.14145454351808,1.931,P,1.348879707871612,1.6236915018652966
check,TFO,2026-04-22,2026-05,37.0,E,M,2026-04-24,0.27,0.0,90,0,44.14145454351808,1.931,P,1.8750324198272919,1.675690795719588
check,TFO,2026-04-22,2026-05,38.0,E,M,2026-04-24,0.1575,4.865,1900,50,44.14145454351808,1.931,P,1.4401578614122457,1.724856856901531
check,TFO,2026-04-22,2026-05,40.0,E,M,2026-04-24,0.20189583333333333,3.87,7200,6395,44.14145454351808,1.931,P,1.1242608244187304,1.8158062596659061
check,TFO,2026-04-22,2026-05,41.0,E,M,2026-04-24,0.4191693290734824,2.2,1565,25,44.14145454351808,1.931,P,1.1896716349057577,1.8580485536175522
check,TFO,2026-04-22,2026-05,42.0,E,M,2026-04-24,1.2,2.45,1010,200,44.14145454351808,1.931,P,1.653774470984904,1.8983901072110296
check,TFO,2026-04-22,2026-05,43.0,E,M,2026-04-24,0.9075949367088607,1.335,1975,400,44.14145454351808,1.931,P,1.0942679486356797,1.9369908831842055
check,TFO,2026-04-22,2026-05,44.0,E,M,2026-04-24,2.5,1.4700000000000002,1000,300,44.14145454351808,1.931,P,1.9791031873786655,1.9739912110200064
check,TFO,2026-04-22,2026-05,45.0,E,M,2026-04-24,3.0,1.2931297709923664,750,3275,44.14145454351808,1.931,C,1.2817613921195181,2.0095149189814703
check,TFO,2026-04-22,2026-05,46.0,E,M,2026-04-24,0.0,0.7572857142857142,0,875,44.14145454351808,1.931,C,1.1325360331776058,2.0436718598156673
check,TFO,2026-04-22,2026-05,48.0,E,M,2026-04-24,0.0,0.4610344827586207,0,1450,44.14145454351808,1.931,C,1.2910817869985607,2.108266937936023
check,TFO,2026-04-22,2026-05,49.0,E,M,2026-04-24,0.0,0.51,0,45,44.14145454351808,1.931,C,1.5323581241693947,2.1388716372448147
check,TFO,2026-04-22,2026-05,50.0,E,M,2026-04-24,0.0,0.32170212765957445,0,2585,44.14145454351808,1.931,C,1.471762266232343,2.1684452520080995
check,TFO,2026-04-22,2026-05,55.0,E,M,2026-04-24,0.0,0.155,0,1400,44.14145454351808,1.931,C,1.8515842963945923,2.302912542316756
check,TFO,2026-04-22,2026-05,60.0,E,M,2026-04-24,0.0,0.1,0,25,44.14145454351808,1.931,C,2.215113322526229,2.4192232013450248
check,TFO,2026-04-22,2026-05,70.0,E,M,2026-04-24,0.0,0.06,0,50,44.14145454351808,1.931,C,2.8542373261988816,2.6127024694018663
check,TFO,2026-04-22,2026-05,75.0,E,M,2026-04-24,0.0,0.025,0,450,44.14145454351808,1.931,C,2.873787446600652,2.694831645107923
check,TFO,2026-04-22,2026-06,30.0,E,M,2026-05-27,0.253125,0.0,1200,0,44.104494007989345,1.931,P,0.8196899030123093,0.7374400047813375
check,TFO,2026-04-22,2026-06,32.0,E,M,2026-05-27,0.475,0.0,700,0,44.104494007989345,1.931,P,0.8280080976091386,0.7657124822505779
check,TFO,2026-04-22,2026-06,33.0,E,M,2026-05-27,0.5,0.0,500,0,44.104494007989345,1.931,P,0.7780335256080826,0.778845178938787
check,TFO,2026-04-22,2026-06,35.0,E,M,2026-05-27,1.018970588235294,0.0,2720,0,44.104494007989345,1.931,P,0.8375890777653121,0.8033797807365316
check,TFO,2026-04-22,2026-06,40.0,E,M,2026-05-27,3.0300000000000002,0.0,1360,0,44.104494007989345,1.931,P,0.9358021051406217,0.8565286440043981
check,TFO,2026-04-22,2026-06,45.0,E,M,2026-05-27,0.0,4.5,0,2050,44.104494007989345,1.931,C,0.8934557606344375,0.9008706813789762
check,TFO,2026-04-22,2026-06,50.0,E,M,2026-05-27,0.0,3.0234496124031005,0,2580,44.104494007989345,1.931,C,0.9415756608155046,0.938796701400353
check,TFO,2026-04-22,2026-06,55.0,E,M,2026-05-27,0.0,1.875,0,1050,44.104494007989345,1.931,C,0.9435182827110714,0.9718513979634824
check,TFO,2026-04-22,2026-06,60.0,E,M,2026-05-27,0.0,1.403048780487805,0,820,44.104494007989345,1.931,C,1.0149560035574592,1.001088851047037
check,TFO,2026-04-22,2026-06,65.0,E,M,2026-05-27,0.0,1.0976470588235294,0,850,44.104494007989345,1.931,C,1.0821575500948097,1.0272593381469455
check,TFO,2026-04-22,2026-06,70.0,E,M,2026-05-27,0.0,0.7609677419354839,0,310,44.104494007989345,1.931,C,1.09911910461622,1.0509151467680418
check,TFO,2026-04-22,2026-06,75.0,E,M,2026-05-27,0.0,0.75,0,15,44.104494007989345,1.931,C,1.206804156480035,1.072474134942048
check,TFO,2026-04-22,2026-07,30.0,E,M,2026-06-26,0.0,13.2,0,90,44.149592618832926,1.931,C,,0.7371947808375711
check,TFO,2026-04-22,2026-07,34.0,E,M,2026-06-26,0.0,10.075,0,80,44.149592618832926,1.931,C,,0.7743243747912477
check,TFO,2026-04-22,2026-07,37.0,E,M,2026-06-26,0.0,8.2,0,40,44.149592618832926,1.931,C,0.4993947869518176,0.7984598096014613
check,TFO,2026-04-22,2026-07,45.0,E,M,2026-06-26,0.0,5.45,0,4700,44.149592618832926,1.931,C,0.7768211270369882,0.8517727763410359
check,TFO,2026-04-22,2026-07,55.0,E,M,2026-06-26,0.0,3.26,0,4025,44.149592618832926,1.931,C,0.8975823975682198,0.9032280879957395
check,TFO,2026-04-22,2026-07,60.0,E,M,2026-06-26,0.0,2.45,0,20,44.149592618832926,1.931,C,0.9201875637845074,0.9246638274139913
check,TFO,2026-04-22,2026-07,65.0,E,M,2026-06-26,0.0,1.9,0,10,44.149592618832926,1.931,C,0.9474947912787755,0.9439590482123869
check,TFO,2026-04-22,2026-08,35.0,E,M,2026-07-27,1.945,0.0,50,0,44.10935272085415,1.931,P,0.6698516987847267,1.0299450734829145
check,TFO,2026-04-22,2026-08,45.0,E,M,2026-07-27,0.0,5.775,0,925,44.10935272085415,1.931,C,0.6745506205201355,1.0820236525523372
check,TFO,2026-04-22,2026-08,50.0,E,M,2026-07-27,0.0,4.315,0,725,44.10935272085415,1.931,C,0.7093825358640858,1.1031405743970215
check,TFO,2026-04-22,2026-08,55.0,E,M,2026-07-27,0.0,3.625,0,250,44.10935272085415,1.931,C,0.7810257468830367,1.1219070433775
check,TFO,2026-04-22,2026-09,50.0,E,M,2026-08-26,0.0,4.85,0,1275,44.07325961356318,1.931,C,0.6706355316826235,0.9630418903616498
check,TFO,2026-04-22,2026-09,60.0,E,M,2026-08-26,0.0,3.26,0,730,44.07325961356318,1.931,C,0.7496959315439546,0.9941410038364772
check,TFO,2026-04-22,2026-10,50.0,E,M,2026-09-25,0.0,5.12,0,60,43.80261745398378,1.931,C,0.6352102561134779,0.8664608605110642
check,TFO,2026-04-22,2026-10,70.0,E,M,2026-09-25,0.0,2.57,0,50,43.80261745398378,1.931,C,0.760370120306638,0.9173344275843177
check,TFO,2026-04-22,2026-12,70.0,E,M,2026-11-26,0.0,3.5,0,225,43.25982803738317,1.931,C,0.7372520203088203,0.8635067276357468
check,TFO,2026-04-22,2027-01,50.0,E,M,2026-12-24,0.0,7.1,0,510,43.03561005269558,1.931,C,0.6665512669163841,0.8080270466966818
check,TFO,2026-04-22,2027-01,85.0,E,M,2026-12-24,0.0,3.3,0,49,43.03561005269558,1.931,C,0.819988126510764,0.8688995768445077
check,TFO,2026-04-23,2026-05,35.0,E,M,2026-04-24,0.01,0.0,1700,0,44.80849236735136,1.933,P,1.943563904992036,0.15988146508157908
check,TFO,2026-04-23,2026-05,38.0,E,M,2026-04-24,0.04,0.0,1700,0,44.80849236735136,1.933,P,1.6614849590615481,0.41427095466826064
check,TFO,2026-04-23,2026-05,40.0,E,M,2026-04-24,0.06465437788018433,0.0,3255,0,44.80849236735136,1.933,P,1.3351423697983484,0.6123190559972758
check,TFO,2026-04-23,2026-05,42.0,E,M,2026-04-24,0.12231182795698925,3.74,465,50,44.80849236735136,1.933,P,1.0108974169536904,0.7591887740838101
check,TFO,2026-04-23,2026-05,43.0,E,M,2026-04-24,0.58,1.99,2600,700,44.80849236735136,1.933,P,1.4058712624608485,0.8211282076574826
check,TFO,2026-04-23,2026-05,44.0,E,M,2026-04-24,1.1030188679245283,1.2204494382022473,1325,3560,44.80849236735136,1.933,C,0.8049088850289999,0.8775599782304477
check,TFO,2026-04-23,2026-05,45.0,E,M,2026-04-24,1.3548033707865168,0.7708587619877942,4450,5735,44.80849236735136,1.933,C,0.9198599712582374,0.9294953474226314
check,TFO,2026-04-23,2026-05,46.0,E,M,2026-04-24,2.24,0.476453488372093,250,4300,44.80849236735136,1.933,C,1.0084527419878395,0.9776739380057632
check,TFO,2026-04-23,2026-05,47.0,E,M,2026-04-24,0.0,0.325,0,1275,44.80849236735136,1.933,C,1.133974930620698,1.0226551533543953
check,TFO,2026-04-23,2026-05,48.0,E,M,2026-04-24,0.0,0.4,0,3000,44.80849236735136,1.933,C,1.5274660217950846,1.0648739413670103
check,TFO,2026-04-23,2026-05,49.0,E,M,2026-04-24,0.0,0.65,0,200,44.80849236735136,1.933,C,2.1649858369829924,1.1046763242488578
check,TFO,2026-04-23,2026-05,50.0,E,M,2026-04-24,0.0,0.05571479885057472,0,6960,44.80849236735136,1.933,C,1.2315847417281576,1.142342921646648
check,TFO,2026-04-23,2026-05,51.0,E,M,2026-04-24,0.0,0.28,0,1000,44.80849236735136,1.933,C,2.0420852761699733,1.1781050511610303
check,TFO,2026-04-23,2026-05,54.0,E,M,2026-04-24,0.0,0.2,0,200,44.80849236735136,1.933,C,2.4379297728983715,1.2757554145609564
check,TFO,2026-04-23,2026-05,55.0,E,M,2026-04-24,0.0,0.06,0,1385,44.80849236735136,1.933,C,2.066068839564182,1.305564309732305
check,TFO,2026-04-23,2026-05,60.0,E,M,2026-04-24,0.0,0.04,0,250,44.80849236735136,1.933,C,2.598897186805805,1.4385678078316102
check,TFO,2026-04-23,2026-05,65.0,E,M,2026-04-24,0.0,0.02,0,100,44.80849236735136,1.933,C,2.9171095619642355,1.550911050449136
check,TFO,2026-04-23,2026-06,28.0,E,M,2026-05-27,0.14,0.0,100,0,44.80351364101741,1.933,P,0.8690392818437486,0.6513104600568208
check,TFO,2026-04-23,2026-06,30.0,E,M,2026-05-27,0.26,0.0,600,0,44.80351364101741,1.933,P,0.8614395538397938,0.6842361300532549
check,TFO,2026-04-23,2026-06,33.0,E,M,2026-05-27,0.475,0.0,200,0,44.80351364101741,1.933,P,0.8061498898939905,0.7273859350121207
check,TFO,2026-04-23,2026-06,34.0,E,M,2026-05-27,0.63,0.0,1700,0,44.80351364101741,1.933,P,0.8109613553863909,0.7404047042414758
check,TFO,2026-04-23,2026-06,34.5,E,M,2026-05-27,0.53,0.0,50,0,44.80351364101741,1.933,P,0.7393383327196871,0.7466915093987531
check,TFO,2026-04-23,2026-06,35.0,E,M,2026-05-27,0.76,0.0,150,0,44.80351364101741,1.933,P,0.7957427235258584,0.7528382447277174
check,TFO,2026-04-23,2026-06,37.0,E,M,2026-05-27,1.26,0.0,1050,0,44.80351364101741,1.933,P,0.8148315280262469,0.7761347517084394
check,TFO,2026-04-23,2026-06,39.0,E,M,2026-05-27,1.95,0.0,2000,0,44.80351364101741,1.933,P,0.839195100712813,0.7975952510681854
check,TFO,2026-04-23,2026-06,40.0,E,M,2026-05-27,2.3603703703703705,6.725,675,300,44.80351364101741,1.933,P,0.8512488805103494,0.8077185541819791
check,TFO,2026-04-23,2026-06,44.0,E,M,2026-05-27,4.5,4.94,1000,50,44.80351364101741,1.933,P,0.915784291018798,0.8447662932721164
check,TFO,2026-04-23,2026-06,45.0,E,M,2026-05-27,4.725,4.5,800,2925,44.80351364101741,1.933,C,0.8369221715964499,0.8532723771676379
check,TFO,2026-04-23,2026-06,48.0,E,M,2026-05-27,0.0,3.788,0,125,44.80351364101741,1.933,C,0.924174076502068,0.8772509152890665
check,TFO,2026-04-23,2026-06,50.0,E,M,2026-05-27,0.0,3.1863247863247866,0,1755,44.80351364101741,1.933,C,0.933380020502441,0.8920911093958911
check,TFO,2026-04-23,2026-06,55.0,E,M,2026-05-27,0.0,2.4375,0,300,44.80351364101741,1.933,C,1.0339965323701654,0.9258287551940974
check,TFO,2026-04-23,2026-06,60.0,E,M,2026-05-27,0.0,1.625,0,400,44.80351364101741,1.933,C,1.0474994852495658,0.9556039991618749
check,TFO,2026-04-23,2026-06,65.0,E,M,2026-05-27,0.0,1.55,0,200,44.80351364101741,1.933,C,1.1890630405864409,0.9822077366752124
check,TFO,2026-04-23,2026-06,70.0,E,M,2026-05-27,0.0,0.925,0,400,44.80351364101741,1.933,C,1.1419423279274195,1.006219065445672
check,TFO,2026-04-23,2026-06,80.0,E,M,2026-05-27,0.0,0.625,0,500,44.80351364101741,1.933,C,1.2446972729356387,1.048109799145163
check,TFO,2026-04-23,2026-07,30.0,E,M,2026-06-26,0.4,0.0,400,0,45.34432291666667,1.933,P,0.7113215507399566,0.7347111521221048
check,TFO,2026-04-23,2026-07,33.0,E,M,2026-06-26,0.945,0.0,30,0,45.34432291666667,1.933,P,0.7462641306257544,0.7636628007800585
check,TFO,2026-04-23,2026-07,35.0,E,M,2026-06-26,1.47,0.0,780,0,45.34432291666667,1.933,P,0.7653016324623975,0.7810176683225576
check,TFO,2026-04-23,2026-07,45.0,E,M,2026-06-26,0.0,6.14,0,850,45.34432291666667,1.933,C,0.7854391898302119,0.8512679568536101
check,TFO,2026-04-23,2026-07,47.0,E,M,2026-06-26,0.0,5.4,0,375,45.34432291666667,1.933,C,0.7987649145213861,0.8628558284437943
check,TFO,2026-04-23,2026-07,50.0,E,M,2026-06-26,0.0,4.7,0,1850,45.34432291666667,1.933,C,0.8488988022735591,0.8790860524166485
check,TFO,2026-04-23,2026-07,55.0,E,M,2026-06-26,0.0,3.64,0,575,45.34432291666667,1.933,C,0.8969614263935897,0.9035260465257695
check,TFO,2026-04-23,2026-07,57.0,E,M,2026-06-26,0.0,3.215,0,5,45.34432291666667,1.933,C,0.9016287651206185,0.9125192232516349
check,TFO,2026-04-23,2026-07,60.0,E,M,2026-06-26,0.0,3.1,0,665,45.34432291666667,1.933,C,0.9727385449773824,0.9252834079614147
check,TFO,2026-04-23,2026-07,65.0,E,M,2026-06-26,0.0,2.35,0,15,45.34432291666667,1.933,C,0.9832316114467667,0.9448622791707902
check,TFO,2026-04-23,2026-07,70.0,E,M,2026-06-26,0.0,2.1,0,300,45.34432291666667,1.933,C,1.0489122007519345,0.9626392305344793
check,TFO,2026-04-23,2026-07,80.0,E,M,2026-06-26,0.0,1.5,0,650,45.34432291666667,1.933,C,1.1113849103690474,0.9938778796241902
check,TFO,2026-04-23,2026-08,29.0,E,M,2026-07-27,0.54,0.0,300,0,45.34461251821137,1.933,P,0.6731336688643893,0.9882720406594473
check,TFO,2026-04-23,2026-08,30.0,E,M,2026-07-27,0.71,0.0,750,0,45.34461251821137,1.933,P,0.6826912849294534,0.9958158746365372
check,TFO,2026-04-23,2026-08,34.5,E,M,2026-07-27,1.775,0.0,140,0,45.34461251821137,1.933,P,0.7063049975125972,1.0263464952621277
check,TFO,2026-04-23,2026-08,35.0,E,M,2026-07-27,1.8,0.0,700,0,45.34461251821137,1.933,P,0.6870931863989704,1.0294396025843104
check,TFO,2026-04-23,2026-08,55.0,E,M,2026-07-27,0.0,4.45,0,20,45.34461251821137,1.933,C,0.8248929066594486,1.1223616081543308
check,TFO,2026-04-23,2026-08,95.0,E,M,2026-07-27,0.0,1.1,0,75,45.34461251821137,1.933,C,1.0013334051603386,1.2254995708795766
check,TFO,2026-04-23,2026-09,25.0,E,M,2026-08-26,0.29,0.0,50,0,45.35715155203895,1.933,P,0.6435600644258264,0.8321154469035636
check,TFO,2026-04-23,2026-09,35.0,E,M,2026-08-26,2.215,0.0,50,0,45.35715155203895,1.933,P,0.6606326836932752,0.8973928984364952
check,TFO,2026-04-23,2026-09,37.0,E,M,2026-08-26,3.05,0.0,1500,0,45.35715155203895,1.933,P,0.6811557318201199,0.9077341352224298
check,TFO,2026-04-23,2026-09,40.0,E,M,2026-08-26,4.6,0.0,775,0,45.35715155203895,1.933,P,0.7169682401571927,0.9220514340158602
check,TFO,2026-04-23,2026-09,45.0,E,M,2026-08-26,0.0,7.095,0,400,45.35715155203895,1.933,C,0.6473883561877387,0.9432786678788058
check,TFO,2026-04-23,2026-09,50.0,E,M,2026-08-26,0.0,5.91,0,2200,45.35715155203895,1.933,C,0.7162632817621261,0.9618781886047961
check,TFO,2026-04-23,2026-09,55.0,E,M,2026-08-26,0.0,4.875,0,350,45.35715155203895,1.933,C,0.7575708120348044,0.978404622160404
check,TFO,2026-04-23,2026-09,60.0,E,M,2026-08-26,0.0,4.15,0,715,45.35715155203895,1.933,C,0.7996517451601105,0.9932561739070028
check,TFO,2026-04-23,2026-09,65.0,E,M,2026-08-26,0.0,3.225,0,450,45.35715155203895,1.933,C,0.7980005358540075,1.0067279898694181
check,TFO,2026-04-23,2026-09,80.0,E,M,2026-08-26,0.0,2.15,0,775,45.35715155203895,1.933,C,0.8840850759125175,1.0408749023886648
check,TFO,2026-04-23,2026-10,60.0,E,M,2026-09-25,0.0,4.2,0,250,45.1315092741594,1.933,C,0.7282839923301088,0.8927288773229666
check,TFO,2026-04-23,2026-10,70.0,E,M,2026-09-25,0.0,3.025,0,350,45.1315092741594,1.933,C,0.7743100879286439,0.9158687240497184
check,TFO,2026-04-23,2026-11,55.0,E,M,2026-10-27,0.0,5.625,0,200,44.86073280071016,1.933,C,0.691716615188739,0.8951089571255504
check,TFO,2026-04-23,2027-03,90.0,E,M,2027-02-24,0.0,3.62,0,2000,41.745,1.933,C,0.8184350875476885,0.9343785882591438
check,TFO,2026-04-23,2027-03,100.0,E,M,2027-02-24,0.0,3.11,0,3000,41.745,1.933,C,0.8372428174636295,0.9442177904906284
check,TFO,2026-04-24,2026-05,40.0,E,M,2026-04-24,0.02,0.0,200,0,44.79687606916082,1.933,P,,
check,TFO,2026-04-24,2026-05,43.0,E,M,2026-04-24,0.0,1.4,0,400,44.79687606916082,1.933,C,,
check,TFO,2026-04-24,2026-05,44.0,E,M,2026-04-24,0.3,0.5625,40,100,44.79687606916082,1.933,C,,
check,TFO,2026-04-24,2026-05,45.0,E,M,2026-04-24,0.5049895724713244,0.5685795454545455,4795,3080,44.79687606916082,1.933,P,,
check,TFO,2026-04-24,2026-05,46.0,E,M,2026-04-24,0.0,0.9803827751196172,0,2090,44.79687606916082,1.933,C,,
check,TFO,2026-04-24,2026-05,48.0,E,M,2026-04-24,0.0,0.02,0,50,44.79687606916082,1.933,C,,
check,TFO,2026-04-24,2026-05,50.0,E,M,2026-04-24,0.0,0.05,0,200,44.79687606916082,1.933,C,,
check,TFO,2026-04-24,2026-05,55.0,E,M,2026-04-24,0.0,0.01,0,200,44.79687606916082,1.933,C,,
check,TFO,2026-04-24,2026-06,25.0,E,M,2026-05-27,0.09,0.0,500,0,44.76365109275663,1.933,P,0.9859969573377383,0.6029524812251369
check,TFO,2026-04-24,2026-06,26.0,E,M,2026-05-27,0.1108,0.0,1250,0,44.76365109275663,1.933,P,0.9596828753206734,0.6238074752974718
check,TFO,2026-04-24,2026-06,30.0,E,M,2026-05-27,0.27065217391304347,0.0,2300,0,44.76365109275663,1.933,P,0.8807055532411735,0.6949471947802316
check,TFO,2026-04-24,2026-06,34.0,E,M,2026-05-27,0.59,0.0,1000,0,44.76365109275663,1.933,P,0.8049527979650979,0.7519298122226225
check,TFO,2026-04-24,2026-06,35.0,E,M,2026-05-27,0.8004239401496259,0.0,4010,0,44.76365109275663,1.933,P,0.8201461471213453,0.7645441072479644
check,TFO,2026-04-24,2026-06,36.0,E,M,2026-05-27,1.1,0.0,1750,0,44.76365109275663,1.933,P,0.849344114562589,0.7766131894351924
check,TFO,2026-04-24,2026-06,37.0,E,M,2026-05-27,1.4410714285714286,0.0,1400,0,44.76365109275663,1.933,P,0.874603114508828,0.7881797829858566
check,TFO,2026-04-24,2026-06,38.0,E,M,2026-05-27,1.6,0.0,730,0,44.76365109275663,1.933,P,0.841450633921298,0.7992818468416506
check,TFO,2026-04-24,2026-06,39.0,E,M,2026-05-27,2.1,0.0,975,0,44.76365109275663,1.933,P,0.8842096599182665,0.8099532551700294
check,TFO,2026-04-24,2026-06,40.0,E,M,2026-05-27,2.3602739726027395,7.15,1825,3600,44.76365109275663,1.933,C,0.8517788484515194,0.8202243607771185
check,TFO,2026-04-24,2026-06,41.0,E,M,2026-05-27,2.8,0.0,1050,0,44.76365109275663,1.933,P,0.870647948744613,0.8301224647633333
check,TFO,2026-04-24,2026-06,42.0,E,M,2026-05-27,3.275,0.0,65,0,44.76365109275663,1.933,P,0.8789267264201014,0.8396722105129576
check,TFO,2026-04-24,2026-06,43.0,E,M,2026-05-27,4.275,0.0,200,0,44.76365109275663,1.933,P,0.9817329512765902,0.8488959161737598
check,TFO,2026-04-24,2026-06,45.0,E,M,2026-05-27,0.0,4.556741573033707,0,1780,44.76365109275663,1.933,C,0.8644296673201856,0.866444504977963
check,TFO,2026-04-24,2026-06,48.0,E,M,2026-05-27,0.0,4.0,0,100,44.76365109275663,1.933,C,0.9813364003557561,0.8907745208364957
check,TFO,2026-04-24,2026-06,50.0,E,M,2026-05-27,0.0,3.1076335877862595,0,9825,44.76365109275663,1.933,C,0.9355731160022879,0.9058324769826438
check,TFO,2026-04-24,2026-06,55.0,E,M,2026-05-27,0.0,2.3986885245901637,0,610,44.76365109275663,1.933,C,1.0441368096022745,0.9400658011864085
check,TFO,2026-04-24,2026-06,56.0,E,M,2026-05-27,0.0,2.1,0,25,44.76365109275663,1.933,C,1.0228863097423897,0.9464005480130948
check,TFO,2026-04-24,2026-06,60.0,E,M,2026-05-27,0.0,1.75,0,4940,44.76365109275663,1.933,C,1.0960796424571,0.9702791676470299
check,TFO,2026-04-24,2026-06,65.0,E,M,2026-05-27,0.0,1.15,0,25,44.76365109275663,1.933,C,1.0975955699458508,0.9972748401050078
check,TFO,2026-04-24,2026-06,80.0,E,M,2026-05-27,0.0,0.7,0,400,44.76365109275663,1.933,C,1.2981041751559326,1.0641495262977854
check,TFO,2026-04-24,2026-06,90.0,E,M,2026-05-27,0.0,0.35,0,400,44.76365109275663,1.933,C,1.290717359433669,1.1002946349659644
check,TFO,2026-04-24,2026-07,30.0,E,M,2026-06-26,0.5,0.0,50,0,44.877822320968576,1.933,P,0.7456463341091587,0.7437387617963089
check,TFO,2026-04-24,2026-07,31.5,E,M,2026-06-26,0.73,0.0,10,0,44.877822320968576,1.933,P,0.7517051290057903,0.7587507832181042
check,TFO,2026-04-24,2026-07,35.0,E,M,2026-06-26,1.695,0.0,100,0,44.877822320968576,1.933,P,0.8017886036093672,0.7902272318242898
check,TFO,2026-04-24,2026-07,45.0,E,M,2026-06-26,0.0,5.925,0,250,44.877822320968576,1.933,C,0.7988750046366903,0.860789036635023
check,TFO,2026-04-24,2026-07,48.0,E,M,2026-06-26,0.0,4.65,0,100,44.877822320968576,1.933,C,0.7869171919392844,0.8780143805260776
check,TFO,2026-04-24,2026-07,51.0,E,M,2026-06-26,0.0,4.49,0,5,44.877822320968576,1.933,C,0.8981721486542564,0.8938983664752007
check,TFO,2026-04-24,2026-07,55.0,E,M,2026-06-26,0.0,3.47,0,1850,44.877822320968576,1.933,C,0.9045426053372961,0.9133020867870445
check,TFO,2026-04-24,2026-07,60.0,E,M,2026-06-26,0.0,2.7709389671361504,0,2130,44.877822320968576,1.933,C,0.952384519967169,0.9351706262450098
check,TFO,2026-04-24,2026-07,65.0,E,M,2026-06-26,0.0,2.17,0,1350,44.877822320968576,1.933,C,0.9802798923893994,0.9548518413220435
check,TFO,2026-04-24,2026-07,70.0,E,M,2026-06-26,0.0,1.82,0,1250,44.877822320968576,1.933,C,1.0242731409014019,0.9727234959848655
check,TFO,2026-04-24,2026-08,30.0,E,M,2026-07-27,0.69,0.0,1800,0,44.88985888738127,1.933,P,0.669775351675985,1.003342815166759
check,TFO,2026-04-24,2026-08,51.0,E,M,2026-07-27,0.0,7.73,0,100,44.88985888738127,1.933,C,1.0893786732214499,1.1152682233566036
check,TFO,2026-04-24,2026-08,56.0,E,M,2026-07-27,0.0,6.72,0,100,44.88985888738127,1.933,C,1.1316442117386216,1.1338738205342367
check,TFO,2026-04-24,2026-09,25.0,E,M,2026-08-26,0.375,0.0,300,0,44.892939498395336,1.933,P,0.6749586055641171,0.8375414744522053
check,TFO,2026-04-24,2026-09,65.0,E,M,2026-08-26,0.0,3.7039999999999997,0,250,44.892939498395336,1.933,C,0.868401915277043,1.0125047351358722
check,TFO,2026-04-24,2026-09,80.0,E,M,2026-08-26,0.0,2.475,0,200,44.892939498395336,1.933,C,0.9431428541550678,1.0467333585232406
check,TFO,2026-04-24,2026-10,30.0,E,M,2026-09-25,1.175,0.0,1130,0,44.70830173186026,1.933,P,0.6187246566973699,0.7845898624527745
check,TFO,2026-04-24,2026-12,30.0,E,M,2026-11-26,1.57,0.0,472,0,44.44263272677708,1.933,P,0.578336893832816,0.7530968331554873
check,TFO,2026-04-24,2026-12,35.0,E,M,2026-11-26,3.8,0.0,457,0,44.44263272677708,1.933,P,0.6488542474556612,0.7744683722035056
check,TFO,2026-04-24,2026-12,45.0,E,M,2026-11-26,9.6,8.26,200,389,44.44263272677708,1.933,C,0.6128042409075372,0.808127184935177
check,TFO,2026-04-24,2026-12,60.0,E,M,2026-11-26,0.0,5.78,0,784,44.44263272677708,1.933,C,0.7537770611567661,0.8450442593365076
check,TFO,2026-04-24,2026-12,70.0,E,M,2026-11-26,0.0,4.58,0,175,44.44263272677708,1.933,C,0.7993763713828212,0.8641880262147624
check,TFO,2026-04-24,2026-12,85.0,E,M,2026-11-26,0.0,3.02,0,10,44.44263272677708,1.933,C,0.8171124386088312,0.8877214907518762
check,TFO,2026-04-24,2027-01,45.0,E,M,2026-12-24,10.425,0.0,200,0,44.23531862745098,1.933,P,0.7252187795873785,0.7953068025462383
check,TFO,2026-04-24,2027-03,90.0,E,M,2027-02-24,0.0,4.12,0,200,42.355,1.933,C,0.8456242915170342,0.9345391382792572
check,TFO,2026-04-24,2027-03,100.0,E,M,2027-02-24,0.0,3.6,0,325,42.355,1.933,C,0.8670888233657353,0.9444084470012793
check,TFO,2026-04-27,2026-06,27.0,E,M,2026-05-27,0.08,0.0,1600,0,44.369739770998486,1.932,P,0.8826686582043379,0.6375764025206614
check,TFO,2026-04-27,2026-06,31.0,E,M,2026-05-27,0.27,0.0,400,0,44.369739770998486,1.932,P,0.8454661260021491,0.7086291621071055
check,TFO,2026-04-27,2026-06,32.0,E,M,2026-05-27,0.25,0.0,800,0,44.369739770998486,1.932,P,0.770681951652264,0.7240217692982831
check,TFO,2026-04-27,2026-06,33.0,E,M,2026-05-27,0.0,11.95,0,50,44.369739770998486,1.932,C,0.86480392581782,0.7386473000091203
check,TFO,2026-04-27,2026-06,34.0,E,M,2026-05-27,0.55,0.0,400,0,44.369739770998486,1.932,P,0.8086555496405122,0.752574976370371
check,TFO,2026-04-27,2026-06,35.0,E,M,2026-05-27,0.6384693877551021,0.0,2450,0,44.369739770998486,1.932,P,0.7792712045495183,0.7658651505439421
check,TFO,2026-04-27,2026-06,36.0,E,M,2026-05-27,0.925,0.0,400,0,44.369739770998486,1.932,P,0.8133811606200796,0.7785707533517786
check,TFO,2026-04-27,2026-06,37.0,E,M,2026-05-27,1.06,0.0,500,0,44.369739770998486,1.932,P,0.7839983016285109,0.7907384597458726
check,TFO,2026-04-27,2026-06,38.0,E,M,2026-05-27,1.33,0.0,1050,0,44.369739770998486,1.932,P,0.7868240715414296,0.8024096346472523
check,TFO,2026-04-27,2026-06,39.0,E,M,2026-05-27,1.65,0.0,2200,0,44.369739770998486,1.932,P,0.791858877976073,0.813621106811537
check,TFO,2026-04-27,2026-06,40.0,E,M,2026-05-27,1.942076923076923,0.0,1625,0,44.369739770998486,1.932,P,0.7802297520343492,0.8244058068198519
check,TFO,2026-04-27,2026-06,44.0,E,M,2026-05-27,4.15,0.0,1000,0,44.369739770998486,1.932,P,0.8672037498233498,0.8638264189242927
check,TFO,2026-04-27,2026-06,45.0,E,M,2026-05-27,4.652272727272727,4.028666666666667,990,1500,44.369739770998486,1.932,C,0.844853836788929,0.8728674271872758
check,TFO,2026-04-27,2026-06,48.0,E,M,2026-05-27,0.0,3.65,0,750,44.369739770998486,1.932,C,0.9963047060640726,0.8983355945456546
check,TFO,2026-04-27,2026-06,50.0,E,M,2026-05-27,8.1,2.6423487544483986,500,1405,44.369739770998486,1.932,C,0.9180294498954377,0.9140848787114543
check,TFO,2026-04-27,2026-06,53.0,E,M,2026-05-27,0.0,2.65,0,1500,44.369739770998486,1.932,C,1.0816299384707944,0.9361136372617873
check,TFO,2026-04-27,2026-06,55.0,E,M,2026-05-27,0.0,1.8333333333333335,0,360,44.369739770998486,1.932,C,0.9926969561859057,0.9498555832706196
check,TFO,2026-04-27,2026-06,58.0,E,M,2026-05-27,0.0,2.075,0,750,44.369739770998486,1.932,C,1.176661019985114,0.9692235690927508
check,TFO,2026-04-27,2026-06,60.0,E,M,2026-05-27,0.0,1.7698630136986302,0,365,44.369739770998486,1.932,C,1.178608625433661,0.9813894500788765
check,TFO,2026-04-27,2026-06,65.0,E,M,2026-05-27,0.0,0.9026190476190475,0,630,44.369739770998486,1.932,C,1.090822788068255,1.009538815250553
check,TFO,2026-04-27,2026-06,70.0,E,M,2026-05-27,0.0,0.7,0,100,44.369739770998486,1.932,C,1.1505476288988634,1.0349260282690769
check,TFO,2026-04-27,2026-06,80.0,E,M,2026-05-27,0.0,0.44,0,250,44.369739770998486,1.932,C,1.247498479994005,1.0791775855266592
check,TFO,2026-04-27,2026-06,100.0,E,M,2026-05-27,0.0,0.25,0,1000,44.369739770998486,1.932,C,1.4384576578704995,1.149359238525771
check,TFO,2026-04-27,2026-07,27.0,E,M,2026-06-26,0.225,0.0,1800,0,44.36961021657784,1.932,P,0.7550095427685496,0.7316022663856637
check,TFO,2026-04-27,2026-07,30.0,E,M,2026-06-26,0.475,0.0,975,0,44.36961021657784,1.932,P,0.7389553034587165,0.7657228687267553
check,TFO,2026-04-27,2026-07,33.0,E,M,2026-06-26,0.87,0.0,55,0,44.36961021657784,1.932,P,0.7175475057463088,0.7953726222100564
check,TFO,2026-04-27,2026-07,35.0,E,M,2026-06-26,1.27,0.0,500,0,44.36961021657784,1.932,P,0.7099150210532781,0.8131540773573909
check,TFO,2026-04-27,2026-07,45.0,E,M,2026-06-26,0.0,5.45,0,300,44.36961021657784,1.932,C,0.7922565078665367,0.8851861399485164
check,TFO,2026-04-27,2026-07,65.0,E,M,2026-06-26,0.0,2.075,0,100,44.36961021657784,1.932,C,1.009449430841303,0.9812682701145002
check,TFO,2026-04-27,2026-08,31.5,E,M,2026-07-27,0.975,0.0,10,0,44.36974139517762,1.932,P,0.6744125614188534,0.8210031395126931
check,TFO,2026-04-27,2026-08,35.0,E,M,2026-07-27,1.86,0.0,625,0,44.36974139517762,1.932,P,0.6817522296656338,0.8456685193649081
check,TFO,2026-04-27,2026-08,55.0,E,M,2026-07-27,0.0,4.27,0,200,44.36974139517762,1.932,C,0.8674643252423594,0.9443544497968328
check,TFO,2026-04-27,2026-08,60.0,E,M,2026-07-27,0.0,3.35,0,1000,44.36974139517762,1.932,C,0.8839925189476817,0.962212203211021
check,TFO,2026-04-27,2026-08,90.0,E,M,2026-07-27,0.0,1.175,0,450,44.36974139517762,1.932,C,1.0140484979178803,1.0414514105717743
check,TFO,2026-04-27,2026-09,50.0,E,M,2026-08-26,0.0,5.74,0,375,44.475323598630716,1.932,C,0.7538389913473053,0.9811309831668311
check,TFO,2026-04-27,2026-10,38.0,E,M,2026-09-25,3.925,0.0,1100,0,44.300025270393206,1.932,P,0.6445963146059398,0.8343148068565225
check,TFO,2026-04-27,2026-10,45.0,E,M,2026-09-25,0.0,7.425,0,250,44.300025270393206,1.932,C,0.6709550496015426,0.8620516839425424
check,TFO,2026-04-27,2026-10,55.0,E,M,2026-09-25,0.0,5.11,0,900,44.300025270393206,1.932,C,0.7479946761616297,0.893876884384203
check,TFO,2026-04-27,2026-10,65.0,E,M,2026-09-25,0.0,3.65,0,750,44.300025270393206,1.932,C,0.7986791486183493,0.919545198833416
check,TFO,2026-04-27,2027-03,90.0,E,M,2027-02-24,0.0,4.07,0,300,42.435,1.932,C,0.8443475014408485,0.9389756002334964
check,TFO,2026-04-27,2027-03,100.0,E,M,2027-02-24,0.0,3.545,0,300,42.435,1.932,C,0.8653660322113323,0.9488954865883543
check,TFO,2026-04-28,2026-06,24.0,E,M,2026-05-27,0.06,0.0,75,0,43.48580350342727,1.932,P,1.0101355300401267,0.4979306860734928
check,TFO,2026-04-28,2026-06,25.0,E,M,2026-05-27,0.1,0.0,50,0,43.48580350342727,1.932,P,1.0275098963899276,0.5235110921497206
check,TFO,2026-04-28,2026-06,26.0,E,M,2026-05-27,0.09,0.0,800,0,43.48580350342727,1.932,P,0.9465843615699806,0.5470835231394411
check,TFO,2026-04-28,2026-06,27.0,E,M,2026-05-27,0.075,0.0,250,0,43.48580350342727,1.932,P,0.8595206279938551,0.5689279347378232
check,TFO,2026-04-28,2026-06,30.0,E,M,2026-05-27,0.15,0.0,750,0,43.48580350342727,1.932,P,0.7843563483997076,0.6261655571679817
check,TFO,2026-04-28,2026-06,32.0,E,M,2026-05-27,0.19583333333333333,0.0,600,0,43.48580350342727,1.932,P,0.7080283610513648,0.6589072152350104
check,TFO,2026-04-28,2026-06,35.0,E,M,2026-05-27,0.5885714285714286,0.0,1750,0,43.48580350342727,1.932,P,0.7294770501347712,0.7019441353033052
check,TFO,2026-04-28,2026-06,37.0,E,M,2026-05-27,0.95,0.0,200,0,43.48580350342727,1.932,P,0.7143786577557697,0.7273971081726169
check,TFO,2026-04-28,2026-06,38.0,E,M,2026-05-27,1.2,0.0,150,0,43.48580350342727,1.932,P,0.7116276787636631,0.7393101766146676
check,TFO,2026-04-28,2026-06,39.0,E,M,2026-05-27,1.3,0.0,2200,0,43.48580350342727,1.932,P,0.6597082407380345,0.7507369879312612
check,TFO,2026-04-28,2026-06,40.0,E,M,2026-05-27,1.9752830188679245,0.0,2650,0,43.48580350342727,1.932,P,0.7404836367393558,0.7617137419467729
check,TFO,2026-04-28,2026-06,42.0,E,M,2026-05-27,2.48125,0.0,800,0,43.48580350342727,1.932,P,0.6668651976218114,0.7824431145780414
check,TFO,2026-04-28,2026-06,44.0,E,M,2026-05-27,3.855982905982906,3.85,585,240,43.48580350342727,1.932,P,0.7397716303296418,0.8017196545092837
check,TFO,2026-04-28,2026-06,45.0,E,M,2026-05-27,4.209824561403509,3.43,1425,715,43.48580350342727,1.932,P,0.6931725079698514,0.8108708707867069
check,TFO,2026-04-28,2026-06,46.0,E,M,2026-05-27,4.75,4.0,200,290,43.48580350342727,1.932,C,1.0244516312231071,0.8197239836885182
check,TFO,2026-04-28,2026-06,50.0,E,M,2026-05-27,7.775,2.35,400,1670,43.48580350342727,1.932,C,0.9398735462434255,0.8524886784543633
check,TFO,2026-04-28,2026-06,55.0,E,M,2026-05-27,0.0,1.7184313725490195,0,255,43.48580350342727,1.932,C,1.0391863789356366,0.8884839028674891
check,TFO,2026-04-28,2026-06,60.0,E,M,2026-05-27,0.0,1.1738601823708206,0,1645,43.48580350342727,1.932,C,1.0840890933402474,0.9201318713882743
check,TFO,2026-04-28,2026-06,61.0,E,M,2026-05-27,0.0,0.98,0,50,43.48580350342727,1.932,C,1.0565490258063912,0.9260231233189159
check,TFO,2026-04-28,2026-06,80.0,E,M,2026-05-27,0.0,0.4,0,100,43.48580350342727,1.932,C,1.2816300620345769,1.0178540244987047
check,TFO,2026-04-28,2026-07,27.0,E,M,2026-06-26,0.195,0.0,600,0,43.42034516638899,1.932,P,0.7153873699025738,0.7449634594697908
check,TFO,2026-04-28,2026-07,30.0,E,M,2026-06-26,0.415,0.0,1800,0,43.42034516638899,1.932,P,0.69179284237985,0.7790665757720631
check,TFO,2026-04-28,2026-07,32.0,E,M,2026-06-26,0.6,0.0,200,0,43.42034516638899,1.932,P,0.6617990383978672,0.7992628032438889
check,TFO,2026-04-28,2026-07,33.0,E,M,2026-06-26,0.7673076923076924,0.0,650,0,43.42034516638899,1.932,P,0.6621341298710475,0.8087202715069833
check,TFO,2026-04-28,2026-07,35.0,E,M,2026-06-26,1.4,0.0,3575,0,43.42034516638899,1.932,P,0.7083398025863136,0.8265119396577747
check,TFO,2026-04-28,2026-07,36.0,E,M,2026-06-26,1.425,0.0,200,0,43.42034516638899,1.932,P,0.6562572863155872,0.8348994595498564
check,TFO,2026-04-28,2026-07,38.0,E,M,2026-06-26,0.0,8.99,0,300,43.42034516638899,1.932,C,0.896842246699496,0.8507715591026767
check,TFO,2026-04-28,2026-07,40.0,E,M,2026-06-26,3.4,0.0,1450,0,43.42034516638899,1.932,P,0.7479216342668157,0.8655667619964775
check,TFO,2026-04-28,2026-07,42.0,E,M,2026-06-26,0.0,6.84,0,300,43.42034516638899,1.932,C,0.8870450264931039,0.8794141392788403
check,TFO,2026-04-28,2026-07,45.0,E,M,2026-06-26,0.0,5.05,0,2400,43.42034516638899,1.932,C,0.8148775886677622,0.8986387266256436
check,TFO,2026-04-28,2026-07,50.0,E,M,2026-06-26,0.0,3.75,0,2525,43.42034516638899,1.932,C,0.8697834320093148,0.9272425452919467
check,TFO,2026-04-28,2026-07,70.0,E,M,2026-06-26,0.0,1.36,0,50,43.42034516638899,1.932,C,1.0196191924315885,1.013276866886021
check,TFO,2026-04-28,2026-07,80.0,E,M,2026-06-26,0.0,1.035,0,50,43.42034516638899,1.932,C,1.1124215533851167,1.0454837814361468
check,TFO,2026-04-28,2026-08,31.5,E,M,2026-07-27,0.985,0.0,25,0,43.35229675793012,1.932,P,0.6524443195426055,0.8310742914153394
check,TFO,2026-04-28,2026-08,80.0,E,M,2026-07-27,0.0,1.6,0,50,43.35229675793012,1.932,C,1.0142948272645966,1.029179165904449
check,TFO,2026-04-28,2026-09,35.0,E,M,2026-08-26,2.325,0.0,3025,0,43.36532819884474,1.932,P,0.6330663796286498,0.9244362932633228
check,TFO,2026-04-28,2026-09,50.0,E,M,2026-08-26,0.0,6.18,0,1875,43.36532819884474,1.932,C,0.8546118588736857,0.9896953628374815
check,TFO,2026-04-28,2026-09,75.0,E,M,2026-08-26,0.0,2.46,0,50,43.36532819884474,1.932,C,0.9386435580655499,1.059091955407967
check,TFO,2026-04-28,2026-10,30.0,E,M,2026-09-25,0.95,0.0,1250,0,43.24045903954802,1.932,P,0.5539411863693179,0.8008332871595221
check,TFO,2026-04-28,2026-10,35.0,E,M,2026-09-25,2.35,0.0,2665,0,43.24045903954802,1.932,P,0.5682775860437032,0.827329000707173
check,TFO,2026-04-28,2026-10,43.0,E,M,2026-09-25,6.85,0.0,25,0,43.24045903954802,1.932,P,0.6546873725734584,0.8614705196089903
check,TFO,2026-04-28,2026-10,45.0,E,M,2026-09-25,7.8,0.0,1000,0,43.24045903954802,1.932,P,0.6342415719889541,0.8688335970893162
check,TFO,2026-04-28,2026-11,43.0,E,M,2026-10-27,7.5,0.0,25,0,43.16504669204798,1.932,P,0.650432226379368,0.8780494993973046
check,TFO,2026-04-28,2026-11,55.0,E,M,2026-10-27,0.0,6.12,0,190,43.16504669204798,1.932,C,0.8033482039180683,0.9126526464938665
check,TFO,2026-04-28,2026-11,70.0,E,M,2026-10-27,0.0,4.04,0,200,43.16504669204798,1.932,C,0.8617305382407507,0.945349964673086
check,TFO,2026-04-28,2026-11,80.0,E,M,2026-10-27,0.0,3.22,0,300,43.16504669204798,1.932,C,0.8960328592941024,0.9629842392691463
check,TFO,2026-04-28,2026-12,55.0,E,M,2026-11-26,0.0,6.12,0,190,43.215,1.932,C,0.7409927796789043,0.845468306834425
check,TFO,2026-04-28,2026-12,70.0,E,M,2026-11-26,0.0,4.04,0,200,43.215,1.932,C,0.7957729293474711,0.8757689640496112
check,TFO,2026-04-28,2026-12,80.0,E,M,2026-11-26,0.0,3.22,0,300,43.215,1.932,C,0.8278098542877598,0.8921105381611308
check,TFO,2026-04-28,2027-01,60.0,E,M,2026-12-24,0.0,6.475,0,500,43.26730769230769,1.932,C,0.799799218363156,0.8391117213370239
check,TFO,2026-04-28,2027-01,90.0,E,M,2026-12-24,0.0,3.7,0,200,43.26730769230769,1.932,C,0.8993149997138273,0.8854823643247252
check,TFO,2026-04-29,2026-06,25.0,E,M,2026-05-27,0.05,0.0,200,0,47.470238542027865,1.932,P,1.0589111078312243,0.4753708667253366
check,TFO,2026-04-29,2026-06,33.0,E,M,2026-05-27,0.255,0.0,2200,0,47.470238542027865,1.932,P,0.8604147778637306,0.6412802359144318
check,TFO,2026-04-29,2026-06,35.0,E,M,2026-05-27,0.44732673267326734,0.0,5050,0,47.470238542027865,1.932,P,0.8573174756944294,0.6715492766088168
check,TFO,2026-04-29,2026-06,36.0,E,M,2026-05-27,0.51,0.0,1200,0,47.470238542027865,1.932,P,0.8256564032515137,0.6855889106774201
check,TFO,2026-04-29,2026-06,36.5,E,M,2026-05-27,0.84,0.0,25,0,47.470238542027865,1.932,P,0.9285093999819817,0.6923634941547824
check,TFO,2026-04-29,2026-06,37.0,E,M,2026-05-27,0.75,0.0,150,0,47.470238542027865,1.932,P,0.8610365496294734,0.6989840347004379
check,TFO,2026-04-29,2026-06,38.0,E,M,2026-05-27,1.003780487804878,0.0,410,0,47.470238542027865,1.932,P,0.8820111195305204,0.7117886849540757
check,TFO,2026-04-29,2026-06,40.0,E,M,2026-05-27,1.4202477876106194,0.0,2825,0,47.470238542027865,1.932,P,0.861917290605948,0.7358113032606982
check,TFO,2026-04-29,2026-06,41.0,E,M,2026-05-27,2.155,0.0,400,0,47.470238542027865,1.932,P,0.9711289314597776,0.7471087422887415
check,TFO,2026-04-29,2026-06,44.0,E,M,2026-05-27,3.697965367965368,4.69,1155,250,47.470238542027865,1.932,P,1.0497947579714626,0.7785375199309819
check,TFO,2026-04-29,2026-06,45.0,E,M,2026-05-27,4.07,4.2715625,550,960,47.470238542027865,1.932,C,0.5539866283267256,0.7882828163562273
check,TFO,2026-04-29,2026-06,46.0,E,M,2026-05-27,4.17,3.9,10,550,47.470238542027865,1.932,C,0.5958080123452784,0.7977013558102798
check,TFO,2026-04-29,2026-06,47.0,E,M,2026-05-27,0.0,3.3,0,110,47.470238542027865,1.932,C,0.5803491071801582,0.8068131948317541
check,TFO,2026-04-29,2026-06,48.0,E,M,2026-05-27,0.0,3.765740740740741,0,135,47.470238542027865,1.932,C,0.7588651385992509,0.8156366205075055
check,TFO,2026-04-29,2026-06,50.0,E,M,2026-05-27,0.0,3.3597678916827856,0,2585,47.470238542027865,1.932,C,0.835073535594253,0.8324837161698856
check,TFO,2026-04-29,2026-06,55.0,E,M,2026-05-27,0.0,2.2176258992805757,0,1390,47.470238542027865,1.932,C,0.9058204569912223,0.870571247563303
check,TFO,2026-04-29,2026-06,56.0,E,M,2026-05-27,0.0,1.66,0,50,47.470238542027865,1.932,C,0.8323766806197255,0.8775888891914951
check,TFO,2026-04-29,2026-06,60.0,E,M,2026-05-27,0.0,1.82468085106383,0,1410,47.470238542027865,1.932,C,1.0440020236322298,0.9039629776349668
check,TFO,2026-04-29,2026-06,62.0,E,M,2026-05-27,0.0,1.15,0,100,47.470238542027865,1.932,C,0.947165520385619,0.9162350184120741
check,TFO,2026-04-29,2026-06,65.0,E,M,2026-05-27,0.0,1.11,0,300,47.470238542027865,1.932,C,1.0372663678071377,0.9336398129722826
check,TFO,2026-04-29,2026-06,70.0,E,M,2026-05-27,0.0,0.9411290322580645,0,620,47.470238542027865,1.932,C,1.1339286655698333,0.9603081571399227
check,TFO,2026-04-29,2026-06,75.0,E,M,2026-05-27,0.0,0.635,0,200,47.470238542027865,1.932,C,1.1465968210243478,0.984493196410447
check,TFO,2026-04-29,2026-06,85.0,E,M,2026-05-27,0.0,0.355,0,50,47.470238542027865,1.932,C,1.2108728823245032,1.0269281957508796
check,TFO,2026-04-29,2026-07,25.0,E,M,2026-06-26,0.1,0.0,200,0,47.47002257954156,1.932,P,0.8176103185621121,0.6938276135407162
check,TFO,2026-04-29,2026-07,27.0,E,M,2026-06-26,0.195,0.0,1000,0,47.47002257954156,1.932,P,0.8212013069940677,0.7210218513181931
check,TFO,2026-04-29,2026-07,30.0,E,M,2026-06-26,0.3335714285714286,0.0,700,0,47.47002257954156,1.932,P,0.7709764009565065,0.756741248361642
check,TFO,2026-04-29,2026-07,33.0,E,M,2026-06-26,0.65,0.0,1000,0,47.47002257954156,1.932,P,0.759395230925896,0.7877137425249702
check,TFO,2026-04-29,2026-07,35.0,E,M,2026-06-26,1.1,0.0,2050,0,47.47002257954156,1.932,P,0.7888114973817201,0.8062612978470092
check,TFO,2026-04-29,2026-07,36.0,E,M,2026-06-26,1.42,0.0,150,0,47.47002257954156,1.932,P,0.8119439374898464,0.8149965107232359
check,TFO,2026-04-29,2026-07,40.0,E,M,2026-06-26,2.875,9.2,1100,250,47.47002257954156,1.932,P,0.8577888741573555,0.8468906818847113
check,TFO,2026-04-29,2026-07,45.0,E,M,2026-06-26,5.8,5.8,300,875,47.47002257954156,1.932,C,0.5973870185553797,0.8812133426764232
check,TFO,2026-04-29,2026-07,47.0,E,M,2026-06-26,0.0,5.35,0,450,47.47002257954156,1.932,C,0.6738349437351577,0.8935593397786609
check,TFO,2026-04-29,2026-07,48.0,E,M,2026-06-26,0.0,5.91,0,350,47.47002257954156,1.932,C,0.8084969420270195,0.8994770531527719
check,TFO,2026-04-29,2026-07,50.0,E,M,2026-06-26,0.0,5.43,0,2450,47.47002257954156,1.932,C,0.8509622165260913,0.9108439528065808
check,TFO,2026-04-29,2026-07,60.0,E,M,2026-06-26,0.0,3.51,0,1175,47.47002257954156,1.932,C,0.9785774103529052,0.9599983995540852
check,TFO,2026-04-29,2026-07,63.0,E,M,2026-06-26,0.0,2.75,0,10,47.47002257954156,1.932,C,0.9527191836386846,0.9727378448291042
check,TFO,2026-04-29,2026-07,65.0,E,M,2026-06-26,0.0,2.1,0,2515,47.47002257954156,1.932,C,0.9003492641386174,0.9808124244795168
check,TFO,2026-04-29,2026-08,33.0,E,M,2026-07-27,0.99,0.0,10,0,47.62137486444149,1.932,P,0.7033885633217719,0.8243435636216074
check,TFO,2026-04-29,2026-08,35.0,E,M,2026-07-27,1.8,0.0,1100,0,47.62137486444149,1.932,P,0.7754971339334674,0.8384554002761466
check,TFO,2026-04-29,2026-08,50.0,E,M,2026-07-27,0.0,6.4,0,50,47.62137486444149,1.932,C,0.7789703508255728,0.9194833730353109
check,TFO,2026-04-29,2026-08,55.0,E,M,2026-07-27,0.0,5.76,0,20,47.62137486444149,1.932,C,0.8884387159899815,0.9399777980122674
check,TFO,2026-04-29,2026-08,60.0,E,M,2026-07-27,0.0,3.35,0,600,47.62137486444149,1.932,C,0.7629676214558754,0.9583117790509555
check,TFO,2026-04-29,2026-08,90.0,E,M,2026-07-27,0.0,1.21,0,275,47.62137486444149,1.932,C,0.9448363432937477,1.039551426779809
check,TFO,2026-04-29,2026-09,45.0,E,M,2026-08-26,0.0,7.52,0,625,47.67364559819413,1.932,C,0.5658931656383536,0.9576248038857758
check,TFO,2026-04-29,2026-09,60.0,E,M,2026-08-26,0.0,3.955,0,525,47.67364559819413,1.932,C,0.7158094814534225,1.0093022613132419
check,TFO,2026-04-29,2026-09,70.0,E,M,2026-08-26,0.0,3.05,0,625,47.67364559819413,1.932,C,0.8093637211143481,1.0359509785544199
check,TFO,2026-04-29,2026-09,75.0,E,M,2026-08-26,0.0,2.535,0,45,47.67364559819413,1.932,C,0.8254307539400911,1.047661930850523
check,TFO,2026-04-29,2026-09,85.0,E,M,2026-08-26,0.0,2.05,0,800,47.67364559819413,1.932,C,0.8890834559514433,1.0685844447791124
check,TFO,2026-04-29,2026-09,100.0,E,M,2026-08-26,0.0,1.55,0,450,47.67364559819413,1.932,C,0.962586766922426,1.0951630194789899
check,TFO,2026-04-29,2026-10,50.0,E,M,2026-09-25,0.0,6.465,0,975,47.60290869980879,1.932,C,0.6032586071858242,0.873238827895922
check,TFO,2026-04-29,2026-10,60.0,E,M,2026-09-25,0.0,4.57,0,950,47.60290869980879,1.932,C,0.6933407407840776,0.9022220826903898
check,TFO,2026-04-29,2026-10,65.0,E,M,2026-09-25,0.0,3.9,0,550,47.60290869980879,1.932,C,0.7258211496755397,0.9146612402075407
check,TFO,2026-04-29,2026-10,70.0,E,M,2026-09-25,0.0,3.43,0,250,47.60290869980879,1.932,C,0.7603060511365978,0.9260315360325085
check,TFO,2026-04-30,2026-06,26.0,E,M,2026-05-27,0.06,0.0,600,0,46.25,1.93,P,1.0084065084008362,0.5281472919941866
check,TFO,2026-04-30,2026-06,30.0,E,M,2026-05-27,0.07378378378378378,0.0,1850,0,46.25,1.93,P,0.8084964946439581,0.614894649643555
check,TFO,2026-04-30,2026-06,31.0,E,M,2026-05-27,0.13,0.0,280,0,46.25,1.93,P,0.8326044209291671,0.6332248462925338
check,TFO,2026-04-30,2026-06,34.0,E,M,2026-05-27,0.27,0.0,100,0,46.25,1.93,P,0.7800269043941744,0.6823605748616636
check,TFO,2026-04-30,2026-06,35.0,E,M,2026-05-27,0.35000000000000003,0.0,190,0,46.25,1.93,P,0.768967402011357,0.697098694337878
check,TFO,2026-04-30,2026-06,37.0,E,M,2026-05-27,0.5575,0.0,1000,0,46.25,1.93,P,0.7427723762893425,0.7245462603275239
check,TFO,2026-04-30,2026-06,38.0,E,M,2026-05-27,0.7,0.0,560,0,46.25,1.93,P,0.7320326288814559,0.7373683242423497
check,TFO,2026-04-30,2026-06,39.0,E,M,2026-05-27,1.15,0.0,1100,0,46.25,1.93,P,0.8075747898769351,0.749653170130044
check,TFO,2026-04-30,2026-06,40.0,E,M,2026-05-27,1.2550000000000001,0.0,1035,0,46.25,1.93,P,0.7628088159750064,0.7614419084512057
check,TFO,2026-04-30,2026-06,45.0,E,M,2026-05-27,3.275,0.0,2101,0,46.25,1.93,P,0.7895608592556783,0.8141000672822672
check,TFO,2026-04-30,2026-06,46.0,E,M,2026-05-27,0.0,4.28,0,270,46.25,1.93,C,0.8258791019934496,0.8235620624816625
check,TFO,2026-04-30,2026-06,47.0,E,M,2026-05-27,4.649000000000001,4.01,250,150,46.25,1.93,P,0.8525702240445806,0.8327186087006999
check,TFO,2026-04-30,2026-06,48.0,E,M,2026-05-27,5.0,0.0,25,0,46.25,1.93,P,0.8052709690019079,0.841587753116863
check,TFO,2026-04-30,2026-06,49.0,E,M,2026-05-27,0.0,3.3,0,250,46.25,1.93,C,0.8767850127502576,0.8501860106052246
check,TFO,2026-04-30,2026-06,50.0,E,M,2026-05-27,0.0,3.36,0,3100,46.25,1.93,C,0.9588463412586441,0.8585285320236845
check,TFO,2026-04-30,2026-06,52.0,E,M,2026-05-27,8.65,0.0,1000,0,46.25,1.93,P,1.0069887879667891,0.8745010056625498
check,TFO,2026-04-30,2026-06,55.0,E,M,2026-05-27,0.0,2.0511837121212118,0,1056,46.25,1.93,C,0.9703000448621187,0.8968567696959434
check,TFO,2026-04-30,2026-06,60.0,E,M,2026-05-27,0.0,1.8454773869346732,0,995,46.25,1.93,C,1.1440120823112736,0.9304896156146019
check,TFO,2026-04-30,2026-06,65.0,E,M,2026-05-27,0.0,0.97,0,300,46.25,1.93,C,1.075432444923018,0.9604020105144254
check,TFO,2026-04-30,2026-06,70.0,E,M,2026-05-27,0.0,0.9169431279620854,0,2110,46.25,1.93,C,1.206357362258229,0.9872976414397857
check,TFO,2026-04-30,2026-06,80.0,E,M,2026-05-27,0.0,0.45,0,250,46.25,1.93,C,1.240945510552663,1.034011423187936
check,TFO,2026-04-30,2026-07,30.0,E,M,2026-06-26,0.347,0.0,125,0,46.21855985412437,1.93,P,0.7516518704766068,0.7722310744902716
check,TFO,2026-04-30,2026-07,33.0,E,M,2026-06-26,0.66,0.0,150,0,46.21855985412437,1.93,P,0.7318045789271779,0.8031409310176252
check,TFO,2026-04-30,2026-07,37.0,E,M,2026-06-26,1.5,0.0,20,0,46.21855985412437,1.93,P,0.7365781632076229,0.8387891831144294
check,TFO,2026-04-30,2026-07,40.0,E,M,2026-06-26,2.695,0.0,975,0,46.21855985412437,1.93,P,0.781113294949897,0.862259700599298
check,TFO,2026-04-30,2026-07,45.0,E,M,2026-06-26,5.5,6.36,400,100,46.21855985412437,1.93,P,0.8615236362010567,0.8965812816651576
check,TFO,2026-04-30,2026-07,47.0,E,M,2026-06-26,0.0,5.775,0,500,46.21855985412437,1.93,C,0.8340603341144118,0.9089321605897294
check,TFO,2026-04-30,2026-07,50.0,E,M,2026-06-26,0.0,5.45,0,655,46.21855985412437,1.93,C,0.9462938329621194,0.9262280058481059
check,TFO,2026-04-30,2026-07,52.0,E,M,2026-06-26,0.0,5.45,0,50,46.21855985412437,1.93,C,1.036878040217765,0.9370289855001341
check,TFO,2026-04-30,2026-07,55.0,E,M,2026-06-26,0.0,3.76,0,350,46.21855985412437,1.93,C,0.9202784613519418,0.9522662588110369
check,TFO,2026-04-30,2026-07,60.0,E,M,2026-06-26,0.0,3.535,0,1155,46.21855985412437,1.93,C,1.0539783559731866,0.9754403894109589
check,TFO,2026-04-30,2026-07,62.0,E,M,2026-06-26,0.0,3.475,0,50,46.21855985412437,1.93,C,1.103750544845823,0.9840340068870818
check,TFO,2026-04-30,2026-07,65.0,E,M,2026-06-26,0.0,2.4859999999999998,0,125,46.21855985412437,1.93,C,1.0269838320134088,0.996289610831018
check,TFO,2026-04-30,2026-07,68.0,E,M,2026-06-26,0.0,2.49,0,5,46.21855985412437,1.93,C,1.0999673166709867,1.0078549437826025
check,TFO,2026-04-30,2026-07,70.0,E,M,2026-06-26,0.0,2.4,0,475,46.21855985412437,1.93,C,1.1295424912405874,1.0152164683628944
check,TFO,2026-04-30,2026-08,30.0,E,M,2026-07-27,0.475,0.0,1475,0,46.44171006711409,1.93,P,0.6600054703949768,0.8117614407298931
check,TFO,2026-04-30,2026-08,33.0,E,M,2026-07-27,0.9523170731707318,0.0,205,0,46.44171006711409,1.93,P,0.6687332350732051,0.8350927024040503
check,TFO,2026-04-30,2026-08,45.0,E,M,2026-07-27,0.0,8.02,0,750,46.44171006711409,1.93,C,0.8074054821850356,0.9069771865096026
check,TFO,2026-04-30,2026-08,50.0,E,M,2026-07-27,0.0,6.7,0,405,46.44171006711409,1.93,C,0.8837542735364032,0.9301606864077117
check,TFO,2026-04-30,2026-08,55.0,E,M,2026-07-27,0.0,4.925,0,900,46.44171006711409,1.93,C,0.859588544554707,0.9506548348192725
check,TFO,2026-04-30,2026-08,90.0,E,M,2026-07-27,0.0,1.88,0,50,46.44171006711409,1.93,C,1.1065637080328794,1.0502895091015552
check,TFO,2026-04-30,2026-08,100.0,E,M,2026-07-27,0.0,1.47,0,100,46.44171006711409,1.93,C,1.1392440873854537,1.0704166483088726
check,TFO,2026-04-30,2026-12,50.0,E,M,2026-11-26,0.0,9.325,0,50,45.90956457663451,1.93,C,0.7742781025206983,0.8292333275757884
check,TFO,2026-04-30,2026-12,60.0,E,M,2026-11-26,0.0,6.6,0,350,45.90956457663451,1.93,C,0.778733361233385,0.8528857330206906
check,TFO,2026-04-30,2026-12,80.0,E,M,2026-11-26,0.0,4.35,0,300,45.90956457663451,1.93,C,0.8637615059171184,0.8889482241103447
check,TFO,2026-04-30,2027-03,35.0,E,M,2027-02-24,5.2,0.0,250,0,44.65,1.93,P,0.6739109567694527,0.8437896799157674
check,TFO,2026-04-30,2027-03,75.0,E,M,2027-02-24,0.0,6.65,0,100,44.65,1.93,C,0.8552919774861866,0.9212150685566541
check,TFO,2026-05-01,2026-06,31.0,E,M,2026-05-27,0.125,0.0,5,0,45.6122416886325,,P,,0.6441874311994488
check,TFO,2026-05-01,2026-06,33.0,E,M,2026-05-27,0.175,0.0,300,0,45.6122416886325,,P,,0.6782090774112088
check,TFO,2026-05-01,2026-06,35.0,E,M,2026-05-27,0.3643153526970954,0.0,1205,0,45.6122416886325,,P,,0.7088053303820137
check,TFO,2026-05-01,2026-06,36.0,E,M,2026-05-27,0.475,0.0,1050,0,45.6122416886325,,P,,0.7230136018452726
check,TFO,2026-05-01,2026-06,37.0,E,M,2026-05-27,0.53,0.0,100,0,45.6122416886325,,P,,0.736579004447826
check,TFO,2026-05-01,2026-06,39.0,E,M,2026-05-27,1.125,0.0,50,0,45.6122416886325,,P,,0.7619873215808189
check,TFO,2026-05-01,2026-06,40.0,E,M,2026-05-27,1.5052727272727273,0.0,2750,0,45.6122416886325,,P,,0.7739185585568672
check,TFO,2026-05-01,2026-06,41.0,E,M,2026-05-27,1.5,0.0,1400,0,45.6122416886325,,P,,0.7853853014443489
check,TFO,2026-05-01,2026-06,42.0,E,M,2026-05-27,2.3,0.0,500,0,45.6122416886325,,P,,0.7964205992580824
check,TFO,2026-05-01,2026-06,43.0,E,M,2026-05-27,2.91,5.95,825,500,45.6122416886325,,P,,0.8070541277713097
check,TFO,2026-05-01,2026-06,44.0,E,M,2026-05-27,3.175,0.0,350,0,45.6122416886325,,P,,0.8173126334704838
check,TFO,2026-05-01,2026-06,45.0,E,M,2026-05-27,3.35,4.045531914893617,700,1175,45.6122416886325,,C,,0.8272203066745412
check,TFO,2026-05-01,2026-06,46.0,E,M,2026-05-27,3.95,3.675,900,50,45.6122416886325,,P,,0.836799096973958
check,TFO,2026-05-01,2026-06,47.0,E,M,2026-05-27,0.0,3.5,0,400,45.6122416886325,,C,,0.8460689813826328
check,TFO,2026-05-01,2026-06,48.0,E,M,2026-05-27,0.0,3.7,0,250,45.6122416886325,,C,,0.8550481934749385
check,TFO,2026-05-01,2026-06,50.0,E,M,2026-05-27,6.7,2.58,500,3775,45.6122416886325,,C,,0.8721999712986859
check,TFO,2026-05-01,2026-06,53.0,E,M,2026-05-27,0.0,2.39,0,250,45.6122416886325,,C,,0.8961229732254458
check,TFO,2026-05-01,2026-06,55.0,E,M,2026-05-27,0.0,1.9475,0,4000,45.6122416886325,,C,,0.9110090740084126
check,TFO,2026-05-01,2026-06,60.0,E,M,2026-05-27,0.0,1.36,0,1050,45.6122416886325,,C,,0.9450675555919379
check,TFO,2026-05-01,2026-06,65.0,E,M,2026-05-27,0.0,0.9249492385786802,0,1970,45.6122416886325,,C,,0.975361142418343
check,TFO,2026-05-01,2026-06,70.0,E,M,2026-05-27,0.0,0.675,0,2120,45.6122416886325,,C,,1.0026014807800154
check,TFO,2026-05-01,2026-06,75.0,E,M,2026-05-27,0.0,0.5,0,3900,45.6122416886325,,C,,1.027318703695949
check,TFO,2026-05-01,2026-07,30.0,E,M,2026-06-26,0.33,0.0,1125,0,45.57805579373762,,P,,0.7837361723428077
check,TFO,2026-05-01,2026-07,35.0,E,M,2026-06-26,0.9899999999999999,0.0,1065,0,45.57805579373762,,P,,0.83333784478872
check,TFO,2026-05-01,2026-07,40.0,E,M,2026-06-26,2.5068965517241377,0.0,1450,0,45.57805579373762,,P,,0.8740969498294734
check,TFO,2026-05-01,2026-07,45.0,E,M,2026-06-26,5.2,6.338333333333333,200,375,45.57805579373762,,C,,0.9085681189191411
check,TFO,2026-05-01,2026-07,50.0,E,M,2026-06-26,0.0,5.0,0,100,45.57805579373762,,C,,0.9383527923659386
check,TFO,2026-05-01,2026-07,55.0,E,M,2026-06-26,0.0,3.925,0,3850,45.57805579373762,,C,,0.9645183215487084
check,TFO,2026-05-01,2026-07,60.0,E,M,2026-06-26,0.0,2.75,0,1400,45.57805579373762,,C,,0.9878101891096149
check,TFO,2026-05-01,2026-07,70.0,E,M,2026-06-26,0.0,2.0,0,1700,45.57805579373762,,C,,1.0277973602042918
check,TFO,2026-05-01,2026-08,30.0,E,M,2026-07-27,0.5,0.0,2200,0,45.732319501496896,,P,,0.8202470476726355
check,TFO,2026-05-01,2026-08,37.0,E,M,2026-07-27,2.3,0.0,100,0,45.732319501496896,,P,,0.8708474999528877
check,TFO,2026-05-01,2026-08,40.0,E,M,2026-07-27,0.0,9.355,0,300,45.732319501496896,,C,,0.8889425828020773
check,TFO,2026-05-01,2026-08,50.0,E,M,2026-07-27,0.0,5.875,0,400,45.732319501496896,,C,,0.9388500405263897
check,TFO,2026-05-01,2026-10,40.0,E,M,2026-09-25,4.525,0.0,350,0,45.393929381140325,,P,,0.850123259272006
check,TFO,2026-05-01,2027-01,40.0,E,M,2026-12-24,6.8,0.0,550,0,45.07336847775897,,P,,0.7846164992651958
check,TFO,2026-05-01,2027-03,50.0,E,M,2027-02-24,0.0,9.6,0,250,42.855,,C,,0.8865005904871717
check,TFO,2026-05-01,2027-04,50.0,E,M,2027-03-25,0.0,5.5,0,100,37.375,,C,,0.8595597675261697
check,TFO,2026-05-04,2026-06,34.0,E,M,2026-05-27,0.205,0.0,10,0,49.000228382069764,1.932,P,0.9031739800126832,0.6446110298474892
check,TFO,2026-05-04,2026-06,37.0,E,M,2026-05-27,0.49000000000000005,0.0,40,0,49.000228382069764,1.932,P,0.9026351147511471,0.6932465455893969
check,TFO,2026-05-04,2026-06,40.0,E,M,2026-05-27,0.95,0.0,100,0,49.000228382069764,1.932,P,0.8854229062370969,0.7353613686242342
check,TFO,2026-05-04,2026-06,45.0,E,M,2026-05-27,0.0,4.96,0,150,49.000228382069764,1.932,C,0.5129314055965556,0.794897378131086
check,TFO,2026-05-04,2026-06,47.0,E,M,2026-05-27,0.0,5.0,0,5,49.000228382069764,1.932,C,0.8104669553604238,0.8158084883663981
check,TFO,2026-05-04,2026-06,50.0,E,M,2026-05-27,0.0,3.4007246376811593,0,2070,49.000228382069764,1.932,C,0.7790651064117091,0.8446903093683789
check,TFO,2026-05-04,2026-06,51.0,E,M,2026-05-27,0.0,3.35,0,25,49.000228382069764,1.932,C,0.8510586020456331,0.8537313569653118
check,TFO,2026-05-04,2026-06,55.0,E,M,2026-05-27,0.0,2.0285185185185184,0,135,49.000228382069764,1.932,C,0.8423005820325669,0.887374780907606
check,TFO,2026-05-04,2026-06,60.0,E,M,2026-05-27,0.0,1.4975,0,480,49.000228382069764,1.932,C,0.968089046365188,0.9246501701421795
check,TFO,2026-05-04,2026-06,65.0,E,M,2026-05-27,0.0,1.1517241379310346,0,145,49.000228382069764,1.932,C,1.0722957289107258,0.9576766086063162
check,TFO,2026-05-04,2026-06,70.0,E,M,2026-05-27,0.0,0.9049999999999999,0,400,49.000228382069764,1.932,C,1.1586718266746086,0.9872810665051536
check,TFO,2026-05-04,2026-06,75.0,E,M,2026-05-27,0.0,0.685,0,600,49.000228382069764,1.932,C,1.2156455329699674,1.0140734653286951
check,TFO,2026-05-04,2026-06,120.0,E,M,2026-05-27,0.0,0.25,0,80,49.000228382069764,1.932,C,1.7458508814364433,1.1806351844049872
check,TFO,2026-05-04,2026-07,30.0,E,M,2026-06-26,0.275,0.0,500,0,48.53999091578689,1.932,P,0.7999163305625845,0.7838693331692705
check,TFO,2026-05-04,2026-07,35.0,E,M,2026-06-26,0.85,0.0,500,0,48.53999091578689,1.932,P,0.7899257433936828,0.8361367295567201
check,TFO,2026-05-04,2026-07,55.0,E,M,2026-06-26,0.0,3.725,0,10,48.53999091578689,1.932,C,0.8176004708138794,0.9737547882888739
check,TFO,2026-05-04,2026-07,68.0,E,M,2026-06-26,0.0,2.74,0,15,48.53999091578689,1.932,C,1.0799888602913938,1.0321622245914137
check,TFO,2026-05-04,2026-08,70.0,E,M,2026-07-27,0.0,3.0,0,240,48.33622365737593,1.932,C,0.935484950987112,1.0159049536223397
check,TFO,2026-05-04,2026-09,25.0,E,M,2026-08-26,0.23,0.0,200,0,48.365842135906185,1.932,P,0.692753444971748,0.8576906593968455
check,TFO,2026-05-04,2026-09,75.0,E,M,2026-08-26,0.0,3.5,0,25,48.365842135906185,1.932,C,0.9334826284554847,1.0679014237980866
check,TFO,2026-05-04,2026-09,100.0,E,M,2026-08-26,0.0,1.91,0,25,48.365842135906185,1.932,C,1.0233773674505529,1.1165397783929598
check,TFO,2026-05-05,2026-06,30.0,E,M,2026-05-27,0.05322580645161291,0.0,1550,0,46.40990866742472,1.932,P,0.8566455370576125,0.6145304074749585
check,TFO,2026-05-05,2026-06,33.0,E,M,2026-05-27,0.135,0.0,200,0,46.40990866742472,1.932,P,0.8105812731464841,0.6738408451091223
check,TFO,2026-05-05,2026-06,35.0,E,M,2026-05-27,0.2,0.0,1450,0,46.40990866742472,1.932,P,0.7517003820821339,0.7081116966854399
check,TFO,2026-05-05,2026-06,37.0,E,M,2026-05-27,0.37,0.0,700,0,46.40990866742472,1.932,P,0.7366226337852863,0.739081011468851
check,TFO,2026-05-05,2026-06,39.0,E,M,2026-05-27,0.695,0.0,200,0,46.40990866742472,1.932,P,0.7432045413713189,0.7673082118445175
check,TFO,2026-05-05,2026-06,40.0,E,M,2026-05-27,0.9845070422535211,0.0,710,0,46.40990866742472,1.932,P,0.7687719752930283,0.7805314417963539
check,TFO,2026-05-05,2026-06,42.0,E,M,2026-05-27,1.5502850356294537,0.0,2105,0,46.40990866742472,1.932,P,0.7677480039488844,0.8054190641914852
check,TFO,2026-05-05,2026-06,43.0,E,M,2026-05-27,1.81,0.0,2500,0,46.40990866742472,1.932,P,0.7446234808818503,0.8171579653845661
check,TFO,2026-05-05,2026-06,44.0,E,M,2026-05-27,2.3,0.0,5,0,46.40990866742472,1.932,P,0.7675302521262884,0.8284702086491338
check,TFO,2026-05-05,2026-06,45.0,E,M,2026-05-27,2.880019305019305,0.0,2590,0,46.40990866742472,1.932,P,0.7981175339186779,0.8393842264925603
check,TFO,2026-05-05,2026-06,47.0,E,M,2026-05-27,4.17,0.0,1000,0,46.40990866742472,1.932,P,0.854144617164953,0.8601180192797212
check,TFO,2026-05-05,2026-06,48.0,E,M,2026-05-27,4.32,0.0,1000,0,46.40990866742472,1.932,P,0.7587718016959927,0.8699823265831831
check,TFO,2026-05-05,2026-06,50.0,E,M,2026-05-27,0.0,3.527659574468085,0,3525,46.40990866742472,1.932,C,1.0849466997958435,0.8888027703307324
check,TFO,2026-05-05,2026-06,51.0,E,M,2026-05-27,0.0,3.48,0,25,46.40990866742472,1.932,C,1.1478157790360113,0.8977928696302806
check,TFO,2026-05-05,2026-06,52.0,E,M,2026-05-27,0.0,2.75,0,30,46.40990866742472,1.932,C,1.0507114171865801,0.9065232453335362
check,TFO,2026-05-05,2026-06,54.0,E,M,2026-05-27,0.0,2.26,0,50,46.40990866742472,1.932,C,1.0586355279891186,0.9232588564952775
check,TFO,2026-05-05,2026-06,55.0,E,M,2026-05-27,0.0,2.2772037914691943,0,2110,46.40990866742472,1.932,C,1.1197739264075555,0.9312885814117432
check,TFO,2026-05-05,2026-06,56.0,E,M,2026-05-27,0.0,2.34,0,25,46.40990866742472,1.932,C,1.1899886951622034,0.9391077575488457
check,TFO,2026-05-05,2026-06,60.0,E,M,2026-05-27,0.0,1.844736842105263,0,475,46.40990866742472,1.932,C,1.2568099782688238,0.9684715782058354
check,TFO,2026-05-05,2026-06,65.0,E,M,2026-05-27,0.0,0.9763636363636363,0,110,46.40990866742472,1.932,C,1.1851616942929895,1.001472732384632
check,TFO,2026-05-05,2026-06,70.0,E,M,2026-05-27,0.0,0.6118421052631579,0,950,46.40990866742472,1.932,C,1.1951627122798865,1.0310956029661802
check,TFO,2026-05-05,2026-06,75.0,E,M,2026-05-27,0.0,0.45764150943396226,0,1325,46.40990866742472,1.932,C,1.250419567281626,1.0579354626443884
check,TFO,2026-05-05,2026-06,80.0,E,M,2026-05-27,0.0,0.42,0,350,46.40990866742472,1.932,C,1.3485627899521584,1.082445250085473
check,TFO,2026-05-05,2026-06,100.0,E,M,2026-05-27,0.0,0.205,0,25,46.40990866742472,1.932,C,1.5461727402946832,1.1632430868781143
check,TFO,2026-05-05,2026-07,40.0,E,M,2026-06-26,2.27,0.0,510,0,47.171796506317555,1.932,P,0.7839133600756355,0.896392024756183
check,TFO,2026-05-05,2026-07,53.0,E,M,2026-06-26,0.0,4.6,0,5,47.171796506317555,1.932,C,0.9466628235686966,0.9806528115751225
check,TFO,2026-05-05,2026-07,55.0,E,M,2026-06-26,0.0,3.95,0,870,47.171796506317555,1.932,C,0.936709565652633,0.9912205261154619
check,TFO,2026-05-05,2026-07,60.0,E,M,2026-06-26,0.0,3.75,0,10,47.171796506317555,1.932,C,1.086190438970007,1.0156190821808457
check,TFO,2026-05-05,2026-07,65.0,E,M,2026-06-26,0.0,3.08,0,20,47.171796506317555,1.932,C,1.130599315341933,1.0375646523957018
check,TFO,2026-05-05,2026-07,90.0,E,M,2026-06-26,0.0,1.23,0,50,47.171796506317555,1.932,C,1.259413418916721,1.1224309555592513
check,TFO,2026-05-05,2026-08,30.0,E,M,2026-07-27,0.39,0.0,350,0,47.08983952282894,1.932,P,0.6614648766491961,0.7152399642596386
check,TFO,2026-05-05,2026-08,38.0,E,M,2026-07-27,2.23,0.0,350,0,47.08983952282894,1.932,P,0.7124179699784855,0.7759699585420281
check,TFO,2026-05-05,2026-08,40.0,E,M,2026-07-27,3.23,0.0,300,0,47.08983952282894,1.932,P,0.7556302970305625,0.7885473940734877
check,TFO,2026-05-05,2026-08,50.0,E,M,2026-07-27,0.0,6.3,0,1350,47.08983952282894,1.932,C,0.8273177801911552,0.84112575411197
check,TFO,2026-05-05,2026-08,60.0,E,M,2026-07-27,0.0,4.2,0,1550,47.08983952282894,1.932,C,0.9141222212999448,0.8818041444274128
check,TFO,2026-05-05,2026-08,200.0,E,M,2026-07-27,0.0,0.41,0,25,47.08983952282894,1.932,C,1.4401504994555523,1.1141156199077162
check,TFO,2026-05-05,2026-09,47.0,E,M,2026-08-26,0.0,8.04,0,300,47.097080564406006,1.932,C,0.7597806182787904,0.9931953545170065
check,TFO,2026-05-05,2026-09,50.0,E,M,2026-08-26,0.0,7.4,0,550,47.097080564406006,1.932,C,0.8115214635152523,1.0047166956617748
check,TFO,2026-05-05,2026-09,75.0,E,M,2026-08-26,0.0,3.4,0,1125,47.097080564406006,1.932,C,0.9663967718651391,1.0772220306324798
check,TFO,2026-05-05,2026-09,100.0,E,M,2026-08-26,0.0,2.1,0,1325,47.097080564406006,1.932,C,1.0883230536231785,1.1258779319303482
check,TFO,2026-05-05,2026-09,125.0,E,M,2026-08-26,0.0,1.4,0,50,47.097080564406006,1.932,C,1.1634851886138682,1.1622333421413178
check,TFO,2026-05-05,2026-09,200.0,E,M,2026-08-26,0.0,0.53,0,50,47.097080564406006,1.932,C,1.282523741107038,1.2353474258829629
check,TFO,2026-05-05,2026-10,40.0,E,M,2026-09-25,4.425,0.0,1165,0,46.82477216804885,1.932,P,0.6971412453022834,0.8566262298989794
check,TFO,2026-05-05,2026-10,50.0,E,M,2026-09-25,0.0,8.75,0,1240,46.82477216804885,1.932,C,0.8480690365205247,0.8940842052310948
check,TFO,2026-05-05,2026-10,55.0,E,M,2026-09-25,0.0,6.43,0,250,46.82477216804885,1.932,C,0.7857332838366069,0.90962260640299
check,TFO,2026-05-05,2026-10,60.0,E,M,2026-09-25,0.0,5.5,0,1874,46.82477216804885,1.932,C,0.8168974831879411,0.9235838786695513
check,TFO,2026-05-05,2026-10,70.0,E,M,2026-09-25,0.0,4.8,0,1854,46.82477216804885,1.932,C,0.929389904180768,0.9478213760242258
check,TFO,2026-05-05,2027-01,25.0,E,M,2026-12-24,0.59,0.0,57,0,46.39069818304172,1.932,P,0.5741124741349461,0.7164275053911662
check,TFO,2026-05-05,2027-01,35.0,E,M,2026-12-24,3.37,0.0,1047,0,46.39069818304172,1.932,P,0.6244815937790602,0.7619726655196459
check,TFO,2026-05-05,2027-01,43.0,E,M,2026-12-24,0.0,11.25,0,50,46.39069818304172,1.932,C,0.6546839211767133,0.7885726416442201
check,TFO,2026-05-05,2027-01,55.0,E,M,2026-12-24,0.0,8.725,0,100,46.39069818304172,1.932,C,0.7797591880915763,0.8192679584599614
check,TFO,2026-05-05,2027-01,65.0,E,M,2026-12-24,0.0,7.14,0,285,46.39069818304172,1.932,C,0.8349830932672707,0.8394737256747785
check,TFO,2026-05-05,2027-01,85.0,E,M,2026-12-24,0.0,4.72,0,50,46.39069818304172,1.932,C,0.8816071836095459,0.8709563860634669
check,TFO,2026-05-05,2027-02,25.0,E,M,2027-01-27,0.8424999999999999,0.0,114,0,45.86407899526756,1.932,P,0.5839631445298029,0.8525814051284373
check,TFO,2026-05-05,2027-02,35.0,E,M,2027-01-27,4.312323369565217,0.0,1104,0,45.86407899526756,1.932,P,0.6590246524355177,0.8913915618574532
check,TFO,2026-05-05,2027-02,55.0,E,M,2027-01-27,0.0,9.450632911392404,0,237,45.86407899526756,1.932,C,0.7906868719170458,0.9410645342510033
check,TFO,2026-05-05,2027-02,65.0,E,M,2027-01-27,0.0,7.801184834123221,0,422,45.86407899526756,1.932,C,0.8359961820907299,0.9587849417933811
check,TFO,2026-05-06,2026-06,30.0,E,M,2026-05-27,0.1,0.0,200,0,43.87938807280856,1.931,P,0.8697444959137319,0.5381410570123006
check,TFO,2026-05-06,2026-06,33.0,E,M,2026-05-27,0.2625,0.0,600,0,43.87938807280856,1.931,P,0.8360683253920543,0.5991543191969707
check,TFO,2026-05-06,2026-06,34.0,E,M,2026-05-27,0.395,0.0,10,0,43.87938807280856,1.931,P,0.8524891897643065,0.6170926700123932
check,TFO,2026-05-06,2026-06,35.0,E,M,2026-05-27,0.5131750339213026,0.0,3685,0,43.87938807280856,1.931,P,0.8414695524553157,0.6340471417231776
check,TFO,2026-05-06,2026-06,36.0,E,M,2026-05-27,0.8,0.0,650,0,43.87938807280856,1.931,P,0.8905107789374679,0.6501173723149365
check,TFO,2026-05-06,2026-06,37.0,E,M,2026-05-27,0.7402530541012216,0.0,2865,0,43.87938807280856,1.931,P,0.7839724606335742,0.665388514471407
check,TFO,2026-05-06,2026-06,38.0,E,M,2026-05-27,1.2,0.0,625,0,43.87938807280856,1.931,P,0.8623950025738855,0.6799339242450189
check,TFO,2026-05-06,2026-06,39.0,E,M,2026-05-27,0.9063043478260869,0.0,115,0,43.87938807280856,1.931,P,0.6775199416483166,0.6938172557843918
check,TFO,2026-05-06,2026-06,40.0,E,M,2026-05-27,1.5006540447504304,0.0,2905,0,43.87938807280856,1.931,P,0.7678080981932608,0.7070941110139015
check,TFO,2026-05-06,2026-06,41.0,E,M,2026-05-27,2.33,0.0,1000,0,43.87938807280856,1.931,P,0.8905679148482032,0.7198133522872767
check,TFO,2026-05-06,2026-06,42.0,E,M,2026-05-27,2.85,4.5,4600,165,43.87938807280856,1.931,P,0.9115684384453714,0.7320181570808447
check,TFO,2026-05-06,2026-06,43.0,E,M,2026-05-27,3.075,2.79,500,50,43.87938807280856,1.931,P,0.8488449231354824,0.7437468731776817
check,TFO,2026-05-06,2026-06,44.0,E,M,2026-05-27,3.675,2.9361904761904762,225,525,43.87938807280856,1.931,C,0.7083087914457037,0.7550337180026739
check,TFO,2026-05-06,2026-06,45.0,E,M,2026-05-27,4.486481481481483,3.2403846153846154,1350,5200,43.87938807280856,1.931,C,0.8846674119112445,0.7659093550566209
check,TFO,2026-05-06,2026-06,46.0,E,M,2026-05-27,0.0,3.6118942731277532,0,1135,43.87938807280856,1.931,C,1.0673109503280807,0.776401372563116
check,TFO,2026-05-06,2026-06,47.0,E,M,2026-05-27,4.7,2.209090909090909,100,330,43.87938807280856,1.931,C,0.8149549284975794,0.786534683654629
check,TFO,2026-05-06,2026-06,48.0,E,M,2026-05-27,0.0,1.62,0,1200,43.87938807280856,1.931,C,0.7432091987863485,0.7963318631068823
check,TFO,2026-05-06,2026-06,50.0,E,M,2026-05-27,8.79,1.9790200546946215,1250,5485,43.87938807280856,1.931,C,0.9743394923207476,0.8149981022454459
check,TFO,2026-05-06,2026-06,55.0,E,M,2026-05-27,0.0,1.2081920903954804,0,1770,43.87938807280856,1.931,C,1.0359543394572115,0.857019969729353
check,TFO,2026-05-06,2026-06,60.0,E,M,2026-05-27,0.0,0.8091578947368421,0,475,43.87938807280856,1.931,C,1.1109284314457961,0.8936794068895996
check,TFO,2026-05-06,2026-06,65.0,E,M,2026-05-27,0.0,0.4410958904109589,0,365,43.87938807280856,1.931,C,1.1102593747019658,0.9261349724451756
check,TFO,2026-05-06,2026-06,70.0,E,M,2026-05-27,0.0,0.51,0,75,43.87938807280856,1.931,C,1.301388423899924,0.9552099596091237
check,TFO,2026-05-06,2026-06,80.0,E,M,2026-05-27,0.0,0.2,0,300,43.87938807280856,1.931,C,1.3108564590301095,1.0054940973470559
check,TFO,2026-05-06,2026-07,28.0,E,M,2026-06-26,0.16,0.0,2350,0,43.861205879178215,1.931,P,0.7034025264193591,0.8071953395817755
check,TFO,2026-05-06,2026-07,30.0,E,M,2026-06-26,0.225,0.0,50,0,43.861205879178215,1.931,P,0.655912350658204,0.8311572985382252
check,TFO,2026-05-06,2026-07,33.0,E,M,2026-06-26,0.85,0.0,1705,0,43.861205879178215,1.931,P,0.7528162581581548,0.863202899395743
check,TFO,2026-05-06,2026-07,34.0,E,M,2026-06-26,0.675,0.0,100,0,43.861205879178215,1.931,P,0.6446114355850037,0.8730057414712576
check,TFO,2026-05-06,2026-07,35.0,E,M,2026-06-26,1.075,0.0,700,0,43.861205879178215,1.931,P,0.7002647276906714,0.8824231803499752
check,TFO,2026-05-06,2026-07,37.0,E,M,2026-06-26,1.625,0.0,200,0,43.861205879178215,1.931,P,0.7054972369721538,0.9002086358923833
check,TFO,2026-05-06,2026-07,38.0,E,M,2026-06-26,1.8987804878048782,0.0,205,0,43.861205879178215,1.931,P,0.6970500721831121,0.9086235090667191
check,TFO,2026-05-06,2026-07,40.0,E,M,2026-06-26,2.875,0.0,690,0,43.861205879178215,1.931,P,0.7379758542028916,0.9245984206706169
check,TFO,2026-05-06,2026-07,42.0,E,M,2026-06-26,4.23,0.0,75,0,43.861205879178215,1.931,P,0.8101116696190853,0.9395474181799768
check,TFO,2026-05-06,2026-07,44.0,E,M,2026-06-26,5.275,0.0,100,0,43.861205879178215,1.931,P,0.8080730566537823,0.9535872581431231
check,TFO,2026-05-06,2026-07,45.0,E,M,2026-06-26,7.135,4.89,300,1300,43.861205879178215,1.931,C,0.8171100536124242,0.9602975742876826
check,TFO,2026-05-06,2026-07,50.0,E,M,2026-06-26,11.0,0.0,280,0,43.861205879178215,1.931,P,1.100623061607075,0.9911635105595143
check,TFO,2026-05-06,2026-07,55.0,E,M,2026-06-26,0.0,2.7,0,335,43.861205879178215,1.931,C,0.9376398569561655,1.0182931215584665
check,TFO,2026-05-06,2026-07,60.0,E,M,2026-06-26,0.0,2.0413043478260864,0,690,43.861205879178215,1.931,C,0.9785342908998309,1.042453569508333
check,TFO,2026-05-06,2026-07,65.0,E,M,2026-06-26,0.0,1.3,0,130,43.861205879178215,1.931,C,0.953663503419716,1.0642014754592206
check,TFO,2026-05-06,2026-08,31.5,E,M,2026-07-27,0.895,0.0,15,0,43.818876090957666,1.931,P,0.6743573770544905,0.7266589913128922
check,TFO,2026-05-06,2026-08,35.0,E,M,2026-07-27,1.8,0.0,50,0,43.818876090957666,1.931,P,0.6882808955895824,0.7535726497866824
check,TFO,2026-05-06,2026-08,40.0,E,M,2026-07-27,3.825,0.0,340,0,43.818876090957666,1.931,P,0.7117283664127577,0.7863939691509741
check,TFO,2026-05-06,2026-08,55.0,E,M,2026-07-27,0.0,3.4850000000000003,0,10,43.818876090957666,1.931,C,0.8418554751877885,0.8597252817500374
check,TFO,2026-05-06,2026-08,70.0,E,M,2026-07-27,0.0,2.0,0,240,43.818876090957666,1.931,C,0.9630254468348701,0.9114012038176812
check,TFO,2026-05-06,2026-09,25.0,E,M,2026-08-26,0.2,0.0,100,0,43.76087019101023,1.931,P,0.6018185427678723,0.8866728057434439
check,TFO,2026-05-06,2026-09,42.0,E,M,2026-08-26,0.0,8.04,0,400,43.76087019101023,1.931,C,0.7453952844843104,0.9902557777596867
check,TFO,2026-05-06,2026-09,50.0,E,M,2026-08-26,0.0,5.76,0,950,43.76087019101023,1.931,C,0.8217232889406278,1.0227666823908328
check,TFO,2026-05-06,2026-09,55.0,E,M,2026-08-26,0.0,3.5,0,75,43.76087019101023,1.931,C,0.7221437637314556,1.0401171493878656
check,TFO,2026-05-06,2027-01,75.0,E,M,2026-12-24,0.0,3.85,0,175,43.11908611097903,1.931,C,0.7998797039337443,0.8668006307837789
check,TFO,2026-05-07,2026-06,25.0,E,M,2026-05-27,0.035,0.0,500,0,45.00975988736396,1.93,P,1.1109280581926209,0.3861663037342976
check,TFO,2026-05-07,2026-06,30.0,E,M,2026-05-27,0.07682539682539682,0.0,3150,0,45.00975988736396,1.93,P,0.8968996855083249,0.5336032585033654
check,TFO,2026-05-07,2026-06,34.0,E,M,2026-05-27,0.26,0.0,500,0,45.00975988736396,1.93,P,0.8389752544625985,0.6167037946391125
check,TFO,2026-05-07,2026-06,35.0,E,M,2026-05-27,0.35129629629629633,0.0,3780,0,45.00975988736396,1.93,P,0.831286469192411,0.6344856259169929
check,TFO,2026-05-07,2026-06,37.0,E,M,2026-05-27,0.65,0.0,100,0,45.00975988736396,1.93,P,0.8343229017963696,0.6673057120015945
check,TFO,2026-05-07,2026-06,38.0,E,M,2026-05-27,0.9174509803921568,0.0,5100,0,45.00975988736396,1.93,P,0.8598847858914709,0.682516716580211
check,TFO,2026-05-07,2026-06,39.0,E,M,2026-05-27,1.3,0.0,2000,0,45.00975988736396,1.93,P,0.9041602294507392,0.6970240118871287
check,TFO,2026-05-07,2026-06,40.0,E,M,2026-05-27,1.56,0.0,250,0,45.00975988736396,1.93,P,0.8914740951811879,0.71088774635759
check,TFO,2026-05-07,2026-06,42.0,E,M,2026-05-27,2.6,4.0,1650,25,45.00975988736396,1.93,P,0.9731590261227752,0.7368891954108663
check,TFO,2026-05-07,2026-06,43.0,E,M,2026-05-27,3.08,3.5,2350,75,45.00975988736396,1.93,P,0.98248166159258,0.7491145935751947
check,TFO,2026-05-07,2026-06,44.0,E,M,2026-05-27,3.7,3.2,5,75,45.00975988736396,1.93,C,0.6359676749450812,0.7608735306713756
check,TFO,2026-05-07,2026-06,45.0,E,M,2026-05-27,4.2,2.875,200,660,45.00975988736396,1.93,C,0.6785328785910424,0.7721988278188926
check,TFO,2026-05-07,2026-06,46.0,E,M,2026-05-27,0.0,2.6,0,25,45.00975988736396,1.93,C,0.7186952729947669,0.7831199660652454
check,TFO,2026-05-07,2026-06,47.0,E,M,2026-05-27,0.0,2.35,0,400,45.00975988736396,1.93,C,0.7530891104364555,0.7936635274798123
check,TFO,2026-05-07,2026-06,48.0,E,M,2026-05-27,8.38,2.08,50,50,45.00975988736396,1.93,PC,,0.8038535653030049
check,TFO,2026-05-07,2026-06,50.0,E,M,2026-05-27,8.0,1.6323786407766991,300,515,45.00975988736396,1.93,C,0.8076627728965444,0.8232584670256469
check,TFO,2026-05-07,2026-06,52.0,E,M,2026-05-27,0.0,1.3,0,25,45.00975988736396,1.93,C,0.8432475185369596,0.841487283210687
check,TFO,2026-05-07,2026-06,55.0,E,M,2026-05-27,0.0,0.9909677419354839,0,465,45.00975988736396,1.93,C,0.9100189691277097,0.8668996901365584
check,TFO,2026-05-07,2026-06,60.0,E,M,2026-05-27,0.0,0.63,0,15,45.00975988736396,1.93,C,0.9929219328931118,0.9049277232429586
check,TFO,2026-05-07,2026-06,65.0,E,M,2026-05-27,0.0,0.41555555555555557,0,225,45.00975988736396,1.93,C,1.0624532149667258,0.938564609293327
check,TFO,2026-05-07,2026-06,70.0,E,M,2026-05-27,0.0,0.355,0,590,45.00975988736396,1.93,C,1.17563457846934,0.968676095891301
check,TFO,2026-05-07,2026-06,75.0,E,M,2026-05-27,0.0,0.225,0,50,45.00975988736396,1.93,C,1.2022518411597196,0.9958977118632956
check,TFO,2026-05-07,2026-06,85.0,E,M,2026-05-27,0.0,0.13,0,50,45.00975988736396,1.93,C,1.3074739126004775,1.04348288550355
check,TFO,2026-05-07,2026-07,24.0,E,M,2026-06-26,0.06,0.0,200,0,45.45,1.93,P,0.8164873542492471,0.7448175726500325
check,TFO,2026-05-07,2026-07,30.0,E,M,2026-06-26,0.245,0.0,1750,0,45.45,1.93,P,0.7207825605763795,0.8270316689875328
check,TFO,2026-05-07,2026-07,33.0,E,M,2026-06-26,0.615,0.0,50,0,45.45,1.93,P,0.7394659727329981,0.859847324540208
check,TFO,2026-05-07,2026-07,35.0,E,M,2026-06-26,0.9900193923723336,0.0,7735,0,45.45,1.93,P,0.7462325764738591,0.8795147184896236
check,TFO,2026-05-07,2026-07,37.0,E,M,2026-06-26,1.65,0.0,200,0,45.45,1.93,P,0.7870814961345887,0.8977047054395777
check,TFO,2026-05-07,2026-07,38.0,E,M,2026-06-26,1.9,0.0,9500,0,45.45,1.93,P,0.7771421859577636,0.9063080267084276
check,TFO,2026-05-07,2026-07,40.0,E,M,2026-06-26,3.075,6.45,780,1650,45.45,1.93,C,0.45395216045317244,0.9226356893877549
check,TFO,2026-05-07,2026-07,43.0,E,M,2026-06-26,4.5,0.0,100,0,45.45,1.93,P,0.8768633733744801,0.9451888866592478
check,TFO,2026-05-07,2026-07,44.0,E,M,2026-06-26,5.325,0.0,100,0,45.45,1.93,P,0.9261764122189065,0.9522487518480195
check,TFO,2026-05-07,2026-07,45.0,E,M,2026-06-26,6.1,4.55,3100,2600,45.45,1.93,P,0.962119399723131,0.9591007838574369
check,TFO,2026-05-07,2026-07,47.0,E,M,2026-06-26,0.0,4.075,0,175,45.45,1.93,C,0.6996984392289176,0.9722251507220174
check,TFO,2026-05-07,2026-07,50.0,E,M,2026-06-26,0.0,3.3,0,2700,45.45,1.93,C,0.7440474151708726,0.9906059495086906
check,TFO,2026-05-07,2026-07,55.0,E,M,2026-06-26,0.0,2.47,0,2900,45.45,1.93,C,0.8219933196130479,1.0182812802996886
check,TFO,2026-05-07,2026-07,60.0,E,M,2026-06-26,0.0,1.8516483516483515,0,1820,45.45,1.93,C,0.8766183636399811,1.042915950287148
check,TFO,2026-05-07,2026-07,65.0,E,M,2026-06-26,0.0,1.4533783783783785,0,740,45.45,1.93,C,0.9308295134401382,1.0650818514134759
check,TFO,2026-05-07,2026-07,70.0,E,M,2026-06-26,0.0,1.115,0,515,45.45,1.93,C,0.9659498789939011,1.0852060519580595
check,TFO,2026-05-07,2026-08,45.0,E,M,2026-07-27,0.0,5.59,0,350,45.30509064780013,1.93,C,0.6329174200924281,0.8114354951133398
check,TFO,2026-05-07,2026-08,60.0,E,M,2026-07-27,0.0,2.925,0,550,45.30509064780013,1.93,C,0.8418128698474846,0.8768470276238655
check,TFO,2026-05-07,2026-09,38.0,E,M,2026-08-26,3.5200000000000005,0.0,20,0,45.15162200129674,1.93,P,0.7258589970626523,0.9693894076546877
check,TFO,2026-05-07,2026-09,45.0,E,M,2026-08-26,0.0,6.34,0,350,45.15162200129674,1.93,C,0.6232634205353655,1.0018574061128336
check,TFO,2026-05-07,2026-09,65.0,E,M,2026-08-26,0.0,3.07,0,550,45.15162200129674,1.93,C,0.8368164274423947,1.0691361122412788
check,TFO,2026-05-07,2026-10,44.0,E,M,2026-09-25,0.0,7.3,0,350,44.99151290381904,1.93,C,0.6060491114011434,0.8857319590921926
check,TFO,2026-05-07,2026-10,50.0,E,M,2026-09-25,0.0,5.315,0,180,44.99151290381904,1.93,C,0.6359706537230847,0.9069923322132745
check,TFO,2026-05-07,2026-10,55.0,E,M,2026-09-25,0.0,4.4,0,100,44.99151290381904,1.93,C,0.6825578743431234,0.9225308139582775
check,TFO,2026-05-07,2026-10,70.0,E,M,2026-09-25,0.0,3.0,0,80,44.99151290381904,1.93,C,0.8140112593590612,0.9607442781785039
check,TFO,2026-05-07,2026-10,75.0,E,M,2026-09-25,0.0,2.625,0,80,44.99151290381904,1.93,C,0.8391098164174519,0.971404267394943
check,TFO,2026-05-08,2026-06,33.0,E,M,2026-05-27,0.15,0.0,1200,0,43.71083957199268,1.929,P,0.767632429482232,0.6323611607493441
check,TFO,2026-05-08,2026-06,35.0,E,M,2026-05-27,0.3004761904761905,0.0,3150,0,43.71083957199268,1.929,P,0.7500514561349515,0.6689155191817343
check,TFO,2026-05-08,2026-06,36.0,E,M,2026-05-27,0.4,0.0,750,0,43.71083957199268,1.929,P,0.7346878943550184,0.6857551221902087
check,TFO,2026-05-08,2026-06,37.0,E,M,2026-05-27,0.515,0.0,100,0,43.71083957199268,1.929,P,0.7144075750650279,0.701759611582273
check,TFO,2026-05-08,2026-06,39.0,E,M,2026-05-27,0.95,0.0,250,0,43.71083957199268,1.929,P,0.7146792045535576,0.7315589416485021
check,TFO,2026-05-08,2026-06,40.0,E,M,2026-05-27,1.3004415011037527,0.0,4530,0,43.71083957199268,1.929,P,0.7324520610119429,0.7454781347453702
check,TFO,2026-05-08,2026-06,41.0,E,M,2026-05-27,1.6470149253731343,0.0,3350,0,43.71083957199268,1.929,P,0.7309271600606358,0.7588139899123402
check,TFO,2026-05-08,2026-06,42.0,E,M,2026-05-27,2.2,0.0,2900,0,43.71083957199268,1.929,P,0.7695924510789476,0.771611570862251
check,TFO,2026-05-08,2026-06,43.0,E,M,2026-05-27,2.73,0.0,50,0,43.71083957199268,1.929,P,0.7853493538681205,0.7839109128955115
check,TFO,2026-05-08,2026-06,44.0,E,M,2026-05-27,3.28,0.0,1750,0,43.71083957199268,1.929,P,0.7923705960638643,0.7957477492586607
check,TFO,2026-05-08,2026-06,45.0,E,M,2026-05-27,3.8545454545454545,3.037609375,275,1600,43.71083957199268,1.929,C,0.9004648099407047,0.8071541101424722
check,TFO,2026-05-08,2026-06,48.0,E,M,2026-05-27,0.0,2.235,0,385,43.71083957199268,1.929,C,0.9625744488467463,0.8390649915807029
check,TFO,2026-05-08,2026-06,50.0,E,M,2026-05-27,7.45,1.73017130620985,1100,4670,43.71083957199268,1.929,C,0.9702728629273776,0.8586470169536206
check,TFO,2026-05-08,2026-06,55.0,E,M,2026-05-27,0.0,1.113,0,1250,43.71083957199268,1.929,C,1.0689100540165535,0.9027369770857111
check,TFO,2026-05-08,2026-06,60.0,E,M,2026-05-27,0.0,0.6994373401534527,0,3910,43.71083957199268,1.929,C,1.1302747208065649,0.941207155677607
check,TFO,2026-05-08,2026-06,65.0,E,M,2026-05-27,0.0,0.4689766081871345,0,855,43.71083957199268,1.929,C,1.1937723748592832,0.975270343423546
check,TFO,2026-05-08,2026-06,75.0,E,M,2026-05-27,0.0,0.23111111111111113,0,450,43.71083957199268,1.929,C,1.3013017670549987,1.0333970697255372
check,TFO,2026-05-08,2026-07,30.0,E,M,2026-06-26,0.18,0.0,850,0,43.75502976336891,1.929,P,0.6352740084604035,0.7276688818444972
check,TFO,2026-05-08,2026-07,33.0,E,M,2026-06-26,0.493,0.0,250,0,43.75502976336891,1.929,P,0.6440759281443043,0.7614208665688634
check,TFO,2026-05-08,2026-07,35.0,E,M,2026-06-26,0.84,0.0,1000,0,43.75502976336891,1.929,P,0.6471414213509632,0.7815538927404899
check,TFO,2026-05-08,2026-07,36.0,E,M,2026-06-26,1.1,0.0,50,0,43.75502976336891,1.929,P,0.6572189908329843,0.7910168204994682
check,TFO,2026-05-08,2026-07,55.0,E,M,2026-06-26,0.0,2.6,0,137,43.75502976336891,1.929,C,0.9452454829645062,0.9219711694752872
check,TFO,2026-05-08,2026-07,60.0,E,M,2026-06-26,0.0,2.075,0,1100,43.75502976336891,1.929,C,1.010296018473131,0.9466552067760186
check,TFO,2026-05-08,2026-07,85.0,E,M,2026-06-26,0.0,0.7,0,287,43.75502976336891,1.929,C,1.177256478778839,1.0396800141821774
check,TFO,2026-05-08,2026-08,32.0,E,M,2026-07-27,0.63,0.0,50,0,43.73460442911016,1.929,P,0.5870941750102059,0.7403247216076573
check,TFO,2026-05-08,2026-08,33.0,E,M,2026-07-27,0.8949999999999999,0.0,10,0,43.73460442911016,1.929,P,0.610319776351305,0.7483345080290434
check,TFO,2026-05-08,2026-08,38.0,E,M,2026-07-27,2.63,0.0,1050,0,43.73460442911016,1.929,P,0.665444159549959,0.7840381032687378
check,TFO,2026-05-08,2026-08,125.0,E,M,2026-07-27,0.0,0.5,0,25,43.73460442911016,1.929,C,1.20441069137316,1.0382457704553798
check,TFO,2026-05-08,2026-09,35.0,E,M,2026-08-26,1.82,0.0,350,0,43.833686440677965,1.929,P,0.6000212310544631,0.9634162238729183
check,TFO,2026-05-08,2026-09,50.0,E,M,2026-08-26,0.0,5.352650602409638,0,2075,43.833686440677965,1.929,C,0.7831543163209471,1.0317146916842033
check,TFO,2026-05-08,2026-09,60.0,E,M,2026-08-26,0.0,3.75,0,2600,43.833686440677965,1.929,C,0.8685299091244495,1.0649677625224927
check,TFO,2026-05-08,2026-09,70.0,E,M,2026-08-26,0.0,2.77,0,100,43.833686440677965,1.929,C,0.9331195237024213,1.0923058892626358
check,TFO,2026-05-08,2026-09,90.0,E,M,2026-08-26,0.0,1.55,0,250,43.833686440677965,1.929,C,1.004650995255096,1.1354848854921171
check,TFO,2026-05-08,2026-10,31.0,E,M,2026-09-25,0.95,0.0,800,0,43.59133055235904,1.929,P,0.5432222124663749,0.8333962941189869
check,TFO,2026-05-08,2026-10,35.0,E,M,2026-09-25,2.225,0.0,750,0,43.59133055235904,1.929,P,0.5809618500600465,0.8549503336301698
check,TFO,2026-05-08,2026-10,45.0,E,M,2026-09-25,0.0,7.0,0,475,43.59133055235904,1.929,C,0.6958902568605814,0.8979779984575829
check,TFO,2026-05-08,2026-10,55.0,E,M,2026-09-25,0.0,4.885,0,200,43.59133055235904,1.929,C,0.784280752261352,0.9309357137067148
check,TFO,2026-05-08,2026-10,65.0,E,M,2026-09-25,0.0,3.59,0,200,43.59133055235904,1.929,C,0.847012097726534,0.9575219698326052
check,TFO,2026-05-08,2027-02,25.0,E,M,2027-01-27,0.85,0.0,57,0,42.406064116379305,1.929,P,0.5400013699919011,0.8666580822442189
check,TFO,2026-05-08,2027-02,35.0,E,M,2027-01-27,4.325,0.0,57,0,42.406064116379305,1.929,P,0.593202762160925,0.905299253493194
check,TFO,2026-05-08,2027-02,55.0,E,M,2027-01-27,0.0,7.309999999999999,0,153,42.406064116379305,1.929,C,0.7698534217978686,0.9547995534990174
check,TFO,2026-05-08,2027-02,65.0,E,M,2027-01-27,0.0,6.015,0,153,42.406064116379305,1.929,C,0.8206347563792592,0.9724690634300577
check,TFO,2026-05-11,2026-06,33.0,E,M,2026-05-27,0.06,0.0,250,0,46.69608913546969,1.931,P,0.8362728414286557,0.6042513725081272
check,TFO,2026-05-11,2026-06,35.0,E,M,2026-05-27,0.11925373134328358,0.0,3350,0,46.69608913546969,1.931,P,0.8048728285826732,0.6473915921880872
check,TFO,2026-05-11,2026-06,39.0,E,M,2026-05-27,0.575,0.0,300,0,46.69608913546969,1.931,P,0.8330856309682042,0.7203367477708983
check,TFO,2026-05-11,2026-06,40.0,E,M,2026-05-27,0.7219465648854961,6.85,2620,150,46.69608913546969,1.931,P,0.8150362721643252,0.7364006181540301
check,TFO,2026-05-11,2026-06,41.0,E,M,2026-05-27,1.096,0.0,250,0,46.69608913546969,1.931,P,0.8689297045350005,0.7517478136630198
check,TFO,2026-05-11,2026-06,42.0,E,M,2026-05-27,1.48,0.0,325,0,46.69608913546969,1.931,P,0.9001313218850692,0.7664376603953479
check,TFO,2026-05-11,2026-06,44.0,E,M,2026-05-27,2.1166666666666667,0.0,150,0,46.69608913546969,1.931,P,0.8747017137068179,0.7940481390555778
check,TFO,2026-05-11,2026-06,45.0,E,M,2026-05-27,0.0,3.31,0,575,46.69608913546969,1.931,C,0.6123798728420147,0.8070560544941499
check,TFO,2026-05-11,2026-06,46.0,E,M,2026-05-27,0.0,3.41,0,175,46.69608913546969,1.931,C,0.783743168423682,0.8195828195693726
check,TFO,2026-05-11,2026-06,47.0,E,M,2026-05-27,3.79,2.98,50,50,46.69608913546969,1.931,PC,,0.8316613646789497
check,TFO,2026-05-11,2026-06,48.0,E,M,2026-05-27,0.0,2.25,0,100,46.69608913546969,1.931,C,0.7186302358062598,0.843321350818327
check,TFO,2026-05-11,2026-06,50.0,E,M,2026-05-27,0.0,2.18,0,1040,46.69608913546969,1.931,C,0.8879914203037286,0.8654904098459085
check,TFO,2026-05-11,2026-06,51.0,E,M,2026-05-27,0.0,1.455,0,25,46.69608913546969,1.931,C,0.7704416817908548,0.8760459371971561
check,TFO,2026-05-11,2026-06,55.0,E,M,2026-05-27,0.0,1.25,0,275,46.69608913546969,1.931,C,0.9771644269473113,0.9151945301121963
check,TFO,2026-05-11,2026-06,57.0,E,M,2026-05-27,0.0,0.79,0,250,46.69608913546969,1.931,C,0.9250909060333908,0.9331491280288693
check,TFO,2026-05-11,2026-06,60.0,E,M,2026-05-27,0.0,0.8042622950819672,0,915,46.69608913546969,1.931,C,1.0781139184426098,0.9583519280708291
check,TFO,2026-05-11,2026-06,65.0,E,M,2026-05-27,0.0,0.5185123966942149,0,605,46.69608913546969,1.931,C,1.1515195934424907,0.9964215514842667
check,TFO,2026-05-11,2026-06,75.0,E,M,2026-05-27,0.0,0.275,0,450,46.69608913546969,1.931,C,1.3081970514343277,1.061114363691735
check,TFO,2026-05-11,2026-06,80.0,E,M,2026-05-27,0.0,0.15,0,25,46.69608913546969,1.931,C,1.3005923521389393,1.089043637031761
check,TFO,2026-05-11,2026-07,30.0,E,M,2026-06-26,0.135,0.0,800,0,46.700840167736665,1.931,P,0.7002791978404166,0.7262856504071196
check,TFO,2026-05-11,2026-07,31.5,E,M,2026-06-26,0.18,0.0,20,0,46.700840167736665,1.931,P,0.6701613517415377,0.7448833164040259
check,TFO,2026-05-11,2026-07,33.0,E,M,2026-06-26,0.275,0.0,30,0,46.700840167736665,1.931,P,0.661578361783351,0.7622097633304961
check,TFO,2026-05-11,2026-07,35.0,E,M,2026-06-26,0.775,0.0,2025,0,46.700840167736665,1.931,P,0.7599196148497315,0.783595832785288
check,TFO,2026-05-11,2026-07,35.5,E,M,2026-06-26,0.55,0.0,5,0,46.700840167736665,1.931,P,0.6590199110588829,0.7886674850313331
check,TFO,2026-05-11,2026-07,37.0,E,M,2026-06-26,0.8400000000000001,0.0,5,0,46.700840167736665,1.931,P,0.6713148883036559,0.8032872491401571
check,TFO,2026-05-11,2026-07,38.0,E,M,2026-06-26,1.3,0.0,50,0,46.700840167736665,1.931,P,0.7319172575935418,0.8125728348007051
check,TFO,2026-05-11,2026-07,39.0,E,M,2026-06-26,1.4,0.0,5,0,46.700840167736665,1.931,P,0.6959419815802759,0.8215191285954178
check,TFO,2026-05-11,2026-07,40.0,E,M,2026-06-26,2.292535211267605,0.0,355,0,46.700840167736665,1.931,P,0.8150865493303219,0.8301486098075193
check,TFO,2026-05-11,2026-07,41.0,E,M,2026-06-26,2.43,0.0,50,0,46.700840167736665,1.931,P,0.7745225225450819,0.8384816394016434
check,TFO,2026-05-11,2026-07,42.0,E,M,2026-06-26,2.67,0.0,5,0,46.700840167736665,1.931,P,0.7499328184979124,0.8465367157871821
check,TFO,2026-05-11,2026-07,43.0,E,M,2026-06-26,3.185,0.0,5,0,46.700840167736665,1.931,P,0.7678520091108841,0.8543306932814423
check,TFO,2026-05-11,2026-07,45.0,E,M,2026-06-26,4.4,5.0,5,1500,46.700840167736665,1.931,C,0.6229739345680684,0.8691956474667712
check,TFO,2026-05-11,2026-07,47.0,E,M,2026-06-26,5.72,0.0,5,0,46.700840167736665,1.931,P,0.8526199837503218,0.8831849650597808
check,TFO,2026-05-11,2026-07,49.0,E,M,2026-06-26,0.0,4.62,0,5,46.700840167736665,1.931,C,0.8372494319526379,0.8963904491232679
check,TFO,2026-05-11,2026-07,50.0,E,M,2026-06-26,0.0,4.305,0,400,46.700840167736665,1.931,C,0.8452068752504666,0.9027241944343687
check,TFO,2026-05-11,2026-07,51.0,E,M,2026-06-26,0.0,4.09,0,5,46.700840167736665,1.931,C,0.8647051369885351,0.9088904601754629
check,TFO,2026-05-11,2026-07,52.0,E,M,2026-06-26,0.0,3.375,0,100,46.700840167736665,1.931,C,0.8037430682848937,0.9148973473602834
check,TFO,2026-05-11,2026-07,53.0,E,M,2026-06-26,0.0,3.6100000000000003,0,5,46.700840167736665,1.931,C,0.8863529874874713,0.9207523959411917
check,TFO,2026-05-11,2026-07,55.0,E,M,2026-06-26,0.0,2.7,0,1675,46.700840167736665,1.931,C,0.8262454806564179,0.9320346269946522
check,TFO,2026-05-11,2026-07,56.0,E,M,2026-06-26,0.0,3.1,0,5,46.700840167736665,1.931,C,0.9308277773716044,0.9374745085143018
check,TFO,2026-05-11,2026-07,60.0,E,M,2026-06-26,0.0,2.49,0,900,46.700840167736665,1.931,C,0.970250284221742,0.9580226364584092
check,TFO,2026-05-11,2026-07,65.0,E,M,2026-06-26,0.0,1.46,0,400,46.700840167736665,1.931,C,0.9179307402373782,0.9813303450342139
check,TFO,2026-05-11,2026-07,70.0,E,M,2026-06-26,0.0,1.325,0,1575,46.700840167736665,1.931,C,1.0089793897577854,1.0024331145069774
check,TFO,2026-05-11,2026-07,75.0,E,M,2026-06-26,0.0,0.9,0,400,46.700840167736665,1.931,C,1.0030036093860928,1.0216922624096252
check,TFO,2026-05-11,2026-08,30.0,E,M,2026-07-27,0.25,0.0,100,0,46.58421778668311,1.931,P,0.6103482309268264,0.7197822126646347
check,TFO,2026-05-11,2026-08,32.0,E,M,2026-07-27,0.51,0.0,50,0,46.58421778668311,1.931,P,0.6364673280447404,0.7375874014047996
check,TFO,2026-05-11,2026-08,35.0,E,M,2026-07-27,1.01,0.0,2175,0,46.58421778668311,1.931,P,0.6411863306487445,0.7616422387663402
check,TFO,2026-05-11,2026-08,40.0,E,M,2026-07-27,2.91,0.0,2100,0,46.58421778668311,1.931,P,0.7191218825839406,0.7961765384823866
check,TFO,2026-05-11,2026-08,45.0,E,M,2026-07-27,5.925,6.525,25,250,46.58421778668311,1.931,C,0.6713603264464029,0.8254681383298471
check,TFO,2026-05-11,2026-09,25.0,E,M,2026-08-26,0.14,0.0,150,0,46.5852831132453,1.931,P,0.6244119126209801,0.8935538520684249
check,TFO,2026-05-11,2026-09,28.0,E,M,2026-08-26,0.28,0.0,100,0,46.5852831132453,1.931,P,0.6005220173706408,0.9180515568872104
check,TFO,2026-05-11,2026-09,33.0,E,M,2026-08-26,0.915,0.0,10,0,46.5852831132453,1.931,P,0.6031848554662358,0.9524832080514666
check,TFO,2026-05-11,2026-09,45.0,E,M,2026-08-26,0.0,7.04,0,200,46.5852831132453,1.931,C,0.6191869386164925,1.014377617771877
check,TFO,2026-05-11,2026-09,60.0,E,M,2026-08-26,0.0,3.9,0,500,46.5852831132453,1.931,C,0.7912021908905297,1.0686516156079082
check,TFO,2026-05-11,2026-09,65.0,E,M,2026-08-26,0.0,3.28,0,100,46.5852831132453,1.931,C,0.8271888182003371,1.0832773958430735
check,TFO,2026-05-11,2026-09,85.0,E,M,2026-08-26,0.0,1.83,0,100,46.5852831132453,1.931,C,0.9354328086802957,1.1309379118726077
check,TFO,2026-05-11,2026-09,90.0,E,M,2026-08-26,0.0,1.6,0,500,46.5852831132453,1.931,C,0.9540662924186235,1.1408390969487587
check,TFO,2026-05-11,2026-10,55.0,E,M,2026-09-25,0.0,5.69,0,250,46.36425660792952,1.931,C,0.7567091211225824,0.930958921753481
check,TFO,2026-05-11,2026-10,80.0,E,M,2026-09-25,0.0,2.7,0,100,46.36425660792952,1.931,C,0.8835184149288506,0.9908449407165671
check,TFO,2026-05-11,2026-12,33.0,E,M,2026-11-26,2.15,0.0,150,0,45.78511162098474,1.931,P,0.5982350091120368,0.7941476843250318
check,TFO,2026-05-11,2026-12,50.0,E,M,2026-11-26,0.0,7.8,0,500,45.78511162098474,1.931,C,0.6872577960162399,0.8522103238765282
check,TFO,2026-05-11,2026-12,60.0,E,M,2026-11-26,0.0,5.7,0,100,45.78511162098474,1.931,C,0.7369264334258651,0.8764976623217444
check,TFO,2026-05-11,2027-02,50.0,E,M,2027-01-27,0.0,8.939634146341465,0,1025,45.311464510332435,1.931,C,0.6883515423219184,0.9427701054963243
check,TFO,2026-05-11,2027-02,80.0,E,M,2027-01-27,0.0,5.05,0,750,45.311464510332435,1.931,C,0.837485151855086,0.9928362823062974
check,TFO,2026-05-11,2027-03,60.0,E,M,2027-02-24,0.0,6.9,0,225,43.275,1.931,C,0.7544747701498997,0.9193502793356608
check,TFO,2026-05-12,2026-06,30.0,E,M,2026-05-27,0.07,0.0,600,0,46.60000000000001,1.929,P,1.0893621945531344,0.5467149106571852
check,TFO,2026-05-12,2026-06,35.0,E,M,2026-05-27,0.21263157894736842,0.0,950,0,46.60000000000001,1.929,P,0.9317616645661599,0.6701324249754396
check,TFO,2026-05-12,2026-06,37.0,E,M,2026-05-27,0.25,0.0,50,0,46.60000000000001,1.929,P,0.8150538842696036,0.7096969459725497
check,TFO,2026-05-12,2026-06,38.5,E,M,2026-05-27,0.35,0.0,25,0,46.60000000000001,1.929,P,0.7708631997315679,0.7367446553691182
check,TFO,2026-05-12,2026-06,39.0,E,M,2026-05-27,0.41,0.0,100,0,46.60000000000001,1.929,P,0.7669458883085705,0.7453237469413977
check,TFO,2026-05-12,2026-06,40.0,E,M,2026-05-27,0.6152380952380953,0.0,2100,0,46.60000000000001,1.929,P,0.7874202579672314,0.7618857553108394
check,TFO,2026-05-12,2026-06,42.0,E,M,2026-05-27,1.0046511627906975,0.0,2150,0,46.60000000000001,1.929,P,0.7598953279706312,0.7928572030222961
check,TFO,2026-05-12,2026-06,43.0,E,M,2026-05-27,1.37,0.0,400,0,46.60000000000001,1.929,P,0.7808728258654023,0.8073813087807942
check,TFO,2026-05-12,2026-06,44.0,E,M,2026-05-27,1.8599999999999999,0.0,85,0,46.60000000000001,1.929,P,0.8192193440558864,0.8213297399643077
check,TFO,2026-05-12,2026-06,45.0,E,M,2026-05-27,2.24,3.95,700,1200,46.60000000000001,1.929,C,0.8285852336211819,0.834744754434518
check,TFO,2026-05-12,2026-06,46.0,E,M,2026-05-27,2.87,3.8,200,25,46.60000000000001,1.929,P,0.850428385227005,0.8476641110194556
check,TFO,2026-05-12,2026-06,47.0,E,M,2026-05-27,3.415,3.16,1500,400,46.60000000000001,1.929,P,0.8551920491987038,0.8601216915944648
check,TFO,2026-05-12,2026-06,48.0,E,M,2026-05-27,4.035,2.96,50,300,46.60000000000001,1.929,C,0.943310056873247,0.872148018504755
check,TFO,2026-05-12,2026-06,50.0,E,M,2026-05-27,5.2,2.425,110,1370,46.60000000000001,1.929,C,0.9949989252877405,0.8950147345480796
check,TFO,2026-05-12,2026-06,53.0,E,M,2026-05-27,0.0,1.725,0,400,46.60000000000001,1.929,C,1.0351313348830238,0.9266932578562704
check,TFO,2026-05-12,2026-06,55.0,E,M,2026-05-27,0.0,1.299702380952381,0,2100,46.60000000000001,1.929,C,1.0340261865355995,0.9462879959055556
check,TFO,2026-05-12,2026-06,58.0,E,M,2026-05-27,0.0,1.05,0,200,46.60000000000001,1.929,C,1.118390555125952,0.9737041380884824
check,TFO,2026-05-12,2026-06,60.0,E,M,2026-05-27,0.0,0.8570714285714286,0,700,46.60000000000001,1.929,C,1.1430537796850808,0.9908128046021338
check,TFO,2026-05-12,2026-06,62.0,E,M,2026-05-27,0.0,0.61,0,10,46.60000000000001,1.929,C,1.1208086035640006,1.0070870128927283
check,TFO,2026-05-12,2026-06,65.0,E,M,2026-05-27,0.0,0.5549230769230771,0,1625,46.60000000000001,1.929,C,1.216065484876914,1.030091984368186
check,TFO,2026-05-12,2026-07,31.0,E,M,2026-06-26,0.18,0.0,500,0,46.55509703441664,1.929,P,0.6964348616179301,0.748196552008036
check,TFO,2026-05-12,2026-07,34.0,E,M,2026-06-26,0.375,0.0,500,0,46.55509703441664,1.929,P,0.666273745020609,0.7828220678133464
check,TFO,2026-05-12,2026-07,35.0,E,M,2026-06-26,0.4930327868852459,0.0,1525,0,46.55509703441664,1.929,P,0.665564204678656,0.7933872832626907
check,TFO,2026-05-12,2026-07,36.0,E,M,2026-06-26,0.61,0.0,50,0,46.55509703441664,1.929,P,0.6561027500472285,0.8035260237627073
check,TFO,2026-05-12,2026-07,37.0,E,M,2026-06-26,0.735,0.0,1100,0,46.55509703441664,1.929,P,0.6429108525768997,0.8132694108833661
check,TFO,2026-05-12,2026-07,38.0,E,M,2026-06-26,1.085,0.0,95,0,46.55509703441664,1.929,P,0.6819635103841194,0.8226453440664014
check,TFO,2026-05-12,2026-07,40.0,E,M,2026-06-26,1.73,9.05,2650,500,46.55509703441664,1.929,P,0.7058370667054895,0.8403928256888994
check,TFO,2026-05-12,2026-07,42.0,E,M,2026-06-26,2.45,0.0,25,0,46.55509703441664,1.929,P,0.7114095447823844,0.8569418208627739
check,TFO,2026-05-12,2026-07,45.0,E,M,2026-06-26,4.275,0.0,500,0,46.55509703441664,1.929,P,0.7933348867290063,0.8798243833542847
check,TFO,2026-05-12,2026-07,48.0,E,M,2026-06-26,0.0,5.225,0,400,46.55509703441664,1.929,C,0.8908810678652371,0.900714512987593
check,TFO,2026-05-12,2026-07,50.0,E,M,2026-06-26,0.0,4.61,0,2425,46.55509703441664,1.929,C,0.9121264792788567,0.9136861688967935
check,TFO,2026-05-12,2026-07,58.0,E,M,2026-06-26,0.0,2.975,0,400,46.55509703441664,1.929,C,1.0038954657284955,0.9593963267458726
check,TFO,2026-05-12,2026-07,65.0,E,M,2026-06-26,0.0,2.07,0,1325,46.55509703441664,1.929,C,1.0606663789731519,0.9930831331584365
check,TFO,2026-05-12,2026-07,68.0,E,M,2026-06-26,0.0,1.9650000000000003,0,10,46.55509703441664,1.929,C,1.1190050208377857,1.006115086723496
check,TFO,2026-05-12,2026-07,75.0,E,M,2026-06-26,0.0,1.315,0,1200,46.55509703441664,1.929,C,1.1322578126387628,1.033855597588107
check,TFO,2026-05-12,2026-07,80.0,E,M,2026-06-26,0.0,1.055,0,75,46.55509703441664,1.929,C,1.1589796405777317,1.051732731331963
check,TFO,2026-05-12,2026-08,35.0,E,M,2026-07-27,0.95,0.0,1200,0,46.430484097429954,1.929,P,0.627323051555417,0.7675156462548325
check,TFO,2026-05-12,2026-08,40.0,E,M,2026-07-27,2.6,0.0,1800,0,46.430484097429954,1.929,P,0.672805477980479,0.8022393143393323
check,TFO,2026-05-12,2026-08,50.0,E,M,2026-07-27,0.0,5.740426829268293,0,1640,46.430484097429954,1.929,C,0.8393495263607509,0.8572022233696517
check,TFO,2026-05-12,2026-08,60.0,E,M,2026-07-27,0.0,3.775,0,2655,46.430484097429954,1.929,C,0.9325614327128477,0.8996661232674565
check,TFO,2026-05-12,2026-08,90.0,E,M,2026-07-27,0.0,1.5,0,1000,46.430484097429954,1.929,C,1.1187350857394833,0.9876653507590634
check,TFO,2026-05-12,2026-09,27.0,E,M,2026-08-26,0.19,0.0,200,0,46.3050679729627,1.929,P,0.5865784488895158,0.915846454113491
check,TFO,2026-05-12,2026-09,33.0,E,M,2026-08-26,0.8018055555555555,0.0,720,0,46.3050679729627,1.929,P,0.5746596543513582,0.9582126888967775
check,TFO,2026-05-12,2026-09,60.0,E,M,2026-08-26,0.0,4.975,0,1250,46.3050679729627,1.929,C,0.9192572909834944,1.0747950909811168
check,TFO,2026-05-12,2026-09,70.0,E,M,2026-08-26,0.0,3.525,0,400,46.3050679729627,1.929,C,0.9590374170239402,1.1028948619601993
check,TFO,2026-05-12,2026-10,33.0,E,M,2026-09-25,1.1,0.0,200,0,46.14300990675991,1.929,P,0.5613350852552198,0.8465905552736364
check,TFO,2026-05-12,2027-03,50.0,E,M,2027-02-24,0.0,9.65,0,1000,43.4,1.929,C,0.7684439239416915,0.9019640852268253
check,TFO,2026-05-13,2026-06,32.0,E,M,2026-05-27,0.055,0.0,200,0,46.630850549915955,1.928,P,0.9465878940865995,0.5726781282723188
check,TFO,2026-05-13,2026-06,35.0,E,M,2026-05-27,0.12585421412300682,0.0,4390,0,46.630850549915955,1.928,P,0.865922680104554,0.6457282257206979
check,TFO,2026-05-13,2026-06,37.0,E,M,2026-05-27,0.26,0.0,500,0,46.630850549915955,1.928,P,0.8534557964725754,0.6873677476201319
check,TFO,2026-05-13,2026-06,38.0,E,M,2026-05-27,0.35,0.0,400,0,46.630850549915955,1.928,P,0.8400349452009587,0.706519952201966
check,TFO,2026-05-13,2026-06,40.0,E,M,2026-05-27,0.5254716981132075,0.0,2650,0,46.630850549915955,1.928,P,0.7734398552831786,0.7420213393052606
check,TFO,2026-05-13,2026-06,41.0,E,M,2026-05-27,0.8569354838709677,0.0,620,0,46.630850549915955,1.928,P,0.8298169697681939,0.758539431087936
check,TFO,2026-05-13,2026-06,42.0,E,M,2026-05-27,1.0,0.0,2760,0,46.630850549915955,1.928,P,0.7871708642351698,0.7743300019999049
check,TFO,2026-05-13,2026-06,43.0,E,M,2026-05-27,1.3,0.0,250,0,46.630850549915955,1.928,P,0.787801022204465,0.7894527018753102
check,TFO,2026-05-13,2026-06,44.0,E,M,2026-05-27,1.71,0.0,25,0,46.630850549915955,1.928,P,0.8053345193110757,0.8039600747845458
check,TFO,2026-05-13,2026-06,45.0,E,M,2026-05-27,0.0,3.65,0,450,46.630850549915955,1.928,C,0.7661819873971959,0.8178986562131398
check,TFO,2026-05-13,2026-06,46.0,E,M,2026-05-27,2.81844,0.0,625,0,46.630850549915955,1.928,P,0.8692979184999291,0.8313098650928322
check,TFO,2026-05-13,2026-06,47.0,E,M,2026-05-27,3.19,0.0,700,0,46.630850549915955,1.928,P,0.8270904161048652,0.8442307350722398
check,TFO,2026-05-13,2026-06,48.0,E,M,2026-05-27,3.836931818181818,2.743333333333333,220,255,46.630850549915955,1.928,C,0.913042492290523,0.8566945186557926
check,TFO,2026-05-13,2026-06,50.0,E,M,2026-05-27,0.0,2.05,0,1400,46.630850549915955,1.928,C,0.9199264403027321,0.8803678657379967
check,TFO,2026-05-13,2026-06,53.0,E,M,2026-05-27,0.0,1.38,0,100,46.630850549915955,1.928,C,0.9589436981050224,0.9131133183896541
check,TFO,2026-05-13,2026-06,54.0,E,M,2026-05-27,0.0,1.13,0,430,46.630850549915955,1.928,C,0.9434455609286709,0.9233753953887224
check,TFO,2026-05-13,2026-06,55.0,E,M,2026-05-27,0.0,1.1047169811320754,0,1060,46.630850549915955,1.928,C,0.9989006909255712,0.9333409298981031
check,TFO,2026-05-13,2026-06,60.0,E,M,2026-05-27,0.0,0.65,0,1615,46.630850549915955,1.928,C,1.0851683175806455,0.9792343723094578
check,TFO,2026-05-13,2026-06,65.0,E,M,2026-05-27,0.0,0.4,0,500,46.630850549915955,1.928,C,1.1600637453669482,1.0196490197677137
check,TFO,2026-05-13,2026-06,70.0,E,M,2026-05-27,0.0,0.25384196185286106,0,1835,46.630850549915955,1.928,C,1.2240810520289556,1.0557010999694847
check,TFO,2026-05-13,2026-06,80.0,E,M,2026-05-27,0.0,0.135,0,500,46.630850549915955,1.928,C,1.3707389884997112,1.1177518729117726
check,TFO,2026-05-13,2026-06,100.0,E,M,2026-05-27,0.0,0.08,0,250,46.630850549915955,1.928,C,1.6874601121341377,1.2144295727546948
check,TFO,2026-05-13,2026-07,30.0,E,M,2026-06-26,0.12,0.0,1650,0,46.57013078116188,1.928,P,0.6973897353108846,0.6695443941004362
check,TFO,2026-05-13,2026-07,33.0,E,M,2026-06-26,0.27,0.0,100,0,46.57013078116188,1.928,P,0.6694792332109675,0.7071553041628589
check,TFO,2026-05-13,2026-07,34.0,E,M,2026-06-26,0.34,0.0,200,0,46.57013078116188,1.928,P,0.6578119979192995,0.7185470464462292
check,TFO,2026-05-13,2026-07,35.0,E,M,2026-06-26,0.51,0.0,3850,0,46.57013078116188,1.928,P,0.6799886975184605,0.7294444127774832
check,TFO,2026-05-13,2026-07,36.0,E,M,2026-06-26,0.645,0.0,400,0,46.57013078116188,1.928,P,0.6755734421838137,0.7398861835745042
check,TFO,2026-05-13,2026-07,37.0,E,M,2026-06-26,0.83,0.0,100,0,46.57013078116188,1.928,P,0.6783126414698413,0.7499068224355033
check,TFO,2026-05-13,2026-07,39.0,E,M,2026-06-26,1.4,0.0,100,0,46.57013078116188,1.928,P,0.7056145740506944,0.7688045519613171
check,TFO,2026-05-13,2026-07,40.0,E,M,2026-06-26,1.7466037735849058,0.0,2650,0,46.57013078116188,1.928,P,0.7177777125166488,0.7777340052236573
check,TFO,2026-05-13,2026-07,41.0,E,M,2026-06-26,2.145,0.0,200,0,46.57013078116188,1.928,P,0.7313238902721074,0.7863478329030174
check,TFO,2026-05-13,2026-07,42.0,E,M,2026-06-26,2.58,0.0,2625,0,46.57013078116188,1.928,P,0.743444130024322,0.7946663062501096
check,TFO,2026-05-13,2026-07,45.0,E,M,2026-06-26,4.23,0.0,1080,0,46.57013078116188,1.928,P,0.7958156907735499,0.8180257472525571
check,TFO,2026-05-13,2026-07,50.0,E,M,2026-06-26,0.0,4.145,0,750,46.57013078116188,1.928,C,0.8491729353335523,0.8524893609861006
check,TFO,2026-05-13,2026-07,55.0,E,M,2026-06-26,0.0,3.071875,0,160,46.57013078116188,1.928,C,0.9146284368199228,0.8825273444699093
check,TFO,2026-05-13,2026-07,60.0,E,M,2026-06-26,0.0,2.43,0,2150,46.57013078116188,1.928,C,0.9882757289660099,0.9090970098448599
check,TFO,2026-05-13,2026-07,75.0,E,M,2026-06-26,0.0,1.18,0,800,46.57013078116188,1.928,C,1.1094147547663573,0.9739700750693027
check,TFO,2026-05-13,2026-08,35.0,E,M,2026-07-27,0.96,0.0,3150,0,46.47273586192783,1.928,P,0.6349191562547759,0.7483025010208423
check,TFO,2026-05-13,2026-08,45.0,E,M,2026-07-27,5.6,0.0,780,0,46.47273586192783,1.928,P,0.7786236219123105,0.8132625586978522
check,TFO,2026-05-13,2026-08,125.0,E,M,2026-07-27,0.0,0.62,0,25,46.47273586192783,1.928,C,1.2239992291648838,1.0368232523397576
check,TFO,2026-05-13,2026-09,33.0,E,M,2026-08-26,0.8550000000000001,0.0,10,0,46.49518777168104,1.928,P,0.5935767376768015,0.961913937330991
check,TFO,2026-05-13,2026-09,35.0,E,M,2026-08-26,1.36,0.0,3500,0,46.49518777168104,1.928,P,0.6123688072587411,0.9740631744159598
check,TFO,2026-05-13,2026-09,40.0,E,M,2026-08-26,3.4,0.0,2250,0,46.49518777168104,1.928,P,0.6755487271834859,1.0011009572501617
check,TFO,2026-05-13,2026-09,46.0,E,M,2026-08-26,7.05,0.0,100,0,46.49518777168104,1.928,P,0.7571956748507073,1.0286563385377665
check,TFO,2026-05-13,2027-02,35.0,E,M,2027-01-27,4.15,0.0,320,0,45.05628735232801,1.928,P,0.6385510795748305,0.907088140577954
check,TFO,2026-05-13,2027-02,75.0,E,M,2027-01-27,0.0,5.6,0,170,45.05628735232801,1.928,C,0.8384026355851733,0.9905022519889344
check,TFO,2026-05-14,2026-06,35.0,E,M,2026-05-27,0.1472972972972973,0.0,925,0,47.89951897309466,1.93,P,0.9930420098234274,0.6482601917433986
check,TFO,2026-05-14,2026-06,37.0,E,M,2026-05-27,0.13,0.0,1000,0,47.89951897309466,1.93,P,0.8241878192548484,0.6927611442337505
check,TFO,2026-05-14,2026-06,38.0,E,M,2026-05-27,0.2525,0.0,200,0,47.89951897309466,1.93,P,0.8739231352580897,0.7131831539805474
check,TFO,2026-05-14,2026-06,40.0,E,M,2026-05-27,0.35,0.0,2325,0,47.89951897309466,1.93,P,0.7868536815713107,0.7509689310190447
check,TFO,2026-05-14,2026-06,41.0,E,M,2026-05-27,0.485,0.0,300,0,47.89951897309466,1.93,P,0.78185046328852,0.7685215523940108
check,TFO,2026-05-14,2026-06,42.0,E,M,2026-05-27,0.905,0.0,90,0,47.89951897309466,1.93,P,0.8822093157342024,0.7852855071286824
check,TFO,2026-05-14,2026-06,43.0,E,M,2026-05-27,0.85,0.0,350,0,47.89951897309466,1.93,P,0.7634529548600849,0.8013268902922717
check,TFO,2026-05-14,2026-06,44.0,E,M,2026-05-27,1.1,4.55,290,2000,47.89951897309466,1.93,C,0.579265562213988,0.8167037464155552
check,TFO,2026-05-14,2026-06,45.0,E,M,2026-05-27,1.5240683229813665,0.0,1610,0,47.89951897309466,1.93,P,0.7861220430537663,0.8314673388951823
check,TFO,2026-05-14,2026-06,46.0,E,M,2026-05-27,2.198101265822785,0.0,395,0,47.89951897309466,1.93,P,0.8694526318314694,0.8456631776137818
check,TFO,2026-05-14,2026-06,47.0,E,M,2026-05-27,2.851153846153846,3.000251677852349,780,2980,47.89951897309466,1.93,C,0.7027264366910752,0.8593318578865201
check,TFO,2026-05-14,2026-06,48.0,E,M,2026-05-27,3.053,2.6485714285714286,250,350,47.89951897309466,1.93,C,0.7440863102096397,0.8725097508321723
check,TFO,2026-05-14,2026-06,49.0,E,M,2026-05-27,0.0,2.248395061728395,0,4050,47.89951897309466,1.93,C,0.7547803957349853,0.8852295757195825
check,TFO,2026-05-14,2026-06,50.0,E,M,2026-05-27,0.0,2.0469565217391303,0,575,47.89951897309466,1.93,C,0.806314384651415,0.8975208777772531
check,TFO,2026-05-14,2026-06,51.0,E,M,2026-05-27,0.0,1.85,0,25,47.89951897309466,1.93,C,0.8473408686057289,0.9094104296826522
check,TFO,2026-05-14,2026-06,52.0,E,M,2026-05-27,0.0,1.5,0,5750,47.89951897309466,1.93,C,0.8315884114306215,0.9209225709793164
check,TFO,2026-05-14,2026-06,54.0,E,M,2026-05-27,0.0,1.21,0,25,47.89951897309466,1.93,C,0.8943693530698201,0.9429015038145492
check,TFO,2026-05-14,2026-06,55.0,E,M,2026-05-27,0.0,1.0158490566037737,0,1325,47.89951897309466,1.93,C,0.8961077335720762,0.9534072035694278
check,TFO,2026-05-14,2026-06,57.0,E,M,2026-05-27,0.0,0.9,0,1000,47.89951897309466,1.93,C,0.9787041652691554,0.9735367683942221
check,TFO,2026-05-14,2026-06,60.0,E,M,2026-05-27,0.0,0.6,0,900,47.89951897309466,1.93,C,1.011577555867598,1.0017455921205534
check,TFO,2026-05-14,2026-06,62.0,E,M,2026-05-27,0.0,0.435,0,100,47.89951897309466,1.93,C,1.0174676693978886,1.0193741741083209
check,TFO,2026-05-14,2026-06,65.0,E,M,2026-05-27,0.0,0.35,0,125,47.89951897309466,1.93,C,1.090371780666262,1.0442605942848995
check,TFO,2026-05-14,2026-06,70.0,E,M,2026-05-27,0.0,0.2563855421686747,0,830,47.89951897309466,1.93,C,1.2014935131690465,1.0821493448050452
check,TFO,2026-05-14,2026-06,75.0,E,M,2026-05-27,0.0,0.215,0,100,47.89951897309466,1.93,C,1.3223050585435026,1.1162771105572953
check,TFO,2026-05-14,2026-06,85.0,E,M,2026-05-27,0.0,0.115,0,100,47.89951897309466,1.93,C,1.452142823622934,1.1756813035050946
check,TFO,2026-05-14,2026-06,95.0,E,M,2026-05-27,0.0,0.065,0,100,47.89951897309466,1.93,C,1.5538624416736861,1.226071818081924
check,TFO,2026-05-14,2026-07,36.0,E,M,2026-06-26,0.62,0.0,900,0,47.90476581488538,1.93,P,0.7222870973877096,0.7378455785212827
check,TFO,2026-05-14,2026-07,37.0,E,M,2026-06-26,0.66,0.0,900,0,47.90476581488538,1.93,P,0.683803555771379,0.7481209944860562
check,TFO,2026-05-14,2026-07,39.0,E,M,2026-06-26,1.32,0.0,450,0,47.90476581488538,1.93,P,0.7522674759982287,0.7674899390303108
check,TFO,2026-05-14,2026-07,40.0,E,M,2026-06-26,1.5,0.0,2400,0,47.90476581488538,1.93,P,0.7338214454465711,0.7766380120690862
check,TFO,2026-05-14,2026-07,44.0,E,M,2026-06-26,3.325,0.0,2000,0,47.90476581488538,1.93,P,0.8113137641664794,0.8101744382737772
check,TFO,2026-05-14,2026-07,50.0,E,M,2026-06-26,0.0,4.3,0,3700,47.90476581488538,1.93,C,0.7840666723501795,0.8531328341556047
check,TFO,2026-05-14,2026-07,52.0,E,M,2026-06-26,0.0,3.825,0,100,47.90476581488538,1.93,C,0.8216360075067701,0.8658941030433955
check,TFO,2026-05-14,2026-07,54.0,E,M,2026-06-26,0.0,3.4,0,2000,47.90476581488538,1.93,C,0.8527751799857515,0.8780016966322473
check,TFO,2026-05-14,2026-07,55.0,E,M,2026-06-26,0.0,3.35,0,100,47.90476581488538,1.93,C,0.8896149126645001,0.8838294329069254
check,TFO,2026-05-14,2026-07,60.0,E,M,2026-06-26,0.0,2.3,0,2325,47.90476581488538,1.93,C,0.906829280586139,0.9109649691986983
check,TFO,2026-05-14,2026-07,65.0,E,M,2026-06-26,0.0,1.87,0,650,47.90476581488538,1.93,C,0.9813401740195102,0.9352421373686891
check,TFO,2026-05-14,2026-07,70.0,E,M,2026-06-26,0.0,1.43,0,1025,47.90476581488538,1.93,C,1.0180796021213507,0.9571775277052242
check,TFO,2026-05-14,2026-07,75.0,E,M,2026-06-26,0.0,1.04,0,850,47.90476581488538,1.93,C,1.0319915991888076,0.9771615715000902
check,TFO,2026-05-14,2026-08,35.0,E,M,2026-07-27,0.915,0.0,575,0,47.73422328232055,1.93,P,0.664295954340483,0.7460435891745107
check,TFO,2026-05-14,2026-08,40.0,E,M,2026-07-27,2.545,0.0,550,0,47.73422328232055,1.93,P,0.7214612891961184,0.781771688502751
check,TFO,2026-05-14,2026-08,45.0,E,M,2026-07-27,5.35,0.0,450,0,47.73422328232055,1.93,P,0.8115443394301577,0.8120145748695605
check,TFO,2026-05-14,2026-09,34.5,E,M,2026-08-26,1.125,0.0,10,0,47.624348822671394,1.93,P,0.6202811088448436,0.9707884577638551
check,TFO,2026-05-14,2026-09,35.0,E,M,2026-08-26,1.38,0.0,1075,0,47.624348822671394,1.93,P,0.6472846210986477,0.9737747038292434
check,TFO,2026-05-14,2026-09,40.0,E,M,2026-08-26,3.36,0.0,600,0,47.624348822671394,1.93,P,0.7099567506620226,1.0010735383828102
check,TFO,2026-05-14,2026-09,50.0,E,M,2026-08-26,0.0,6.71,0,1750,47.624348822671394,1.93,C,0.7496688884386582,1.0451372323228227
check,TFO,2026-05-14,2026-09,60.0,E,M,2026-08-26,0.0,4.7,0,2300,47.624348822671394,1.93,C,0.8457833102985002,1.0798315226339361
check,TFO,2026-05-14,2026-10,44.0,E,M,2026-09-25,6.225,0.0,50,0,47.15825131390349,1.93,P,0.7200589247519921,0.9004177850899481
check,TFO,2026-05-14,2026-10,46.0,E,M,2026-09-25,0.0,8.05,0,50,47.15825131390349,1.93,C,0.6537762889151745,0.9081262420757836
check,TFO,2026-05-14,2026-12,30.0,E,M,2026-11-26,1.1,0.0,450,0,46.013487626031164,1.93,P,0.5611493412712776,0.7854453892441915
check,TFO,2026-05-14,2026-12,45.0,E,M,2026-11-26,0.0,9.2,0,500,46.013487626031164,1.93,C,0.6439268193691162,0.8435593623715147
check,TFO,2026-05-14,2027-01,55.0,E,M,2026-12-24,0.0,7.45,0,350,45.60691825113406,1.93,C,0.7347685322401507,0.8157821956025089
check,TFO,2026-05-14,2027-01,70.0,E,M,2026-12-24,0.0,5.45,0,50,45.60691825113406,1.93,C,0.8193464299029519,0.8454908367669811
check,TFO,2026-05-14,2027-03,25.0,E,M,2027-02-24,1.125,0.0,75,0,43.38,1.93,P,0.5809460907109725,0.830094448834264
check,TFO,2026-05-14,2027-03,28.0,E,M,2027-02-24,0.0,16.8,0,75,43.38,1.93,C,0.4708084417912238,0.8428139602906697
check,TFO,2026-05-14,2027-03,30.0,E,M,2027-02-24,2.55,0.0,400,0,43.38,1.93,P,0.5989950634958625,0.8504666180151838
check,TFO,2026-05-14,2027-03,45.0,E,M,2027-02-24,0.0,9.8,0,500,43.38,1.93,C,0.6729578455259224,0.8941475692135794
check,TFO,2026-05-15,2026-06,35.0,E,M,2026-05-27,0.04,0.0,2000,0,50.96696234082379,1.931,P,0.9610551724179911,0.6192122001299205
check,TFO,2026-05-15,2026-06,37.0,E,M,2026-05-27,0.105,0.0,250,0,50.96696234082379,1.931,P,0.9751085624164009,0.6691147091002705
check,TFO,2026-05-15,2026-06,38.0,E,M,2026-05-27,0.155,0.0,190,0,50.96696234082379,1.931,P,0.9757955235269199,0.6918762598580694
check,TFO,2026-05-15,2026-06,40.0,E,M,2026-05-27,0.25423357664233576,10.075,4110,1000,50.96696234082379,1.931,P,0.930185983365412,0.7337838510518603
check,TFO,2026-05-15,2026-06,41.0,E,M,2026-05-27,0.3046153846153846,0.0,130,0,50.96696234082379,1.931,P,0.8942676126349128,0.7531672725225185
check,TFO,2026-05-15,2026-06,42.0,E,M,2026-05-27,0.39999999999999997,0.0,2320,0,50.96696234082379,1.931,P,0.880822070826261,0.7716340272203398
check,TFO,2026-05-15,2026-06,43.0,E,M,2026-05-27,0.6392391304347826,0.0,460,0,50.96696234082379,1.931,P,0.9292307010802132,0.7892653273871937
check,TFO,2026-05-15,2026-06,44.0,E,M,2026-05-27,0.73816,0.0,1250,0,50.96696234082379,1.931,P,0.8871694630535785,0.8061319359190728
check,TFO,2026-05-15,2026-06,45.0,E,M,2026-05-27,0.7262692307692308,5.87,3250,1925,50.96696234082379,1.931,P,0.7923101051473144,0.8222958974338461
check,TFO,2026-05-15,2026-06,46.0,E,M,2026-05-27,1.175,0.0,810,0,50.96696234082379,1.931,P,0.8697824711957217,0.8378119260702244
check,TFO,2026-05-15,2026-06,47.0,E,M,2026-05-27,1.775,3.86,3710,50,50.96696234082379,1.931,P,0.9639021600587817,0.852728527543115
check,TFO,2026-05-15,2026-06,48.0,E,M,2026-05-27,2.36,3.3,260,15,50.96696234082379,1.931,P,1.026461953169038,0.8670889137797448
check,TFO,2026-05-15,2026-06,49.0,E,M,2026-05-27,3.0,0.0,50,0,50.96696234082379,1.931,P,1.0863019513661423,0.8809317543043207
check,TFO,2026-05-15,2026-06,50.0,E,M,2026-05-27,2.8300000000000005,2.9416504854368934,3435,1545,50.96696234082379,1.931,P,0.9067808283956743,0.8942917980719036
check,TFO,2026-05-15,2026-06,51.0,E,M,2026-05-27,3.465,2.57,50,50,50.96696234082379,1.931,PC,,0.907200391671287
check,TFO,2026-05-15,2026-06,52.0,E,M,2026-05-27,0.0,2.250763358778626,0,1310,50.96696234082379,1.931,C,0.7318503627148343,0.9196859139934769
check,TFO,2026-05-15,2026-06,55.0,E,M,2026-05-27,0.0,1.6,0,2525,50.96696234082379,1.931,C,0.8395417691724177,0.9548506519887924
check,TFO,2026-05-15,2026-06,57.0,E,M,2026-05-27,0.0,1.15,0,60,50.96696234082379,1.931,C,0.8531378982348464,0.9765948781855084
check,TFO,2026-05-15,2026-06,60.0,E,M,2026-05-27,0.0,0.8030232558139535,0,2150,50.96696234082379,1.931,C,0.9195800921562602,1.0070118349409423
check,TFO,2026-05-15,2026-06,65.0,E,M,2026-05-27,0.0,0.4,0,20,50.96696234082379,1.931,C,0.9781759382607189,1.0527449264345259
check,TFO,2026-05-15,2026-06,70.0,E,M,2026-05-27,0.0,0.2733333333333333,0,975,50.96696234082379,1.931,C,1.0916650067921017,1.0934014744944978
check,TFO,2026-05-15,2026-06,75.0,E,M,2026-05-27,0.0,0.165,0,650,50.96696234082379,1.931,C,1.1546658383302106,1.129949886244271
check,TFO,2026-05-15,2026-07,35.0,E,M,2026-06-26,0.325,0.0,1600,0,51.010354692900826,1.931,P,0.7526231774459472,0.7110026270234546
check,TFO,2026-05-15,2026-07,36.0,E,M,2026-06-26,0.465,0.0,50,0,51.010354692900826,1.931,P,0.7716783757897338,0.7221976364334328
check,TFO,2026-05-15,2026-07,37.0,E,M,2026-06-26,0.58,0.0,350,0,51.010354692900826,1.931,P,0.768538201637966,0.7329281980029954
check,TFO,2026-05-15,2026-07,38.0,E,M,2026-06-26,0.675,0.0,900,0,51.010354692900826,1.931,P,0.7522433372837958,0.7432292114094204
check,TFO,2026-05-15,2026-07,40.0,E,M,2026-06-26,1.1760869565217391,0.0,1380,0,51.010354692900826,1.931,P,0.7909240355291816,0.7626640613773827
check,TFO,2026-05-15,2026-07,41.0,E,M,2026-06-26,1.475,0.0,300,0,51.010354692900826,1.931,P,0.8064105597332464,0.7718510103156409
check,TFO,2026-05-15,2026-07,45.0,E,M,2026-06-26,2.5,6.995,680,450,51.010354692900826,1.931,P,0.7691296637057893,0.8055701550809936
check,TFO,2026-05-15,2026-07,48.0,E,M,2026-06-26,4.65,0.0,700,0,51.010354692900826,1.931,P,0.9130200710403439,0.8281617769947426
check,TFO,2026-05-15,2026-07,50.0,E,M,2026-06-26,0.0,6.02,0,3910,51.010354692900826,1.931,C,0.7996999952829518,0.8421455985296149
check,TFO,2026-05-15,2026-07,51.0,E,M,2026-06-26,0.0,5.245,0,100,51.010354692900826,1.931,C,0.7540392004992365,0.8488478745496818
check,TFO,2026-05-15,2026-07,53.0,E,M,2026-06-26,0.0,4.655,0,100,51.010354692900826,1.931,C,0.7909032958436757,0.8617209317951952
check,TFO,2026-05-15,2026-07,55.0,E,M,2026-06-26,0.0,3.77,0,625,51.010354692900826,1.931,C,0.7687856557863015,0.873941285452212
check,TFO,2026-05-15,2026-07,60.0,E,M,2026-06-26,0.0,3.3034035656401946,0,3085,51.010354692900826,1.931,C,0.9174835740878258,0.9020075577641294
check,TFO,2026-05-15,2026-07,63.0,E,M,2026-06-26,0.0,2.61,0,15,51.010354692900826,1.931,C,0.9152305238381263,0.91737555338727
check,TFO,2026-05-15,2026-07,65.0,E,M,2026-06-26,0.0,2.479526066350711,0,1055,51.010354692900826,1.931,C,0.958250936734462,0.9270876604374587
check,TFO,2026-05-15,2026-07,68.0,E,M,2026-06-26,0.0,1.97,0,15,51.010354692900826,1.931,C,0.9558059683806862,0.9409350281179314
check,TFO,2026-05-15,2026-07,70.0,E,M,2026-06-26,0.0,1.92,0,400,51.010354692900826,1.931,C,1.000368941569795,0.9497261498977771
check,TFO,2026-05-15,2026-08,35.0,E,M,2026-07-27,0.74,0.0,1625,0,50.930169310916405,1.931,P,0.7063069295421411,0.7330614123797534
check,TFO,2026-05-15,2026-08,39.0,E,M,2026-07-27,0.0,11.475,0,550,50.930169310916405,1.931,C,,0.7630101918366058
check,TFO,2026-05-15,2026-08,49.0,E,M,2026-07-27,0.0,6.9,0,550,50.930169310916405,1.931,C,0.6521069368638303,0.8227069239123652
check,TFO,2026-05-15,2026-08,55.0,E,M,2026-07-27,0.0,5.2,0,525,50.930169310916405,1.931,C,0.7419261608945968,0.8513577005325456
check,TFO,2026-05-15,2026-08,65.0,E,M,2026-07-27,0.0,3.425,0,225,50.930169310916405,1.931,C,0.8457512308817354,0.8911930244118713
check,TFO,2026-05-15,2026-08,75.0,E,M,2026-07-27,0.0,3.04,0,150,50.930169310916405,1.931,C,1.012133383154342,0.9239723197169379
check,TFO,2026-05-15,2026-09,28.0,E,M,2026-08-26,0.26,0.0,225,0,50.72141972942936,1.931,P,0.6749609663170444,0.9170280940968085
check,TFO,2026-05-15,2026-09,35.0,E,M,2026-08-26,1.1857506361323153,0.0,1965,0,50.72141972942936,1.931,P,0.6864050477219972,0.9652839664469748
check,TFO,2026-05-15,2026-09,50.0,E,M,2026-08-26,8.7,8.52,550,1075,50.72141972942936,1.931,C,0.7582672219149136,1.0378842928928207
check,TFO,2026-05-15,2026-09,58.0,E,M,2026-08-26,0.0,6.275,0,250,50.72141972942936,1.931,C,0.8215680409161653,1.0666703728546658
check,TFO,2026-05-15,2026-09,60.0,E,M,2026-08-26,0.0,4.98,0,150,50.72141972942936,1.931,C,0.7537320605717226,1.0731392810396538
check,TFO,2026-05-15,2026-09,70.0,E,M,2026-08-26,0.0,4.5,0,80,50.72141972942936,1.931,C,0.925025808925102,1.1020829092438655
check,TFO,2026-05-15,2026-10,45.0,E,M,2026-09-25,6.5,0.0,25,0,50.39700031328321,1.931,P,0.8013164014840602,0.8960822041470005
check,TFO,2026-05-15,2026-10,47.0,E,M,2026-09-25,7.7,8.3,25,25,50.39700031328321,1.931,PC,,0.9037152473208546
check,TFO,2026-05-15,2026-10,49.0,E,M,2026-09-25,0.0,8.775,0,25,50.39700031328321,1.931,C,0.6649328458099676,0.9109714170045291
check,TFO,2026-05-15,2026-10,55.0,E,M,2026-09-25,0.0,6.84,0,200,50.39700031328321,1.931,C,0.7008313508202424,0.9307951093602808
check,TFO,2026-05-15,2026-10,60.0,E,M,2026-09-25,0.0,5.84,0,510,50.39700031328321,1.931,C,0.7445551419218234,0.945458271798889
check,TFO,2026-05-15,2026-12,70.0,E,M,2026-11-26,0.0,4.95,0,100,48.77391430254246,1.931,C,0.7518294310208046,0.8974298266908105
check,TFO,2026-05-15,2027-02,50.0,E,M,2027-01-27,0.0,9.9,0,1000,47.23714357746124,1.931,C,0.6847962504749843,0.9454832595885252
check,TFO,2026-05-15,2027-02,55.0,E,M,2027-01-27,0.0,8.65,0,1000,47.23714357746124,1.931,C,0.7080086800682176,0.9559743159524883
check,TFO,2026-05-15,2027-03,15.0,E,M,2027-02-24,0.18,0.0,150,0,45.22110891508436,1.931,P,0.6781926860861713,0.7665108252076047
check,TFO,2026-05-15,2027-03,25.0,E,M,2027-02-24,0.9,0.0,75,0,45.22110891508436,1.931,P,0.568277108819575,0.8268282820992401
check,TFO,2026-05-15,2027-03,28.0,E,M,2027-02-24,0.0,18.05,0,275,45.22110891508436,1.931,C,0.39042224411010723,0.8396398527947219
check,TFO,2026-05-15,2027-04,50.0,E,M,2027-03-25,0.0,4.85,0,200,38.3,1.931,C,0.584481679718821,0.8761252508539549
check,TFO,2026-05-18,2026-06,35.0,E,M,2026-05-27,0.045,0.0,130,0,49.43077170461917,1.931,P,1.0516266575473479,0.6248436773820775
check,TFO,2026-05-18,2026-06,37.0,E,M,2026-05-27,0.155,0.0,900,0,49.43077170461917,1.931,P,1.1206020219399346,0.6833237086709465
check,TFO,2026-05-18,2026-06,40.0,E,M,2026-05-27,0.2890657084188912,0.0,2435,0,49.43077170461917,1.931,P,1.0047266852133567,0.7582865970905914
check,TFO,2026-05-18,2026-06,42.0,E,M,2026-05-27,0.43,0.0,2950,0,49.43077170461917,1.931,P,0.9243605763021391,0.8018092297786401
check,TFO,2026-05-18,2026-06,43.0,E,M,2026-05-27,0.57,0.0,300,0,49.43077170461917,1.931,P,0.910050011687976,0.8220071440884635
check,TFO,2026-05-18,2026-06,44.0,E,M,2026-05-27,0.4083333333333333,0.0,150,0,49.43077170461917,1.931,P,0.718465281364868,0.8412880390018026
check,TFO,2026-05-18,2026-06,45.0,E,M,2026-05-27,0.8370157068062828,6.0,4775,750,49.43077170461917,1.931,P,0.828253418901909,0.8597304193196492
check,TFO,2026-05-18,2026-06,46.0,E,M,2026-05-27,1.27,0.0,150,0,49.43077170461917,1.931,P,0.8867016119850136,0.8774029590269833
check,TFO,2026-05-18,2026-06,47.0,E,M,2026-05-27,0.9612857142857143,0.0,3500,0,49.43077170461917,1.931,P,0.6453706905455101,0.8943660985756473
check,TFO,2026-05-18,2026-06,48.0,E,M,2026-05-27,1.211698113207547,4.5,2650,15,49.43077170461917,1.931,P,0.6062613514736387,0.91067332885477
check,TFO,2026-05-18,2026-06,49.0,E,M,2026-05-27,2.49,0.0,425,0,49.43077170461917,1.931,P,0.8805264341933672,0.9263722325631496
check,TFO,2026-05-18,2026-06,50.0,E,M,2026-05-27,2.675,2.825,2150,1200,49.43077170461917,1.931,P,0.7690881089126889,0.9415053359569102
check,TFO,2026-05-18,2026-06,51.0,E,M,2026-05-27,2.6981981981981984,2.7472072072072073,1110,1110,49.43077170461917,1.931,PC,,0.9561108110207481
check,TFO,2026-05-18,2026-06,52.0,E,M,2026-05-27,0.0,2.20688679245283,0,265,49.43077170461917,1.931,C,1.0487062372862344,0.9702230586204625
check,TFO,2026-05-18,2026-06,53.0,E,M,2026-05-27,0.0,1.7522727272727272,0,3300,49.43077170461917,1.931,C,1.0052337633801112,0.983873196165371
check,TFO,2026-05-18,2026-06,54.0,E,M,2026-05-27,0.0,1.455,0,75,49.43077170461917,1.931,C,0.9996637975836631,0.997089468056777
check,TFO,2026-05-18,2026-06,55.0,E,M,2026-05-27,0.0,1.2981744421906694,0,2465,49.43077170461917,1.931,C,1.0326373766744978,1.009897593238861
check,TFO,2026-05-18,2026-06,57.0,E,M,2026-05-27,0.0,0.925,0,3000,49.43077170461917,1.931,C,1.0433495513237103,1.0343813851189918
check,TFO,2026-05-18,2026-06,58.0,E,M,2026-05-27,0.0,0.8,0,150,49.43077170461917,1.931,C,1.0591788904181798,1.0460983202692684
check,TFO,2026-05-18,2026-06,60.0,E,M,2026-05-27,0.0,0.644264705882353,0,1700,49.43077170461917,1.931,C,1.1137144392078282,1.0685733594865992
check,TFO,2026-05-18,2026-06,65.0,E,M,2026-05-27,0.0,0.28,0,415,49.43077170461917,1.931,C,1.141564870897411,1.1198689322901552
check,TFO,2026-05-18,2026-06,70.0,E,M,2026-05-27,0.0,0.19,0,225,49.43077170461917,1.931,C,1.2671425935862324,1.165368914101744
check,TFO,2026-05-18,2026-06,80.0,E,M,2026-05-27,0.0,0.15,0,300,49.43077170461917,1.931,C,1.572177162821089,1.2431882500923748
check,TFO,2026-05-18,2026-07,30.0,E,M,2026-06-26,0.13,0.0,300,0,49.55237051792829,1.931,P,0.8324525315590076,0.6839613852474732
check,TFO,2026-05-18,2026-07,33.0,E,M,2026-06-26,0.215,0.0,10,0,49.55237051792829,1.931,P,0.7649856127661557,0.7253411947476887
check,TFO,2026-05-18,2026-07,34.0,E,M,2026-06-26,0.25,0.0,150,0,49.55237051792829,1.931,P,0.7412280954795465,0.7378468698842328
check,TFO,2026-05-18,2026-07,35.0,E,M,2026-06-26,0.36500000000000005,0.0,1000,0,49.55237051792829,1.931,P,0.7575217301030691,0.7497986206309608
check,TFO,2026-05-18,2026-07,37.0,E,M,2026-06-26,0.48,0.0,100,0,49.55237051792829,1.931,P,0.7094986442819589,0.7722127111812733
check,TFO,2026-05-18,2026-07,38.0,E,M,2026-06-26,0.65,0.0,1635,0,49.55237051792829,1.931,P,0.7209656091739759,0.7827493682005097
check,TFO,2026-05-18,2026-07,40.0,E,M,2026-06-26,1.1723880597014924,0.0,5025,0,49.55237051792829,1.931,P,0.7619235135182336,0.80263890911179
check,TFO,2026-05-18,2026-07,41.0,E,M,2026-06-26,1.205,0.0,4050,0,49.55237051792829,1.931,P,0.7122941162136721,0.8120452047087564
check,TFO,2026-05-18,2026-07,44.0,E,M,2026-06-26,2.135,0.0,2000,0,49.55237051792829,1.931,P,0.7234906601438887,0.8383792679848862
check,TFO,2026-05-18,2026-07,45.0,E,M,2026-06-26,2.775,0.0,1210,0,49.55237051792829,1.931,P,0.7725035263476587,0.8465921597683783
check,TFO,2026-05-18,2026-07,47.0,E,M,2026-06-26,3.5200000000000005,0.0,4670,0,49.55237051792829,1.931,P,0.7539471221234855,0.8622672078034408
check,TFO,2026-05-18,2026-07,48.0,E,M,2026-06-26,3.9,0.0,1325,0,49.55237051792829,1.931,P,0.7385202733389752,0.8697570758086218
check,TFO,2026-05-18,2026-07,49.0,E,M,2026-06-26,4.64,0.0,85,0,49.55237051792829,1.931,P,0.7749809589910337,0.8770318211246492
check,TFO,2026-05-18,2026-07,50.0,E,M,2026-06-26,5.54,5.520184003925416,400,4076,49.55237051792829,1.931,C,0.8809620953511832,0.8841027272621438
check,TFO,2026-05-18,2026-07,51.0,E,M,2026-06-26,0.0,5.56,0,101,49.55237051792829,1.931,C,0.9521048592688438,0.8909802303577261
check,TFO,2026-05-18,2026-07,52.0,E,M,2026-06-26,0.0,5.605,0,101,49.55237051792829,1.931,C,1.0197235693415974,0.8976740012413704
check,TFO,2026-05-18,2026-07,53.0,E,M,2026-06-26,0.0,4.97,0,101,49.55237051792829,1.931,C,0.978443113325027,0.9041930178408519
check,TFO,2026-05-18,2026-07,55.0,E,M,2026-06-26,8.6,4.397155499367889,2000,3955,49.55237051792829,1.931,C,0.9939448916018924,0.9167396126161916
check,TFO,2026-05-18,2026-07,60.0,E,M,2026-06-26,0.0,3.4,0,1500,49.55237051792829,1.931,C,1.0530553690164575,0.9455682129131812
check,TFO,2026-05-18,2026-07,65.0,E,M,2026-06-26,0.0,2.575,0,1120,49.55237051792829,1.931,C,1.0859636805358386,0.9713439512358634
check,TFO,2026-05-18,2026-07,70.0,E,M,2026-06-26,0.0,1.83,0,1600,49.55237051792829,1.931,C,1.0857839229730923,0.9946211941199162
check,TFO,2026-05-18,2026-07,75.0,E,M,2026-06-26,0.0,1.69,0,350,49.55237051792829,1.931,C,1.1799371773673912,1.0158183169976844
check,TFO,2026-05-18,2026-07,80.0,E,M,2026-06-26,0.0,1.625,0,30,49.55237051792829,1.931,C,1.2759165623710151,1.0352585011354967
check,TFO,2026-05-18,2026-07,85.0,E,M,2026-06-26,0.0,1.225,0,1000,49.55237051792829,1.931,C,1.2717141405280896,1.053196353847061
check,TFO,2026-05-18,2026-08,34.5,E,M,2026-07-27,0.715,0.0,250,0,49.51133858267716,1.931,P,0.6994546282826648,0.7525908583526841
check,TFO,2026-05-18,2026-08,35.0,E,M,2026-07-27,0.68,0.0,750,0,49.51133858267716,1.931,P,0.6684099586337102,0.7567057252041451
check,TFO,2026-05-18,2026-08,40.0,E,M,2026-07-27,1.75,0.0,340,0,49.51133858267716,1.931,P,0.6737219576970829,0.793906265112591
check,TFO,2026-05-18,2026-08,50.0,E,M,2026-07-27,6.8,8.2,575,500,49.51133858267716,1.931,P,0.7699678326122096,0.8525447874021098
check,TFO,2026-05-18,2026-08,54.0,E,M,2026-07-27,0.0,6.0,0,5,49.51133858267716,1.931,C,0.8885623989352098,0.8718736083249949
check,TFO,2026-05-18,2026-08,55.0,E,M,2026-07-27,0.0,6.775,0,150,49.51133858267716,1.931,C,1.0166476776919733,0.8764202444677179
check,TFO,2026-05-18,2026-08,80.0,E,M,2026-07-27,0.0,2.95,0,30,49.51133858267716,1.931,C,1.1629294048002046,0.9646576994305198
check,TFO,2026-05-18,2026-09,33.0,E,M,2026-08-26,0.7900000000000001,0.0,30,0,49.43344883595019,1.931,P,0.6585506921574195,0.9725386177519121
check,TFO,2026-05-18,2026-09,35.0,E,M,2026-08-26,1.02,0.0,900,0,49.43344883595019,1.931,P,0.6342355990197439,0.9851493527204916
check,TFO,2026-05-18,2026-09,40.0,E,M,2026-08-26,2.9,0.0,400,0,49.43344883595019,1.931,P,0.7197547894670177,1.0132007826545084
check,TFO,2026-05-18,2026-09,43.0,E,M,2026-08-26,3.975,0.0,1300,0,49.43344883595019,1.931,P,0.7110484404449412,1.0280816454394575
check,TFO,2026-05-18,2026-09,50.0,E,M,2026-08-26,8.015,9.18,600,425,49.43344883595019,1.931,P,0.7647042154133262,1.058457004208288
check,TFO,2026-05-18,2026-09,55.0,E,M,2026-08-26,0.0,7.86,0,150,49.43344883595019,1.931,C,0.9567861739223036,1.077219515543757
check,TFO,2026-05-18,2026-09,60.0,E,M,2026-08-26,0.0,6.75,0,350,49.43344883595019,1.931,C,0.9913759164051392,1.0940726227338997
check,TFO,2026-05-18,2026-09,80.0,E,M,2026-08-26,0.0,4.1,0,100,49.43344883595019,1.931,C,1.1073193157263508,1.1480620955906624
check,TFO,2026-05-18,2026-10,28.0,E,M,2026-09-25,0.335,0.0,450,0,49.04667585684938,1.931,P,0.6082319834444345,0.8228638699553696
check,TFO,2026-05-18,2026-10,30.0,E,M,2026-09-25,0.55,0.0,350,0,49.04667585684938,1.931,P,0.6131632421298698,0.8362712958797586
check,TFO,2026-05-18,2026-10,33.0,E,M,2026-09-25,0.9,0.0,200,0,49.04667585684938,1.931,P,0.5949598534702933,0.8544573389263114
check,TFO,2026-05-18,2026-10,35.0,E,M,2026-09-25,1.35,0.0,450,0,49.04667585684938,1.931,P,0.6064886575263286,0.8654992325511094
check,TFO,2026-05-18,2026-10,49.0,E,M,2026-09-25,8.775,8.775,250,250,49.04667585684938,1.931,PC,,0.9261753181474697
check,TFO,2026-05-18,2026-10,55.0,E,M,2026-09-25,0.0,7.16,0,200,49.04667585684938,1.931,C,0.7938940994917191,0.9461276794130677
check,TFO,2026-05-18,2026-10,60.0,E,M,2026-09-25,0.0,6.135,0,440,49.04667585684938,1.931,C,0.8294377660503112,0.9608885345993361
check,TFO,2026-05-18,2026-11,50.0,E,M,2026-10-27,0.0,9.5,0,100,47.89631226420253,1.931,C,0.8064471281533494,0.9377576079169968
check,TFO,2026-05-18,2026-11,70.0,E,M,2026-10-27,0.0,5.65,0,140,47.89631226420253,1.931,C,0.9109842067026535,0.9872071980313794
check,TFO,2026-05-18,2027-02,80.0,E,M,2027-01-27,0.0,6.8,0,750,46.36955513035159,1.931,C,0.9447017776468951,1.0039905001211828
check,TFO,2026-05-19,2026-06,38.0,E,M,2026-05-27,0.12,0.0,600,0,51.894568043012995,1.929,P,1.1910550554416455,0.7008494173977798
check,TFO,2026-05-19,2026-06,39.0,E,M,2026-05-27,0.1,0.0,500,0,51.894568043012995,1.929,P,1.070426748356109,0.7290542591106489
check,TFO,2026-05-19,2026-06,40.0,E,M,2026-05-27,0.14537313432835822,0.0,1675,0,51.894568043012995,1.929,P,1.0636748480074527,0.7556011522735345
check,TFO,2026-05-19,2026-06,41.0,E,M,2026-05-27,0.2,0.0,1200,0,51.894568043012995,1.929,P,1.049299418504357,0.7806745233592621
check,TFO,2026-05-19,2026-06,42.0,E,M,2026-05-27,0.27,0.0,3550,0,51.894568043012995,1.929,P,1.0339684267277474,0.8044293978638484
check,TFO,2026-05-19,2026-06,43.0,E,M,2026-05-27,0.35,0.0,1900,0,51.894568043012995,1.929,P,1.0111271952910459,0.8269972452563529
check,TFO,2026-05-19,2026-06,44.0,E,M,2026-05-27,0.41999999999999993,0.0,655,0,51.894568043012995,1.929,P,0.9678780653044183,0.8484905004091154
check,TFO,2026-05-19,2026-06,45.0,E,M,2026-05-27,0.532048872180451,0.0,6650,0,51.894568043012995,1.929,P,0.9410930927433218,0.8690060769409035
check,TFO,2026-05-19,2026-06,46.0,E,M,2026-05-27,0.75,0.0,500,0,51.894568043012995,1.929,P,0.9550740614621447,0.888628117355205
check,TFO,2026-05-19,2026-06,47.0,E,M,2026-05-27,0.825,0.0,1980,0,51.894568043012995,1.929,P,0.8812052028961774,0.907430164270127
check,TFO,2026-05-19,2026-06,48.0,E,M,2026-05-27,1.053,0.0,500,0,51.894568043012995,1.929,P,0.8645012220154629,0.9254768899941522
check,TFO,2026-05-19,2026-06,49.0,E,M,2026-05-27,1.645,0.0,100,0,51.894568043012995,1.929,P,0.9649145917778056,0.9428254865806074
check,TFO,2026-05-19,2026-06,50.0,E,M,2026-05-27,1.8319796954314722,3.085,985,600,51.894568043012995,1.929,P,0.8924386529652224,0.9595267926629106
check,TFO,2026-05-19,2026-06,51.0,E,M,2026-05-27,2.3759146341463415,2.54,2050,1100,51.894568043012995,1.929,P,0.9261109345689624,0.975626214444713
check,TFO,2026-05-19,2026-06,52.0,E,M,2026-05-27,2.675,2.5858333333333334,525,450,51.894568043012995,1.929,P,0.8592545163519465,0.9911644843200167
check,TFO,2026-05-19,2026-06,53.0,E,M,2026-05-27,0.0,2.2,0,3050,51.894568043012995,1.929,C,0.8750546609184493,1.0061782903390586
check,TFO,2026-05-19,2026-06,55.0,E,M,2026-05-27,5.05,1.464020771513353,500,3370,51.894568043012995,1.929,C,0.8671225953515194,1.0347621130262277
check,TFO,2026-05-19,2026-06,57.0,E,M,2026-05-27,0.0,0.865,0,3000,51.894568043012995,1.929,C,0.832324362895219,1.0616083135875631
check,TFO,2026-05-19,2026-06,58.0,E,M,2026-05-27,0.0,1.0,0,50,51.894568043012995,1.929,C,0.9729672931566499,1.0744411065803878
check,TFO,2026-05-19,2026-06,60.0,E,M,2026-05-27,0.0,0.6495226730310262,0,2095,51.894568043012995,1.929,C,0.9666941194098893,1.0990313717825888
check,TFO,2026-05-19,2026-06,63.0,E,M,2026-05-27,0.0,0.35,0,55,51.894568043012995,1.929,C,0.9798160632280467,1.1334970070548207
check,TFO,2026-05-19,2026-06,65.0,E,M,2026-05-27,0.0,0.4,0,800,51.894568043012995,1.929,C,1.1289726842104024,1.1550400316499245
check,TFO,2026-05-19,2026-06,70.0,E,M,2026-05-27,0.0,0.188125,0,800,51.894568043012995,1.929,C,1.1817833907604367,1.2046008771667274
check,TFO,2026-05-19,2026-06,80.0,E,M,2026-05-27,0.0,0.12,0,500,51.894568043012995,1.929,C,1.4652672565413118,1.2891414661724578
check,TFO,2026-05-19,2026-07,33.0,E,M,2026-06-26,0.205,0.0,10,0,52.043788590867976,1.929,P,0.8365710365210216,0.6770359170813982
check,TFO,2026-05-19,2026-07,35.0,E,M,2026-06-26,0.3,0.0,900,0,52.043788590867976,1.929,P,0.8067179371917923,0.7028467435286437
check,TFO,2026-05-19,2026-07,38.0,E,M,2026-06-26,0.5,0.0,300,0,52.043788590867976,1.929,P,0.7589306927050765,0.7374738363798791
check,TFO,2026-05-19,2026-07,40.0,E,M,2026-06-26,0.923561046511628,0.0,1720,0,52.043788590867976,1.929,P,0.7998140565290974,0.7583008002736169
check,TFO,2026-05-19,2026-07,42.0,E,M,2026-06-26,1.35,0.0,350,0,52.043788590867976,1.929,P,0.8010163286260229,0.7776108265300049
check,TFO,2026-05-19,2026-07,45.0,E,M,2026-06-26,2.31,0.0,1145,0,52.043788590867976,1.929,P,0.8219979285235302,0.804148439627803
check,TFO,2026-05-19,2026-07,50.0,E,M,2026-06-26,5.014,6.220000000000001,250,2785,52.043788590867976,1.929,C,0.7760494258186835,0.84310422346909
check,TFO,2026-05-19,2026-07,55.0,E,M,2026-06-26,0.0,4.9,0,6985,52.043788590867976,1.929,C,0.907453849894873,0.8768858272273022
check,TFO,2026-05-19,2026-07,56.0,E,M,2026-06-26,0.0,4.55,0,950,52.043788590867976,1.929,C,0.9088119113225195,0.8831298176264666
check,TFO,2026-05-19,2026-07,60.0,E,M,2026-06-26,0.0,3.6487179487179486,0,975,52.043788590867976,1.929,C,0.959003709129354,0.9066474370647065
check,TFO,2026-05-19,2026-07,65.0,E,M,2026-06-26,0.0,2.81,0,4445,52.043788590867976,1.929,C,1.0126649335319207,0.9332009237906856
check,TFO,2026-05-19,2026-07,66.0,E,M,2026-06-26,0.0,2.5,0,950,52.043788590867976,1.929,C,0.9923573890961757,0.9381816889473572
check,TFO,2026-05-19,2026-07,70.0,E,M,2026-06-26,0.0,2.12090395480226,0,885,52.043788590867976,1.929,C,1.0443883912392333,0.9571383493520295
check,TFO,2026-05-19,2026-07,75.0,E,M,2026-06-26,0.0,1.6200000000000003,0,5,52.043788590867976,1.929,C,1.0731941546275046,0.9789042795420014
check,TFO,2026-05-19,2026-07,85.0,E,M,2026-06-26,0.0,1.08,0,625,52.043788590867976,1.929,C,1.153094905961713,1.0172160725442934
check,TFO,2026-05-19,2026-07,90.0,E,M,2026-06-26,0.0,0.935,0,15,52.043788590867976,1.929,C,1.1994138047813105,1.0342448741262218
check,TFO,2026-05-19,2026-07,100.0,E,M,2026-06-26,0.0,0.61,0,405,52.043788590867976,1.929,C,1.2366978194055442,1.0649273672665913
check,TFO,2026-05-19,2026-08,52.0,E,M,2026-07-27,0.0,7.35,0,1750,51.93401286393774,1.929,C,0.8145356387132711,0.856510422406745
check,TFO,2026-05-19,2026-08,55.0,E,M,2026-07-27,0.0,6.39,0,400,51.93401286393774,1.929,C,0.84114583164098,0.8707762368724326
check,TFO,2026-05-19,2026-08,60.0,E,M,2026-07-27,0.0,5.215,0,100,51.93401286393774,1.929,C,0.8922037163762546,0.8924638751220728
check,TFO,2026-05-19,2026-08,70.0,E,M,2026-07-27,0.0,3.525,0,5,51.93401286393774,1.929,C,0.9626430518508986,0.9296648436911572
check,TFO,2026-05-19,2026-08,80.0,E,M,2026-07-27,0.0,2.5,0,5,51.93401286393774,1.929,C,1.0208692437459408,0.960742694787899
check,TFO,2026-05-19,2026-08,100.0,E,M,2026-07-27,0.0,1.35,0,300,51.93401286393774,1.929,C,1.1018862963494183,1.0105713067449704
check,TFO,2026-05-19,2026-09,50.0,E,M,2026-08-26,0.0,9.0,0,250,51.85750307080038,1.929,C,0.7532634239588707,1.0541931262534272
check,TFO,2026-05-19,2026-09,60.0,E,M,2026-08-26,0.0,6.35,0,250,51.85750307080038,1.929,C,0.8517059378600805,1.0902972918691498
check,TFO,2026-05-19,2026-10,35.0,E,M,2026-09-25,1.3,0.0,1050,0,51.4909538532005,1.929,P,0.6495848122636942,0.8596955509257941
check,TFO,2026-05-19,2026-10,50.0,E,M,2026-09-25,8.85,0.0,150,0,51.4909538532005,1.929,P,0.8202409959590944,0.9247631828312197
check,TFO,2026-05-19,2026-10,70.0,E,M,2026-09-25,0.0,5.25,0,1025,51.4909538532005,1.929,C,0.8667041860633715,0.9822804488248212
check,TFO,2026-05-19,2026-10,75.0,E,M,2026-09-25,0.0,4.55,0,350,51.4909538532005,1.929,C,0.885195509426281,0.9936699554387459
check,TFO,2026-05-19,2026-12,30.0,E,M,2026-11-26,0.76,0.0,400,0,50.10687096774193,1.929,P,0.5696156482359235,0.782737981589086
check,TFO,2026-05-19,2026-12,35.0,E,M,2026-11-26,2.11,0.0,250,0,50.10687096774193,1.929,P,0.6182263616658995,0.805963083001472
check,TFO,2026-05-19,2026-12,50.0,E,M,2026-11-26,0.0,9.65,0,300,50.10687096774193,1.929,C,0.6563669122184873,0.857350045616303
check,TFO,2026-05-19,2026-12,60.0,E,M,2026-11-26,0.0,7.35,0,325,50.10687096774193,1.929,C,0.7317864735760125,0.8824861919310423
check,TFO,2026-05-19,2027-04,45.0,E,M,2027-03-25,0.0,6.2,0,300,38.45486294006987,1.929,C,0.5871304752203931,0.8709269015269778
check,TFO,2026-05-19,2027-04,50.0,E,M,2027-03-25,0.0,5.25,0,200,38.45486294006987,1.929,C,0.6124027021071214,0.8813622944289967
check,TFO,2026-05-20,2026-06,36.0,E,M,2026-05-27,0.05,0.0,1400,0,49.3475068766998,1.931,P,1.1193802322456736,0.744805234668342
check,TFO,2026-05-20,2026-06,38.0,E,M,2026-05-27,0.1,0.0,625,0,49.3475068766998,1.931,P,1.0712925138570937,0.8067054857229348
check,TFO,2026-05-20,2026-06,40.0,E,M,2026-05-27,0.175,0.0,2055,0,49.3475068766998,1.931,P,1.0038746864900663,0.8615664892853867
check,TFO,2026-05-20,2026-06,41.0,E,M,2026-05-27,0.25,0.0,4300,0,49.3475068766998,1.931,P,0.9909729781263996,0.8868242219175927
check,TFO,2026-05-20,2026-06,42.0,E,M,2026-05-27,0.37,0.0,4675,0,49.3475068766998,1.931,P,0.9941881410231982,0.9108255477980656
check,TFO,2026-05-20,2026-06,43.0,E,M,2026-05-27,0.295,0.0,500,0,49.3475068766998,1.931,P,0.8294745115216553,0.9336885560096253
check,TFO,2026-05-20,2026-06,44.0,E,M,2026-05-27,0.6679381443298968,0.0,1455,0,49.3475068766998,1.931,P,0.9639988010470545,0.9555151491723903
check,TFO,2026-05-20,2026-06,45.0,E,M,2026-05-27,0.9540127388535031,0.0,3925,0,49.3475068766998,1.931,P,0.9870742157423411,0.9763939020206451
check,TFO,2026-05-20,2026-06,46.0,E,M,2026-05-27,1.13,0.0,1350,0,49.3475068766998,1.931,P,0.9332644648723571,0.9964023163737423
check,TFO,2026-05-20,2026-06,47.0,E,M,2026-05-27,0.9,0.0,1060,0,49.3475068766998,1.931,P,0.6945703983466639,1.0156086174132344
check,TFO,2026-05-20,2026-06,48.0,E,M,2026-05-27,1.7163294797687862,0.0,865,0,49.3475068766998,1.931,P,0.869633453681611,1.034073198083411
check,TFO,2026-05-20,2026-06,49.0,E,M,2026-05-27,1.5,0.0,200,0,49.3475068766998,1.931,P,0.6176090893332599,1.0518497909524296
check,TFO,2026-05-20,2026-06,50.0,E,M,2026-05-27,1.895,2.0468571428571427,2090,1750,49.3475068766998,1.931,P,0.5679879282228839,1.0689864269792708
check,TFO,2026-05-20,2026-06,51.0,E,M,2026-05-27,0.0,1.59,0,50,49.3475068766998,1.931,C,0.8363824971824457,1.0855262261392424
check,TFO,2026-05-20,2026-06,52.0,E,M,2026-05-27,4.075,2.1,15,135,49.3475068766998,1.931,C,1.1623756862049273,1.10150805421759
check,TFO,2026-05-20,2026-06,53.0,E,M,2026-05-27,0.0,1.0442682926829268,0,2050,49.3475068766998,1.931,C,0.8654349137043559,1.1169670721964005
check,TFO,2026-05-20,2026-06,55.0,E,M,2026-05-27,0.0,0.6723214285714285,0,1680,49.3475068766998,1.931,C,0.890587579190821,1.14644150205614
check,TFO,2026-05-20,2026-06,57.0,E,M,2026-05-27,0.0,0.44,0,50,49.3475068766998,1.931,C,0.9220231805165544,1.174172612397039
check,TFO,2026-05-20,2026-06,60.0,E,M,2026-05-27,0.0,0.3793704600484261,0,2065,49.3475068766998,1.931,C,1.0904926624146876,1.2129018030465666
check,TFO,2026-05-20,2026-06,62.0,E,M,2026-05-27,0.0,0.295,0,135,49.3475068766998,1.931,C,1.1449414319959186,1.2370320989373755
check,TFO,2026-05-20,2026-06,65.0,E,M,2026-05-27,0.0,0.22,0,1030,49.3475068766998,1.931,C,1.235505869548258,1.271008752019788
check,TFO,2026-05-20,2026-06,70.0,E,M,2026-05-27,0.0,0.11706666666666665,0,1875,49.3475068766998,1.931,C,1.3240696949425304,1.3225546084986806
check,TFO,2026-05-20,2026-06,75.0,E,M,2026-05-27,0.0,0.05138888888888889,0,1800,49.3475068766998,1.931,C,1.3561825071937952,1.3688129946061383
check,TFO,2026-05-20,2026-06,80.0,E,M,2026-05-27,0.0,0.07,0,100,49.3475068766998,1.931,C,1.594629850692732,1.4107219896295153
check,TFO,2026-05-20,2026-07,30.0,E,M,2026-06-26,0.0,21.57,0,50,49.09806991094049,1.931,C,1.8347456344067414,0.6691597863192967
check,TFO,2026-05-20,2026-07,33.0,E,M,2026-06-26,0.205,0.0,15,0,49.09806991094049,1.931,P,0.7643181329289729,0.7120302656532995
check,TFO,2026-05-20,2026-07,34.0,E,M,2026-06-26,2.45,17.7,1400,100,49.09806991094049,1.931,P,1.5100827691857124,0.7249613005949225
check,TFO,2026-05-20,2026-07,35.0,E,M,2026-06-26,0.3,0.0,50,0,49.09806991094049,1.931,P,0.727944878708067,0.7373095115986894
check,TFO,2026-05-20,2026-07,36.0,E,M,2026-06-26,0.35,0.0,200,0,49.09806991094049,1.931,P,0.7047741283793348,0.7491224273144427
check,TFO,2026-05-20,2026-07,37.0,E,M,2026-06-26,0.0,14.9,0,50,49.09806991094049,1.931,C,1.345995513749626,0.7604420736762942
check,TFO,2026-05-20,2026-07,40.0,E,M,2026-06-26,0.9462925969447709,0.0,4255,0,49.09806991094049,1.931,P,0.7028089368579326,0.7917952080201263
check,TFO,2026-05-20,2026-07,43.0,E,M,2026-06-26,1.6,0.0,200,0,49.09806991094049,1.931,P,0.6774942896404816,0.8198392544570052
check,TFO,2026-05-20,2026-07,45.0,E,M,2026-06-26,3.0,0.0,1305,0,49.09806991094049,1.931,P,0.8079448430176476,0.8369997954044233
check,TFO,2026-05-20,2026-07,46.0,E,M,2026-06-26,2.775,0.0,1100,0,49.09806991094049,1.931,P,0.694139781958322,0.8451741277043074
check,TFO,2026-05-20,2026-07,48.0,E,M,2026-06-26,3.69,0.0,40,0,49.09806991094049,1.931,P,0.6930679192987489,0.860786996103536
check,TFO,2026-05-20,2026-07,50.0,E,M,2026-06-26,4.95,5.343673469387755,800,1225,49.09806991094049,1.931,C,0.9159970011967624,0.8755062926136427
check,TFO,2026-05-20,2026-07,51.0,E,M,2026-06-26,5.6,5.6,250,250,49.09806991094049,1.931,PC,,0.8825599010485301
check,TFO,2026-05-20,2026-07,52.0,E,M,2026-06-26,0.0,5.2,0,100,49.09806991094049,1.931,C,1.0191342117912374,0.8894232473979431
check,TFO,2026-05-20,2026-07,55.0,E,M,2026-06-26,0.0,3.7530877742946704,0,1595,49.09806991094049,1.931,C,0.9475995623762393,0.9089623332550858
check,TFO,2026-05-20,2026-07,60.0,E,M,2026-06-26,0.0,3.2,0,250,49.09806991094049,1.931,C,1.0740723808258952,0.9384816260842419
check,TFO,2026-05-20,2026-07,65.0,E,M,2026-06-26,0.0,2.34,0,40,49.09806991094049,1.931,C,1.0938944267619977,0.9648511315910928
check,TFO,2026-05-20,2026-07,70.0,E,M,2026-06-26,0.0,2.07,0,750,49.09806991094049,1.931,C,1.1879391059383697,0.9886468019816326
check,TFO,2026-05-20,2026-07,80.0,E,M,2026-06-26,0.0,1.04,0,250,49.09806991094049,1.931,C,1.1711905772789206,1.0301522390240243
check,TFO,2026-05-20,2026-07,90.0,E,M,2026-06-26,0.0,0.605,0,25,49.09806991094049,1.931,C,1.19894951523003,1.065434719789422
check,TFO,2026-05-20,2026-07,100.0,E,M,2026-06-26,0.0,0.62,0,150,49.09806991094049,1.931,C,1.3550661901859467,1.0960423787074214
check,TFO,2026-05-20,2026-08,30.0,E,M,2026-07-27,0.0,21.84,0,75,49.1251906302068,1.931,C,1.4009092104028678,0.7242175353405637
check,TFO,2026-05-20,2026-08,34.0,E,M,2026-07-27,0.0,18.2,0,150,49.1251906302068,1.931,C,1.2151018863656984,0.7616064532557849
check,TFO,2026-05-20,2026-08,35.0,E,M,2026-07-27,0.7,0.0,170,0,49.1251906302068,1.931,P,0.6736604698898603,0.770015737307481
check,TFO,2026-05-20,2026-08,37.0,E,M,2026-07-27,0.0,15.7,0,75,49.1251906302068,1.931,C,1.1189029603388982,0.7858928430682465
check,TFO,2026-05-20,2026-08,50.0,E,M,2026-07-27,0.0,6.96,0,500,49.1251906302068,1.931,C,0.8624572669124287,0.8670063858166387
check,TFO,2026-05-20,2026-08,51.0,E,M,2026-07-27,8.3,0.0,50,0,49.1251906302068,1.931,P,0.868144033195825,0.8720823321020157
check,TFO,2026-05-20,2026-08,65.0,E,M,2026-07-27,0.0,4.2,0,15,49.1251906302068,1.931,C,1.052353474568063,0.9320552849815937
check,TFO,2026-05-20,2026-08,75.0,E,M,2026-07-27,0.0,2.42,0,950,49.1251906302068,1.931,C,1.0245736969464447,0.9657173517276189
check,TFO,2026-05-20,2026-08,100.0,E,M,2026-07-27,0.0,1.3,0,150,49.1251906302068,1.931,C,1.1782202269901816,1.0301054044738167
check,TFO,2026-05-20,2026-09,34.5,E,M,2026-08-26,0.985,0.0,20,0,49.082385561701315,1.931,P,0.6444098286686541,0.993587592734612
check,TFO,2026-05-20,2026-09,45.0,E,M,2026-08-26,4.95,0.0,700,0,49.082385561701315,1.931,P,0.7154921866930478,1.0493178989160847
check,TFO,2026-05-20,2026-09,50.0,E,M,2026-08-26,7.925,9.0,100,400,49.082385561701315,1.931,C,0.9220386867274042,1.0706316748342308
check,TFO,2026-05-20,2026-09,57.0,E,M,2026-08-26,0.0,6.75,0,5,49.082385561701315,1.931,C,0.9353868912045136,1.0965713326928106
check,TFO,2026-05-20,2026-09,70.0,E,M,2026-08-26,0.0,4.65,0,450,49.082385561701315,1.931,C,1.023877459423822,1.1360720060723346
check,TFO,2026-05-20,2026-09,85.0,E,M,2026-08-26,0.0,3.08,0,50,49.082385561701315,1.931,C,1.0790886861288396,1.1721983408556316
check,TFO,2026-05-20,2026-10,28.0,E,M,2026-09-25,0.31,0.0,75,0,48.7780065988452,1.931,P,0.5984893573389244,0.8303511159379351
check,TFO,2026-05-20,2026-10,45.0,E,M,2026-09-25,5.55,0.0,600,0,48.7780065988452,1.931,P,0.6764848274281041,0.9192645557079433
check,TFO,2026-05-20,2026-10,55.0,E,M,2026-09-25,0.0,7.16,0,100,48.7780065988452,1.931,C,0.8119292038415161,0.9544364628595353
check,TFO,2026-05-20,2026-10,60.0,E,M,2026-09-25,0.0,6.11,0,100,48.7780065988452,1.931,C,0.8442170704107298,0.9692979347614293
check,TFO,2026-05-20,2026-10,65.0,E,M,2026-09-25,0.0,5.8,0,200,48.7780065988452,1.931,C,0.920345941059667,0.9827741471352837
check,TFO,2026-05-20,2026-11,75.0,E,M,2026-10-27,0.0,5.0,0,320,47.70739466895959,1.931,C,0.9370571315645171,1.0038253528709247
check,TFO,2026-05-20,2026-11,100.0,E,M,2026-10-27,0.0,3.05,0,285,47.70739466895959,1.931,C,1.0072995304432066,1.044098601133772
check,TFO,2026-05-20,2026-12,50.0,E,M,2026-11-26,0.0,9.8,0,470,47.36702463777367,1.931,C,0.7879551408237644,0.867452742719311
check,TFO,2026-05-20,2026-12,60.0,E,M,2026-11-26,0.0,7.525,0,100,47.36702463777367,1.931,C,0.8390952411164988,0.8924374118758976
check,TFO,2026-05-20,2026-12,75.0,E,M,2026-11-26,0.0,5.45,0,170,47.36702463777367,1.931,C,0.9032907519690346,0.9221108570177637
check,TFO,2026-05-20,2026-12,100.0,E,M,2026-11-26,0.0,3.43,0,235,47.36702463777367,1.931,C,0.96713981098344,0.9590324985193336
check,TFO,2026-05-20,2027-01,25.0,E,M,2026-12-24,0.46,0.0,57,0,47.005446096654275,1.931,P,0.5662090372657057,0.7155275811117735
check,TFO,2026-05-20,2027-01,35.0,E,M,2026-12-24,2.96,0.0,57,0,47.005446096654275,1.931,P,0.6154284867035732,0.7632374238258925
check,TFO,2026-05-20,2027-01,40.0,E,M,2026-12-24,5.175,0.0,500,0,47.005446096654275,1.931,P,0.6365058702317595,0.7813848934353439
check,TFO,2026-05-20,2027-01,55.0,E,M,2026-12-24,0.0,8.34,0,275,47.005446096654275,1.931,C,0.757977134897259,0.8230844016221784
check,TFO,2026-05-20,2027-01,65.0,E,M,2026-12-24,0.0,6.76,0,100,47.005446096654275,1.931,C,0.8184131457459841,0.8441509287707164
check,TFO,2026-05-20,2027-01,70.0,E,M,2026-12-24,0.0,7.25,0,400,47.005446096654275,1.931,C,0.9208116251423482,0.8533326465935805
check,TFO,2026-05-20,2027-02,25.0,E,M,2027-01-27,0.7,0.0,259,0,46.62680840211444,1.931,P,0.5807811903736559,0.7017349236006937
check,TFO,2026-05-20,2027-02,35.0,E,M,2027-01-27,3.7,0.0,259,0,46.62680840211444,1.931,P,0.6363964002916024,0.7452767234221834
check,TFO,2026-05-20,2027-02,55.0,E,M,2027-01-27,0.0,8.66,0,715,46.62680840211444,1.931,C,0.7365225199550688,0.8001299665377822
check,TFO,2026-05-20,2027-02,65.0,E,M,2027-01-27,0.0,7.139999999999999,0,590,46.62680840211444,1.931,C,0.7952094716481749,0.8194924945936191
check,TFO,2026-05-20,2027-04,45.0,E,M,2027-03-25,0.0,5.6,0,450,37.58171874999999,1.931,C,0.5759743858014109,0.8746239583339779
